idx,n,miss_ratio_mean,miss_ratio_std,byte_miss_ratio_mean,byte_miss_ratio_std,throughput_mqps_mean,throughput_mqps_std,config
1,1,0.371103,0.000000,0.352132,0.000000,0.010000,0.000000,LOH_PARALLEL_SAFE=1 LOH_SKIP_PIP_INSTALL=1 LOH_SKIP_BUILD=1 LOH_DEBUG_LEVEL=1 CACHESIM_VERBOSE=0 CACHESIM_NUM_REQ=3000000 LOH_RL_ALGO=SAC LOH_ACTION_SCALE=1.0 LOH_SCORE_USE_COMPOUND=0 LOH_SCORE_USE_IRT=0 LOH_USE_SOFTMAX=0 LOH_USE_HEURISTIC_SIGNS=0 LOH_INCLUDE_HIT_MISS_FEATURES=0 LOH_INCLUDE_CACHE_FEATURES=0 LOH_INCLUDE_CANDIDATE_FEATURES=0 LOH_INCLUDE_TOPK_CANDIDATE_FEATURES=0 LOH_INCLUDE_AVGTOPK_CANDIDATE_FEATURES=0 LOH_INCLUDE_REQUEST=0 LOH_ENABLE_PENALTY=1 LOH_REWARD_USE_PENALTY=0
2,1,0.368114,0.000000,0.350862,0.000000,0.010000,0.000000,LOH_PARALLEL_SAFE=1 LOH_SKIP_PIP_INSTALL=1 LOH_SKIP_BUILD=1 LOH_DEBUG_LEVEL=1 CACHESIM_VERBOSE=0 CACHESIM_NUM_REQ=3000000 LOH_RL_ALGO=SAC LOH_ACTION_SCALE=1.0 LOH_SCORE_USE_COMPOUND=0 LOH_SCORE_USE_IRT=0 LOH_USE_SOFTMAX=0 LOH_USE_HEURISTIC_SIGNS=0 LOH_INCLUDE_HIT_MISS_FEATURES=0 LOH_INCLUDE_CACHE_FEATURES=0 LOH_INCLUDE_CANDIDATE_FEATURES=0 LOH_INCLUDE_TOPK_CANDIDATE_FEATURES=0 LOH_INCLUDE_AVGTOPK_CANDIDATE_FEATURES=0 LOH_INCLUDE_REQUEST=0 LOH_ENABLE_PENALTY=1 LOH_REWARD_USE_PENALTY=1 LOH_PENALTY_SCALE=reciprocal LOH_PENALTY_REWARD_FORMULA=relative LOH_REWARD_W_PENALTY=0.1 LOH_PENALTY_CUTOFF=0 LOH_PENALTY_DMAX=400000 LOH_PENALTY_EMPTY_AS_GOOD=1 LOH_PENALTY_REFINE_ON_LATE=1 LOH_PENALTY_NO_EVICT_REWARD=keep LOH_PENALTY_BASELINE_DECAY=0.99 LOH_SURVIVAL_BINS=64 LOH_SURVIVAL_QUANTILE=0.99 LOH_SURVIVAL_MINCOUNT=1000 LOH_PENALTY_NET_GOOD_SCALE=1.0 LOH_PENALTY_NET_PENALTY_SCALE=1.0
3,1,0.364830,0.000000,0.349267,0.000000,0.010000,0.000000,LOH_PARALLEL_SAFE=1 LOH_SKIP_PIP_INSTALL=1 LOH_SKIP_BUILD=1 LOH_DEBUG_LEVEL=1 CACHESIM_VERBOSE=0 CACHESIM_NUM_REQ=3000000 LOH_RL_ALGO=SAC LOH_ACTION_SCALE=1.0 LOH_SCORE_USE_COMPOUND=0 LOH_SCORE_USE_IRT=0 LOH_USE_SOFTMAX=0 LOH_USE_HEURISTIC_SIGNS=0 LOH_INCLUDE_HIT_MISS_FEATURES=0 LOH_INCLUDE_CACHE_FEATURES=0 LOH_INCLUDE_CANDIDATE_FEATURES=0 LOH_INCLUDE_TOPK_CANDIDATE_FEATURES=0 LOH_INCLUDE_AVGTOPK_CANDIDATE_FEATURES=0 LOH_INCLUDE_REQUEST=0 LOH_ENABLE_PENALTY=1 LOH_REWARD_USE_PENALTY=1 LOH_PENALTY_SCALE=reciprocal LOH_PENALTY_REWARD_FORMULA=relative LOH_REWARD_W_PENALTY=0.2 LOH_PENALTY_CUTOFF=0 LOH_PENALTY_DMAX=400000 LOH_PENALTY_EMPTY_AS_GOOD=1 LOH_PENALTY_REFINE_ON_LATE=1 LOH_PENALTY_NO_EVICT_REWARD=keep LOH_PENALTY_BASELINE_DECAY=0.99 LOH_SURVIVAL_BINS=64 LOH_SURVIVAL_QUANTILE=0.99 LOH_SURVIVAL_MINCOUNT=1000 LOH_PENALTY_NET_GOOD_SCALE=1.0 LOH_PENALTY_NET_PENALTY_SCALE=1.0
4,1,0.370756,0.000000,0.353105,0.000000,0.010000,0.000000,LOH_PARALLEL_SAFE=1 LOH_SKIP_PIP_INSTALL=1 LOH_SKIP_BUILD=1 LOH_DEBUG_LEVEL=1 CACHESIM_VERBOSE=0 CACHESIM_NUM_REQ=3000000 LOH_RL_ALGO=SAC LOH_ACTION_SCALE=1.0 LOH_SCORE_USE_COMPOUND=0 LOH_SCORE_USE_IRT=0 LOH_USE_SOFTMAX=0 LOH_USE_HEURISTIC_SIGNS=0 LOH_INCLUDE_HIT_MISS_FEATURES=0 LOH_INCLUDE_CACHE_FEATURES=0 LOH_INCLUDE_CANDIDATE_FEATURES=0 LOH_INCLUDE_TOPK_CANDIDATE_FEATURES=0 LOH_INCLUDE_AVGTOPK_CANDIDATE_FEATURES=0 LOH_INCLUDE_REQUEST=0 LOH_ENABLE_PENALTY=1 LOH_REWARD_USE_PENALTY=1 LOH_PENALTY_SCALE=reciprocal LOH_PENALTY_REWARD_FORMULA=relative LOH_REWARD_W_PENALTY=0.5 LOH_PENALTY_CUTOFF=0 LOH_PENALTY_DMAX=400000 LOH_PENALTY_EMPTY_AS_GOOD=1 LOH_PENALTY_REFINE_ON_LATE=1 LOH_PENALTY_NO_EVICT_REWARD=keep LOH_PENALTY_BASELINE_DECAY=0.99 LOH_SURVIVAL_BINS=64 LOH_SURVIVAL_QUANTILE=0.99 LOH_SURVIVAL_MINCOUNT=1000 LOH_PENALTY_NET_GOOD_SCALE=1.0 LOH_PENALTY_NET_PENALTY_SCALE=1.0
5,1,0.365914,0.000000,0.349252,0.000000,0.010000,0.000000,LOH_PARALLEL_SAFE=1 LOH_SKIP_PIP_INSTALL=1 LOH_SKIP_BUILD=1 LOH_DEBUG_LEVEL=1 CACHESIM_VERBOSE=0 CACHESIM_NUM_REQ=3000000 LOH_RL_ALGO=SAC LOH_ACTION_SCALE=1.0 LOH_SCORE_USE_COMPOUND=0 LOH_SCORE_USE_IRT=0 LOH_USE_SOFTMAX=0 LOH_USE_HEURISTIC_SIGNS=0 LOH_INCLUDE_HIT_MISS_FEATURES=0 LOH_INCLUDE_CACHE_FEATURES=0 LOH_INCLUDE_CANDIDATE_FEATURES=0 LOH_INCLUDE_TOPK_CANDIDATE_FEATURES=0 LOH_INCLUDE_AVGTOPK_CANDIDATE_FEATURES=0 LOH_INCLUDE_REQUEST=0 LOH_ENABLE_PENALTY=1 LOH_REWARD_USE_PENALTY=1 LOH_PENALTY_SCALE=reciprocal LOH_PENALTY_REWARD_FORMULA=relative LOH_REWARD_W_PENALTY=1.0 LOH_PENALTY_CUTOFF=0 LOH_PENALTY_DMAX=400000 LOH_PENALTY_EMPTY_AS_GOOD=1 LOH_PENALTY_REFINE_ON_LATE=1 LOH_PENALTY_NO_EVICT_REWARD=keep LOH_PENALTY_BASELINE_DECAY=0.99 LOH_SURVIVAL_BINS=64 LOH_SURVIVAL_QUANTILE=0.99 LOH_SURVIVAL_MINCOUNT=1000 LOH_PENALTY_NET_GOOD_SCALE=1.0 LOH_PENALTY_NET_PENALTY_SCALE=1.0
6,1,0.366056,0.000000,0.347672,0.000000,0.010000,0.000000,LOH_PARALLEL_SAFE=1 LOH_SKIP_PIP_INSTALL=1 LOH_SKIP_BUILD=1 LOH_DEBUG_LEVEL=1 CACHESIM_VERBOSE=0 CACHESIM_NUM_REQ=3000000 LOH_RL_ALGO=SAC LOH_ACTION_SCALE=1.0 LOH_SCORE_USE_COMPOUND=0 LOH_SCORE_USE_IRT=0 LOH_USE_SOFTMAX=0 LOH_USE_HEURISTIC_SIGNS=0 LOH_INCLUDE_HIT_MISS_FEATURES=0 LOH_INCLUDE_CACHE_FEATURES=0 LOH_INCLUDE_CANDIDATE_FEATURES=0 LOH_INCLUDE_TOPK_CANDIDATE_FEATURES=0 LOH_INCLUDE_AVGTOPK_CANDIDATE_FEATURES=0 LOH_INCLUDE_REQUEST=0 LOH_ENABLE_PENALTY=1 LOH_REWARD_USE_PENALTY=1 LOH_PENALTY_SCALE=reciprocal LOH_PENALTY_REWARD_FORMULA=centered LOH_REWARD_W_PENALTY=0.1 LOH_PENALTY_CUTOFF=0 LOH_PENALTY_DMAX=400000 LOH_PENALTY_EMPTY_AS_GOOD=1 LOH_PENALTY_REFINE_ON_LATE=1 LOH_PENALTY_NO_EVICT_REWARD=keep LOH_PENALTY_BASELINE_DECAY=0.99 LOH_SURVIVAL_BINS=64 LOH_SURVIVAL_QUANTILE=0.99 LOH_SURVIVAL_MINCOUNT=1000 LOH_PENALTY_NET_GOOD_SCALE=1.0 LOH_PENALTY_NET_PENALTY_SCALE=1.0
7,1,0.369282,0.000000,0.351125,0.000000,0.010000,0.000000,LOH_PARALLEL_SAFE=1 LOH_SKIP_PIP_INSTALL=1 LOH_SKIP_BUILD=1 LOH_DEBUG_LEVEL=1 CACHESIM_VERBOSE=0 CACHESIM_NUM_REQ=3000000 LOH_RL_ALGO=SAC LOH_ACTION_SCALE=1.0 LOH_SCORE_USE_COMPOUND=0 LOH_SCORE_USE_IRT=0 LOH_USE_SOFTMAX=0 LOH_USE_HEURISTIC_SIGNS=0 LOH_INCLUDE_HIT_MISS_FEATURES=0 LOH_INCLUDE_CACHE_FEATURES=0 LOH_INCLUDE_CANDIDATE_FEATURES=0 LOH_INCLUDE_TOPK_CANDIDATE_FEATURES=0 LOH_INCLUDE_AVGTOPK_CANDIDATE_FEATURES=0 LOH_INCLUDE_REQUEST=0 LOH_ENABLE_PENALTY=1 LOH_REWARD_USE_PENALTY=1 LOH_PENALTY_SCALE=reciprocal LOH_PENALTY_REWARD_FORMULA=centered LOH_REWARD_W_PENALTY=0.2 LOH_PENALTY_CUTOFF=0 LOH_PENALTY_DMAX=400000 LOH_PENALTY_EMPTY_AS_GOOD=1 LOH_PENALTY_REFINE_ON_LATE=1 LOH_PENALTY_NO_EVICT_REWARD=keep LOH_PENALTY_BASELINE_DECAY=0.99 LOH_SURVIVAL_BINS=64 LOH_SURVIVAL_QUANTILE=0.99 LOH_SURVIVAL_MINCOUNT=1000 LOH_PENALTY_NET_GOOD_SCALE=1.0 LOH_PENALTY_NET_PENALTY_SCALE=1.0
8,1,0.368497,0.000000,0.351897,0.000000,0.010000,0.000000,LOH_PARALLEL_SAFE=1 LOH_SKIP_PIP_INSTALL=1 LOH_SKIP_BUILD=1 LOH_DEBUG_LEVEL=1 CACHESIM_VERBOSE=0 CACHESIM_NUM_REQ=3000000 LOH_RL_ALGO=SAC LOH_ACTION_SCALE=1.0 LOH_SCORE_USE_COMPOUND=0 LOH_SCORE_USE_IRT=0 LOH_USE_SOFTMAX=0 LOH_USE_HEURISTIC_SIGNS=0 LOH_INCLUDE_HIT_MISS_FEATURES=0 LOH_INCLUDE_CACHE_FEATURES=0 LOH_INCLUDE_CANDIDATE_FEATURES=0 LOH_INCLUDE_TOPK_CANDIDATE_FEATURES=0 LOH_INCLUDE_AVGTOPK_CANDIDATE_FEATURES=0 LOH_INCLUDE_REQUEST=0 LOH_ENABLE_PENALTY=1 LOH_REWARD_USE_PENALTY=1 LOH_PENALTY_SCALE=reciprocal LOH_PENALTY_REWARD_FORMULA=centered LOH_REWARD_W_PENALTY=0.5 LOH_PENALTY_CUTOFF=0 LOH_PENALTY_DMAX=400000 LOH_PENALTY_EMPTY_AS_GOOD=1 LOH_PENALTY_REFINE_ON_LATE=1 LOH_PENALTY_NO_EVICT_REWARD=keep LOH_PENALTY_BASELINE_DECAY=0.99 LOH_SURVIVAL_BINS=64 LOH_SURVIVAL_QUANTILE=0.99 LOH_SURVIVAL_MINCOUNT=1000 LOH_PENALTY_NET_GOOD_SCALE=1.0 LOH_PENALTY_NET_PENALTY_SCALE=1.0
9,1,0.366609,0.000000,0.348902,0.000000,0.010000,0.000000,LOH_PARALLEL_SAFE=1 LOH_SKIP_PIP_INSTALL=1 LOH_SKIP_BUILD=1 LOH_DEBUG_LEVEL=1 CACHESIM_VERBOSE=0 CACHESIM_NUM_REQ=3000000 LOH_RL_ALGO=SAC LOH_ACTION_SCALE=1.0 LOH_SCORE_USE_COMPOUND=0 LOH_SCORE_USE_IRT=0 LOH_USE_SOFTMAX=0 LOH_USE_HEURISTIC_SIGNS=0 LOH_INCLUDE_HIT_MISS_FEATURES=0 LOH_INCLUDE_CACHE_FEATURES=0 LOH_INCLUDE_CANDIDATE_FEATURES=0 LOH_INCLUDE_TOPK_CANDIDATE_FEATURES=0 LOH_INCLUDE_AVGTOPK_CANDIDATE_FEATURES=0 LOH_INCLUDE_REQUEST=0 LOH_ENABLE_PENALTY=1 LOH_REWARD_USE_PENALTY=1 LOH_PENALTY_SCALE=reciprocal LOH_PENALTY_REWARD_FORMULA=centered LOH_REWARD_W_PENALTY=1.0 LOH_PENALTY_CUTOFF=0 LOH_PENALTY_DMAX=400000 LOH_PENALTY_EMPTY_AS_GOOD=1 LOH_PENALTY_REFINE_ON_LATE=1 LOH_PENALTY_NO_EVICT_REWARD=keep LOH_PENALTY_BASELINE_DECAY=0.99 LOH_SURVIVAL_BINS=64 LOH_SURVIVAL_QUANTILE=0.99 LOH_SURVIVAL_MINCOUNT=1000 LOH_PENALTY_NET_GOOD_SCALE=1.0 LOH_PENALTY_NET_PENALTY_SCALE=1.0
10,1,0.368357,0.000000,0.350277,0.000000,0.010000,0.000000,LOH_PARALLEL_SAFE=1 LOH_SKIP_PIP_INSTALL=1 LOH_SKIP_BUILD=1 LOH_DEBUG_LEVEL=1 CACHESIM_VERBOSE=0 CACHESIM_NUM_REQ=3000000 LOH_RL_ALGO=SAC LOH_ACTION_SCALE=1.0 LOH_SCORE_USE_COMPOUND=0 LOH_SCORE_USE_IRT=0 LOH_USE_SOFTMAX=0 LOH_USE_HEURISTIC_SIGNS=0 LOH_INCLUDE_HIT_MISS_FEATURES=0 LOH_INCLUDE_CACHE_FEATURES=0 LOH_INCLUDE_CANDIDATE_FEATURES=0 LOH_INCLUDE_TOPK_CANDIDATE_FEATURES=0 LOH_INCLUDE_AVGTOPK_CANDIDATE_FEATURES=0 LOH_INCLUDE_REQUEST=0 LOH_ENABLE_PENALTY=1 LOH_REWARD_USE_PENALTY=1 LOH_PENALTY_SCALE=reciprocal LOH_PENALTY_REWARD_FORMULA=one_minus LOH_REWARD_W_PENALTY=0.1 LOH_PENALTY_CUTOFF=0 LOH_PENALTY_DMAX=400000 LOH_PENALTY_EMPTY_AS_GOOD=1 LOH_PENALTY_REFINE_ON_LATE=1 LOH_PENALTY_NO_EVICT_REWARD=keep LOH_PENALTY_BASELINE_DECAY=0.99 LOH_SURVIVAL_BINS=64 LOH_SURVIVAL_QUANTILE=0.99 LOH_SURVIVAL_MINCOUNT=1000 LOH_PENALTY_NET_GOOD_SCALE=1.0 LOH_PENALTY_NET_PENALTY_SCALE=1.0
11,1,0.369800,0.000000,0.352637,0.000000,0.010000,0.000000,LOH_PARALLEL_SAFE=1 LOH_SKIP_PIP_INSTALL=1 LOH_SKIP_BUILD=1 LOH_DEBUG_LEVEL=1 CACHESIM_VERBOSE=0 CACHESIM_NUM_REQ=3000000 LOH_RL_ALGO=SAC LOH_ACTION_SCALE=1.0 LOH_SCORE_USE_COMPOUND=0 LOH_SCORE_USE_IRT=0 LOH_USE_SOFTMAX=0 LOH_USE_HEURISTIC_SIGNS=0 LOH_INCLUDE_HIT_MISS_FEATURES=0 LOH_INCLUDE_CACHE_FEATURES=0 LOH_INCLUDE_CANDIDATE_FEATURES=0 LOH_INCLUDE_TOPK_CANDIDATE_FEATURES=0 LOH_INCLUDE_AVGTOPK_CANDIDATE_FEATURES=0 LOH_INCLUDE_REQUEST=0 LOH_ENABLE_PENALTY=1 LOH_REWARD_USE_PENALTY=1 LOH_PENALTY_SCALE=reciprocal LOH_PENALTY_REWARD_FORMULA=one_minus LOH_REWARD_W_PENALTY=0.2 LOH_PENALTY_CUTOFF=0 LOH_PENALTY_DMAX=400000 LOH_PENALTY_EMPTY_AS_GOOD=1 LOH_PENALTY_REFINE_ON_LATE=1 LOH_PENALTY_NO_EVICT_REWARD=keep LOH_PENALTY_BASELINE_DECAY=0.99 LOH_SURVIVAL_BINS=64 LOH_SURVIVAL_QUANTILE=0.99 LOH_SURVIVAL_MINCOUNT=1000 LOH_PENALTY_NET_GOOD_SCALE=1.0 LOH_PENALTY_NET_PENALTY_SCALE=1.0
12,1,0.369941,0.000000,0.352418,0.000000,0.010000,0.000000,LOH_PARALLEL_SAFE=1 LOH_SKIP_PIP_INSTALL=1 LOH_SKIP_BUILD=1 LOH_DEBUG_LEVEL=1 CACHESIM_VERBOSE=0 CACHESIM_NUM_REQ=3000000 LOH_RL_ALGO=SAC LOH_ACTION_SCALE=1.0 LOH_SCORE_USE_COMPOUND=0 LOH_SCORE_USE_IRT=0 LOH_USE_SOFTMAX=0 LOH_USE_HEURISTIC_SIGNS=0 LOH_INCLUDE_HIT_MISS_FEATURES=0 LOH_INCLUDE_CACHE_FEATURES=0 LOH_INCLUDE_CANDIDATE_FEATURES=0 LOH_INCLUDE_TOPK_CANDIDATE_FEATURES=0 LOH_INCLUDE_AVGTOPK_CANDIDATE_FEATURES=0 LOH_INCLUDE_REQUEST=0 LOH_ENABLE_PENALTY=1 LOH_REWARD_USE_PENALTY=1 LOH_PENALTY_SCALE=reciprocal LOH_PENALTY_REWARD_FORMULA=one_minus LOH_REWARD_W_PENALTY=0.5 LOH_PENALTY_CUTOFF=0 LOH_PENALTY_DMAX=400000 LOH_PENALTY_EMPTY_AS_GOOD=1 LOH_PENALTY_REFINE_ON_LATE=1 LOH_PENALTY_NO_EVICT_REWARD=keep LOH_PENALTY_BASELINE_DECAY=0.99 LOH_SURVIVAL_BINS=64 LOH_SURVIVAL_QUANTILE=0.99 LOH_SURVIVAL_MINCOUNT=1000 LOH_PENALTY_NET_GOOD_SCALE=1.0 LOH_PENALTY_NET_PENALTY_SCALE=1.0
13,1,0.367923,0.000000,0.348945,0.000000,0.010000,0.000000,LOH_PARALLEL_SAFE=1 LOH_SKIP_PIP_INSTALL=1 LOH_SKIP_BUILD=1 LOH_DEBUG_LEVEL=1 CACHESIM_VERBOSE=0 CACHESIM_NUM_REQ=3000000 LOH_RL_ALGO=SAC LOH_ACTION_SCALE=1.0 LOH_SCORE_USE_COMPOUND=0 LOH_SCORE_USE_IRT=0 LOH_USE_SOFTMAX=0 LOH_USE_HEURISTIC_SIGNS=0 LOH_INCLUDE_HIT_MISS_FEATURES=0 LOH_INCLUDE_CACHE_FEATURES=0 LOH_INCLUDE_CANDIDATE_FEATURES=0 LOH_INCLUDE_TOPK_CANDIDATE_FEATURES=0 LOH_INCLUDE_AVGTOPK_CANDIDATE_FEATURES=0 LOH_INCLUDE_REQUEST=0 LOH_ENABLE_PENALTY=1 LOH_REWARD_USE_PENALTY=1 LOH_PENALTY_SCALE=reciprocal LOH_PENALTY_REWARD_FORMULA=one_minus LOH_REWARD_W_PENALTY=1.0 LOH_PENALTY_CUTOFF=0 LOH_PENALTY_DMAX=400000 LOH_PENALTY_EMPTY_AS_GOOD=1 LOH_PENALTY_REFINE_ON_LATE=1 LOH_PENALTY_NO_EVICT_REWARD=keep LOH_PENALTY_BASELINE_DECAY=0.99 LOH_SURVIVAL_BINS=64 LOH_SURVIVAL_QUANTILE=0.99 LOH_SURVIVAL_MINCOUNT=1000 LOH_PENALTY_NET_GOOD_SCALE=1.0 LOH_PENALTY_NET_PENALTY_SCALE=1.0
14,1,0.367340,0.000000,0.351561,0.000000,0.010000,0.000000,LOH_PARALLEL_SAFE=1 LOH_SKIP_PIP_INSTALL=1 LOH_SKIP_BUILD=1 LOH_DEBUG_LEVEL=1 CACHESIM_VERBOSE=0 CACHESIM_NUM_REQ=3000000 LOH_RL_ALGO=SAC LOH_ACTION_SCALE=1.0 LOH_SCORE_USE_COMPOUND=0 LOH_SCORE_USE_IRT=0 LOH_USE_SOFTMAX=0 LOH_USE_HEURISTIC_SIGNS=0 LOH_INCLUDE_HIT_MISS_FEATURES=0 LOH_INCLUDE_CACHE_FEATURES=0 LOH_INCLUDE_CANDIDATE_FEATURES=0 LOH_INCLUDE_TOPK_CANDIDATE_FEATURES=0 LOH_INCLUDE_AVGTOPK_CANDIDATE_FEATURES=0 LOH_INCLUDE_REQUEST=0 LOH_ENABLE_PENALTY=1 LOH_REWARD_USE_PENALTY=1 LOH_PENALTY_SCALE=reciprocal LOH_PENALTY_REWARD_FORMULA=neg LOH_REWARD_W_PENALTY=0.1 LOH_PENALTY_CUTOFF=0 LOH_PENALTY_DMAX=400000 LOH_PENALTY_EMPTY_AS_GOOD=1 LOH_PENALTY_REFINE_ON_LATE=1 LOH_PENALTY_NO_EVICT_REWARD=keep LOH_PENALTY_BASELINE_DECAY=0.99 LOH_SURVIVAL_BINS=64 LOH_SURVIVAL_QUANTILE=0.99 LOH_SURVIVAL_MINCOUNT=1000 LOH_PENALTY_NET_GOOD_SCALE=1.0 LOH_PENALTY_NET_PENALTY_SCALE=1.0
15,1,0.366146,0.000000,0.349510,0.000000,0.010000,0.000000,LOH_PARALLEL_SAFE=1 LOH_SKIP_PIP_INSTALL=1 LOH_SKIP_BUILD=1 LOH_DEBUG_LEVEL=1 CACHESIM_VERBOSE=0 CACHESIM_NUM_REQ=3000000 LOH_RL_ALGO=SAC LOH_ACTION_SCALE=1.0 LOH_SCORE_USE_COMPOUND=0 LOH_SCORE_USE_IRT=0 LOH_USE_SOFTMAX=0 LOH_USE_HEURISTIC_SIGNS=0 LOH_INCLUDE_HIT_MISS_FEATURES=0 LOH_INCLUDE_CACHE_FEATURES=0 LOH_INCLUDE_CANDIDATE_FEATURES=0 LOH_INCLUDE_TOPK_CANDIDATE_FEATURES=0 LOH_INCLUDE_AVGTOPK_CANDIDATE_FEATURES=0 LOH_INCLUDE_REQUEST=0 LOH_ENABLE_PENALTY=1 LOH_REWARD_USE_PENALTY=1 LOH_PENALTY_SCALE=reciprocal LOH_PENALTY_REWARD_FORMULA=neg LOH_REWARD_W_PENALTY=0.2 LOH_PENALTY_CUTOFF=0 LOH_PENALTY_DMAX=400000 LOH_PENALTY_EMPTY_AS_GOOD=1 LOH_PENALTY_REFINE_ON_LATE=1 LOH_PENALTY_NO_EVICT_REWARD=keep LOH_PENALTY_BASELINE_DECAY=0.99 LOH_SURVIVAL_BINS=64 LOH_SURVIVAL_QUANTILE=0.99 LOH_SURVIVAL_MINCOUNT=1000 LOH_PENALTY_NET_GOOD_SCALE=1.0 LOH_PENALTY_NET_PENALTY_SCALE=1.0
16,1,0.367305,0.000000,0.350096,0.000000,0.010000,0.000000,LOH_PARALLEL_SAFE=1 LOH_SKIP_PIP_INSTALL=1 LOH_SKIP_BUILD=1 LOH_DEBUG_LEVEL=1 CACHESIM_VERBOSE=0 CACHESIM_NUM_REQ=3000000 LOH_RL_ALGO=SAC LOH_ACTION_SCALE=1.0 LOH_SCORE_USE_COMPOUND=0 LOH_SCORE_USE_IRT=0 LOH_USE_SOFTMAX=0 LOH_USE_HEURISTIC_SIGNS=0 LOH_INCLUDE_HIT_MISS_FEATURES=0 LOH_INCLUDE_CACHE_FEATURES=0 LOH_INCLUDE_CANDIDATE_FEATURES=0 LOH_INCLUDE_TOPK_CANDIDATE_FEATURES=0 LOH_INCLUDE_AVGTOPK_CANDIDATE_FEATURES=0 LOH_INCLUDE_REQUEST=0 LOH_ENABLE_PENALTY=1 LOH_REWARD_USE_PENALTY=1 LOH_PENALTY_SCALE=reciprocal LOH_PENALTY_REWARD_FORMULA=neg LOH_REWARD_W_PENALTY=0.5 LOH_PENALTY_CUTOFF=0 LOH_PENALTY_DMAX=400000 LOH_PENALTY_EMPTY_AS_GOOD=1 LOH_PENALTY_REFINE_ON_LATE=1 LOH_PENALTY_NO_EVICT_REWARD=keep LOH_PENALTY_BASELINE_DECAY=0.99 LOH_SURVIVAL_BINS=64 LOH_SURVIVAL_QUANTILE=0.99 LOH_SURVIVAL_MINCOUNT=1000 LOH_PENALTY_NET_GOOD_SCALE=1.0 LOH_PENALTY_NET_PENALTY_SCALE=1.0
17,1,0.366394,0.000000,0.347735,0.000000,0.010000,0.000000,LOH_PARALLEL_SAFE=1 LOH_SKIP_PIP_INSTALL=1 LOH_SKIP_BUILD=1 LOH_DEBUG_LEVEL=1 CACHESIM_VERBOSE=0 CACHESIM_NUM_REQ=3000000 LOH_RL_ALGO=SAC LOH_ACTION_SCALE=1.0 LOH_SCORE_USE_COMPOUND=0 LOH_SCORE_USE_IRT=0 LOH_USE_SOFTMAX=0 LOH_USE_HEURISTIC_SIGNS=0 LOH_INCLUDE_HIT_MISS_FEATURES=0 LOH_INCLUDE_CACHE_FEATURES=0 LOH_INCLUDE_CANDIDATE_FEATURES=0 LOH_INCLUDE_TOPK_CANDIDATE_FEATURES=0 LOH_INCLUDE_AVGTOPK_CANDIDATE_FEATURES=0 LOH_INCLUDE_REQUEST=0 LOH_ENABLE_PENALTY=1 LOH_REWARD_USE_PENALTY=1 LOH_PENALTY_SCALE=reciprocal LOH_PENALTY_REWARD_FORMULA=neg LOH_REWARD_W_PENALTY=1.0 LOH_PENALTY_CUTOFF=0 LOH_PENALTY_DMAX=400000 LOH_PENALTY_EMPTY_AS_GOOD=1 LOH_PENALTY_REFINE_ON_LATE=1 LOH_PENALTY_NO_EVICT_REWARD=keep LOH_PENALTY_BASELINE_DECAY=0.99 LOH_SURVIVAL_BINS=64 LOH_SURVIVAL_QUANTILE=0.99 LOH_SURVIVAL_MINCOUNT=1000 LOH_PENALTY_NET_GOOD_SCALE=1.0 LOH_PENALTY_NET_PENALTY_SCALE=1.0
18,1,0.367544,0.000000,0.350971,0.000000,0.010000,0.000000,LOH_PARALLEL_SAFE=1 LOH_SKIP_PIP_INSTALL=1 LOH_SKIP_BUILD=1 LOH_DEBUG_LEVEL=1 CACHESIM_VERBOSE=0 CACHESIM_NUM_REQ=3000000 LOH_RL_ALGO=SAC LOH_ACTION_SCALE=1.0 LOH_SCORE_USE_COMPOUND=0 LOH_SCORE_USE_IRT=0 LOH_USE_SOFTMAX=0 LOH_USE_HEURISTIC_SIGNS=0 LOH_INCLUDE_HIT_MISS_FEATURES=0 LOH_INCLUDE_CACHE_FEATURES=0 LOH_INCLUDE_CANDIDATE_FEATURES=0 LOH_INCLUDE_TOPK_CANDIDATE_FEATURES=0 LOH_INCLUDE_AVGTOPK_CANDIDATE_FEATURES=0 LOH_INCLUDE_REQUEST=0 LOH_ENABLE_PENALTY=1 LOH_REWARD_USE_PENALTY=1 LOH_PENALTY_SCALE=reciprocal LOH_PENALTY_REWARD_FORMULA=net LOH_REWARD_W_PENALTY=1.0 LOH_PENALTY_CUTOFF=0 LOH_PENALTY_DMAX=400000 LOH_PENALTY_EMPTY_AS_GOOD=1 LOH_PENALTY_REFINE_ON_LATE=1 LOH_PENALTY_NO_EVICT_REWARD=keep LOH_PENALTY_BASELINE_DECAY=0.99 LOH_SURVIVAL_BINS=64 LOH_SURVIVAL_QUANTILE=0.99 LOH_SURVIVAL_MINCOUNT=1000 LOH_PENALTY_NET_GOOD_SCALE=1.0 LOH_PENALTY_NET_PENALTY_SCALE=1.0
19,1,0.368904,0.000000,0.349760,0.000000,0.010000,0.000000,LOH_PARALLEL_SAFE=1 LOH_SKIP_PIP_INSTALL=1 LOH_SKIP_BUILD=1 LOH_DEBUG_LEVEL=1 CACHESIM_VERBOSE=0 CACHESIM_NUM_REQ=3000000 LOH_RL_ALGO=SAC LOH_ACTION_SCALE=1.0 LOH_SCORE_USE_COMPOUND=0 LOH_SCORE_USE_IRT=0 LOH_USE_SOFTMAX=0 LOH_USE_HEURISTIC_SIGNS=0 LOH_INCLUDE_HIT_MISS_FEATURES=0 LOH_INCLUDE_CACHE_FEATURES=0 LOH_INCLUDE_CANDIDATE_FEATURES=0 LOH_INCLUDE_TOPK_CANDIDATE_FEATURES=0 LOH_INCLUDE_AVGTOPK_CANDIDATE_FEATURES=0 LOH_INCLUDE_REQUEST=0 LOH_ENABLE_PENALTY=1 LOH_REWARD_USE_PENALTY=1 LOH_PENALTY_SCALE=reciprocal LOH_PENALTY_REWARD_FORMULA=net LOH_REWARD_W_PENALTY=2.0 LOH_PENALTY_CUTOFF=0 LOH_PENALTY_DMAX=400000 LOH_PENALTY_EMPTY_AS_GOOD=1 LOH_PENALTY_REFINE_ON_LATE=1 LOH_PENALTY_NO_EVICT_REWARD=keep LOH_PENALTY_BASELINE_DECAY=0.99 LOH_SURVIVAL_BINS=64 LOH_SURVIVAL_QUANTILE=0.99 LOH_SURVIVAL_MINCOUNT=1000 LOH_PENALTY_NET_GOOD_SCALE=1.0 LOH_PENALTY_NET_PENALTY_SCALE=1.0
20,1,0.366623,0.000000,0.349273,0.000000,0.010000,0.000000,LOH_PARALLEL_SAFE=1 LOH_SKIP_PIP_INSTALL=1 LOH_SKIP_BUILD=1 LOH_DEBUG_LEVEL=1 CACHESIM_VERBOSE=0 CACHESIM_NUM_REQ=3000000 LOH_RL_ALGO=SAC LOH_ACTION_SCALE=1.0 LOH_SCORE_USE_COMPOUND=0 LOH_SCORE_USE_IRT=0 LOH_USE_SOFTMAX=0 LOH_USE_HEURISTIC_SIGNS=0 LOH_INCLUDE_HIT_MISS_FEATURES=0 LOH_INCLUDE_CACHE_FEATURES=0 LOH_INCLUDE_CANDIDATE_FEATURES=0 LOH_INCLUDE_TOPK_CANDIDATE_FEATURES=0 LOH_INCLUDE_AVGTOPK_CANDIDATE_FEATURES=0 LOH_INCLUDE_REQUEST=0 LOH_ENABLE_PENALTY=1 LOH_REWARD_USE_PENALTY=1 LOH_PENALTY_SCALE=reciprocal LOH_PENALTY_REWARD_FORMULA=net LOH_REWARD_W_PENALTY=3.0 LOH_PENALTY_CUTOFF=0 LOH_PENALTY_DMAX=400000 LOH_PENALTY_EMPTY_AS_GOOD=1 LOH_PENALTY_REFINE_ON_LATE=1 LOH_PENALTY_NO_EVICT_REWARD=keep LOH_PENALTY_BASELINE_DECAY=0.99 LOH_SURVIVAL_BINS=64 LOH_SURVIVAL_QUANTILE=0.99 LOH_SURVIVAL_MINCOUNT=1000 LOH_PENALTY_NET_GOOD_SCALE=1.0 LOH_PENALTY_NET_PENALTY_SCALE=1.0
21,1,0.366508,0.000000,0.348480,0.000000,0.010000,0.000000,LOH_PARALLEL_SAFE=1 LOH_SKIP_PIP_INSTALL=1 LOH_SKIP_BUILD=1 LOH_DEBUG_LEVEL=1 CACHESIM_VERBOSE=0 CACHESIM_NUM_REQ=3000000 LOH_RL_ALGO=SAC LOH_ACTION_SCALE=1.0 LOH_SCORE_USE_COMPOUND=0 LOH_SCORE_USE_IRT=0 LOH_USE_SOFTMAX=0 LOH_USE_HEURISTIC_SIGNS=0 LOH_INCLUDE_HIT_MISS_FEATURES=0 LOH_INCLUDE_CACHE_FEATURES=0 LOH_INCLUDE_CANDIDATE_FEATURES=0 LOH_INCLUDE_TOPK_CANDIDATE_FEATURES=0 LOH_INCLUDE_AVGTOPK_CANDIDATE_FEATURES=0 LOH_INCLUDE_REQUEST=0 LOH_ENABLE_PENALTY=1 LOH_REWARD_USE_PENALTY=1 LOH_PENALTY_SCALE=reciprocal LOH_PENALTY_REWARD_FORMULA=net2 LOH_REWARD_W_PENALTY=1.0 LOH_PENALTY_CUTOFF=0 LOH_PENALTY_DMAX=400000 LOH_PENALTY_EMPTY_AS_GOOD=1 LOH_PENALTY_REFINE_ON_LATE=1 LOH_PENALTY_NO_EVICT_REWARD=keep LOH_PENALTY_BASELINE_DECAY=0.99 LOH_SURVIVAL_BINS=64 LOH_SURVIVAL_QUANTILE=0.99 LOH_SURVIVAL_MINCOUNT=1000 LOH_PENALTY_NET_GOOD_SCALE=1.0 LOH_PENALTY_NET_PENALTY_SCALE=1.0
22,1,0.369664,0.000000,0.351998,0.000000,0.010000,0.000000,LOH_PARALLEL_SAFE=1 LOH_SKIP_PIP_INSTALL=1 LOH_SKIP_BUILD=1 LOH_DEBUG_LEVEL=1 CACHESIM_VERBOSE=0 CACHESIM_NUM_REQ=3000000 LOH_RL_ALGO=SAC LOH_ACTION_SCALE=1.0 LOH_SCORE_USE_COMPOUND=0 LOH_SCORE_USE_IRT=0 LOH_USE_SOFTMAX=0 LOH_USE_HEURISTIC_SIGNS=0 LOH_INCLUDE_HIT_MISS_FEATURES=0 LOH_INCLUDE_CACHE_FEATURES=0 LOH_INCLUDE_CANDIDATE_FEATURES=0 LOH_INCLUDE_TOPK_CANDIDATE_FEATURES=0 LOH_INCLUDE_AVGTOPK_CANDIDATE_FEATURES=0 LOH_INCLUDE_REQUEST=0 LOH_ENABLE_PENALTY=1 LOH_REWARD_USE_PENALTY=1 LOH_PENALTY_SCALE=reciprocal LOH_PENALTY_REWARD_FORMULA=net2 LOH_REWARD_W_PENALTY=2.0 LOH_PENALTY_CUTOFF=0 LOH_PENALTY_DMAX=400000 LOH_PENALTY_EMPTY_AS_GOOD=1 LOH_PENALTY_REFINE_ON_LATE=1 LOH_PENALTY_NO_EVICT_REWARD=keep LOH_PENALTY_BASELINE_DECAY=0.99 LOH_SURVIVAL_BINS=64 LOH_SURVIVAL_QUANTILE=0.99 LOH_SURVIVAL_MINCOUNT=1000 LOH_PENALTY_NET_GOOD_SCALE=1.0 LOH_PENALTY_NET_PENALTY_SCALE=1.0
23,1,0.365227,0.000000,0.347562,0.000000,0.010000,0.000000,LOH_PARALLEL_SAFE=1 LOH_SKIP_PIP_INSTALL=1 LOH_SKIP_BUILD=1 LOH_DEBUG_LEVEL=1 CACHESIM_VERBOSE=0 CACHESIM_NUM_REQ=3000000 LOH_RL_ALGO=SAC LOH_ACTION_SCALE=1.0 LOH_SCORE_USE_COMPOUND=0 LOH_SCORE_USE_IRT=0 LOH_USE_SOFTMAX=0 LOH_USE_HEURISTIC_SIGNS=0 LOH_INCLUDE_HIT_MISS_FEATURES=0 LOH_INCLUDE_CACHE_FEATURES=0 LOH_INCLUDE_CANDIDATE_FEATURES=0 LOH_INCLUDE_TOPK_CANDIDATE_FEATURES=0 LOH_INCLUDE_AVGTOPK_CANDIDATE_FEATURES=0 LOH_INCLUDE_REQUEST=0 LOH_ENABLE_PENALTY=1 LOH_REWARD_USE_PENALTY=1 LOH_PENALTY_SCALE=reciprocal LOH_PENALTY_REWARD_FORMULA=net2 LOH_REWARD_W_PENALTY=3.0 LOH_PENALTY_CUTOFF=0 LOH_PENALTY_DMAX=400000 LOH_PENALTY_EMPTY_AS_GOOD=1 LOH_PENALTY_REFINE_ON_LATE=1 LOH_PENALTY_NO_EVICT_REWARD=keep LOH_PENALTY_BASELINE_DECAY=0.99 LOH_SURVIVAL_BINS=64 LOH_SURVIVAL_QUANTILE=0.99 LOH_SURVIVAL_MINCOUNT=1000 LOH_PENALTY_NET_GOOD_SCALE=1.0 LOH_PENALTY_NET_PENALTY_SCALE=1.0
24,1,0.370181,0.000000,0.352802,0.000000,0.010000,0.000000,LOH_PARALLEL_SAFE=1 LOH_SKIP_PIP_INSTALL=1 LOH_SKIP_BUILD=1 LOH_DEBUG_LEVEL=1 CACHESIM_VERBOSE=0 CACHESIM_NUM_REQ=3000000 LOH_RL_ALGO=SAC LOH_ACTION_SCALE=1.0 LOH_SCORE_USE_COMPOUND=0 LOH_SCORE_USE_IRT=0 LOH_USE_SOFTMAX=0 LOH_USE_HEURISTIC_SIGNS=0 LOH_INCLUDE_HIT_MISS_FEATURES=0 LOH_INCLUDE_CACHE_FEATURES=0 LOH_INCLUDE_CANDIDATE_FEATURES=0 LOH_INCLUDE_TOPK_CANDIDATE_FEATURES=0 LOH_INCLUDE_AVGTOPK_CANDIDATE_FEATURES=0 LOH_INCLUDE_REQUEST=0 LOH_ENABLE_PENALTY=1 LOH_REWARD_USE_PENALTY=1 LOH_PENALTY_SCALE=log LOH_PENALTY_REWARD_FORMULA=relative LOH_REWARD_W_PENALTY=0.1 LOH_PENALTY_CUTOFF=0 LOH_PENALTY_DMAX=400000 LOH_PENALTY_EMPTY_AS_GOOD=1 LOH_PENALTY_REFINE_ON_LATE=1 LOH_PENALTY_NO_EVICT_REWARD=keep LOH_PENALTY_BASELINE_DECAY=0.99 LOH_SURVIVAL_BINS=64 LOH_SURVIVAL_QUANTILE=0.99 LOH_SURVIVAL_MINCOUNT=1000 LOH_PENALTY_NET_GOOD_SCALE=1.0 LOH_PENALTY_NET_PENALTY_SCALE=1.0
25,1,0.366869,0.000000,0.347319,0.000000,0.010000,0.000000,LOH_PARALLEL_SAFE=1 LOH_SKIP_PIP_INSTALL=1 LOH_SKIP_BUILD=1 LOH_DEBUG_LEVEL=1 CACHESIM_VERBOSE=0 CACHESIM_NUM_REQ=3000000 LOH_RL_ALGO=SAC LOH_ACTION_SCALE=1.0 LOH_SCORE_USE_COMPOUND=0 LOH_SCORE_USE_IRT=0 LOH_USE_SOFTMAX=0 LOH_USE_HEURISTIC_SIGNS=0 LOH_INCLUDE_HIT_MISS_FEATURES=0 LOH_INCLUDE_CACHE_FEATURES=0 LOH_INCLUDE_CANDIDATE_FEATURES=0 LOH_INCLUDE_TOPK_CANDIDATE_FEATURES=0 LOH_INCLUDE_AVGTOPK_CANDIDATE_FEATURES=0 LOH_INCLUDE_REQUEST=0 LOH_ENABLE_PENALTY=1 LOH_REWARD_USE_PENALTY=1 LOH_PENALTY_SCALE=log LOH_PENALTY_REWARD_FORMULA=relative LOH_REWARD_W_PENALTY=0.2 LOH_PENALTY_CUTOFF=0 LOH_PENALTY_DMAX=400000 LOH_PENALTY_EMPTY_AS_GOOD=1 LOH_PENALTY_REFINE_ON_LATE=1 LOH_PENALTY_NO_EVICT_REWARD=keep LOH_PENALTY_BASELINE_DECAY=0.99 LOH_SURVIVAL_BINS=64 LOH_SURVIVAL_QUANTILE=0.99 LOH_SURVIVAL_MINCOUNT=1000 LOH_PENALTY_NET_GOOD_SCALE=1.0 LOH_PENALTY_NET_PENALTY_SCALE=1.0
26,1,0.367854,0.000000,0.349309,0.000000,0.010000,0.000000,LOH_PARALLEL_SAFE=1 LOH_SKIP_PIP_INSTALL=1 LOH_SKIP_BUILD=1 LOH_DEBUG_LEVEL=1 CACHESIM_VERBOSE=0 CACHESIM_NUM_REQ=3000000 LOH_RL_ALGO=SAC LOH_ACTION_SCALE=1.0 LOH_SCORE_USE_COMPOUND=0 LOH_SCORE_USE_IRT=0 LOH_USE_SOFTMAX=0 LOH_USE_HEURISTIC_SIGNS=0 LOH_INCLUDE_HIT_MISS_FEATURES=0 LOH_INCLUDE_CACHE_FEATURES=0 LOH_INCLUDE_CANDIDATE_FEATURES=0 LOH_INCLUDE_TOPK_CANDIDATE_FEATURES=0 LOH_INCLUDE_AVGTOPK_CANDIDATE_FEATURES=0 LOH_INCLUDE_REQUEST=0 LOH_ENABLE_PENALTY=1 LOH_REWARD_USE_PENALTY=1 LOH_PENALTY_SCALE=log LOH_PENALTY_REWARD_FORMULA=relative LOH_REWARD_W_PENALTY=0.5 LOH_PENALTY_CUTOFF=0 LOH_PENALTY_DMAX=400000 LOH_PENALTY_EMPTY_AS_GOOD=1 LOH_PENALTY_REFINE_ON_LATE=1 LOH_PENALTY_NO_EVICT_REWARD=keep LOH_PENALTY_BASELINE_DECAY=0.99 LOH_SURVIVAL_BINS=64 LOH_SURVIVAL_QUANTILE=0.99 LOH_SURVIVAL_MINCOUNT=1000 LOH_PENALTY_NET_GOOD_SCALE=1.0 LOH_PENALTY_NET_PENALTY_SCALE=1.0
27,1,0.375798,0.000000,0.356483,0.000000,0.010000,0.000000,LOH_PARALLEL_SAFE=1 LOH_SKIP_PIP_INSTALL=1 LOH_SKIP_BUILD=1 LOH_DEBUG_LEVEL=1 CACHESIM_VERBOSE=0 CACHESIM_NUM_REQ=3000000 LOH_RL_ALGO=SAC LOH_ACTION_SCALE=1.0 LOH_SCORE_USE_COMPOUND=0 LOH_SCORE_USE_IRT=0 LOH_USE_SOFTMAX=0 LOH_USE_HEURISTIC_SIGNS=0 LOH_INCLUDE_HIT_MISS_FEATURES=0 LOH_INCLUDE_CACHE_FEATURES=0 LOH_INCLUDE_CANDIDATE_FEATURES=0 LOH_INCLUDE_TOPK_CANDIDATE_FEATURES=0 LOH_INCLUDE_AVGTOPK_CANDIDATE_FEATURES=0 LOH_INCLUDE_REQUEST=0 LOH_ENABLE_PENALTY=1 LOH_REWARD_USE_PENALTY=1 LOH_PENALTY_SCALE=log LOH_PENALTY_REWARD_FORMULA=relative LOH_REWARD_W_PENALTY=1.0 LOH_PENALTY_CUTOFF=0 LOH_PENALTY_DMAX=400000 LOH_PENALTY_EMPTY_AS_GOOD=1 LOH_PENALTY_REFINE_ON_LATE=1 LOH_PENALTY_NO_EVICT_REWARD=keep LOH_PENALTY_BASELINE_DECAY=0.99 LOH_SURVIVAL_BINS=64 LOH_SURVIVAL_QUANTILE=0.99 LOH_SURVIVAL_MINCOUNT=1000 LOH_PENALTY_NET_GOOD_SCALE=1.0 LOH_PENALTY_NET_PENALTY_SCALE=1.0
28,1,0.369114,0.000000,0.350849,0.000000,0.010000,0.000000,LOH_PARALLEL_SAFE=1 LOH_SKIP_PIP_INSTALL=1 LOH_SKIP_BUILD=1 LOH_DEBUG_LEVEL=1 CACHESIM_VERBOSE=0 CACHESIM_NUM_REQ=3000000 LOH_RL_ALGO=SAC LOH_ACTION_SCALE=1.0 LOH_SCORE_USE_COMPOUND=0 LOH_SCORE_USE_IRT=0 LOH_USE_SOFTMAX=0 LOH_USE_HEURISTIC_SIGNS=0 LOH_INCLUDE_HIT_MISS_FEATURES=0 LOH_INCLUDE_CACHE_FEATURES=0 LOH_INCLUDE_CANDIDATE_FEATURES=0 LOH_INCLUDE_TOPK_CANDIDATE_FEATURES=0 LOH_INCLUDE_AVGTOPK_CANDIDATE_FEATURES=0 LOH_INCLUDE_REQUEST=0 LOH_ENABLE_PENALTY=1 LOH_REWARD_USE_PENALTY=1 LOH_PENALTY_SCALE=log LOH_PENALTY_REWARD_FORMULA=centered LOH_REWARD_W_PENALTY=0.1 LOH_PENALTY_CUTOFF=0 LOH_PENALTY_DMAX=400000 LOH_PENALTY_EMPTY_AS_GOOD=1 LOH_PENALTY_REFINE_ON_LATE=1 LOH_PENALTY_NO_EVICT_REWARD=keep LOH_PENALTY_BASELINE_DECAY=0.99 LOH_SURVIVAL_BINS=64 LOH_SURVIVAL_QUANTILE=0.99 LOH_SURVIVAL_MINCOUNT=1000 LOH_PENALTY_NET_GOOD_SCALE=1.0 LOH_PENALTY_NET_PENALTY_SCALE=1.0
29,1,0.367546,0.000000,0.350845,0.000000,0.010000,0.000000,LOH_PARALLEL_SAFE=1 LOH_SKIP_PIP_INSTALL=1 LOH_SKIP_BUILD=1 LOH_DEBUG_LEVEL=1 CACHESIM_VERBOSE=0 CACHESIM_NUM_REQ=3000000 LOH_RL_ALGO=SAC LOH_ACTION_SCALE=1.0 LOH_SCORE_USE_COMPOUND=0 LOH_SCORE_USE_IRT=0 LOH_USE_SOFTMAX=0 LOH_USE_HEURISTIC_SIGNS=0 LOH_INCLUDE_HIT_MISS_FEATURES=0 LOH_INCLUDE_CACHE_FEATURES=0 LOH_INCLUDE_CANDIDATE_FEATURES=0 LOH_INCLUDE_TOPK_CANDIDATE_FEATURES=0 LOH_INCLUDE_AVGTOPK_CANDIDATE_FEATURES=0 LOH_INCLUDE_REQUEST=0 LOH_ENABLE_PENALTY=1 LOH_REWARD_USE_PENALTY=1 LOH_PENALTY_SCALE=log LOH_PENALTY_REWARD_FORMULA=centered LOH_REWARD_W_PENALTY=0.2 LOH_PENALTY_CUTOFF=0 LOH_PENALTY_DMAX=400000 LOH_PENALTY_EMPTY_AS_GOOD=1 LOH_PENALTY_REFINE_ON_LATE=1 LOH_PENALTY_NO_EVICT_REWARD=keep LOH_PENALTY_BASELINE_DECAY=0.99 LOH_SURVIVAL_BINS=64 LOH_SURVIVAL_QUANTILE=0.99 LOH_SURVIVAL_MINCOUNT=1000 LOH_PENALTY_NET_GOOD_SCALE=1.0 LOH_PENALTY_NET_PENALTY_SCALE=1.0
30,1,0.369085,0.000000,0.349226,0.000000,0.010000,0.000000,LOH_PARALLEL_SAFE=1 LOH_SKIP_PIP_INSTALL=1 LOH_SKIP_BUILD=1 LOH_DEBUG_LEVEL=1 CACHESIM_VERBOSE=0 CACHESIM_NUM_REQ=3000000 LOH_RL_ALGO=SAC LOH_ACTION_SCALE=1.0 LOH_SCORE_USE_COMPOUND=0 LOH_SCORE_USE_IRT=0 LOH_USE_SOFTMAX=0 LOH_USE_HEURISTIC_SIGNS=0 LOH_INCLUDE_HIT_MISS_FEATURES=0 LOH_INCLUDE_CACHE_FEATURES=0 LOH_INCLUDE_CANDIDATE_FEATURES=0 LOH_INCLUDE_TOPK_CANDIDATE_FEATURES=0 LOH_INCLUDE_AVGTOPK_CANDIDATE_FEATURES=0 LOH_INCLUDE_REQUEST=0 LOH_ENABLE_PENALTY=1 LOH_REWARD_USE_PENALTY=1 LOH_PENALTY_SCALE=log LOH_PENALTY_REWARD_FORMULA=centered LOH_REWARD_W_PENALTY=0.5 LOH_PENALTY_CUTOFF=0 LOH_PENALTY_DMAX=400000 LOH_PENALTY_EMPTY_AS_GOOD=1 LOH_PENALTY_REFINE_ON_LATE=1 LOH_PENALTY_NO_EVICT_REWARD=keep LOH_PENALTY_BASELINE_DECAY=0.99 LOH_SURVIVAL_BINS=64 LOH_SURVIVAL_QUANTILE=0.99 LOH_SURVIVAL_MINCOUNT=1000 LOH_PENALTY_NET_GOOD_SCALE=1.0 LOH_PENALTY_NET_PENALTY_SCALE=1.0
31,1,0.372207,0.000000,0.353575,0.000000,0.010000,0.000000,LOH_PARALLEL_SAFE=1 LOH_SKIP_PIP_INSTALL=1 LOH_SKIP_BUILD=1 LOH_DEBUG_LEVEL=1 CACHESIM_VERBOSE=0 CACHESIM_NUM_REQ=3000000 LOH_RL_ALGO=SAC LOH_ACTION_SCALE=1.0 LOH_SCORE_USE_COMPOUND=0 LOH_SCORE_USE_IRT=0 LOH_USE_SOFTMAX=0 LOH_USE_HEURISTIC_SIGNS=0 LOH_INCLUDE_HIT_MISS_FEATURES=0 LOH_INCLUDE_CACHE_FEATURES=0 LOH_INCLUDE_CANDIDATE_FEATURES=0 LOH_INCLUDE_TOPK_CANDIDATE_FEATURES=0 LOH_INCLUDE_AVGTOPK_CANDIDATE_FEATURES=0 LOH_INCLUDE_REQUEST=0 LOH_ENABLE_PENALTY=1 LOH_REWARD_USE_PENALTY=1 LOH_PENALTY_SCALE=log LOH_PENALTY_REWARD_FORMULA=centered LOH_REWARD_W_PENALTY=1.0 LOH_PENALTY_CUTOFF=0 LOH_PENALTY_DMAX=400000 LOH_PENALTY_EMPTY_AS_GOOD=1 LOH_PENALTY_REFINE_ON_LATE=1 LOH_PENALTY_NO_EVICT_REWARD=keep LOH_PENALTY_BASELINE_DECAY=0.99 LOH_SURVIVAL_BINS=64 LOH_SURVIVAL_QUANTILE=0.99 LOH_SURVIVAL_MINCOUNT=1000 LOH_PENALTY_NET_GOOD_SCALE=1.0 LOH_PENALTY_NET_PENALTY_SCALE=1.0
32,1,0.368406,0.000000,0.349073,0.000000,0.010000,0.000000,LOH_PARALLEL_SAFE=1 LOH_SKIP_PIP_INSTALL=1 LOH_SKIP_BUILD=1 LOH_DEBUG_LEVEL=1 CACHESIM_VERBOSE=0 CACHESIM_NUM_REQ=3000000 LOH_RL_ALGO=SAC LOH_ACTION_SCALE=1.0 LOH_SCORE_USE_COMPOUND=0 LOH_SCORE_USE_IRT=0 LOH_USE_SOFTMAX=0 LOH_USE_HEURISTIC_SIGNS=0 LOH_INCLUDE_HIT_MISS_FEATURES=0 LOH_INCLUDE_CACHE_FEATURES=0 LOH_INCLUDE_CANDIDATE_FEATURES=0 LOH_INCLUDE_TOPK_CANDIDATE_FEATURES=0 LOH_INCLUDE_AVGTOPK_CANDIDATE_FEATURES=0 LOH_INCLUDE_REQUEST=0 LOH_ENABLE_PENALTY=1 LOH_REWARD_USE_PENALTY=1 LOH_PENALTY_SCALE=log LOH_PENALTY_REWARD_FORMULA=one_minus LOH_REWARD_W_PENALTY=0.1 LOH_PENALTY_CUTOFF=0 LOH_PENALTY_DMAX=400000 LOH_PENALTY_EMPTY_AS_GOOD=1 LOH_PENALTY_REFINE_ON_LATE=1 LOH_PENALTY_NO_EVICT_REWARD=keep LOH_PENALTY_BASELINE_DECAY=0.99 LOH_SURVIVAL_BINS=64 LOH_SURVIVAL_QUANTILE=0.99 LOH_SURVIVAL_MINCOUNT=1000 LOH_PENALTY_NET_GOOD_SCALE=1.0 LOH_PENALTY_NET_PENALTY_SCALE=1.0
33,1,0.367484,0.000000,0.349187,0.000000,0.010000,0.000000,LOH_PARALLEL_SAFE=1 LOH_SKIP_PIP_INSTALL=1 LOH_SKIP_BUILD=1 LOH_DEBUG_LEVEL=1 CACHESIM_VERBOSE=0 CACHESIM_NUM_REQ=3000000 LOH_RL_ALGO=SAC LOH_ACTION_SCALE=1.0 LOH_SCORE_USE_COMPOUND=0 LOH_SCORE_USE_IRT=0 LOH_USE_SOFTMAX=0 LOH_USE_HEURISTIC_SIGNS=0 LOH_INCLUDE_HIT_MISS_FEATURES=0 LOH_INCLUDE_CACHE_FEATURES=0 LOH_INCLUDE_CANDIDATE_FEATURES=0 LOH_INCLUDE_TOPK_CANDIDATE_FEATURES=0 LOH_INCLUDE_AVGTOPK_CANDIDATE_FEATURES=0 LOH_INCLUDE_REQUEST=0 LOH_ENABLE_PENALTY=1 LOH_REWARD_USE_PENALTY=1 LOH_PENALTY_SCALE=log LOH_PENALTY_REWARD_FORMULA=one_minus LOH_REWARD_W_PENALTY=0.2 LOH_PENALTY_CUTOFF=0 LOH_PENALTY_DMAX=400000 LOH_PENALTY_EMPTY_AS_GOOD=1 LOH_PENALTY_REFINE_ON_LATE=1 LOH_PENALTY_NO_EVICT_REWARD=keep LOH_PENALTY_BASELINE_DECAY=0.99 LOH_SURVIVAL_BINS=64 LOH_SURVIVAL_QUANTILE=0.99 LOH_SURVIVAL_MINCOUNT=1000 LOH_PENALTY_NET_GOOD_SCALE=1.0 LOH_PENALTY_NET_PENALTY_SCALE=1.0
34,1,0.366341,0.000000,0.348461,0.000000,0.010000,0.000000,LOH_PARALLEL_SAFE=1 LOH_SKIP_PIP_INSTALL=1 LOH_SKIP_BUILD=1 LOH_DEBUG_LEVEL=1 CACHESIM_VERBOSE=0 CACHESIM_NUM_REQ=3000000 LOH_RL_ALGO=SAC LOH_ACTION_SCALE=1.0 LOH_SCORE_USE_COMPOUND=0 LOH_SCORE_USE_IRT=0 LOH_USE_SOFTMAX=0 LOH_USE_HEURISTIC_SIGNS=0 LOH_INCLUDE_HIT_MISS_FEATURES=0 LOH_INCLUDE_CACHE_FEATURES=0 LOH_INCLUDE_CANDIDATE_FEATURES=0 LOH_INCLUDE_TOPK_CANDIDATE_FEATURES=0 LOH_INCLUDE_AVGTOPK_CANDIDATE_FEATURES=0 LOH_INCLUDE_REQUEST=0 LOH_ENABLE_PENALTY=1 LOH_REWARD_USE_PENALTY=1 LOH_PENALTY_SCALE=log LOH_PENALTY_REWARD_FORMULA=one_minus LOH_REWARD_W_PENALTY=0.5 LOH_PENALTY_CUTOFF=0 LOH_PENALTY_DMAX=400000 LOH_PENALTY_EMPTY_AS_GOOD=1 LOH_PENALTY_REFINE_ON_LATE=1 LOH_PENALTY_NO_EVICT_REWARD=keep LOH_PENALTY_BASELINE_DECAY=0.99 LOH_SURVIVAL_BINS=64 LOH_SURVIVAL_QUANTILE=0.99 LOH_SURVIVAL_MINCOUNT=1000 LOH_PENALTY_NET_GOOD_SCALE=1.0 LOH_PENALTY_NET_PENALTY_SCALE=1.0
35,1,0.368602,0.000000,0.349978,0.000000,0.010000,0.000000,LOH_PARALLEL_SAFE=1 LOH_SKIP_PIP_INSTALL=1 LOH_SKIP_BUILD=1 LOH_DEBUG_LEVEL=1 CACHESIM_VERBOSE=0 CACHESIM_NUM_REQ=3000000 LOH_RL_ALGO=SAC LOH_ACTION_SCALE=1.0 LOH_SCORE_USE_COMPOUND=0 LOH_SCORE_USE_IRT=0 LOH_USE_SOFTMAX=0 LOH_USE_HEURISTIC_SIGNS=0 LOH_INCLUDE_HIT_MISS_FEATURES=0 LOH_INCLUDE_CACHE_FEATURES=0 LOH_INCLUDE_CANDIDATE_FEATURES=0 LOH_INCLUDE_TOPK_CANDIDATE_FEATURES=0 LOH_INCLUDE_AVGTOPK_CANDIDATE_FEATURES=0 LOH_INCLUDE_REQUEST=0 LOH_ENABLE_PENALTY=1 LOH_REWARD_USE_PENALTY=1 LOH_PENALTY_SCALE=log LOH_PENALTY_REWARD_FORMULA=one_minus LOH_REWARD_W_PENALTY=1.0 LOH_PENALTY_CUTOFF=0 LOH_PENALTY_DMAX=400000 LOH_PENALTY_EMPTY_AS_GOOD=1 LOH_PENALTY_REFINE_ON_LATE=1 LOH_PENALTY_NO_EVICT_REWARD=keep LOH_PENALTY_BASELINE_DECAY=0.99 LOH_SURVIVAL_BINS=64 LOH_SURVIVAL_QUANTILE=0.99 LOH_SURVIVAL_MINCOUNT=1000 LOH_PENALTY_NET_GOOD_SCALE=1.0 LOH_PENALTY_NET_PENALTY_SCALE=1.0
36,1,0.364813,0.000000,0.346123,0.000000,0.010000,0.000000,LOH_PARALLEL_SAFE=1 LOH_SKIP_PIP_INSTALL=1 LOH_SKIP_BUILD=1 LOH_DEBUG_LEVEL=1 CACHESIM_VERBOSE=0 CACHESIM_NUM_REQ=3000000 LOH_RL_ALGO=SAC LOH_ACTION_SCALE=1.0 LOH_SCORE_USE_COMPOUND=0 LOH_SCORE_USE_IRT=0 LOH_USE_SOFTMAX=0 LOH_USE_HEURISTIC_SIGNS=0 LOH_INCLUDE_HIT_MISS_FEATURES=0 LOH_INCLUDE_CACHE_FEATURES=0 LOH_INCLUDE_CANDIDATE_FEATURES=0 LOH_INCLUDE_TOPK_CANDIDATE_FEATURES=0 LOH_INCLUDE_AVGTOPK_CANDIDATE_FEATURES=0 LOH_INCLUDE_REQUEST=0 LOH_ENABLE_PENALTY=1 LOH_REWARD_USE_PENALTY=1 LOH_PENALTY_SCALE=log LOH_PENALTY_REWARD_FORMULA=neg LOH_REWARD_W_PENALTY=0.1 LOH_PENALTY_CUTOFF=0 LOH_PENALTY_DMAX=400000 LOH_PENALTY_EMPTY_AS_GOOD=1 LOH_PENALTY_REFINE_ON_LATE=1 LOH_PENALTY_NO_EVICT_REWARD=keep LOH_PENALTY_BASELINE_DECAY=0.99 LOH_SURVIVAL_BINS=64 LOH_SURVIVAL_QUANTILE=0.99 LOH_SURVIVAL_MINCOUNT=1000 LOH_PENALTY_NET_GOOD_SCALE=1.0 LOH_PENALTY_NET_PENALTY_SCALE=1.0
37,1,0.366913,0.000000,0.347635,0.000000,0.010000,0.000000,LOH_PARALLEL_SAFE=1 LOH_SKIP_PIP_INSTALL=1 LOH_SKIP_BUILD=1 LOH_DEBUG_LEVEL=1 CACHESIM_VERBOSE=0 CACHESIM_NUM_REQ=3000000 LOH_RL_ALGO=SAC LOH_ACTION_SCALE=1.0 LOH_SCORE_USE_COMPOUND=0 LOH_SCORE_USE_IRT=0 LOH_USE_SOFTMAX=0 LOH_USE_HEURISTIC_SIGNS=0 LOH_INCLUDE_HIT_MISS_FEATURES=0 LOH_INCLUDE_CACHE_FEATURES=0 LOH_INCLUDE_CANDIDATE_FEATURES=0 LOH_INCLUDE_TOPK_CANDIDATE_FEATURES=0 LOH_INCLUDE_AVGTOPK_CANDIDATE_FEATURES=0 LOH_INCLUDE_REQUEST=0 LOH_ENABLE_PENALTY=1 LOH_REWARD_USE_PENALTY=1 LOH_PENALTY_SCALE=log LOH_PENALTY_REWARD_FORMULA=neg LOH_REWARD_W_PENALTY=0.2 LOH_PENALTY_CUTOFF=0 LOH_PENALTY_DMAX=400000 LOH_PENALTY_EMPTY_AS_GOOD=1 LOH_PENALTY_REFINE_ON_LATE=1 LOH_PENALTY_NO_EVICT_REWARD=keep LOH_PENALTY_BASELINE_DECAY=0.99 LOH_SURVIVAL_BINS=64 LOH_SURVIVAL_QUANTILE=0.99 LOH_SURVIVAL_MINCOUNT=1000 LOH_PENALTY_NET_GOOD_SCALE=1.0 LOH_PENALTY_NET_PENALTY_SCALE=1.0
38,1,0.369433,0.000000,0.351733,0.000000,0.010000,0.000000,LOH_PARALLEL_SAFE=1 LOH_SKIP_PIP_INSTALL=1 LOH_SKIP_BUILD=1 LOH_DEBUG_LEVEL=1 CACHESIM_VERBOSE=0 CACHESIM_NUM_REQ=3000000 LOH_RL_ALGO=SAC LOH_ACTION_SCALE=1.0 LOH_SCORE_USE_COMPOUND=0 LOH_SCORE_USE_IRT=0 LOH_USE_SOFTMAX=0 LOH_USE_HEURISTIC_SIGNS=0 LOH_INCLUDE_HIT_MISS_FEATURES=0 LOH_INCLUDE_CACHE_FEATURES=0 LOH_INCLUDE_CANDIDATE_FEATURES=0 LOH_INCLUDE_TOPK_CANDIDATE_FEATURES=0 LOH_INCLUDE_AVGTOPK_CANDIDATE_FEATURES=0 LOH_INCLUDE_REQUEST=0 LOH_ENABLE_PENALTY=1 LOH_REWARD_USE_PENALTY=1 LOH_PENALTY_SCALE=log LOH_PENALTY_REWARD_FORMULA=neg LOH_REWARD_W_PENALTY=0.5 LOH_PENALTY_CUTOFF=0 LOH_PENALTY_DMAX=400000 LOH_PENALTY_EMPTY_AS_GOOD=1 LOH_PENALTY_REFINE_ON_LATE=1 LOH_PENALTY_NO_EVICT_REWARD=keep LOH_PENALTY_BASELINE_DECAY=0.99 LOH_SURVIVAL_BINS=64 LOH_SURVIVAL_QUANTILE=0.99 LOH_SURVIVAL_MINCOUNT=1000 LOH_PENALTY_NET_GOOD_SCALE=1.0 LOH_PENALTY_NET_PENALTY_SCALE=1.0
39,1,0.371790,0.000000,0.353908,0.000000,0.010000,0.000000,LOH_PARALLEL_SAFE=1 LOH_SKIP_PIP_INSTALL=1 LOH_SKIP_BUILD=1 LOH_DEBUG_LEVEL=1 CACHESIM_VERBOSE=0 CACHESIM_NUM_REQ=3000000 LOH_RL_ALGO=SAC LOH_ACTION_SCALE=1.0 LOH_SCORE_USE_COMPOUND=0 LOH_SCORE_USE_IRT=0 LOH_USE_SOFTMAX=0 LOH_USE_HEURISTIC_SIGNS=0 LOH_INCLUDE_HIT_MISS_FEATURES=0 LOH_INCLUDE_CACHE_FEATURES=0 LOH_INCLUDE_CANDIDATE_FEATURES=0 LOH_INCLUDE_TOPK_CANDIDATE_FEATURES=0 LOH_INCLUDE_AVGTOPK_CANDIDATE_FEATURES=0 LOH_INCLUDE_REQUEST=0 LOH_ENABLE_PENALTY=1 LOH_REWARD_USE_PENALTY=1 LOH_PENALTY_SCALE=log LOH_PENALTY_REWARD_FORMULA=neg LOH_REWARD_W_PENALTY=1.0 LOH_PENALTY_CUTOFF=0 LOH_PENALTY_DMAX=400000 LOH_PENALTY_EMPTY_AS_GOOD=1 LOH_PENALTY_REFINE_ON_LATE=1 LOH_PENALTY_NO_EVICT_REWARD=keep LOH_PENALTY_BASELINE_DECAY=0.99 LOH_SURVIVAL_BINS=64 LOH_SURVIVAL_QUANTILE=0.99 LOH_SURVIVAL_MINCOUNT=1000 LOH_PENALTY_NET_GOOD_SCALE=1.0 LOH_PENALTY_NET_PENALTY_SCALE=1.0
40,1,0.368623,0.000000,0.349023,0.000000,0.010000,0.000000,LOH_PARALLEL_SAFE=1 LOH_SKIP_PIP_INSTALL=1 LOH_SKIP_BUILD=1 LOH_DEBUG_LEVEL=1 CACHESIM_VERBOSE=0 CACHESIM_NUM_REQ=3000000 LOH_RL_ALGO=SAC LOH_ACTION_SCALE=1.0 LOH_SCORE_USE_COMPOUND=0 LOH_SCORE_USE_IRT=0 LOH_USE_SOFTMAX=0 LOH_USE_HEURISTIC_SIGNS=0 LOH_INCLUDE_HIT_MISS_FEATURES=0 LOH_INCLUDE_CACHE_FEATURES=0 LOH_INCLUDE_CANDIDATE_FEATURES=0 LOH_INCLUDE_TOPK_CANDIDATE_FEATURES=0 LOH_INCLUDE_AVGTOPK_CANDIDATE_FEATURES=0 LOH_INCLUDE_REQUEST=0 LOH_ENABLE_PENALTY=1 LOH_REWARD_USE_PENALTY=1 LOH_PENALTY_SCALE=log LOH_PENALTY_REWARD_FORMULA=net LOH_REWARD_W_PENALTY=1.0 LOH_PENALTY_CUTOFF=0 LOH_PENALTY_DMAX=400000 LOH_PENALTY_EMPTY_AS_GOOD=1 LOH_PENALTY_REFINE_ON_LATE=1 LOH_PENALTY_NO_EVICT_REWARD=keep LOH_PENALTY_BASELINE_DECAY=0.99 LOH_SURVIVAL_BINS=64 LOH_SURVIVAL_QUANTILE=0.99 LOH_SURVIVAL_MINCOUNT=1000 LOH_PENALTY_NET_GOOD_SCALE=1.0 LOH_PENALTY_NET_PENALTY_SCALE=1.0
41,1,0.371308,0.000000,0.353386,0.000000,0.010000,0.000000,LOH_PARALLEL_SAFE=1 LOH_SKIP_PIP_INSTALL=1 LOH_SKIP_BUILD=1 LOH_DEBUG_LEVEL=1 CACHESIM_VERBOSE=0 CACHESIM_NUM_REQ=3000000 LOH_RL_ALGO=SAC LOH_ACTION_SCALE=1.0 LOH_SCORE_USE_COMPOUND=0 LOH_SCORE_USE_IRT=0 LOH_USE_SOFTMAX=0 LOH_USE_HEURISTIC_SIGNS=0 LOH_INCLUDE_HIT_MISS_FEATURES=0 LOH_INCLUDE_CACHE_FEATURES=0 LOH_INCLUDE_CANDIDATE_FEATURES=0 LOH_INCLUDE_TOPK_CANDIDATE_FEATURES=0 LOH_INCLUDE_AVGTOPK_CANDIDATE_FEATURES=0 LOH_INCLUDE_REQUEST=0 LOH_ENABLE_PENALTY=1 LOH_REWARD_USE_PENALTY=1 LOH_PENALTY_SCALE=log LOH_PENALTY_REWARD_FORMULA=net LOH_REWARD_W_PENALTY=2.0 LOH_PENALTY_CUTOFF=0 LOH_PENALTY_DMAX=400000 LOH_PENALTY_EMPTY_AS_GOOD=1 LOH_PENALTY_REFINE_ON_LATE=1 LOH_PENALTY_NO_EVICT_REWARD=keep LOH_PENALTY_BASELINE_DECAY=0.99 LOH_SURVIVAL_BINS=64 LOH_SURVIVAL_QUANTILE=0.99 LOH_SURVIVAL_MINCOUNT=1000 LOH_PENALTY_NET_GOOD_SCALE=1.0 LOH_PENALTY_NET_PENALTY_SCALE=1.0
42,1,0.371115,0.000000,0.353256,0.000000,0.010000,0.000000,LOH_PARALLEL_SAFE=1 LOH_SKIP_PIP_INSTALL=1 LOH_SKIP_BUILD=1 LOH_DEBUG_LEVEL=1 CACHESIM_VERBOSE=0 CACHESIM_NUM_REQ=3000000 LOH_RL_ALGO=SAC LOH_ACTION_SCALE=1.0 LOH_SCORE_USE_COMPOUND=0 LOH_SCORE_USE_IRT=0 LOH_USE_SOFTMAX=0 LOH_USE_HEURISTIC_SIGNS=0 LOH_INCLUDE_HIT_MISS_FEATURES=0 LOH_INCLUDE_CACHE_FEATURES=0 LOH_INCLUDE_CANDIDATE_FEATURES=0 LOH_INCLUDE_TOPK_CANDIDATE_FEATURES=0 LOH_INCLUDE_AVGTOPK_CANDIDATE_FEATURES=0 LOH_INCLUDE_REQUEST=0 LOH_ENABLE_PENALTY=1 LOH_REWARD_USE_PENALTY=1 LOH_PENALTY_SCALE=log LOH_PENALTY_REWARD_FORMULA=net LOH_REWARD_W_PENALTY=3.0 LOH_PENALTY_CUTOFF=0 LOH_PENALTY_DMAX=400000 LOH_PENALTY_EMPTY_AS_GOOD=1 LOH_PENALTY_REFINE_ON_LATE=1 LOH_PENALTY_NO_EVICT_REWARD=keep LOH_PENALTY_BASELINE_DECAY=0.99 LOH_SURVIVAL_BINS=64 LOH_SURVIVAL_QUANTILE=0.99 LOH_SURVIVAL_MINCOUNT=1000 LOH_PENALTY_NET_GOOD_SCALE=1.0 LOH_PENALTY_NET_PENALTY_SCALE=1.0
43,1,0.367665,0.000000,0.352474,0.000000,0.010000,0.000000,LOH_PARALLEL_SAFE=1 LOH_SKIP_PIP_INSTALL=1 LOH_SKIP_BUILD=1 LOH_DEBUG_LEVEL=1 CACHESIM_VERBOSE=0 CACHESIM_NUM_REQ=3000000 LOH_RL_ALGO=SAC LOH_ACTION_SCALE=1.0 LOH_SCORE_USE_COMPOUND=0 LOH_SCORE_USE_IRT=0 LOH_USE_SOFTMAX=0 LOH_USE_HEURISTIC_SIGNS=0 LOH_INCLUDE_HIT_MISS_FEATURES=0 LOH_INCLUDE_CACHE_FEATURES=0 LOH_INCLUDE_CANDIDATE_FEATURES=0 LOH_INCLUDE_TOPK_CANDIDATE_FEATURES=0 LOH_INCLUDE_AVGTOPK_CANDIDATE_FEATURES=0 LOH_INCLUDE_REQUEST=0 LOH_ENABLE_PENALTY=1 LOH_REWARD_USE_PENALTY=1 LOH_PENALTY_SCALE=log LOH_PENALTY_REWARD_FORMULA=net2 LOH_REWARD_W_PENALTY=1.0 LOH_PENALTY_CUTOFF=0 LOH_PENALTY_DMAX=400000 LOH_PENALTY_EMPTY_AS_GOOD=1 LOH_PENALTY_REFINE_ON_LATE=1 LOH_PENALTY_NO_EVICT_REWARD=keep LOH_PENALTY_BASELINE_DECAY=0.99 LOH_SURVIVAL_BINS=64 LOH_SURVIVAL_QUANTILE=0.99 LOH_SURVIVAL_MINCOUNT=1000 LOH_PENALTY_NET_GOOD_SCALE=1.0 LOH_PENALTY_NET_PENALTY_SCALE=1.0
44,1,0.367341,0.000000,0.350510,0.000000,0.010000,0.000000,LOH_PARALLEL_SAFE=1 LOH_SKIP_PIP_INSTALL=1 LOH_SKIP_BUILD=1 LOH_DEBUG_LEVEL=1 CACHESIM_VERBOSE=0 CACHESIM_NUM_REQ=3000000 LOH_RL_ALGO=SAC LOH_ACTION_SCALE=1.0 LOH_SCORE_USE_COMPOUND=0 LOH_SCORE_USE_IRT=0 LOH_USE_SOFTMAX=0 LOH_USE_HEURISTIC_SIGNS=0 LOH_INCLUDE_HIT_MISS_FEATURES=0 LOH_INCLUDE_CACHE_FEATURES=0 LOH_INCLUDE_CANDIDATE_FEATURES=0 LOH_INCLUDE_TOPK_CANDIDATE_FEATURES=0 LOH_INCLUDE_AVGTOPK_CANDIDATE_FEATURES=0 LOH_INCLUDE_REQUEST=0 LOH_ENABLE_PENALTY=1 LOH_REWARD_USE_PENALTY=1 LOH_PENALTY_SCALE=log LOH_PENALTY_REWARD_FORMULA=net2 LOH_REWARD_W_PENALTY=2.0 LOH_PENALTY_CUTOFF=0 LOH_PENALTY_DMAX=400000 LOH_PENALTY_EMPTY_AS_GOOD=1 LOH_PENALTY_REFINE_ON_LATE=1 LOH_PENALTY_NO_EVICT_REWARD=keep LOH_PENALTY_BASELINE_DECAY=0.99 LOH_SURVIVAL_BINS=64 LOH_SURVIVAL_QUANTILE=0.99 LOH_SURVIVAL_MINCOUNT=1000 LOH_PENALTY_NET_GOOD_SCALE=1.0 LOH_PENALTY_NET_PENALTY_SCALE=1.0
45,1,0.365212,0.000000,0.348241,0.000000,0.010000,0.000000,LOH_PARALLEL_SAFE=1 LOH_SKIP_PIP_INSTALL=1 LOH_SKIP_BUILD=1 LOH_DEBUG_LEVEL=1 CACHESIM_VERBOSE=0 CACHESIM_NUM_REQ=3000000 LOH_RL_ALGO=SAC LOH_ACTION_SCALE=1.0 LOH_SCORE_USE_COMPOUND=0 LOH_SCORE_USE_IRT=0 LOH_USE_SOFTMAX=0 LOH_USE_HEURISTIC_SIGNS=0 LOH_INCLUDE_HIT_MISS_FEATURES=0 LOH_INCLUDE_CACHE_FEATURES=0 LOH_INCLUDE_CANDIDATE_FEATURES=0 LOH_INCLUDE_TOPK_CANDIDATE_FEATURES=0 LOH_INCLUDE_AVGTOPK_CANDIDATE_FEATURES=0 LOH_INCLUDE_REQUEST=0 LOH_ENABLE_PENALTY=1 LOH_REWARD_USE_PENALTY=1 LOH_PENALTY_SCALE=log LOH_PENALTY_REWARD_FORMULA=net2 LOH_REWARD_W_PENALTY=3.0 LOH_PENALTY_CUTOFF=0 LOH_PENALTY_DMAX=400000 LOH_PENALTY_EMPTY_AS_GOOD=1 LOH_PENALTY_REFINE_ON_LATE=1 LOH_PENALTY_NO_EVICT_REWARD=keep LOH_PENALTY_BASELINE_DECAY=0.99 LOH_SURVIVAL_BINS=64 LOH_SURVIVAL_QUANTILE=0.99 LOH_SURVIVAL_MINCOUNT=1000 LOH_PENALTY_NET_GOOD_SCALE=1.0 LOH_PENALTY_NET_PENALTY_SCALE=1.0
46,1,0.366416,0.000000,0.348946,0.000000,0.010000,0.000000,LOH_PARALLEL_SAFE=1 LOH_SKIP_PIP_INSTALL=1 LOH_SKIP_BUILD=1 LOH_DEBUG_LEVEL=1 CACHESIM_VERBOSE=0 CACHESIM_NUM_REQ=3000000 LOH_RL_ALGO=SAC LOH_ACTION_SCALE=1.0 LOH_SCORE_USE_COMPOUND=0 LOH_SCORE_USE_IRT=0 LOH_USE_SOFTMAX=0 LOH_USE_HEURISTIC_SIGNS=0 LOH_INCLUDE_HIT_MISS_FEATURES=0 LOH_INCLUDE_CACHE_FEATURES=0 LOH_INCLUDE_CANDIDATE_FEATURES=0 LOH_INCLUDE_TOPK_CANDIDATE_FEATURES=0 LOH_INCLUDE_AVGTOPK_CANDIDATE_FEATURES=0 LOH_INCLUDE_REQUEST=0 LOH_ENABLE_PENALTY=1 LOH_REWARD_USE_PENALTY=1 LOH_PENALTY_SCALE=survival LOH_PENALTY_REWARD_FORMULA=relative LOH_REWARD_W_PENALTY=0.1 LOH_PENALTY_CUTOFF=0 LOH_PENALTY_DMAX=400000 LOH_PENALTY_EMPTY_AS_GOOD=1 LOH_PENALTY_REFINE_ON_LATE=1 LOH_PENALTY_NO_EVICT_REWARD=keep LOH_PENALTY_BASELINE_DECAY=0.99 LOH_SURVIVAL_BINS=64 LOH_SURVIVAL_QUANTILE=0.99 LOH_SURVIVAL_MINCOUNT=1000 LOH_PENALTY_NET_GOOD_SCALE=1.0 LOH_PENALTY_NET_PENALTY_SCALE=1.0
47,1,0.370436,0.000000,0.352744,0.000000,0.010000,0.000000,LOH_PARALLEL_SAFE=1 LOH_SKIP_PIP_INSTALL=1 LOH_SKIP_BUILD=1 LOH_DEBUG_LEVEL=1 CACHESIM_VERBOSE=0 CACHESIM_NUM_REQ=3000000 LOH_RL_ALGO=SAC LOH_ACTION_SCALE=1.0 LOH_SCORE_USE_COMPOUND=0 LOH_SCORE_USE_IRT=0 LOH_USE_SOFTMAX=0 LOH_USE_HEURISTIC_SIGNS=0 LOH_INCLUDE_HIT_MISS_FEATURES=0 LOH_INCLUDE_CACHE_FEATURES=0 LOH_INCLUDE_CANDIDATE_FEATURES=0 LOH_INCLUDE_TOPK_CANDIDATE_FEATURES=0 LOH_INCLUDE_AVGTOPK_CANDIDATE_FEATURES=0 LOH_INCLUDE_REQUEST=0 LOH_ENABLE_PENALTY=1 LOH_REWARD_USE_PENALTY=1 LOH_PENALTY_SCALE=survival LOH_PENALTY_REWARD_FORMULA=relative LOH_REWARD_W_PENALTY=0.2 LOH_PENALTY_CUTOFF=0 LOH_PENALTY_DMAX=400000 LOH_PENALTY_EMPTY_AS_GOOD=1 LOH_PENALTY_REFINE_ON_LATE=1 LOH_PENALTY_NO_EVICT_REWARD=keep LOH_PENALTY_BASELINE_DECAY=0.99 LOH_SURVIVAL_BINS=64 LOH_SURVIVAL_QUANTILE=0.99 LOH_SURVIVAL_MINCOUNT=1000 LOH_PENALTY_NET_GOOD_SCALE=1.0 LOH_PENALTY_NET_PENALTY_SCALE=1.0
48,1,0.369930,0.000000,0.350578,0.000000,0.010000,0.000000,LOH_PARALLEL_SAFE=1 LOH_SKIP_PIP_INSTALL=1 LOH_SKIP_BUILD=1 LOH_DEBUG_LEVEL=1 CACHESIM_VERBOSE=0 CACHESIM_NUM_REQ=3000000 LOH_RL_ALGO=SAC LOH_ACTION_SCALE=1.0 LOH_SCORE_USE_COMPOUND=0 LOH_SCORE_USE_IRT=0 LOH_USE_SOFTMAX=0 LOH_USE_HEURISTIC_SIGNS=0 LOH_INCLUDE_HIT_MISS_FEATURES=0 LOH_INCLUDE_CACHE_FEATURES=0 LOH_INCLUDE_CANDIDATE_FEATURES=0 LOH_INCLUDE_TOPK_CANDIDATE_FEATURES=0 LOH_INCLUDE_AVGTOPK_CANDIDATE_FEATURES=0 LOH_INCLUDE_REQUEST=0 LOH_ENABLE_PENALTY=1 LOH_REWARD_USE_PENALTY=1 LOH_PENALTY_SCALE=survival LOH_PENALTY_REWARD_FORMULA=relative LOH_REWARD_W_PENALTY=0.5 LOH_PENALTY_CUTOFF=0 LOH_PENALTY_DMAX=400000 LOH_PENALTY_EMPTY_AS_GOOD=1 LOH_PENALTY_REFINE_ON_LATE=1 LOH_PENALTY_NO_EVICT_REWARD=keep LOH_PENALTY_BASELINE_DECAY=0.99 LOH_SURVIVAL_BINS=64 LOH_SURVIVAL_QUANTILE=0.99 LOH_SURVIVAL_MINCOUNT=1000 LOH_PENALTY_NET_GOOD_SCALE=1.0 LOH_PENALTY_NET_PENALTY_SCALE=1.0
49,1,0.371186,0.000000,0.349367,0.000000,0.010000,0.000000,LOH_PARALLEL_SAFE=1 LOH_SKIP_PIP_INSTALL=1 LOH_SKIP_BUILD=1 LOH_DEBUG_LEVEL=1 CACHESIM_VERBOSE=0 CACHESIM_NUM_REQ=3000000 LOH_RL_ALGO=SAC LOH_ACTION_SCALE=1.0 LOH_SCORE_USE_COMPOUND=0 LOH_SCORE_USE_IRT=0 LOH_USE_SOFTMAX=0 LOH_USE_HEURISTIC_SIGNS=0 LOH_INCLUDE_HIT_MISS_FEATURES=0 LOH_INCLUDE_CACHE_FEATURES=0 LOH_INCLUDE_CANDIDATE_FEATURES=0 LOH_INCLUDE_TOPK_CANDIDATE_FEATURES=0 LOH_INCLUDE_AVGTOPK_CANDIDATE_FEATURES=0 LOH_INCLUDE_REQUEST=0 LOH_ENABLE_PENALTY=1 LOH_REWARD_USE_PENALTY=1 LOH_PENALTY_SCALE=survival LOH_PENALTY_REWARD_FORMULA=relative LOH_REWARD_W_PENALTY=1.0 LOH_PENALTY_CUTOFF=0 LOH_PENALTY_DMAX=400000 LOH_PENALTY_EMPTY_AS_GOOD=1 LOH_PENALTY_REFINE_ON_LATE=1 LOH_PENALTY_NO_EVICT_REWARD=keep LOH_PENALTY_BASELINE_DECAY=0.99 LOH_SURVIVAL_BINS=64 LOH_SURVIVAL_QUANTILE=0.99 LOH_SURVIVAL_MINCOUNT=1000 LOH_PENALTY_NET_GOOD_SCALE=1.0 LOH_PENALTY_NET_PENALTY_SCALE=1.0
50,1,0.367514,0.000000,0.349591,0.000000,0.010000,0.000000,LOH_PARALLEL_SAFE=1 LOH_SKIP_PIP_INSTALL=1 LOH_SKIP_BUILD=1 LOH_DEBUG_LEVEL=1 CACHESIM_VERBOSE=0 CACHESIM_NUM_REQ=3000000 LOH_RL_ALGO=SAC LOH_ACTION_SCALE=1.0 LOH_SCORE_USE_COMPOUND=0 LOH_SCORE_USE_IRT=0 LOH_USE_SOFTMAX=0 LOH_USE_HEURISTIC_SIGNS=0 LOH_INCLUDE_HIT_MISS_FEATURES=0 LOH_INCLUDE_CACHE_FEATURES=0 LOH_INCLUDE_CANDIDATE_FEATURES=0 LOH_INCLUDE_TOPK_CANDIDATE_FEATURES=0 LOH_INCLUDE_AVGTOPK_CANDIDATE_FEATURES=0 LOH_INCLUDE_REQUEST=0 LOH_ENABLE_PENALTY=1 LOH_REWARD_USE_PENALTY=1 LOH_PENALTY_SCALE=survival LOH_PENALTY_REWARD_FORMULA=centered LOH_REWARD_W_PENALTY=0.1 LOH_PENALTY_CUTOFF=0 LOH_PENALTY_DMAX=400000 LOH_PENALTY_EMPTY_AS_GOOD=1 LOH_PENALTY_REFINE_ON_LATE=1 LOH_PENALTY_NO_EVICT_REWARD=keep LOH_PENALTY_BASELINE_DECAY=0.99 LOH_SURVIVAL_BINS=64 LOH_SURVIVAL_QUANTILE=0.99 LOH_SURVIVAL_MINCOUNT=1000 LOH_PENALTY_NET_GOOD_SCALE=1.0 LOH_PENALTY_NET_PENALTY_SCALE=1.0
51,1,0.370956,0.000000,0.352704,0.000000,0.010000,0.000000,LOH_PARALLEL_SAFE=1 LOH_SKIP_PIP_INSTALL=1 LOH_SKIP_BUILD=1 LOH_DEBUG_LEVEL=1 CACHESIM_VERBOSE=0 CACHESIM_NUM_REQ=3000000 LOH_RL_ALGO=SAC LOH_ACTION_SCALE=1.0 LOH_SCORE_USE_COMPOUND=0 LOH_SCORE_USE_IRT=0 LOH_USE_SOFTMAX=0 LOH_USE_HEURISTIC_SIGNS=0 LOH_INCLUDE_HIT_MISS_FEATURES=0 LOH_INCLUDE_CACHE_FEATURES=0 LOH_INCLUDE_CANDIDATE_FEATURES=0 LOH_INCLUDE_TOPK_CANDIDATE_FEATURES=0 LOH_INCLUDE_AVGTOPK_CANDIDATE_FEATURES=0 LOH_INCLUDE_REQUEST=0 LOH_ENABLE_PENALTY=1 LOH_REWARD_USE_PENALTY=1 LOH_PENALTY_SCALE=survival LOH_PENALTY_REWARD_FORMULA=centered LOH_REWARD_W_PENALTY=0.2 LOH_PENALTY_CUTOFF=0 LOH_PENALTY_DMAX=400000 LOH_PENALTY_EMPTY_AS_GOOD=1 LOH_PENALTY_REFINE_ON_LATE=1 LOH_PENALTY_NO_EVICT_REWARD=keep LOH_PENALTY_BASELINE_DECAY=0.99 LOH_SURVIVAL_BINS=64 LOH_SURVIVAL_QUANTILE=0.99 LOH_SURVIVAL_MINCOUNT=1000 LOH_PENALTY_NET_GOOD_SCALE=1.0 LOH_PENALTY_NET_PENALTY_SCALE=1.0
52,1,0.370524,0.000000,0.352875,0.000000,0.010000,0.000000,LOH_PARALLEL_SAFE=1 LOH_SKIP_PIP_INSTALL=1 LOH_SKIP_BUILD=1 LOH_DEBUG_LEVEL=1 CACHESIM_VERBOSE=0 CACHESIM_NUM_REQ=3000000 LOH_RL_ALGO=SAC LOH_ACTION_SCALE=1.0 LOH_SCORE_USE_COMPOUND=0 LOH_SCORE_USE_IRT=0 LOH_USE_SOFTMAX=0 LOH_USE_HEURISTIC_SIGNS=0 LOH_INCLUDE_HIT_MISS_FEATURES=0 LOH_INCLUDE_CACHE_FEATURES=0 LOH_INCLUDE_CANDIDATE_FEATURES=0 LOH_INCLUDE_TOPK_CANDIDATE_FEATURES=0 LOH_INCLUDE_AVGTOPK_CANDIDATE_FEATURES=0 LOH_INCLUDE_REQUEST=0 LOH_ENABLE_PENALTY=1 LOH_REWARD_USE_PENALTY=1 LOH_PENALTY_SCALE=survival LOH_PENALTY_REWARD_FORMULA=centered LOH_REWARD_W_PENALTY=0.5 LOH_PENALTY_CUTOFF=0 LOH_PENALTY_DMAX=400000 LOH_PENALTY_EMPTY_AS_GOOD=1 LOH_PENALTY_REFINE_ON_LATE=1 LOH_PENALTY_NO_EVICT_REWARD=keep LOH_PENALTY_BASELINE_DECAY=0.99 LOH_SURVIVAL_BINS=64 LOH_SURVIVAL_QUANTILE=0.99 LOH_SURVIVAL_MINCOUNT=1000 LOH_PENALTY_NET_GOOD_SCALE=1.0 LOH_PENALTY_NET_PENALTY_SCALE=1.0
53,1,0.373731,0.000000,0.354104,0.000000,0.010000,0.000000,LOH_PARALLEL_SAFE=1 LOH_SKIP_PIP_INSTALL=1 LOH_SKIP_BUILD=1 LOH_DEBUG_LEVEL=1 CACHESIM_VERBOSE=0 CACHESIM_NUM_REQ=3000000 LOH_RL_ALGO=SAC LOH_ACTION_SCALE=1.0 LOH_SCORE_USE_COMPOUND=0 LOH_SCORE_USE_IRT=0 LOH_USE_SOFTMAX=0 LOH_USE_HEURISTIC_SIGNS=0 LOH_INCLUDE_HIT_MISS_FEATURES=0 LOH_INCLUDE_CACHE_FEATURES=0 LOH_INCLUDE_CANDIDATE_FEATURES=0 LOH_INCLUDE_TOPK_CANDIDATE_FEATURES=0 LOH_INCLUDE_AVGTOPK_CANDIDATE_FEATURES=0 LOH_INCLUDE_REQUEST=0 LOH_ENABLE_PENALTY=1 LOH_REWARD_USE_PENALTY=1 LOH_PENALTY_SCALE=survival LOH_PENALTY_REWARD_FORMULA=centered LOH_REWARD_W_PENALTY=1.0 LOH_PENALTY_CUTOFF=0 LOH_PENALTY_DMAX=400000 LOH_PENALTY_EMPTY_AS_GOOD=1 LOH_PENALTY_REFINE_ON_LATE=1 LOH_PENALTY_NO_EVICT_REWARD=keep LOH_PENALTY_BASELINE_DECAY=0.99 LOH_SURVIVAL_BINS=64 LOH_SURVIVAL_QUANTILE=0.99 LOH_SURVIVAL_MINCOUNT=1000 LOH_PENALTY_NET_GOOD_SCALE=1.0 LOH_PENALTY_NET_PENALTY_SCALE=1.0
54,1,0.367693,0.000000,0.351257,0.000000,0.010000,0.000000,LOH_PARALLEL_SAFE=1 LOH_SKIP_PIP_INSTALL=1 LOH_SKIP_BUILD=1 LOH_DEBUG_LEVEL=1 CACHESIM_VERBOSE=0 CACHESIM_NUM_REQ=3000000 LOH_RL_ALGO=SAC LOH_ACTION_SCALE=1.0 LOH_SCORE_USE_COMPOUND=0 LOH_SCORE_USE_IRT=0 LOH_USE_SOFTMAX=0 LOH_USE_HEURISTIC_SIGNS=0 LOH_INCLUDE_HIT_MISS_FEATURES=0 LOH_INCLUDE_CACHE_FEATURES=0 LOH_INCLUDE_CANDIDATE_FEATURES=0 LOH_INCLUDE_TOPK_CANDIDATE_FEATURES=0 LOH_INCLUDE_AVGTOPK_CANDIDATE_FEATURES=0 LOH_INCLUDE_REQUEST=0 LOH_ENABLE_PENALTY=1 LOH_REWARD_USE_PENALTY=1 LOH_PENALTY_SCALE=survival LOH_PENALTY_REWARD_FORMULA=one_minus LOH_REWARD_W_PENALTY=0.1 LOH_PENALTY_CUTOFF=0 LOH_PENALTY_DMAX=400000 LOH_PENALTY_EMPTY_AS_GOOD=1 LOH_PENALTY_REFINE_ON_LATE=1 LOH_PENALTY_NO_EVICT_REWARD=keep LOH_PENALTY_BASELINE_DECAY=0.99 LOH_SURVIVAL_BINS=64 LOH_SURVIVAL_QUANTILE=0.99 LOH_SURVIVAL_MINCOUNT=1000 LOH_PENALTY_NET_GOOD_SCALE=1.0 LOH_PENALTY_NET_PENALTY_SCALE=1.0
55,1,0.368468,0.000000,0.351352,0.000000,0.010000,0.000000,LOH_PARALLEL_SAFE=1 LOH_SKIP_PIP_INSTALL=1 LOH_SKIP_BUILD=1 LOH_DEBUG_LEVEL=1 CACHESIM_VERBOSE=0 CACHESIM_NUM_REQ=3000000 LOH_RL_ALGO=SAC LOH_ACTION_SCALE=1.0 LOH_SCORE_USE_COMPOUND=0 LOH_SCORE_USE_IRT=0 LOH_USE_SOFTMAX=0 LOH_USE_HEURISTIC_SIGNS=0 LOH_INCLUDE_HIT_MISS_FEATURES=0 LOH_INCLUDE_CACHE_FEATURES=0 LOH_INCLUDE_CANDIDATE_FEATURES=0 LOH_INCLUDE_TOPK_CANDIDATE_FEATURES=0 LOH_INCLUDE_AVGTOPK_CANDIDATE_FEATURES=0 LOH_INCLUDE_REQUEST=0 LOH_ENABLE_PENALTY=1 LOH_REWARD_USE_PENALTY=1 LOH_PENALTY_SCALE=survival LOH_PENALTY_REWARD_FORMULA=one_minus LOH_REWARD_W_PENALTY=0.2 LOH_PENALTY_CUTOFF=0 LOH_PENALTY_DMAX=400000 LOH_PENALTY_EMPTY_AS_GOOD=1 LOH_PENALTY_REFINE_ON_LATE=1 LOH_PENALTY_NO_EVICT_REWARD=keep LOH_PENALTY_BASELINE_DECAY=0.99 LOH_SURVIVAL_BINS=64 LOH_SURVIVAL_QUANTILE=0.99 LOH_SURVIVAL_MINCOUNT=1000 LOH_PENALTY_NET_GOOD_SCALE=1.0 LOH_PENALTY_NET_PENALTY_SCALE=1.0
56,1,0.371086,0.000000,0.351584,0.000000,0.010000,0.000000,LOH_PARALLEL_SAFE=1 LOH_SKIP_PIP_INSTALL=1 LOH_SKIP_BUILD=1 LOH_DEBUG_LEVEL=1 CACHESIM_VERBOSE=0 CACHESIM_NUM_REQ=3000000 LOH_RL_ALGO=SAC LOH_ACTION_SCALE=1.0 LOH_SCORE_USE_COMPOUND=0 LOH_SCORE_USE_IRT=0 LOH_USE_SOFTMAX=0 LOH_USE_HEURISTIC_SIGNS=0 LOH_INCLUDE_HIT_MISS_FEATURES=0 LOH_INCLUDE_CACHE_FEATURES=0 LOH_INCLUDE_CANDIDATE_FEATURES=0 LOH_INCLUDE_TOPK_CANDIDATE_FEATURES=0 LOH_INCLUDE_AVGTOPK_CANDIDATE_FEATURES=0 LOH_INCLUDE_REQUEST=0 LOH_ENABLE_PENALTY=1 LOH_REWARD_USE_PENALTY=1 LOH_PENALTY_SCALE=survival LOH_PENALTY_REWARD_FORMULA=one_minus LOH_REWARD_W_PENALTY=0.5 LOH_PENALTY_CUTOFF=0 LOH_PENALTY_DMAX=400000 LOH_PENALTY_EMPTY_AS_GOOD=1 LOH_PENALTY_REFINE_ON_LATE=1 LOH_PENALTY_NO_EVICT_REWARD=keep LOH_PENALTY_BASELINE_DECAY=0.99 LOH_SURVIVAL_BINS=64 LOH_SURVIVAL_QUANTILE=0.99 LOH_SURVIVAL_MINCOUNT=1000 LOH_PENALTY_NET_GOOD_SCALE=1.0 LOH_PENALTY_NET_PENALTY_SCALE=1.0
57,1,0.370962,0.000000,0.351276,0.000000,0.010000,0.000000,LOH_PARALLEL_SAFE=1 LOH_SKIP_PIP_INSTALL=1 LOH_SKIP_BUILD=1 LOH_DEBUG_LEVEL=1 CACHESIM_VERBOSE=0 CACHESIM_NUM_REQ=3000000 LOH_RL_ALGO=SAC LOH_ACTION_SCALE=1.0 LOH_SCORE_USE_COMPOUND=0 LOH_SCORE_USE_IRT=0 LOH_USE_SOFTMAX=0 LOH_USE_HEURISTIC_SIGNS=0 LOH_INCLUDE_HIT_MISS_FEATURES=0 LOH_INCLUDE_CACHE_FEATURES=0 LOH_INCLUDE_CANDIDATE_FEATURES=0 LOH_INCLUDE_TOPK_CANDIDATE_FEATURES=0 LOH_INCLUDE_AVGTOPK_CANDIDATE_FEATURES=0 LOH_INCLUDE_REQUEST=0 LOH_ENABLE_PENALTY=1 LOH_REWARD_USE_PENALTY=1 LOH_PENALTY_SCALE=survival LOH_PENALTY_REWARD_FORMULA=one_minus LOH_REWARD_W_PENALTY=1.0 LOH_PENALTY_CUTOFF=0 LOH_PENALTY_DMAX=400000 LOH_PENALTY_EMPTY_AS_GOOD=1 LOH_PENALTY_REFINE_ON_LATE=1 LOH_PENALTY_NO_EVICT_REWARD=keep LOH_PENALTY_BASELINE_DECAY=0.99 LOH_SURVIVAL_BINS=64 LOH_SURVIVAL_QUANTILE=0.99 LOH_SURVIVAL_MINCOUNT=1000 LOH_PENALTY_NET_GOOD_SCALE=1.0 LOH_PENALTY_NET_PENALTY_SCALE=1.0
58,1,0.368888,0.000000,0.352021,0.000000,0.010000,0.000000,LOH_PARALLEL_SAFE=1 LOH_SKIP_PIP_INSTALL=1 LOH_SKIP_BUILD=1 LOH_DEBUG_LEVEL=1 CACHESIM_VERBOSE=0 CACHESIM_NUM_REQ=3000000 LOH_RL_ALGO=SAC LOH_ACTION_SCALE=1.0 LOH_SCORE_USE_COMPOUND=0 LOH_SCORE_USE_IRT=0 LOH_USE_SOFTMAX=0 LOH_USE_HEURISTIC_SIGNS=0 LOH_INCLUDE_HIT_MISS_FEATURES=0 LOH_INCLUDE_CACHE_FEATURES=0 LOH_INCLUDE_CANDIDATE_FEATURES=0 LOH_INCLUDE_TOPK_CANDIDATE_FEATURES=0 LOH_INCLUDE_AVGTOPK_CANDIDATE_FEATURES=0 LOH_INCLUDE_REQUEST=0 LOH_ENABLE_PENALTY=1 LOH_REWARD_USE_PENALTY=1 LOH_PENALTY_SCALE=survival LOH_PENALTY_REWARD_FORMULA=neg LOH_REWARD_W_PENALTY=0.1 LOH_PENALTY_CUTOFF=0 LOH_PENALTY_DMAX=400000 LOH_PENALTY_EMPTY_AS_GOOD=1 LOH_PENALTY_REFINE_ON_LATE=1 LOH_PENALTY_NO_EVICT_REWARD=keep LOH_PENALTY_BASELINE_DECAY=0.99 LOH_SURVIVAL_BINS=64 LOH_SURVIVAL_QUANTILE=0.99 LOH_SURVIVAL_MINCOUNT=1000 LOH_PENALTY_NET_GOOD_SCALE=1.0 LOH_PENALTY_NET_PENALTY_SCALE=1.0
59,1,0.368258,0.000000,0.350301,0.000000,0.010000,0.000000,LOH_PARALLEL_SAFE=1 LOH_SKIP_PIP_INSTALL=1 LOH_SKIP_BUILD=1 LOH_DEBUG_LEVEL=1 CACHESIM_VERBOSE=0 CACHESIM_NUM_REQ=3000000 LOH_RL_ALGO=SAC LOH_ACTION_SCALE=1.0 LOH_SCORE_USE_COMPOUND=0 LOH_SCORE_USE_IRT=0 LOH_USE_SOFTMAX=0 LOH_USE_HEURISTIC_SIGNS=0 LOH_INCLUDE_HIT_MISS_FEATURES=0 LOH_INCLUDE_CACHE_FEATURES=0 LOH_INCLUDE_CANDIDATE_FEATURES=0 LOH_INCLUDE_TOPK_CANDIDATE_FEATURES=0 LOH_INCLUDE_AVGTOPK_CANDIDATE_FEATURES=0 LOH_INCLUDE_REQUEST=0 LOH_ENABLE_PENALTY=1 LOH_REWARD_USE_PENALTY=1 LOH_PENALTY_SCALE=survival LOH_PENALTY_REWARD_FORMULA=neg LOH_REWARD_W_PENALTY=0.2 LOH_PENALTY_CUTOFF=0 LOH_PENALTY_DMAX=400000 LOH_PENALTY_EMPTY_AS_GOOD=1 LOH_PENALTY_REFINE_ON_LATE=1 LOH_PENALTY_NO_EVICT_REWARD=keep LOH_PENALTY_BASELINE_DECAY=0.99 LOH_SURVIVAL_BINS=64 LOH_SURVIVAL_QUANTILE=0.99 LOH_SURVIVAL_MINCOUNT=1000 LOH_PENALTY_NET_GOOD_SCALE=1.0 LOH_PENALTY_NET_PENALTY_SCALE=1.0
60,1,0.368884,0.000000,0.351883,0.000000,0.010000,0.000000,LOH_PARALLEL_SAFE=1 LOH_SKIP_PIP_INSTALL=1 LOH_SKIP_BUILD=1 LOH_DEBUG_LEVEL=1 CACHESIM_VERBOSE=0 CACHESIM_NUM_REQ=3000000 LOH_RL_ALGO=SAC LOH_ACTION_SCALE=1.0 LOH_SCORE_USE_COMPOUND=0 LOH_SCORE_USE_IRT=0 LOH_USE_SOFTMAX=0 LOH_USE_HEURISTIC_SIGNS=0 LOH_INCLUDE_HIT_MISS_FEATURES=0 LOH_INCLUDE_CACHE_FEATURES=0 LOH_INCLUDE_CANDIDATE_FEATURES=0 LOH_INCLUDE_TOPK_CANDIDATE_FEATURES=0 LOH_INCLUDE_AVGTOPK_CANDIDATE_FEATURES=0 LOH_INCLUDE_REQUEST=0 LOH_ENABLE_PENALTY=1 LOH_REWARD_USE_PENALTY=1 LOH_PENALTY_SCALE=survival LOH_PENALTY_REWARD_FORMULA=neg LOH_REWARD_W_PENALTY=0.5 LOH_PENALTY_CUTOFF=0 LOH_PENALTY_DMAX=400000 LOH_PENALTY_EMPTY_AS_GOOD=1 LOH_PENALTY_REFINE_ON_LATE=1 LOH_PENALTY_NO_EVICT_REWARD=keep LOH_PENALTY_BASELINE_DECAY=0.99 LOH_SURVIVAL_BINS=64 LOH_SURVIVAL_QUANTILE=0.99 LOH_SURVIVAL_MINCOUNT=1000 LOH_PENALTY_NET_GOOD_SCALE=1.0 LOH_PENALTY_NET_PENALTY_SCALE=1.0
61,1,0.369475,0.000000,0.351830,0.000000,0.010000,0.000000,LOH_PARALLEL_SAFE=1 LOH_SKIP_PIP_INSTALL=1 LOH_SKIP_BUILD=1 LOH_DEBUG_LEVEL=1 CACHESIM_VERBOSE=0 CACHESIM_NUM_REQ=3000000 LOH_RL_ALGO=SAC LOH_ACTION_SCALE=1.0 LOH_SCORE_USE_COMPOUND=0 LOH_SCORE_USE_IRT=0 LOH_USE_SOFTMAX=0 LOH_USE_HEURISTIC_SIGNS=0 LOH_INCLUDE_HIT_MISS_FEATURES=0 LOH_INCLUDE_CACHE_FEATURES=0 LOH_INCLUDE_CANDIDATE_FEATURES=0 LOH_INCLUDE_TOPK_CANDIDATE_FEATURES=0 LOH_INCLUDE_AVGTOPK_CANDIDATE_FEATURES=0 LOH_INCLUDE_REQUEST=0 LOH_ENABLE_PENALTY=1 LOH_REWARD_USE_PENALTY=1 LOH_PENALTY_SCALE=survival LOH_PENALTY_REWARD_FORMULA=neg LOH_REWARD_W_PENALTY=1.0 LOH_PENALTY_CUTOFF=0 LOH_PENALTY_DMAX=400000 LOH_PENALTY_EMPTY_AS_GOOD=1 LOH_PENALTY_REFINE_ON_LATE=1 LOH_PENALTY_NO_EVICT_REWARD=keep LOH_PENALTY_BASELINE_DECAY=0.99 LOH_SURVIVAL_BINS=64 LOH_SURVIVAL_QUANTILE=0.99 LOH_SURVIVAL_MINCOUNT=1000 LOH_PENALTY_NET_GOOD_SCALE=1.0 LOH_PENALTY_NET_PENALTY_SCALE=1.0
62,1,0.369463,0.000000,0.352600,0.000000,0.010000,0.000000,LOH_PARALLEL_SAFE=1 LOH_SKIP_PIP_INSTALL=1 LOH_SKIP_BUILD=1 LOH_DEBUG_LEVEL=1 CACHESIM_VERBOSE=0 CACHESIM_NUM_REQ=3000000 LOH_RL_ALGO=SAC LOH_ACTION_SCALE=1.0 LOH_SCORE_USE_COMPOUND=0 LOH_SCORE_USE_IRT=0 LOH_USE_SOFTMAX=0 LOH_USE_HEURISTIC_SIGNS=0 LOH_INCLUDE_HIT_MISS_FEATURES=0 LOH_INCLUDE_CACHE_FEATURES=0 LOH_INCLUDE_CANDIDATE_FEATURES=0 LOH_INCLUDE_TOPK_CANDIDATE_FEATURES=0 LOH_INCLUDE_AVGTOPK_CANDIDATE_FEATURES=0 LOH_INCLUDE_REQUEST=0 LOH_ENABLE_PENALTY=1 LOH_REWARD_USE_PENALTY=1 LOH_PENALTY_SCALE=survival LOH_PENALTY_REWARD_FORMULA=net LOH_REWARD_W_PENALTY=1.0 LOH_PENALTY_CUTOFF=0 LOH_PENALTY_DMAX=400000 LOH_PENALTY_EMPTY_AS_GOOD=1 LOH_PENALTY_REFINE_ON_LATE=1 LOH_PENALTY_NO_EVICT_REWARD=keep LOH_PENALTY_BASELINE_DECAY=0.99 LOH_SURVIVAL_BINS=64 LOH_SURVIVAL_QUANTILE=0.99 LOH_SURVIVAL_MINCOUNT=1000 LOH_PENALTY_NET_GOOD_SCALE=1.0 LOH_PENALTY_NET_PENALTY_SCALE=1.0
63,1,0.372362,0.000000,0.351056,0.000000,0.010000,0.000000,LOH_PARALLEL_SAFE=1 LOH_SKIP_PIP_INSTALL=1 LOH_SKIP_BUILD=1 LOH_DEBUG_LEVEL=1 CACHESIM_VERBOSE=0 CACHESIM_NUM_REQ=3000000 LOH_RL_ALGO=SAC LOH_ACTION_SCALE=1.0 LOH_SCORE_USE_COMPOUND=0 LOH_SCORE_USE_IRT=0 LOH_USE_SOFTMAX=0 LOH_USE_HEURISTIC_SIGNS=0 LOH_INCLUDE_HIT_MISS_FEATURES=0 LOH_INCLUDE_CACHE_FEATURES=0 LOH_INCLUDE_CANDIDATE_FEATURES=0 LOH_INCLUDE_TOPK_CANDIDATE_FEATURES=0 LOH_INCLUDE_AVGTOPK_CANDIDATE_FEATURES=0 LOH_INCLUDE_REQUEST=0 LOH_ENABLE_PENALTY=1 LOH_REWARD_USE_PENALTY=1 LOH_PENALTY_SCALE=survival LOH_PENALTY_REWARD_FORMULA=net LOH_REWARD_W_PENALTY=2.0 LOH_PENALTY_CUTOFF=0 LOH_PENALTY_DMAX=400000 LOH_PENALTY_EMPTY_AS_GOOD=1 LOH_PENALTY_REFINE_ON_LATE=1 LOH_PENALTY_NO_EVICT_REWARD=keep LOH_PENALTY_BASELINE_DECAY=0.99 LOH_SURVIVAL_BINS=64 LOH_SURVIVAL_QUANTILE=0.99 LOH_SURVIVAL_MINCOUNT=1000 LOH_PENALTY_NET_GOOD_SCALE=1.0 LOH_PENALTY_NET_PENALTY_SCALE=1.0
64,1,0.368890,0.000000,0.350397,0.000000,0.010000,0.000000,LOH_PARALLEL_SAFE=1 LOH_SKIP_PIP_INSTALL=1 LOH_SKIP_BUILD=1 LOH_DEBUG_LEVEL=1 CACHESIM_VERBOSE=0 CACHESIM_NUM_REQ=3000000 LOH_RL_ALGO=SAC LOH_ACTION_SCALE=1.0 LOH_SCORE_USE_COMPOUND=0 LOH_SCORE_USE_IRT=0 LOH_USE_SOFTMAX=0 LOH_USE_HEURISTIC_SIGNS=0 LOH_INCLUDE_HIT_MISS_FEATURES=0 LOH_INCLUDE_CACHE_FEATURES=0 LOH_INCLUDE_CANDIDATE_FEATURES=0 LOH_INCLUDE_TOPK_CANDIDATE_FEATURES=0 LOH_INCLUDE_AVGTOPK_CANDIDATE_FEATURES=0 LOH_INCLUDE_REQUEST=0 LOH_ENABLE_PENALTY=1 LOH_REWARD_USE_PENALTY=1 LOH_PENALTY_SCALE=survival LOH_PENALTY_REWARD_FORMULA=net LOH_REWARD_W_PENALTY=3.0 LOH_PENALTY_CUTOFF=0 LOH_PENALTY_DMAX=400000 LOH_PENALTY_EMPTY_AS_GOOD=1 LOH_PENALTY_REFINE_ON_LATE=1 LOH_PENALTY_NO_EVICT_REWARD=keep LOH_PENALTY_BASELINE_DECAY=0.99 LOH_SURVIVAL_BINS=64 LOH_SURVIVAL_QUANTILE=0.99 LOH_SURVIVAL_MINCOUNT=1000 LOH_PENALTY_NET_GOOD_SCALE=1.0 LOH_PENALTY_NET_PENALTY_SCALE=1.0
65,1,0.365505,0.000000,0.346049,0.000000,0.010000,0.000000,LOH_PARALLEL_SAFE=1 LOH_SKIP_PIP_INSTALL=1 LOH_SKIP_BUILD=1 LOH_DEBUG_LEVEL=1 CACHESIM_VERBOSE=0 CACHESIM_NUM_REQ=3000000 LOH_RL_ALGO=SAC LOH_ACTION_SCALE=1.0 LOH_SCORE_USE_COMPOUND=0 LOH_SCORE_USE_IRT=0 LOH_USE_SOFTMAX=0 LOH_USE_HEURISTIC_SIGNS=0 LOH_INCLUDE_HIT_MISS_FEATURES=0 LOH_INCLUDE_CACHE_FEATURES=0 LOH_INCLUDE_CANDIDATE_FEATURES=0 LOH_INCLUDE_TOPK_CANDIDATE_FEATURES=0 LOH_INCLUDE_AVGTOPK_CANDIDATE_FEATURES=0 LOH_INCLUDE_REQUEST=0 LOH_ENABLE_PENALTY=1 LOH_REWARD_USE_PENALTY=1 LOH_PENALTY_SCALE=survival LOH_PENALTY_REWARD_FORMULA=net2 LOH_REWARD_W_PENALTY=1.0 LOH_PENALTY_CUTOFF=0 LOH_PENALTY_DMAX=400000 LOH_PENALTY_EMPTY_AS_GOOD=1 LOH_PENALTY_REFINE_ON_LATE=1 LOH_PENALTY_NO_EVICT_REWARD=keep LOH_PENALTY_BASELINE_DECAY=0.99 LOH_SURVIVAL_BINS=64 LOH_SURVIVAL_QUANTILE=0.99 LOH_SURVIVAL_MINCOUNT=1000 LOH_PENALTY_NET_GOOD_SCALE=1.0 LOH_PENALTY_NET_PENALTY_SCALE=1.0
66,1,0.367119,0.000000,0.348745,0.000000,0.010000,0.000000,LOH_PARALLEL_SAFE=1 LOH_SKIP_PIP_INSTALL=1 LOH_SKIP_BUILD=1 LOH_DEBUG_LEVEL=1 CACHESIM_VERBOSE=0 CACHESIM_NUM_REQ=3000000 LOH_RL_ALGO=SAC LOH_ACTION_SCALE=1.0 LOH_SCORE_USE_COMPOUND=0 LOH_SCORE_USE_IRT=0 LOH_USE_SOFTMAX=0 LOH_USE_HEURISTIC_SIGNS=0 LOH_INCLUDE_HIT_MISS_FEATURES=0 LOH_INCLUDE_CACHE_FEATURES=0 LOH_INCLUDE_CANDIDATE_FEATURES=0 LOH_INCLUDE_TOPK_CANDIDATE_FEATURES=0 LOH_INCLUDE_AVGTOPK_CANDIDATE_FEATURES=0 LOH_INCLUDE_REQUEST=0 LOH_ENABLE_PENALTY=1 LOH_REWARD_USE_PENALTY=1 LOH_PENALTY_SCALE=survival LOH_PENALTY_REWARD_FORMULA=net2 LOH_REWARD_W_PENALTY=2.0 LOH_PENALTY_CUTOFF=0 LOH_PENALTY_DMAX=400000 LOH_PENALTY_EMPTY_AS_GOOD=1 LOH_PENALTY_REFINE_ON_LATE=1 LOH_PENALTY_NO_EVICT_REWARD=keep LOH_PENALTY_BASELINE_DECAY=0.99 LOH_SURVIVAL_BINS=64 LOH_SURVIVAL_QUANTILE=0.99 LOH_SURVIVAL_MINCOUNT=1000 LOH_PENALTY_NET_GOOD_SCALE=1.0 LOH_PENALTY_NET_PENALTY_SCALE=1.0
67,1,0.367848,0.000000,0.349277,0.000000,0.010000,0.000000,LOH_PARALLEL_SAFE=1 LOH_SKIP_PIP_INSTALL=1 LOH_SKIP_BUILD=1 LOH_DEBUG_LEVEL=1 CACHESIM_VERBOSE=0 CACHESIM_NUM_REQ=3000000 LOH_RL_ALGO=SAC LOH_ACTION_SCALE=1.0 LOH_SCORE_USE_COMPOUND=0 LOH_SCORE_USE_IRT=0 LOH_USE_SOFTMAX=0 LOH_USE_HEURISTIC_SIGNS=0 LOH_INCLUDE_HIT_MISS_FEATURES=0 LOH_INCLUDE_CACHE_FEATURES=0 LOH_INCLUDE_CANDIDATE_FEATURES=0 LOH_INCLUDE_TOPK_CANDIDATE_FEATURES=0 LOH_INCLUDE_AVGTOPK_CANDIDATE_FEATURES=0 LOH_INCLUDE_REQUEST=0 LOH_ENABLE_PENALTY=1 LOH_REWARD_USE_PENALTY=1 LOH_PENALTY_SCALE=survival LOH_PENALTY_REWARD_FORMULA=net2 LOH_REWARD_W_PENALTY=3.0 LOH_PENALTY_CUTOFF=0 LOH_PENALTY_DMAX=400000 LOH_PENALTY_EMPTY_AS_GOOD=1 LOH_PENALTY_REFINE_ON_LATE=1 LOH_PENALTY_NO_EVICT_REWARD=keep LOH_PENALTY_BASELINE_DECAY=0.99 LOH_SURVIVAL_BINS=64 LOH_SURVIVAL_QUANTILE=0.99 LOH_SURVIVAL_MINCOUNT=1000 LOH_PENALTY_NET_GOOD_SCALE=1.0 LOH_PENALTY_NET_PENALTY_SCALE=1.0
68,1,0.369123,0.000000,0.350811,0.000000,0.010000,0.000000,LOH_PARALLEL_SAFE=1 LOH_SKIP_PIP_INSTALL=1 LOH_SKIP_BUILD=1 LOH_DEBUG_LEVEL=1 CACHESIM_VERBOSE=0 CACHESIM_NUM_REQ=3000000 LOH_RL_ALGO=SAC LOH_ACTION_SCALE=1.0 LOH_SCORE_USE_COMPOUND=0 LOH_SCORE_USE_IRT=0 LOH_USE_SOFTMAX=0 LOH_USE_HEURISTIC_SIGNS=0 LOH_INCLUDE_HIT_MISS_FEATURES=0 LOH_INCLUDE_CACHE_FEATURES=0 LOH_INCLUDE_CANDIDATE_FEATURES=0 LOH_INCLUDE_TOPK_CANDIDATE_FEATURES=0 LOH_INCLUDE_AVGTOPK_CANDIDATE_FEATURES=0 LOH_INCLUDE_REQUEST=0 LOH_ENABLE_PENALTY=1 LOH_REWARD_USE_PENALTY=1 LOH_PENALTY_SCALE=binary LOH_PENALTY_REWARD_FORMULA=relative LOH_REWARD_W_PENALTY=0.1 LOH_PENALTY_CUTOFF=0 LOH_PENALTY_DMAX=400000 LOH_PENALTY_EMPTY_AS_GOOD=1 LOH_PENALTY_REFINE_ON_LATE=1 LOH_PENALTY_NO_EVICT_REWARD=keep LOH_PENALTY_BASELINE_DECAY=0.99 LOH_SURVIVAL_BINS=64 LOH_SURVIVAL_QUANTILE=0.99 LOH_SURVIVAL_MINCOUNT=1000 LOH_PENALTY_NET_GOOD_SCALE=1.0 LOH_PENALTY_NET_PENALTY_SCALE=1.0
69,1,0.370877,0.000000,0.353842,0.000000,0.010000,0.000000,LOH_PARALLEL_SAFE=1 LOH_SKIP_PIP_INSTALL=1 LOH_SKIP_BUILD=1 LOH_DEBUG_LEVEL=1 CACHESIM_VERBOSE=0 CACHESIM_NUM_REQ=3000000 LOH_RL_ALGO=SAC LOH_ACTION_SCALE=1.0 LOH_SCORE_USE_COMPOUND=0 LOH_SCORE_USE_IRT=0 LOH_USE_SOFTMAX=0 LOH_USE_HEURISTIC_SIGNS=0 LOH_INCLUDE_HIT_MISS_FEATURES=0 LOH_INCLUDE_CACHE_FEATURES=0 LOH_INCLUDE_CANDIDATE_FEATURES=0 LOH_INCLUDE_TOPK_CANDIDATE_FEATURES=0 LOH_INCLUDE_AVGTOPK_CANDIDATE_FEATURES=0 LOH_INCLUDE_REQUEST=0 LOH_ENABLE_PENALTY=1 LOH_REWARD_USE_PENALTY=1 LOH_PENALTY_SCALE=binary LOH_PENALTY_REWARD_FORMULA=relative LOH_REWARD_W_PENALTY=0.2 LOH_PENALTY_CUTOFF=0 LOH_PENALTY_DMAX=400000 LOH_PENALTY_EMPTY_AS_GOOD=1 LOH_PENALTY_REFINE_ON_LATE=1 LOH_PENALTY_NO_EVICT_REWARD=keep LOH_PENALTY_BASELINE_DECAY=0.99 LOH_SURVIVAL_BINS=64 LOH_SURVIVAL_QUANTILE=0.99 LOH_SURVIVAL_MINCOUNT=1000 LOH_PENALTY_NET_GOOD_SCALE=1.0 LOH_PENALTY_NET_PENALTY_SCALE=1.0
70,1,0.368931,0.000000,0.349436,0.000000,0.010000,0.000000,LOH_PARALLEL_SAFE=1 LOH_SKIP_PIP_INSTALL=1 LOH_SKIP_BUILD=1 LOH_DEBUG_LEVEL=1 CACHESIM_VERBOSE=0 CACHESIM_NUM_REQ=3000000 LOH_RL_ALGO=SAC LOH_ACTION_SCALE=1.0 LOH_SCORE_USE_COMPOUND=0 LOH_SCORE_USE_IRT=0 LOH_USE_SOFTMAX=0 LOH_USE_HEURISTIC_SIGNS=0 LOH_INCLUDE_HIT_MISS_FEATURES=0 LOH_INCLUDE_CACHE_FEATURES=0 LOH_INCLUDE_CANDIDATE_FEATURES=0 LOH_INCLUDE_TOPK_CANDIDATE_FEATURES=0 LOH_INCLUDE_AVGTOPK_CANDIDATE_FEATURES=0 LOH_INCLUDE_REQUEST=0 LOH_ENABLE_PENALTY=1 LOH_REWARD_USE_PENALTY=1 LOH_PENALTY_SCALE=binary LOH_PENALTY_REWARD_FORMULA=relative LOH_REWARD_W_PENALTY=0.5 LOH_PENALTY_CUTOFF=0 LOH_PENALTY_DMAX=400000 LOH_PENALTY_EMPTY_AS_GOOD=1 LOH_PENALTY_REFINE_ON_LATE=1 LOH_PENALTY_NO_EVICT_REWARD=keep LOH_PENALTY_BASELINE_DECAY=0.99 LOH_SURVIVAL_BINS=64 LOH_SURVIVAL_QUANTILE=0.99 LOH_SURVIVAL_MINCOUNT=1000 LOH_PENALTY_NET_GOOD_SCALE=1.0 LOH_PENALTY_NET_PENALTY_SCALE=1.0
71,1,0.371646,0.000000,0.351121,0.000000,0.010000,0.000000,LOH_PARALLEL_SAFE=1 LOH_SKIP_PIP_INSTALL=1 LOH_SKIP_BUILD=1 LOH_DEBUG_LEVEL=1 CACHESIM_VERBOSE=0 CACHESIM_NUM_REQ=3000000 LOH_RL_ALGO=SAC LOH_ACTION_SCALE=1.0 LOH_SCORE_USE_COMPOUND=0 LOH_SCORE_USE_IRT=0 LOH_USE_SOFTMAX=0 LOH_USE_HEURISTIC_SIGNS=0 LOH_INCLUDE_HIT_MISS_FEATURES=0 LOH_INCLUDE_CACHE_FEATURES=0 LOH_INCLUDE_CANDIDATE_FEATURES=0 LOH_INCLUDE_TOPK_CANDIDATE_FEATURES=0 LOH_INCLUDE_AVGTOPK_CANDIDATE_FEATURES=0 LOH_INCLUDE_REQUEST=0 LOH_ENABLE_PENALTY=1 LOH_REWARD_USE_PENALTY=1 LOH_PENALTY_SCALE=binary LOH_PENALTY_REWARD_FORMULA=relative LOH_REWARD_W_PENALTY=1.0 LOH_PENALTY_CUTOFF=0 LOH_PENALTY_DMAX=400000 LOH_PENALTY_EMPTY_AS_GOOD=1 LOH_PENALTY_REFINE_ON_LATE=1 LOH_PENALTY_NO_EVICT_REWARD=keep LOH_PENALTY_BASELINE_DECAY=0.99 LOH_SURVIVAL_BINS=64 LOH_SURVIVAL_QUANTILE=0.99 LOH_SURVIVAL_MINCOUNT=1000 LOH_PENALTY_NET_GOOD_SCALE=1.0 LOH_PENALTY_NET_PENALTY_SCALE=1.0
72,1,0.369528,0.000000,0.351745,0.000000,0.010000,0.000000,LOH_PARALLEL_SAFE=1 LOH_SKIP_PIP_INSTALL=1 LOH_SKIP_BUILD=1 LOH_DEBUG_LEVEL=1 CACHESIM_VERBOSE=0 CACHESIM_NUM_REQ=3000000 LOH_RL_ALGO=SAC LOH_ACTION_SCALE=1.0 LOH_SCORE_USE_COMPOUND=0 LOH_SCORE_USE_IRT=0 LOH_USE_SOFTMAX=0 LOH_USE_HEURISTIC_SIGNS=0 LOH_INCLUDE_HIT_MISS_FEATURES=0 LOH_INCLUDE_CACHE_FEATURES=0 LOH_INCLUDE_CANDIDATE_FEATURES=0 LOH_INCLUDE_TOPK_CANDIDATE_FEATURES=0 LOH_INCLUDE_AVGTOPK_CANDIDATE_FEATURES=0 LOH_INCLUDE_REQUEST=0 LOH_ENABLE_PENALTY=1 LOH_REWARD_USE_PENALTY=1 LOH_PENALTY_SCALE=binary LOH_PENALTY_REWARD_FORMULA=centered LOH_REWARD_W_PENALTY=0.1 LOH_PENALTY_CUTOFF=0 LOH_PENALTY_DMAX=400000 LOH_PENALTY_EMPTY_AS_GOOD=1 LOH_PENALTY_REFINE_ON_LATE=1 LOH_PENALTY_NO_EVICT_REWARD=keep LOH_PENALTY_BASELINE_DECAY=0.99 LOH_SURVIVAL_BINS=64 LOH_SURVIVAL_QUANTILE=0.99 LOH_SURVIVAL_MINCOUNT=1000 LOH_PENALTY_NET_GOOD_SCALE=1.0 LOH_PENALTY_NET_PENALTY_SCALE=1.0
73,1,0.367763,0.000000,0.349924,0.000000,0.010000,0.000000,LOH_PARALLEL_SAFE=1 LOH_SKIP_PIP_INSTALL=1 LOH_SKIP_BUILD=1 LOH_DEBUG_LEVEL=1 CACHESIM_VERBOSE=0 CACHESIM_NUM_REQ=3000000 LOH_RL_ALGO=SAC LOH_ACTION_SCALE=1.0 LOH_SCORE_USE_COMPOUND=0 LOH_SCORE_USE_IRT=0 LOH_USE_SOFTMAX=0 LOH_USE_HEURISTIC_SIGNS=0 LOH_INCLUDE_HIT_MISS_FEATURES=0 LOH_INCLUDE_CACHE_FEATURES=0 LOH_INCLUDE_CANDIDATE_FEATURES=0 LOH_INCLUDE_TOPK_CANDIDATE_FEATURES=0 LOH_INCLUDE_AVGTOPK_CANDIDATE_FEATURES=0 LOH_INCLUDE_REQUEST=0 LOH_ENABLE_PENALTY=1 LOH_REWARD_USE_PENALTY=1 LOH_PENALTY_SCALE=binary LOH_PENALTY_REWARD_FORMULA=centered LOH_REWARD_W_PENALTY=0.2 LOH_PENALTY_CUTOFF=0 LOH_PENALTY_DMAX=400000 LOH_PENALTY_EMPTY_AS_GOOD=1 LOH_PENALTY_REFINE_ON_LATE=1 LOH_PENALTY_NO_EVICT_REWARD=keep LOH_PENALTY_BASELINE_DECAY=0.99 LOH_SURVIVAL_BINS=64 LOH_SURVIVAL_QUANTILE=0.99 LOH_SURVIVAL_MINCOUNT=1000 LOH_PENALTY_NET_GOOD_SCALE=1.0 LOH_PENALTY_NET_PENALTY_SCALE=1.0
74,1,0.371279,0.000000,0.352508,0.000000,0.010000,0.000000,LOH_PARALLEL_SAFE=1 LOH_SKIP_PIP_INSTALL=1 LOH_SKIP_BUILD=1 LOH_DEBUG_LEVEL=1 CACHESIM_VERBOSE=0 CACHESIM_NUM_REQ=3000000 LOH_RL_ALGO=SAC LOH_ACTION_SCALE=1.0 LOH_SCORE_USE_COMPOUND=0 LOH_SCORE_USE_IRT=0 LOH_USE_SOFTMAX=0 LOH_USE_HEURISTIC_SIGNS=0 LOH_INCLUDE_HIT_MISS_FEATURES=0 LOH_INCLUDE_CACHE_FEATURES=0 LOH_INCLUDE_CANDIDATE_FEATURES=0 LOH_INCLUDE_TOPK_CANDIDATE_FEATURES=0 LOH_INCLUDE_AVGTOPK_CANDIDATE_FEATURES=0 LOH_INCLUDE_REQUEST=0 LOH_ENABLE_PENALTY=1 LOH_REWARD_USE_PENALTY=1 LOH_PENALTY_SCALE=binary LOH_PENALTY_REWARD_FORMULA=centered LOH_REWARD_W_PENALTY=0.5 LOH_PENALTY_CUTOFF=0 LOH_PENALTY_DMAX=400000 LOH_PENALTY_EMPTY_AS_GOOD=1 LOH_PENALTY_REFINE_ON_LATE=1 LOH_PENALTY_NO_EVICT_REWARD=keep LOH_PENALTY_BASELINE_DECAY=0.99 LOH_SURVIVAL_BINS=64 LOH_SURVIVAL_QUANTILE=0.99 LOH_SURVIVAL_MINCOUNT=1000 LOH_PENALTY_NET_GOOD_SCALE=1.0 LOH_PENALTY_NET_PENALTY_SCALE=1.0
75,1,0.374129,0.000000,0.353396,0.000000,0.010000,0.000000,LOH_PARALLEL_SAFE=1 LOH_SKIP_PIP_INSTALL=1 LOH_SKIP_BUILD=1 LOH_DEBUG_LEVEL=1 CACHESIM_VERBOSE=0 CACHESIM_NUM_REQ=3000000 LOH_RL_ALGO=SAC LOH_ACTION_SCALE=1.0 LOH_SCORE_USE_COMPOUND=0 LOH_SCORE_USE_IRT=0 LOH_USE_SOFTMAX=0 LOH_USE_HEURISTIC_SIGNS=0 LOH_INCLUDE_HIT_MISS_FEATURES=0 LOH_INCLUDE_CACHE_FEATURES=0 LOH_INCLUDE_CANDIDATE_FEATURES=0 LOH_INCLUDE_TOPK_CANDIDATE_FEATURES=0 LOH_INCLUDE_AVGTOPK_CANDIDATE_FEATURES=0 LOH_INCLUDE_REQUEST=0 LOH_ENABLE_PENALTY=1 LOH_REWARD_USE_PENALTY=1 LOH_PENALTY_SCALE=binary LOH_PENALTY_REWARD_FORMULA=centered LOH_REWARD_W_PENALTY=1.0 LOH_PENALTY_CUTOFF=0 LOH_PENALTY_DMAX=400000 LOH_PENALTY_EMPTY_AS_GOOD=1 LOH_PENALTY_REFINE_ON_LATE=1 LOH_PENALTY_NO_EVICT_REWARD=keep LOH_PENALTY_BASELINE_DECAY=0.99 LOH_SURVIVAL_BINS=64 LOH_SURVIVAL_QUANTILE=0.99 LOH_SURVIVAL_MINCOUNT=1000 LOH_PENALTY_NET_GOOD_SCALE=1.0 LOH_PENALTY_NET_PENALTY_SCALE=1.0
76,1,0.370737,0.000000,0.354081,0.000000,0.010000,0.000000,LOH_PARALLEL_SAFE=1 LOH_SKIP_PIP_INSTALL=1 LOH_SKIP_BUILD=1 LOH_DEBUG_LEVEL=1 CACHESIM_VERBOSE=0 CACHESIM_NUM_REQ=3000000 LOH_RL_ALGO=SAC LOH_ACTION_SCALE=1.0 LOH_SCORE_USE_COMPOUND=0 LOH_SCORE_USE_IRT=0 LOH_USE_SOFTMAX=0 LOH_USE_HEURISTIC_SIGNS=0 LOH_INCLUDE_HIT_MISS_FEATURES=0 LOH_INCLUDE_CACHE_FEATURES=0 LOH_INCLUDE_CANDIDATE_FEATURES=0 LOH_INCLUDE_TOPK_CANDIDATE_FEATURES=0 LOH_INCLUDE_AVGTOPK_CANDIDATE_FEATURES=0 LOH_INCLUDE_REQUEST=0 LOH_ENABLE_PENALTY=1 LOH_REWARD_USE_PENALTY=1 LOH_PENALTY_SCALE=binary LOH_PENALTY_REWARD_FORMULA=one_minus LOH_REWARD_W_PENALTY=0.1 LOH_PENALTY_CUTOFF=0 LOH_PENALTY_DMAX=400000 LOH_PENALTY_EMPTY_AS_GOOD=1 LOH_PENALTY_REFINE_ON_LATE=1 LOH_PENALTY_NO_EVICT_REWARD=keep LOH_PENALTY_BASELINE_DECAY=0.99 LOH_SURVIVAL_BINS=64 LOH_SURVIVAL_QUANTILE=0.99 LOH_SURVIVAL_MINCOUNT=1000 LOH_PENALTY_NET_GOOD_SCALE=1.0 LOH_PENALTY_NET_PENALTY_SCALE=1.0
77,1,0.371225,0.000000,0.352044,0.000000,0.010000,0.000000,LOH_PARALLEL_SAFE=1 LOH_SKIP_PIP_INSTALL=1 LOH_SKIP_BUILD=1 LOH_DEBUG_LEVEL=1 CACHESIM_VERBOSE=0 CACHESIM_NUM_REQ=3000000 LOH_RL_ALGO=SAC LOH_ACTION_SCALE=1.0 LOH_SCORE_USE_COMPOUND=0 LOH_SCORE_USE_IRT=0 LOH_USE_SOFTMAX=0 LOH_USE_HEURISTIC_SIGNS=0 LOH_INCLUDE_HIT_MISS_FEATURES=0 LOH_INCLUDE_CACHE_FEATURES=0 LOH_INCLUDE_CANDIDATE_FEATURES=0 LOH_INCLUDE_TOPK_CANDIDATE_FEATURES=0 LOH_INCLUDE_AVGTOPK_CANDIDATE_FEATURES=0 LOH_INCLUDE_REQUEST=0 LOH_ENABLE_PENALTY=1 LOH_REWARD_USE_PENALTY=1 LOH_PENALTY_SCALE=binary LOH_PENALTY_REWARD_FORMULA=one_minus LOH_REWARD_W_PENALTY=0.2 LOH_PENALTY_CUTOFF=0 LOH_PENALTY_DMAX=400000 LOH_PENALTY_EMPTY_AS_GOOD=1 LOH_PENALTY_REFINE_ON_LATE=1 LOH_PENALTY_NO_EVICT_REWARD=keep LOH_PENALTY_BASELINE_DECAY=0.99 LOH_SURVIVAL_BINS=64 LOH_SURVIVAL_QUANTILE=0.99 LOH_SURVIVAL_MINCOUNT=1000 LOH_PENALTY_NET_GOOD_SCALE=1.0 LOH_PENALTY_NET_PENALTY_SCALE=1.0
78,1,0.371306,0.000000,0.351133,0.000000,0.010000,0.000000,LOH_PARALLEL_SAFE=1 LOH_SKIP_PIP_INSTALL=1 LOH_SKIP_BUILD=1 LOH_DEBUG_LEVEL=1 CACHESIM_VERBOSE=0 CACHESIM_NUM_REQ=3000000 LOH_RL_ALGO=SAC LOH_ACTION_SCALE=1.0 LOH_SCORE_USE_COMPOUND=0 LOH_SCORE_USE_IRT=0 LOH_USE_SOFTMAX=0 LOH_USE_HEURISTIC_SIGNS=0 LOH_INCLUDE_HIT_MISS_FEATURES=0 LOH_INCLUDE_CACHE_FEATURES=0 LOH_INCLUDE_CANDIDATE_FEATURES=0 LOH_INCLUDE_TOPK_CANDIDATE_FEATURES=0 LOH_INCLUDE_AVGTOPK_CANDIDATE_FEATURES=0 LOH_INCLUDE_REQUEST=0 LOH_ENABLE_PENALTY=1 LOH_REWARD_USE_PENALTY=1 LOH_PENALTY_SCALE=binary LOH_PENALTY_REWARD_FORMULA=one_minus LOH_REWARD_W_PENALTY=0.5 LOH_PENALTY_CUTOFF=0 LOH_PENALTY_DMAX=400000 LOH_PENALTY_EMPTY_AS_GOOD=1 LOH_PENALTY_REFINE_ON_LATE=1 LOH_PENALTY_NO_EVICT_REWARD=keep LOH_PENALTY_BASELINE_DECAY=0.99 LOH_SURVIVAL_BINS=64 LOH_SURVIVAL_QUANTILE=0.99 LOH_SURVIVAL_MINCOUNT=1000 LOH_PENALTY_NET_GOOD_SCALE=1.0 LOH_PENALTY_NET_PENALTY_SCALE=1.0
79,1,0.371602,0.000000,0.351482,0.000000,0.010000,0.000000,LOH_PARALLEL_SAFE=1 LOH_SKIP_PIP_INSTALL=1 LOH_SKIP_BUILD=1 LOH_DEBUG_LEVEL=1 CACHESIM_VERBOSE=0 CACHESIM_NUM_REQ=3000000 LOH_RL_ALGO=SAC LOH_ACTION_SCALE=1.0 LOH_SCORE_USE_COMPOUND=0 LOH_SCORE_USE_IRT=0 LOH_USE_SOFTMAX=0 LOH_USE_HEURISTIC_SIGNS=0 LOH_INCLUDE_HIT_MISS_FEATURES=0 LOH_INCLUDE_CACHE_FEATURES=0 LOH_INCLUDE_CANDIDATE_FEATURES=0 LOH_INCLUDE_TOPK_CANDIDATE_FEATURES=0 LOH_INCLUDE_AVGTOPK_CANDIDATE_FEATURES=0 LOH_INCLUDE_REQUEST=0 LOH_ENABLE_PENALTY=1 LOH_REWARD_USE_PENALTY=1 LOH_PENALTY_SCALE=binary LOH_PENALTY_REWARD_FORMULA=one_minus LOH_REWARD_W_PENALTY=1.0 LOH_PENALTY_CUTOFF=0 LOH_PENALTY_DMAX=400000 LOH_PENALTY_EMPTY_AS_GOOD=1 LOH_PENALTY_REFINE_ON_LATE=1 LOH_PENALTY_NO_EVICT_REWARD=keep LOH_PENALTY_BASELINE_DECAY=0.99 LOH_SURVIVAL_BINS=64 LOH_SURVIVAL_QUANTILE=0.99 LOH_SURVIVAL_MINCOUNT=1000 LOH_PENALTY_NET_GOOD_SCALE=1.0 LOH_PENALTY_NET_PENALTY_SCALE=1.0
80,1,0.365452,0.000000,0.347724,0.000000,0.010000,0.000000,LOH_PARALLEL_SAFE=1 LOH_SKIP_PIP_INSTALL=1 LOH_SKIP_BUILD=1 LOH_DEBUG_LEVEL=1 CACHESIM_VERBOSE=0 CACHESIM_NUM_REQ=3000000 LOH_RL_ALGO=SAC LOH_ACTION_SCALE=1.0 LOH_SCORE_USE_COMPOUND=0 LOH_SCORE_USE_IRT=0 LOH_USE_SOFTMAX=0 LOH_USE_HEURISTIC_SIGNS=0 LOH_INCLUDE_HIT_MISS_FEATURES=0 LOH_INCLUDE_CACHE_FEATURES=0 LOH_INCLUDE_CANDIDATE_FEATURES=0 LOH_INCLUDE_TOPK_CANDIDATE_FEATURES=0 LOH_INCLUDE_AVGTOPK_CANDIDATE_FEATURES=0 LOH_INCLUDE_REQUEST=0 LOH_ENABLE_PENALTY=1 LOH_REWARD_USE_PENALTY=1 LOH_PENALTY_SCALE=binary LOH_PENALTY_REWARD_FORMULA=neg LOH_REWARD_W_PENALTY=0.1 LOH_PENALTY_CUTOFF=0 LOH_PENALTY_DMAX=400000 LOH_PENALTY_EMPTY_AS_GOOD=1 LOH_PENALTY_REFINE_ON_LATE=1 LOH_PENALTY_NO_EVICT_REWARD=keep LOH_PENALTY_BASELINE_DECAY=0.99 LOH_SURVIVAL_BINS=64 LOH_SURVIVAL_QUANTILE=0.99 LOH_SURVIVAL_MINCOUNT=1000 LOH_PENALTY_NET_GOOD_SCALE=1.0 LOH_PENALTY_NET_PENALTY_SCALE=1.0
81,1,0.370272,0.000000,0.352820,0.000000,0.010000,0.000000,LOH_PARALLEL_SAFE=1 LOH_SKIP_PIP_INSTALL=1 LOH_SKIP_BUILD=1 LOH_DEBUG_LEVEL=1 CACHESIM_VERBOSE=0 CACHESIM_NUM_REQ=3000000 LOH_RL_ALGO=SAC LOH_ACTION_SCALE=1.0 LOH_SCORE_USE_COMPOUND=0 LOH_SCORE_USE_IRT=0 LOH_USE_SOFTMAX=0 LOH_USE_HEURISTIC_SIGNS=0 LOH_INCLUDE_HIT_MISS_FEATURES=0 LOH_INCLUDE_CACHE_FEATURES=0 LOH_INCLUDE_CANDIDATE_FEATURES=0 LOH_INCLUDE_TOPK_CANDIDATE_FEATURES=0 LOH_INCLUDE_AVGTOPK_CANDIDATE_FEATURES=0 LOH_INCLUDE_REQUEST=0 LOH_ENABLE_PENALTY=1 LOH_REWARD_USE_PENALTY=1 LOH_PENALTY_SCALE=binary LOH_PENALTY_REWARD_FORMULA=neg LOH_REWARD_W_PENALTY=0.2 LOH_PENALTY_CUTOFF=0 LOH_PENALTY_DMAX=400000 LOH_PENALTY_EMPTY_AS_GOOD=1 LOH_PENALTY_REFINE_ON_LATE=1 LOH_PENALTY_NO_EVICT_REWARD=keep LOH_PENALTY_BASELINE_DECAY=0.99 LOH_SURVIVAL_BINS=64 LOH_SURVIVAL_QUANTILE=0.99 LOH_SURVIVAL_MINCOUNT=1000 LOH_PENALTY_NET_GOOD_SCALE=1.0 LOH_PENALTY_NET_PENALTY_SCALE=1.0
82,1,0.369473,0.000000,0.351824,0.000000,0.010000,0.000000,LOH_PARALLEL_SAFE=1 LOH_SKIP_PIP_INSTALL=1 LOH_SKIP_BUILD=1 LOH_DEBUG_LEVEL=1 CACHESIM_VERBOSE=0 CACHESIM_NUM_REQ=3000000 LOH_RL_ALGO=SAC LOH_ACTION_SCALE=1.0 LOH_SCORE_USE_COMPOUND=0 LOH_SCORE_USE_IRT=0 LOH_USE_SOFTMAX=0 LOH_USE_HEURISTIC_SIGNS=0 LOH_INCLUDE_HIT_MISS_FEATURES=0 LOH_INCLUDE_CACHE_FEATURES=0 LOH_INCLUDE_CANDIDATE_FEATURES=0 LOH_INCLUDE_TOPK_CANDIDATE_FEATURES=0 LOH_INCLUDE_AVGTOPK_CANDIDATE_FEATURES=0 LOH_INCLUDE_REQUEST=0 LOH_ENABLE_PENALTY=1 LOH_REWARD_USE_PENALTY=1 LOH_PENALTY_SCALE=binary LOH_PENALTY_REWARD_FORMULA=neg LOH_REWARD_W_PENALTY=0.5 LOH_PENALTY_CUTOFF=0 LOH_PENALTY_DMAX=400000 LOH_PENALTY_EMPTY_AS_GOOD=1 LOH_PENALTY_REFINE_ON_LATE=1 LOH_PENALTY_NO_EVICT_REWARD=keep LOH_PENALTY_BASELINE_DECAY=0.99 LOH_SURVIVAL_BINS=64 LOH_SURVIVAL_QUANTILE=0.99 LOH_SURVIVAL_MINCOUNT=1000 LOH_PENALTY_NET_GOOD_SCALE=1.0 LOH_PENALTY_NET_PENALTY_SCALE=1.0
83,1,0.371872,0.000000,0.351274,0.000000,0.010000,0.000000,LOH_PARALLEL_SAFE=1 LOH_SKIP_PIP_INSTALL=1 LOH_SKIP_BUILD=1 LOH_DEBUG_LEVEL=1 CACHESIM_VERBOSE=0 CACHESIM_NUM_REQ=3000000 LOH_RL_ALGO=SAC LOH_ACTION_SCALE=1.0 LOH_SCORE_USE_COMPOUND=0 LOH_SCORE_USE_IRT=0 LOH_USE_SOFTMAX=0 LOH_USE_HEURISTIC_SIGNS=0 LOH_INCLUDE_HIT_MISS_FEATURES=0 LOH_INCLUDE_CACHE_FEATURES=0 LOH_INCLUDE_CANDIDATE_FEATURES=0 LOH_INCLUDE_TOPK_CANDIDATE_FEATURES=0 LOH_INCLUDE_AVGTOPK_CANDIDATE_FEATURES=0 LOH_INCLUDE_REQUEST=0 LOH_ENABLE_PENALTY=1 LOH_REWARD_USE_PENALTY=1 LOH_PENALTY_SCALE=binary LOH_PENALTY_REWARD_FORMULA=neg LOH_REWARD_W_PENALTY=1.0 LOH_PENALTY_CUTOFF=0 LOH_PENALTY_DMAX=400000 LOH_PENALTY_EMPTY_AS_GOOD=1 LOH_PENALTY_REFINE_ON_LATE=1 LOH_PENALTY_NO_EVICT_REWARD=keep LOH_PENALTY_BASELINE_DECAY=0.99 LOH_SURVIVAL_BINS=64 LOH_SURVIVAL_QUANTILE=0.99 LOH_SURVIVAL_MINCOUNT=1000 LOH_PENALTY_NET_GOOD_SCALE=1.0 LOH_PENALTY_NET_PENALTY_SCALE=1.0
84,1,0.373063,0.000000,0.353646,0.000000,0.010000,0.000000,LOH_PARALLEL_SAFE=1 LOH_SKIP_PIP_INSTALL=1 LOH_SKIP_BUILD=1 LOH_DEBUG_LEVEL=1 CACHESIM_VERBOSE=0 CACHESIM_NUM_REQ=3000000 LOH_RL_ALGO=SAC LOH_ACTION_SCALE=1.0 LOH_SCORE_USE_COMPOUND=0 LOH_SCORE_USE_IRT=0 LOH_USE_SOFTMAX=0 LOH_USE_HEURISTIC_SIGNS=0 LOH_INCLUDE_HIT_MISS_FEATURES=0 LOH_INCLUDE_CACHE_FEATURES=0 LOH_INCLUDE_CANDIDATE_FEATURES=0 LOH_INCLUDE_TOPK_CANDIDATE_FEATURES=0 LOH_INCLUDE_AVGTOPK_CANDIDATE_FEATURES=0 LOH_INCLUDE_REQUEST=0 LOH_ENABLE_PENALTY=1 LOH_REWARD_USE_PENALTY=1 LOH_PENALTY_SCALE=binary LOH_PENALTY_REWARD_FORMULA=net LOH_REWARD_W_PENALTY=1.0 LOH_PENALTY_CUTOFF=0 LOH_PENALTY_DMAX=400000 LOH_PENALTY_EMPTY_AS_GOOD=1 LOH_PENALTY_REFINE_ON_LATE=1 LOH_PENALTY_NO_EVICT_REWARD=keep LOH_PENALTY_BASELINE_DECAY=0.99 LOH_SURVIVAL_BINS=64 LOH_SURVIVAL_QUANTILE=0.99 LOH_SURVIVAL_MINCOUNT=1000 LOH_PENALTY_NET_GOOD_SCALE=1.0 LOH_PENALTY_NET_PENALTY_SCALE=1.0
85,1,0.371623,0.000000,0.351389,0.000000,0.010000,0.000000,LOH_PARALLEL_SAFE=1 LOH_SKIP_PIP_INSTALL=1 LOH_SKIP_BUILD=1 LOH_DEBUG_LEVEL=1 CACHESIM_VERBOSE=0 CACHESIM_NUM_REQ=3000000 LOH_RL_ALGO=SAC LOH_ACTION_SCALE=1.0 LOH_SCORE_USE_COMPOUND=0 LOH_SCORE_USE_IRT=0 LOH_USE_SOFTMAX=0 LOH_USE_HEURISTIC_SIGNS=0 LOH_INCLUDE_HIT_MISS_FEATURES=0 LOH_INCLUDE_CACHE_FEATURES=0 LOH_INCLUDE_CANDIDATE_FEATURES=0 LOH_INCLUDE_TOPK_CANDIDATE_FEATURES=0 LOH_INCLUDE_AVGTOPK_CANDIDATE_FEATURES=0 LOH_INCLUDE_REQUEST=0 LOH_ENABLE_PENALTY=1 LOH_REWARD_USE_PENALTY=1 LOH_PENALTY_SCALE=binary LOH_PENALTY_REWARD_FORMULA=net LOH_REWARD_W_PENALTY=2.0 LOH_PENALTY_CUTOFF=0 LOH_PENALTY_DMAX=400000 LOH_PENALTY_EMPTY_AS_GOOD=1 LOH_PENALTY_REFINE_ON_LATE=1 LOH_PENALTY_NO_EVICT_REWARD=keep LOH_PENALTY_BASELINE_DECAY=0.99 LOH_SURVIVAL_BINS=64 LOH_SURVIVAL_QUANTILE=0.99 LOH_SURVIVAL_MINCOUNT=1000 LOH_PENALTY_NET_GOOD_SCALE=1.0 LOH_PENALTY_NET_PENALTY_SCALE=1.0
86,1,0.371623,0.000000,0.351843,0.000000,0.010000,0.000000,LOH_PARALLEL_SAFE=1 LOH_SKIP_PIP_INSTALL=1 LOH_SKIP_BUILD=1 LOH_DEBUG_LEVEL=1 CACHESIM_VERBOSE=0 CACHESIM_NUM_REQ=3000000 LOH_RL_ALGO=SAC LOH_ACTION_SCALE=1.0 LOH_SCORE_USE_COMPOUND=0 LOH_SCORE_USE_IRT=0 LOH_USE_SOFTMAX=0 LOH_USE_HEURISTIC_SIGNS=0 LOH_INCLUDE_HIT_MISS_FEATURES=0 LOH_INCLUDE_CACHE_FEATURES=0 LOH_INCLUDE_CANDIDATE_FEATURES=0 LOH_INCLUDE_TOPK_CANDIDATE_FEATURES=0 LOH_INCLUDE_AVGTOPK_CANDIDATE_FEATURES=0 LOH_INCLUDE_REQUEST=0 LOH_ENABLE_PENALTY=1 LOH_REWARD_USE_PENALTY=1 LOH_PENALTY_SCALE=binary LOH_PENALTY_REWARD_FORMULA=net LOH_REWARD_W_PENALTY=3.0 LOH_PENALTY_CUTOFF=0 LOH_PENALTY_DMAX=400000 LOH_PENALTY_EMPTY_AS_GOOD=1 LOH_PENALTY_REFINE_ON_LATE=1 LOH_PENALTY_NO_EVICT_REWARD=keep LOH_PENALTY_BASELINE_DECAY=0.99 LOH_SURVIVAL_BINS=64 LOH_SURVIVAL_QUANTILE=0.99 LOH_SURVIVAL_MINCOUNT=1000 LOH_PENALTY_NET_GOOD_SCALE=1.0 LOH_PENALTY_NET_PENALTY_SCALE=1.0
87,1,0.369093,0.000000,0.352897,0.000000,0.010000,0.000000,LOH_PARALLEL_SAFE=1 LOH_SKIP_PIP_INSTALL=1 LOH_SKIP_BUILD=1 LOH_DEBUG_LEVEL=1 CACHESIM_VERBOSE=0 CACHESIM_NUM_REQ=3000000 LOH_RL_ALGO=SAC LOH_ACTION_SCALE=1.0 LOH_SCORE_USE_COMPOUND=0 LOH_SCORE_USE_IRT=0 LOH_USE_SOFTMAX=0 LOH_USE_HEURISTIC_SIGNS=0 LOH_INCLUDE_HIT_MISS_FEATURES=0 LOH_INCLUDE_CACHE_FEATURES=0 LOH_INCLUDE_CANDIDATE_FEATURES=0 LOH_INCLUDE_TOPK_CANDIDATE_FEATURES=0 LOH_INCLUDE_AVGTOPK_CANDIDATE_FEATURES=0 LOH_INCLUDE_REQUEST=0 LOH_ENABLE_PENALTY=1 LOH_REWARD_USE_PENALTY=1 LOH_PENALTY_SCALE=binary LOH_PENALTY_REWARD_FORMULA=net2 LOH_REWARD_W_PENALTY=1.0 LOH_PENALTY_CUTOFF=0 LOH_PENALTY_DMAX=400000 LOH_PENALTY_EMPTY_AS_GOOD=1 LOH_PENALTY_REFINE_ON_LATE=1 LOH_PENALTY_NO_EVICT_REWARD=keep LOH_PENALTY_BASELINE_DECAY=0.99 LOH_SURVIVAL_BINS=64 LOH_SURVIVAL_QUANTILE=0.99 LOH_SURVIVAL_MINCOUNT=1000 LOH_PENALTY_NET_GOOD_SCALE=1.0 LOH_PENALTY_NET_PENALTY_SCALE=1.0
88,1,0.368603,0.000000,0.352105,0.000000,0.010000,0.000000,LOH_PARALLEL_SAFE=1 LOH_SKIP_PIP_INSTALL=1 LOH_SKIP_BUILD=1 LOH_DEBUG_LEVEL=1 CACHESIM_VERBOSE=0 CACHESIM_NUM_REQ=3000000 LOH_RL_ALGO=SAC LOH_ACTION_SCALE=1.0 LOH_SCORE_USE_COMPOUND=0 LOH_SCORE_USE_IRT=0 LOH_USE_SOFTMAX=0 LOH_USE_HEURISTIC_SIGNS=0 LOH_INCLUDE_HIT_MISS_FEATURES=0 LOH_INCLUDE_CACHE_FEATURES=0 LOH_INCLUDE_CANDIDATE_FEATURES=0 LOH_INCLUDE_TOPK_CANDIDATE_FEATURES=0 LOH_INCLUDE_AVGTOPK_CANDIDATE_FEATURES=0 LOH_INCLUDE_REQUEST=0 LOH_ENABLE_PENALTY=1 LOH_REWARD_USE_PENALTY=1 LOH_PENALTY_SCALE=binary LOH_PENALTY_REWARD_FORMULA=net2 LOH_REWARD_W_PENALTY=2.0 LOH_PENALTY_CUTOFF=0 LOH_PENALTY_DMAX=400000 LOH_PENALTY_EMPTY_AS_GOOD=1 LOH_PENALTY_REFINE_ON_LATE=1 LOH_PENALTY_NO_EVICT_REWARD=keep LOH_PENALTY_BASELINE_DECAY=0.99 LOH_SURVIVAL_BINS=64 LOH_SURVIVAL_QUANTILE=0.99 LOH_SURVIVAL_MINCOUNT=1000 LOH_PENALTY_NET_GOOD_SCALE=1.0 LOH_PENALTY_NET_PENALTY_SCALE=1.0
89,1,0.369216,0.000000,0.352424,0.000000,0.010000,0.000000,LOH_PARALLEL_SAFE=1 LOH_SKIP_PIP_INSTALL=1 LOH_SKIP_BUILD=1 LOH_DEBUG_LEVEL=1 CACHESIM_VERBOSE=0 CACHESIM_NUM_REQ=3000000 LOH_RL_ALGO=SAC LOH_ACTION_SCALE=1.0 LOH_SCORE_USE_COMPOUND=0 LOH_SCORE_USE_IRT=0 LOH_USE_SOFTMAX=0 LOH_USE_HEURISTIC_SIGNS=0 LOH_INCLUDE_HIT_MISS_FEATURES=0 LOH_INCLUDE_CACHE_FEATURES=0 LOH_INCLUDE_CANDIDATE_FEATURES=0 LOH_INCLUDE_TOPK_CANDIDATE_FEATURES=0 LOH_INCLUDE_AVGTOPK_CANDIDATE_FEATURES=0 LOH_INCLUDE_REQUEST=0 LOH_ENABLE_PENALTY=1 LOH_REWARD_USE_PENALTY=1 LOH_PENALTY_SCALE=binary LOH_PENALTY_REWARD_FORMULA=net2 LOH_REWARD_W_PENALTY=3.0 LOH_PENALTY_CUTOFF=0 LOH_PENALTY_DMAX=400000 LOH_PENALTY_EMPTY_AS_GOOD=1 LOH_PENALTY_REFINE_ON_LATE=1 LOH_PENALTY_NO_EVICT_REWARD=keep LOH_PENALTY_BASELINE_DECAY=0.99 LOH_SURVIVAL_BINS=64 LOH_SURVIVAL_QUANTILE=0.99 LOH_SURVIVAL_MINCOUNT=1000 LOH_PENALTY_NET_GOOD_SCALE=1.0 LOH_PENALTY_NET_PENALTY_SCALE=1.0
90,1,0.371108,0.000000,0.352873,0.000000,0.010000,0.000000,LOH_PARALLEL_SAFE=1 LOH_SKIP_PIP_INSTALL=1 LOH_SKIP_BUILD=1 LOH_DEBUG_LEVEL=1 CACHESIM_VERBOSE=0 CACHESIM_NUM_REQ=3000000 LOH_RL_ALGO=SAC LOH_ACTION_SCALE=1.0 LOH_SCORE_USE_COMPOUND=0 LOH_SCORE_USE_IRT=0 LOH_USE_SOFTMAX=0 LOH_USE_HEURISTIC_SIGNS=0 LOH_INCLUDE_HIT_MISS_FEATURES=0 LOH_INCLUDE_CACHE_FEATURES=0 LOH_INCLUDE_CANDIDATE_FEATURES=0 LOH_INCLUDE_TOPK_CANDIDATE_FEATURES=0 LOH_INCLUDE_AVGTOPK_CANDIDATE_FEATURES=0 LOH_INCLUDE_REQUEST=0 LOH_ENABLE_PENALTY=1 LOH_REWARD_USE_PENALTY=1 LOH_PENALTY_SCALE=log LOH_PENALTY_REWARD_FORMULA=centered LOH_REWARD_W_PENALTY=1.0 LOH_PENALTY_CUTOFF=0 LOH_PENALTY_DMAX=400000 LOH_PENALTY_EMPTY_AS_GOOD=1 LOH_PENALTY_REFINE_ON_LATE=1 LOH_PENALTY_NO_EVICT_REWARD=keep LOH_PENALTY_BASELINE_DECAY=0.99 LOH_SURVIVAL_BINS=64 LOH_SURVIVAL_QUANTILE=0.99 LOH_SURVIVAL_MINCOUNT=1000 LOH_PENALTY_NET_GOOD_SCALE=1.0 LOH_PENALTY_NET_PENALTY_SCALE=1.0 LOH_PENALTY_CUTOFF=0
91,1,0.367057,0.000000,0.348262,0.000000,0.010000,0.000000,LOH_PARALLEL_SAFE=1 LOH_SKIP_PIP_INSTALL=1 LOH_SKIP_BUILD=1 LOH_DEBUG_LEVEL=1 CACHESIM_VERBOSE=0 CACHESIM_NUM_REQ=3000000 LOH_RL_ALGO=SAC LOH_ACTION_SCALE=1.0 LOH_SCORE_USE_COMPOUND=0 LOH_SCORE_USE_IRT=0 LOH_USE_SOFTMAX=0 LOH_USE_HEURISTIC_SIGNS=0 LOH_INCLUDE_HIT_MISS_FEATURES=0 LOH_INCLUDE_CACHE_FEATURES=0 LOH_INCLUDE_CANDIDATE_FEATURES=0 LOH_INCLUDE_TOPK_CANDIDATE_FEATURES=0 LOH_INCLUDE_AVGTOPK_CANDIDATE_FEATURES=0 LOH_INCLUDE_REQUEST=0 LOH_ENABLE_PENALTY=1 LOH_REWARD_USE_PENALTY=1 LOH_PENALTY_SCALE=log LOH_PENALTY_REWARD_FORMULA=centered LOH_REWARD_W_PENALTY=1.0 LOH_PENALTY_CUTOFF=0 LOH_PENALTY_DMAX=400000 LOH_PENALTY_EMPTY_AS_GOOD=1 LOH_PENALTY_REFINE_ON_LATE=1 LOH_PENALTY_NO_EVICT_REWARD=keep LOH_PENALTY_BASELINE_DECAY=0.99 LOH_SURVIVAL_BINS=64 LOH_SURVIVAL_QUANTILE=0.99 LOH_SURVIVAL_MINCOUNT=1000 LOH_PENALTY_NET_GOOD_SCALE=1.0 LOH_PENALTY_NET_PENALTY_SCALE=1.0 LOH_PENALTY_CUTOFF=500
92,1,0.367103,0.000000,0.348886,0.000000,0.010000,0.000000,LOH_PARALLEL_SAFE=1 LOH_SKIP_PIP_INSTALL=1 LOH_SKIP_BUILD=1 LOH_DEBUG_LEVEL=1 CACHESIM_VERBOSE=0 CACHESIM_NUM_REQ=3000000 LOH_RL_ALGO=SAC LOH_ACTION_SCALE=1.0 LOH_SCORE_USE_COMPOUND=0 LOH_SCORE_USE_IRT=0 LOH_USE_SOFTMAX=0 LOH_USE_HEURISTIC_SIGNS=0 LOH_INCLUDE_HIT_MISS_FEATURES=0 LOH_INCLUDE_CACHE_FEATURES=0 LOH_INCLUDE_CANDIDATE_FEATURES=0 LOH_INCLUDE_TOPK_CANDIDATE_FEATURES=0 LOH_INCLUDE_AVGTOPK_CANDIDATE_FEATURES=0 LOH_INCLUDE_REQUEST=0 LOH_ENABLE_PENALTY=1 LOH_REWARD_USE_PENALTY=1 LOH_PENALTY_SCALE=log LOH_PENALTY_REWARD_FORMULA=centered LOH_REWARD_W_PENALTY=1.0 LOH_PENALTY_CUTOFF=0 LOH_PENALTY_DMAX=400000 LOH_PENALTY_EMPTY_AS_GOOD=1 LOH_PENALTY_REFINE_ON_LATE=1 LOH_PENALTY_NO_EVICT_REWARD=keep LOH_PENALTY_BASELINE_DECAY=0.99 LOH_SURVIVAL_BINS=64 LOH_SURVIVAL_QUANTILE=0.99 LOH_SURVIVAL_MINCOUNT=1000 LOH_PENALTY_NET_GOOD_SCALE=1.0 LOH_PENALTY_NET_PENALTY_SCALE=1.0 LOH_PENALTY_CUTOFF=2000
93,1,0.368443,0.000000,0.350421,0.000000,0.010000,0.000000,LOH_PARALLEL_SAFE=1 LOH_SKIP_PIP_INSTALL=1 LOH_SKIP_BUILD=1 LOH_DEBUG_LEVEL=1 CACHESIM_VERBOSE=0 CACHESIM_NUM_REQ=3000000 LOH_RL_ALGO=SAC LOH_ACTION_SCALE=1.0 LOH_SCORE_USE_COMPOUND=0 LOH_SCORE_USE_IRT=0 LOH_USE_SOFTMAX=0 LOH_USE_HEURISTIC_SIGNS=0 LOH_INCLUDE_HIT_MISS_FEATURES=0 LOH_INCLUDE_CACHE_FEATURES=0 LOH_INCLUDE_CANDIDATE_FEATURES=0 LOH_INCLUDE_TOPK_CANDIDATE_FEATURES=0 LOH_INCLUDE_AVGTOPK_CANDIDATE_FEATURES=0 LOH_INCLUDE_REQUEST=0 LOH_ENABLE_PENALTY=1 LOH_REWARD_USE_PENALTY=1 LOH_PENALTY_SCALE=log LOH_PENALTY_REWARD_FORMULA=centered LOH_REWARD_W_PENALTY=1.0 LOH_PENALTY_CUTOFF=0 LOH_PENALTY_DMAX=400000 LOH_PENALTY_EMPTY_AS_GOOD=1 LOH_PENALTY_REFINE_ON_LATE=1 LOH_PENALTY_NO_EVICT_REWARD=keep LOH_PENALTY_BASELINE_DECAY=0.99 LOH_SURVIVAL_BINS=64 LOH_SURVIVAL_QUANTILE=0.99 LOH_SURVIVAL_MINCOUNT=1000 LOH_PENALTY_NET_GOOD_SCALE=1.0 LOH_PENALTY_NET_PENALTY_SCALE=1.0 LOH_PENALTY_CUTOFF=10000
94,1,0.368089,0.000000,0.350722,0.000000,0.010000,0.000000,LOH_PARALLEL_SAFE=1 LOH_SKIP_PIP_INSTALL=1 LOH_SKIP_BUILD=1 LOH_DEBUG_LEVEL=1 CACHESIM_VERBOSE=0 CACHESIM_NUM_REQ=3000000 LOH_RL_ALGO=SAC LOH_ACTION_SCALE=1.0 LOH_SCORE_USE_COMPOUND=0 LOH_SCORE_USE_IRT=0 LOH_USE_SOFTMAX=0 LOH_USE_HEURISTIC_SIGNS=0 LOH_INCLUDE_HIT_MISS_FEATURES=0 LOH_INCLUDE_CACHE_FEATURES=0 LOH_INCLUDE_CANDIDATE_FEATURES=0 LOH_INCLUDE_TOPK_CANDIDATE_FEATURES=0 LOH_INCLUDE_AVGTOPK_CANDIDATE_FEATURES=0 LOH_INCLUDE_REQUEST=0 LOH_ENABLE_PENALTY=1 LOH_REWARD_USE_PENALTY=1 LOH_PENALTY_SCALE=log LOH_PENALTY_REWARD_FORMULA=centered LOH_REWARD_W_PENALTY=1.0 LOH_PENALTY_CUTOFF=0 LOH_PENALTY_DMAX=400000 LOH_PENALTY_EMPTY_AS_GOOD=1 LOH_PENALTY_REFINE_ON_LATE=1 LOH_PENALTY_NO_EVICT_REWARD=keep LOH_PENALTY_BASELINE_DECAY=0.99 LOH_SURVIVAL_BINS=64 LOH_SURVIVAL_QUANTILE=0.99 LOH_SURVIVAL_MINCOUNT=1000 LOH_PENALTY_NET_GOOD_SCALE=1.0 LOH_PENALTY_NET_PENALTY_SCALE=1.0 LOH_PENALTY_DMAX=50000
95,1,0.370576,0.000000,0.352626,0.000000,0.010000,0.000000,LOH_PARALLEL_SAFE=1 LOH_SKIP_PIP_INSTALL=1 LOH_SKIP_BUILD=1 LOH_DEBUG_LEVEL=1 CACHESIM_VERBOSE=0 CACHESIM_NUM_REQ=3000000 LOH_RL_ALGO=SAC LOH_ACTION_SCALE=1.0 LOH_SCORE_USE_COMPOUND=0 LOH_SCORE_USE_IRT=0 LOH_USE_SOFTMAX=0 LOH_USE_HEURISTIC_SIGNS=0 LOH_INCLUDE_HIT_MISS_FEATURES=0 LOH_INCLUDE_CACHE_FEATURES=0 LOH_INCLUDE_CANDIDATE_FEATURES=0 LOH_INCLUDE_TOPK_CANDIDATE_FEATURES=0 LOH_INCLUDE_AVGTOPK_CANDIDATE_FEATURES=0 LOH_INCLUDE_REQUEST=0 LOH_ENABLE_PENALTY=1 LOH_REWARD_USE_PENALTY=1 LOH_PENALTY_SCALE=log LOH_PENALTY_REWARD_FORMULA=centered LOH_REWARD_W_PENALTY=1.0 LOH_PENALTY_CUTOFF=0 LOH_PENALTY_DMAX=400000 LOH_PENALTY_EMPTY_AS_GOOD=1 LOH_PENALTY_REFINE_ON_LATE=1 LOH_PENALTY_NO_EVICT_REWARD=keep LOH_PENALTY_BASELINE_DECAY=0.99 LOH_SURVIVAL_BINS=64 LOH_SURVIVAL_QUANTILE=0.99 LOH_SURVIVAL_MINCOUNT=1000 LOH_PENALTY_NET_GOOD_SCALE=1.0 LOH_PENALTY_NET_PENALTY_SCALE=1.0 LOH_PENALTY_DMAX=200000
96,1,0.366919,0.000000,0.347997,0.000000,0.010000,0.000000,LOH_PARALLEL_SAFE=1 LOH_SKIP_PIP_INSTALL=1 LOH_SKIP_BUILD=1 LOH_DEBUG_LEVEL=1 CACHESIM_VERBOSE=0 CACHESIM_NUM_REQ=3000000 LOH_RL_ALGO=SAC LOH_ACTION_SCALE=1.0 LOH_SCORE_USE_COMPOUND=0 LOH_SCORE_USE_IRT=0 LOH_USE_SOFTMAX=0 LOH_USE_HEURISTIC_SIGNS=0 LOH_INCLUDE_HIT_MISS_FEATURES=0 LOH_INCLUDE_CACHE_FEATURES=0 LOH_INCLUDE_CANDIDATE_FEATURES=0 LOH_INCLUDE_TOPK_CANDIDATE_FEATURES=0 LOH_INCLUDE_AVGTOPK_CANDIDATE_FEATURES=0 LOH_INCLUDE_REQUEST=0 LOH_ENABLE_PENALTY=1 LOH_REWARD_USE_PENALTY=1 LOH_PENALTY_SCALE=log LOH_PENALTY_REWARD_FORMULA=centered LOH_REWARD_W_PENALTY=1.0 LOH_PENALTY_CUTOFF=0 LOH_PENALTY_DMAX=400000 LOH_PENALTY_EMPTY_AS_GOOD=1 LOH_PENALTY_REFINE_ON_LATE=1 LOH_PENALTY_NO_EVICT_REWARD=keep LOH_PENALTY_BASELINE_DECAY=0.99 LOH_SURVIVAL_BINS=64 LOH_SURVIVAL_QUANTILE=0.99 LOH_SURVIVAL_MINCOUNT=1000 LOH_PENALTY_NET_GOOD_SCALE=1.0 LOH_PENALTY_NET_PENALTY_SCALE=1.0 LOH_PENALTY_DMAX=400000
97,1,0.369497,0.000000,0.351279,0.000000,0.010000,0.000000,LOH_PARALLEL_SAFE=1 LOH_SKIP_PIP_INSTALL=1 LOH_SKIP_BUILD=1 LOH_DEBUG_LEVEL=1 CACHESIM_VERBOSE=0 CACHESIM_NUM_REQ=3000000 LOH_RL_ALGO=SAC LOH_ACTION_SCALE=1.0 LOH_SCORE_USE_COMPOUND=0 LOH_SCORE_USE_IRT=0 LOH_USE_SOFTMAX=0 LOH_USE_HEURISTIC_SIGNS=0 LOH_INCLUDE_HIT_MISS_FEATURES=0 LOH_INCLUDE_CACHE_FEATURES=0 LOH_INCLUDE_CANDIDATE_FEATURES=0 LOH_INCLUDE_TOPK_CANDIDATE_FEATURES=0 LOH_INCLUDE_AVGTOPK_CANDIDATE_FEATURES=0 LOH_INCLUDE_REQUEST=0 LOH_ENABLE_PENALTY=1 LOH_REWARD_USE_PENALTY=1 LOH_PENALTY_SCALE=log LOH_PENALTY_REWARD_FORMULA=centered LOH_REWARD_W_PENALTY=1.0 LOH_PENALTY_CUTOFF=0 LOH_PENALTY_DMAX=400000 LOH_PENALTY_EMPTY_AS_GOOD=1 LOH_PENALTY_REFINE_ON_LATE=1 LOH_PENALTY_NO_EVICT_REWARD=keep LOH_PENALTY_BASELINE_DECAY=0.99 LOH_SURVIVAL_BINS=64 LOH_SURVIVAL_QUANTILE=0.99 LOH_SURVIVAL_MINCOUNT=1000 LOH_PENALTY_NET_GOOD_SCALE=1.0 LOH_PENALTY_NET_PENALTY_SCALE=1.0 LOH_PENALTY_EMPTY_AS_GOOD=0
98,1,0.369871,0.000000,0.350014,0.000000,0.010000,0.000000,LOH_PARALLEL_SAFE=1 LOH_SKIP_PIP_INSTALL=1 LOH_SKIP_BUILD=1 LOH_DEBUG_LEVEL=1 CACHESIM_VERBOSE=0 CACHESIM_NUM_REQ=3000000 LOH_RL_ALGO=SAC LOH_ACTION_SCALE=1.0 LOH_SCORE_USE_COMPOUND=0 LOH_SCORE_USE_IRT=0 LOH_USE_SOFTMAX=0 LOH_USE_HEURISTIC_SIGNS=0 LOH_INCLUDE_HIT_MISS_FEATURES=0 LOH_INCLUDE_CACHE_FEATURES=0 LOH_INCLUDE_CANDIDATE_FEATURES=0 LOH_INCLUDE_TOPK_CANDIDATE_FEATURES=0 LOH_INCLUDE_AVGTOPK_CANDIDATE_FEATURES=0 LOH_INCLUDE_REQUEST=0 LOH_ENABLE_PENALTY=1 LOH_REWARD_USE_PENALTY=1 LOH_PENALTY_SCALE=log LOH_PENALTY_REWARD_FORMULA=centered LOH_REWARD_W_PENALTY=1.0 LOH_PENALTY_CUTOFF=0 LOH_PENALTY_DMAX=400000 LOH_PENALTY_EMPTY_AS_GOOD=1 LOH_PENALTY_REFINE_ON_LATE=1 LOH_PENALTY_NO_EVICT_REWARD=keep LOH_PENALTY_BASELINE_DECAY=0.99 LOH_SURVIVAL_BINS=64 LOH_SURVIVAL_QUANTILE=0.99 LOH_SURVIVAL_MINCOUNT=1000 LOH_PENALTY_NET_GOOD_SCALE=1.0 LOH_PENALTY_NET_PENALTY_SCALE=1.0 LOH_PENALTY_EMPTY_AS_GOOD=1
99,1,0.369973,0.000000,0.353391,0.000000,0.010000,0.000000,LOH_PARALLEL_SAFE=1 LOH_SKIP_PIP_INSTALL=1 LOH_SKIP_BUILD=1 LOH_DEBUG_LEVEL=1 CACHESIM_VERBOSE=0 CACHESIM_NUM_REQ=3000000 LOH_RL_ALGO=SAC LOH_ACTION_SCALE=1.0 LOH_SCORE_USE_COMPOUND=0 LOH_SCORE_USE_IRT=0 LOH_USE_SOFTMAX=0 LOH_USE_HEURISTIC_SIGNS=0 LOH_INCLUDE_HIT_MISS_FEATURES=0 LOH_INCLUDE_CACHE_FEATURES=0 LOH_INCLUDE_CANDIDATE_FEATURES=0 LOH_INCLUDE_TOPK_CANDIDATE_FEATURES=0 LOH_INCLUDE_AVGTOPK_CANDIDATE_FEATURES=0 LOH_INCLUDE_REQUEST=0 LOH_ENABLE_PENALTY=1 LOH_REWARD_USE_PENALTY=1 LOH_PENALTY_SCALE=log LOH_PENALTY_REWARD_FORMULA=centered LOH_REWARD_W_PENALTY=1.0 LOH_PENALTY_CUTOFF=0 LOH_PENALTY_DMAX=400000 LOH_PENALTY_EMPTY_AS_GOOD=1 LOH_PENALTY_REFINE_ON_LATE=1 LOH_PENALTY_NO_EVICT_REWARD=keep LOH_PENALTY_BASELINE_DECAY=0.99 LOH_SURVIVAL_BINS=64 LOH_SURVIVAL_QUANTILE=0.99 LOH_SURVIVAL_MINCOUNT=1000 LOH_PENALTY_NET_GOOD_SCALE=1.0 LOH_PENALTY_NET_PENALTY_SCALE=1.0 LOH_PENALTY_REFINE_ON_LATE=0
100,1,0.371347,0.000000,0.351655,0.000000,0.010000,0.000000,LOH_PARALLEL_SAFE=1 LOH_SKIP_PIP_INSTALL=1 LOH_SKIP_BUILD=1 LOH_DEBUG_LEVEL=1 CACHESIM_VERBOSE=0 CACHESIM_NUM_REQ=3000000 LOH_RL_ALGO=SAC LOH_ACTION_SCALE=1.0 LOH_SCORE_USE_COMPOUND=0 LOH_SCORE_USE_IRT=0 LOH_USE_SOFTMAX=0 LOH_USE_HEURISTIC_SIGNS=0 LOH_INCLUDE_HIT_MISS_FEATURES=0 LOH_INCLUDE_CACHE_FEATURES=0 LOH_INCLUDE_CANDIDATE_FEATURES=0 LOH_INCLUDE_TOPK_CANDIDATE_FEATURES=0 LOH_INCLUDE_AVGTOPK_CANDIDATE_FEATURES=0 LOH_INCLUDE_REQUEST=0 LOH_ENABLE_PENALTY=1 LOH_REWARD_USE_PENALTY=1 LOH_PENALTY_SCALE=log LOH_PENALTY_REWARD_FORMULA=centered LOH_REWARD_W_PENALTY=1.0 LOH_PENALTY_CUTOFF=0 LOH_PENALTY_DMAX=400000 LOH_PENALTY_EMPTY_AS_GOOD=1 LOH_PENALTY_REFINE_ON_LATE=1 LOH_PENALTY_NO_EVICT_REWARD=keep LOH_PENALTY_BASELINE_DECAY=0.99 LOH_SURVIVAL_BINS=64 LOH_SURVIVAL_QUANTILE=0.99 LOH_SURVIVAL_MINCOUNT=1000 LOH_PENALTY_NET_GOOD_SCALE=1.0 LOH_PENALTY_NET_PENALTY_SCALE=1.0 LOH_PENALTY_REFINE_ON_LATE=1
101,1,0.368892,0.000000,0.351349,0.000000,0.010000,0.000000,LOH_PARALLEL_SAFE=1 LOH_SKIP_PIP_INSTALL=1 LOH_SKIP_BUILD=1 LOH_DEBUG_LEVEL=1 CACHESIM_VERBOSE=0 CACHESIM_NUM_REQ=3000000 LOH_RL_ALGO=SAC LOH_ACTION_SCALE=1.0 LOH_SCORE_USE_COMPOUND=0 LOH_SCORE_USE_IRT=0 LOH_USE_SOFTMAX=0 LOH_USE_HEURISTIC_SIGNS=0 LOH_INCLUDE_HIT_MISS_FEATURES=0 LOH_INCLUDE_CACHE_FEATURES=0 LOH_INCLUDE_CANDIDATE_FEATURES=0 LOH_INCLUDE_TOPK_CANDIDATE_FEATURES=0 LOH_INCLUDE_AVGTOPK_CANDIDATE_FEATURES=0 LOH_INCLUDE_REQUEST=0 LOH_ENABLE_PENALTY=1 LOH_REWARD_USE_PENALTY=1 LOH_PENALTY_SCALE=log LOH_PENALTY_REWARD_FORMULA=centered LOH_REWARD_W_PENALTY=1.0 LOH_PENALTY_CUTOFF=0 LOH_PENALTY_DMAX=400000 LOH_PENALTY_EMPTY_AS_GOOD=1 LOH_PENALTY_REFINE_ON_LATE=1 LOH_PENALTY_NO_EVICT_REWARD=keep LOH_PENALTY_BASELINE_DECAY=0.99 LOH_SURVIVAL_BINS=64 LOH_SURVIVAL_QUANTILE=0.99 LOH_SURVIVAL_MINCOUNT=1000 LOH_PENALTY_NET_GOOD_SCALE=1.0 LOH_PENALTY_NET_PENALTY_SCALE=1.0 LOH_PENALTY_NO_EVICT_REWARD=keep
102,1,0.369971,0.000000,0.352267,0.000000,0.010000,0.000000,LOH_PARALLEL_SAFE=1 LOH_SKIP_PIP_INSTALL=1 LOH_SKIP_BUILD=1 LOH_DEBUG_LEVEL=1 CACHESIM_VERBOSE=0 CACHESIM_NUM_REQ=3000000 LOH_RL_ALGO=SAC LOH_ACTION_SCALE=1.0 LOH_SCORE_USE_COMPOUND=0 LOH_SCORE_USE_IRT=0 LOH_USE_SOFTMAX=0 LOH_USE_HEURISTIC_SIGNS=0 LOH_INCLUDE_HIT_MISS_FEATURES=0 LOH_INCLUDE_CACHE_FEATURES=0 LOH_INCLUDE_CANDIDATE_FEATURES=0 LOH_INCLUDE_TOPK_CANDIDATE_FEATURES=0 LOH_INCLUDE_AVGTOPK_CANDIDATE_FEATURES=0 LOH_INCLUDE_REQUEST=0 LOH_ENABLE_PENALTY=1 LOH_REWARD_USE_PENALTY=1 LOH_PENALTY_SCALE=log LOH_PENALTY_REWARD_FORMULA=centered LOH_REWARD_W_PENALTY=1.0 LOH_PENALTY_CUTOFF=0 LOH_PENALTY_DMAX=400000 LOH_PENALTY_EMPTY_AS_GOOD=1 LOH_PENALTY_REFINE_ON_LATE=1 LOH_PENALTY_NO_EVICT_REWARD=keep LOH_PENALTY_BASELINE_DECAY=0.99 LOH_SURVIVAL_BINS=64 LOH_SURVIVAL_QUANTILE=0.99 LOH_SURVIVAL_MINCOUNT=1000 LOH_PENALTY_NET_GOOD_SCALE=1.0 LOH_PENALTY_NET_PENALTY_SCALE=1.0 LOH_PENALTY_NO_EVICT_REWARD=zero
103,1,0.370699,0.000000,0.353233,0.000000,0.010000,0.000000,LOH_PARALLEL_SAFE=1 LOH_SKIP_PIP_INSTALL=1 LOH_SKIP_BUILD=1 LOH_DEBUG_LEVEL=1 CACHESIM_VERBOSE=0 CACHESIM_NUM_REQ=3000000 LOH_RL_ALGO=SAC LOH_ACTION_SCALE=1.0 LOH_SCORE_USE_COMPOUND=0 LOH_SCORE_USE_IRT=0 LOH_USE_SOFTMAX=0 LOH_USE_HEURISTIC_SIGNS=0 LOH_INCLUDE_HIT_MISS_FEATURES=0 LOH_INCLUDE_CACHE_FEATURES=0 LOH_INCLUDE_CANDIDATE_FEATURES=0 LOH_INCLUDE_TOPK_CANDIDATE_FEATURES=0 LOH_INCLUDE_AVGTOPK_CANDIDATE_FEATURES=0 LOH_INCLUDE_REQUEST=0 LOH_ENABLE_PENALTY=1 LOH_REWARD_USE_PENALTY=1 LOH_PENALTY_SCALE=log LOH_PENALTY_REWARD_FORMULA=centered LOH_REWARD_W_PENALTY=1.0 LOH_PENALTY_CUTOFF=0 LOH_PENALTY_DMAX=400000 LOH_PENALTY_EMPTY_AS_GOOD=1 LOH_PENALTY_REFINE_ON_LATE=1 LOH_PENALTY_NO_EVICT_REWARD=keep LOH_PENALTY_BASELINE_DECAY=0.99 LOH_SURVIVAL_BINS=64 LOH_SURVIVAL_QUANTILE=0.99 LOH_SURVIVAL_MINCOUNT=1000 LOH_PENALTY_NET_GOOD_SCALE=1.0 LOH_PENALTY_NET_PENALTY_SCALE=1.0 LOH_PENALTY_BASELINE_DECAY=0.95
104,1,0.370661,0.000000,0.353049,0.000000,0.010000,0.000000,LOH_PARALLEL_SAFE=1 LOH_SKIP_PIP_INSTALL=1 LOH_SKIP_BUILD=1 LOH_DEBUG_LEVEL=1 CACHESIM_VERBOSE=0 CACHESIM_NUM_REQ=3000000 LOH_RL_ALGO=SAC LOH_ACTION_SCALE=1.0 LOH_SCORE_USE_COMPOUND=0 LOH_SCORE_USE_IRT=0 LOH_USE_SOFTMAX=0 LOH_USE_HEURISTIC_SIGNS=0 LOH_INCLUDE_HIT_MISS_FEATURES=0 LOH_INCLUDE_CACHE_FEATURES=0 LOH_INCLUDE_CANDIDATE_FEATURES=0 LOH_INCLUDE_TOPK_CANDIDATE_FEATURES=0 LOH_INCLUDE_AVGTOPK_CANDIDATE_FEATURES=0 LOH_INCLUDE_REQUEST=0 LOH_ENABLE_PENALTY=1 LOH_REWARD_USE_PENALTY=1 LOH_PENALTY_SCALE=log LOH_PENALTY_REWARD_FORMULA=centered LOH_REWARD_W_PENALTY=1.0 LOH_PENALTY_CUTOFF=0 LOH_PENALTY_DMAX=400000 LOH_PENALTY_EMPTY_AS_GOOD=1 LOH_PENALTY_REFINE_ON_LATE=1 LOH_PENALTY_NO_EVICT_REWARD=keep LOH_PENALTY_BASELINE_DECAY=0.99 LOH_SURVIVAL_BINS=64 LOH_SURVIVAL_QUANTILE=0.99 LOH_SURVIVAL_MINCOUNT=1000 LOH_PENALTY_NET_GOOD_SCALE=1.0 LOH_PENALTY_NET_PENALTY_SCALE=1.0 LOH_PENALTY_BASELINE_DECAY=0.99
105,1,0.368919,0.000000,0.350011,0.000000,0.010000,0.000000,LOH_PARALLEL_SAFE=1 LOH_SKIP_PIP_INSTALL=1 LOH_SKIP_BUILD=1 LOH_DEBUG_LEVEL=1 CACHESIM_VERBOSE=0 CACHESIM_NUM_REQ=3000000 LOH_RL_ALGO=SAC LOH_ACTION_SCALE=1.0 LOH_SCORE_USE_COMPOUND=0 LOH_SCORE_USE_IRT=0 LOH_USE_SOFTMAX=0 LOH_USE_HEURISTIC_SIGNS=0 LOH_INCLUDE_HIT_MISS_FEATURES=0 LOH_INCLUDE_CACHE_FEATURES=0 LOH_INCLUDE_CANDIDATE_FEATURES=0 LOH_INCLUDE_TOPK_CANDIDATE_FEATURES=0 LOH_INCLUDE_AVGTOPK_CANDIDATE_FEATURES=0 LOH_INCLUDE_REQUEST=0 LOH_ENABLE_PENALTY=1 LOH_REWARD_USE_PENALTY=1 LOH_PENALTY_SCALE=log LOH_PENALTY_REWARD_FORMULA=centered LOH_REWARD_W_PENALTY=1.0 LOH_PENALTY_CUTOFF=0 LOH_PENALTY_DMAX=400000 LOH_PENALTY_EMPTY_AS_GOOD=1 LOH_PENALTY_REFINE_ON_LATE=1 LOH_PENALTY_NO_EVICT_REWARD=keep LOH_PENALTY_BASELINE_DECAY=0.99 LOH_SURVIVAL_BINS=64 LOH_SURVIVAL_QUANTILE=0.99 LOH_SURVIVAL_MINCOUNT=1000 LOH_PENALTY_NET_GOOD_SCALE=1.0 LOH_PENALTY_NET_PENALTY_SCALE=1.0 LOH_PENALTY_BASELINE_DECAY=0.995
106,1,0.373262,0.000000,0.353093,0.000000,0.010000,0.000000,LOH_PARALLEL_SAFE=1 LOH_SKIP_PIP_INSTALL=1 LOH_SKIP_BUILD=1 LOH_DEBUG_LEVEL=1 CACHESIM_VERBOSE=0 CACHESIM_NUM_REQ=3000000 LOH_RL_ALGO=SAC LOH_ACTION_SCALE=1.0 LOH_SCORE_USE_COMPOUND=0 LOH_SCORE_USE_IRT=0 LOH_USE_SOFTMAX=0 LOH_USE_HEURISTIC_SIGNS=0 LOH_INCLUDE_HIT_MISS_FEATURES=0 LOH_INCLUDE_CACHE_FEATURES=0 LOH_INCLUDE_CANDIDATE_FEATURES=0 LOH_INCLUDE_TOPK_CANDIDATE_FEATURES=0 LOH_INCLUDE_AVGTOPK_CANDIDATE_FEATURES=0 LOH_INCLUDE_REQUEST=0 LOH_ENABLE_PENALTY=1 LOH_REWARD_USE_PENALTY=1 LOH_PENALTY_SCALE=log LOH_PENALTY_REWARD_FORMULA=centered LOH_REWARD_W_PENALTY=1.0 LOH_PENALTY_CUTOFF=0 LOH_PENALTY_DMAX=400000 LOH_PENALTY_EMPTY_AS_GOOD=1 LOH_PENALTY_REFINE_ON_LATE=1 LOH_PENALTY_NO_EVICT_REWARD=keep LOH_PENALTY_BASELINE_DECAY=0.99 LOH_SURVIVAL_BINS=64 LOH_SURVIVAL_QUANTILE=0.99 LOH_SURVIVAL_MINCOUNT=1000 LOH_PENALTY_NET_GOOD_SCALE=1.0 LOH_PENALTY_NET_PENALTY_SCALE=1.0 LOH_PENALTY_SCALE=survival LOH_SURVIVAL_QUANTILE=0.95
107,1,0.373101,0.000000,0.352794,0.000000,0.010000,0.000000,LOH_PARALLEL_SAFE=1 LOH_SKIP_PIP_INSTALL=1 LOH_SKIP_BUILD=1 LOH_DEBUG_LEVEL=1 CACHESIM_VERBOSE=0 CACHESIM_NUM_REQ=3000000 LOH_RL_ALGO=SAC LOH_ACTION_SCALE=1.0 LOH_SCORE_USE_COMPOUND=0 LOH_SCORE_USE_IRT=0 LOH_USE_SOFTMAX=0 LOH_USE_HEURISTIC_SIGNS=0 LOH_INCLUDE_HIT_MISS_FEATURES=0 LOH_INCLUDE_CACHE_FEATURES=0 LOH_INCLUDE_CANDIDATE_FEATURES=0 LOH_INCLUDE_TOPK_CANDIDATE_FEATURES=0 LOH_INCLUDE_AVGTOPK_CANDIDATE_FEATURES=0 LOH_INCLUDE_REQUEST=0 LOH_ENABLE_PENALTY=1 LOH_REWARD_USE_PENALTY=1 LOH_PENALTY_SCALE=log LOH_PENALTY_REWARD_FORMULA=centered LOH_REWARD_W_PENALTY=1.0 LOH_PENALTY_CUTOFF=0 LOH_PENALTY_DMAX=400000 LOH_PENALTY_EMPTY_AS_GOOD=1 LOH_PENALTY_REFINE_ON_LATE=1 LOH_PENALTY_NO_EVICT_REWARD=keep LOH_PENALTY_BASELINE_DECAY=0.99 LOH_SURVIVAL_BINS=64 LOH_SURVIVAL_QUANTILE=0.99 LOH_SURVIVAL_MINCOUNT=1000 LOH_PENALTY_NET_GOOD_SCALE=1.0 LOH_PENALTY_NET_PENALTY_SCALE=1.0 LOH_PENALTY_SCALE=survival LOH_SURVIVAL_QUANTILE=0.99
108,1,0.370155,0.000000,0.349067,0.000000,0.010000,0.000000,LOH_PARALLEL_SAFE=1 LOH_SKIP_PIP_INSTALL=1 LOH_SKIP_BUILD=1 LOH_DEBUG_LEVEL=1 CACHESIM_VERBOSE=0 CACHESIM_NUM_REQ=3000000 LOH_RL_ALGO=SAC LOH_ACTION_SCALE=1.0 LOH_SCORE_USE_COMPOUND=0 LOH_SCORE_USE_IRT=0 LOH_USE_SOFTMAX=0 LOH_USE_HEURISTIC_SIGNS=0 LOH_INCLUDE_HIT_MISS_FEATURES=0 LOH_INCLUDE_CACHE_FEATURES=0 LOH_INCLUDE_CANDIDATE_FEATURES=0 LOH_INCLUDE_TOPK_CANDIDATE_FEATURES=0 LOH_INCLUDE_AVGTOPK_CANDIDATE_FEATURES=0 LOH_INCLUDE_REQUEST=0 LOH_ENABLE_PENALTY=1 LOH_REWARD_USE_PENALTY=1 LOH_PENALTY_SCALE=log LOH_PENALTY_REWARD_FORMULA=centered LOH_REWARD_W_PENALTY=1.0 LOH_PENALTY_CUTOFF=0 LOH_PENALTY_DMAX=400000 LOH_PENALTY_EMPTY_AS_GOOD=1 LOH_PENALTY_REFINE_ON_LATE=1 LOH_PENALTY_NO_EVICT_REWARD=keep LOH_PENALTY_BASELINE_DECAY=0.99 LOH_SURVIVAL_BINS=64 LOH_SURVIVAL_QUANTILE=0.99 LOH_SURVIVAL_MINCOUNT=1000 LOH_PENALTY_NET_GOOD_SCALE=1.0 LOH_PENALTY_NET_PENALTY_SCALE=1.0 LOH_PENALTY_SCALE=survival LOH_SURVIVAL_BINS=32
109,1,0.372581,0.000000,0.353224,0.000000,0.010000,0.000000,LOH_PARALLEL_SAFE=1 LOH_SKIP_PIP_INSTALL=1 LOH_SKIP_BUILD=1 LOH_DEBUG_LEVEL=1 CACHESIM_VERBOSE=0 CACHESIM_NUM_REQ=3000000 LOH_RL_ALGO=SAC LOH_ACTION_SCALE=1.0 LOH_SCORE_USE_COMPOUND=0 LOH_SCORE_USE_IRT=0 LOH_USE_SOFTMAX=0 LOH_USE_HEURISTIC_SIGNS=0 LOH_INCLUDE_HIT_MISS_FEATURES=0 LOH_INCLUDE_CACHE_FEATURES=0 LOH_INCLUDE_CANDIDATE_FEATURES=0 LOH_INCLUDE_TOPK_CANDIDATE_FEATURES=0 LOH_INCLUDE_AVGTOPK_CANDIDATE_FEATURES=0 LOH_INCLUDE_REQUEST=0 LOH_ENABLE_PENALTY=1 LOH_REWARD_USE_PENALTY=1 LOH_PENALTY_SCALE=log LOH_PENALTY_REWARD_FORMULA=centered LOH_REWARD_W_PENALTY=1.0 LOH_PENALTY_CUTOFF=0 LOH_PENALTY_DMAX=400000 LOH_PENALTY_EMPTY_AS_GOOD=1 LOH_PENALTY_REFINE_ON_LATE=1 LOH_PENALTY_NO_EVICT_REWARD=keep LOH_PENALTY_BASELINE_DECAY=0.99 LOH_SURVIVAL_BINS=64 LOH_SURVIVAL_QUANTILE=0.99 LOH_SURVIVAL_MINCOUNT=1000 LOH_PENALTY_NET_GOOD_SCALE=1.0 LOH_PENALTY_NET_PENALTY_SCALE=1.0 LOH_PENALTY_SCALE=survival LOH_SURVIVAL_BINS=64
110,1,0.375629,0.000000,0.354850,0.000000,0.010000,0.000000,LOH_PARALLEL_SAFE=1 LOH_SKIP_PIP_INSTALL=1 LOH_SKIP_BUILD=1 LOH_DEBUG_LEVEL=1 CACHESIM_VERBOSE=0 CACHESIM_NUM_REQ=3000000 LOH_RL_ALGO=SAC LOH_ACTION_SCALE=1.0 LOH_SCORE_USE_COMPOUND=0 LOH_SCORE_USE_IRT=0 LOH_USE_SOFTMAX=0 LOH_USE_HEURISTIC_SIGNS=0 LOH_INCLUDE_HIT_MISS_FEATURES=0 LOH_INCLUDE_CACHE_FEATURES=0 LOH_INCLUDE_CANDIDATE_FEATURES=0 LOH_INCLUDE_TOPK_CANDIDATE_FEATURES=0 LOH_INCLUDE_AVGTOPK_CANDIDATE_FEATURES=0 LOH_INCLUDE_REQUEST=0 LOH_ENABLE_PENALTY=1 LOH_REWARD_USE_PENALTY=1 LOH_PENALTY_SCALE=log LOH_PENALTY_REWARD_FORMULA=centered LOH_REWARD_W_PENALTY=1.0 LOH_PENALTY_CUTOFF=0 LOH_PENALTY_DMAX=400000 LOH_PENALTY_EMPTY_AS_GOOD=1 LOH_PENALTY_REFINE_ON_LATE=1 LOH_PENALTY_NO_EVICT_REWARD=keep LOH_PENALTY_BASELINE_DECAY=0.99 LOH_SURVIVAL_BINS=64 LOH_SURVIVAL_QUANTILE=0.99 LOH_SURVIVAL_MINCOUNT=1000 LOH_PENALTY_NET_GOOD_SCALE=1.0 LOH_PENALTY_NET_PENALTY_SCALE=1.0 LOH_PENALTY_SCALE=survival LOH_SURVIVAL_MINCOUNT=500
111,1,0.373365,0.000000,0.353581,0.000000,0.010000,0.000000,LOH_PARALLEL_SAFE=1 LOH_SKIP_PIP_INSTALL=1 LOH_SKIP_BUILD=1 LOH_DEBUG_LEVEL=1 CACHESIM_VERBOSE=0 CACHESIM_NUM_REQ=3000000 LOH_RL_ALGO=SAC LOH_ACTION_SCALE=1.0 LOH_SCORE_USE_COMPOUND=0 LOH_SCORE_USE_IRT=0 LOH_USE_SOFTMAX=0 LOH_USE_HEURISTIC_SIGNS=0 LOH_INCLUDE_HIT_MISS_FEATURES=0 LOH_INCLUDE_CACHE_FEATURES=0 LOH_INCLUDE_CANDIDATE_FEATURES=0 LOH_INCLUDE_TOPK_CANDIDATE_FEATURES=0 LOH_INCLUDE_AVGTOPK_CANDIDATE_FEATURES=0 LOH_INCLUDE_REQUEST=0 LOH_ENABLE_PENALTY=1 LOH_REWARD_USE_PENALTY=1 LOH_PENALTY_SCALE=log LOH_PENALTY_REWARD_FORMULA=centered LOH_REWARD_W_PENALTY=1.0 LOH_PENALTY_CUTOFF=0 LOH_PENALTY_DMAX=400000 LOH_PENALTY_EMPTY_AS_GOOD=1 LOH_PENALTY_REFINE_ON_LATE=1 LOH_PENALTY_NO_EVICT_REWARD=keep LOH_PENALTY_BASELINE_DECAY=0.99 LOH_SURVIVAL_BINS=64 LOH_SURVIVAL_QUANTILE=0.99 LOH_SURVIVAL_MINCOUNT=1000 LOH_PENALTY_NET_GOOD_SCALE=1.0 LOH_PENALTY_NET_PENALTY_SCALE=1.0 LOH_PENALTY_SCALE=survival LOH_SURVIVAL_MINCOUNT=1000
112,1,0.369116,0.000000,0.351067,0.000000,0.010000,0.000000,LOH_PARALLEL_SAFE=1 LOH_SKIP_PIP_INSTALL=1 LOH_SKIP_BUILD=1 LOH_DEBUG_LEVEL=1 CACHESIM_VERBOSE=0 CACHESIM_NUM_REQ=3000000 LOH_RL_ALGO=SAC LOH_ACTION_SCALE=1.0 LOH_SCORE_USE_COMPOUND=0 LOH_SCORE_USE_IRT=0 LOH_USE_SOFTMAX=0 LOH_USE_HEURISTIC_SIGNS=0 LOH_INCLUDE_HIT_MISS_FEATURES=0 LOH_INCLUDE_CACHE_FEATURES=0 LOH_INCLUDE_CANDIDATE_FEATURES=0 LOH_INCLUDE_TOPK_CANDIDATE_FEATURES=0 LOH_INCLUDE_AVGTOPK_CANDIDATE_FEATURES=0 LOH_INCLUDE_REQUEST=0 LOH_ENABLE_PENALTY=1 LOH_REWARD_USE_PENALTY=1 LOH_PENALTY_SCALE=log LOH_PENALTY_REWARD_FORMULA=centered LOH_REWARD_W_PENALTY=1.0 LOH_PENALTY_CUTOFF=0 LOH_PENALTY_DMAX=400000 LOH_PENALTY_EMPTY_AS_GOOD=1 LOH_PENALTY_REFINE_ON_LATE=1 LOH_PENALTY_NO_EVICT_REWARD=keep LOH_PENALTY_BASELINE_DECAY=0.99 LOH_SURVIVAL_BINS=64 LOH_SURVIVAL_QUANTILE=0.99 LOH_SURVIVAL_MINCOUNT=1000 LOH_PENALTY_NET_GOOD_SCALE=1.0 LOH_PENALTY_NET_PENALTY_SCALE=1.0 LOH_PENALTY_REWARD_FORMULA=net LOH_PENALTY_NET_GOOD_SCALE=0.5
113,1,0.370631,0.000000,0.353257,0.000000,0.010000,0.000000,LOH_PARALLEL_SAFE=1 LOH_SKIP_PIP_INSTALL=1 LOH_SKIP_BUILD=1 LOH_DEBUG_LEVEL=1 CACHESIM_VERBOSE=0 CACHESIM_NUM_REQ=3000000 LOH_RL_ALGO=SAC LOH_ACTION_SCALE=1.0 LOH_SCORE_USE_COMPOUND=0 LOH_SCORE_USE_IRT=0 LOH_USE_SOFTMAX=0 LOH_USE_HEURISTIC_SIGNS=0 LOH_INCLUDE_HIT_MISS_FEATURES=0 LOH_INCLUDE_CACHE_FEATURES=0 LOH_INCLUDE_CANDIDATE_FEATURES=0 LOH_INCLUDE_TOPK_CANDIDATE_FEATURES=0 LOH_INCLUDE_AVGTOPK_CANDIDATE_FEATURES=0 LOH_INCLUDE_REQUEST=0 LOH_ENABLE_PENALTY=1 LOH_REWARD_USE_PENALTY=1 LOH_PENALTY_SCALE=log LOH_PENALTY_REWARD_FORMULA=centered LOH_REWARD_W_PENALTY=1.0 LOH_PENALTY_CUTOFF=0 LOH_PENALTY_DMAX=400000 LOH_PENALTY_EMPTY_AS_GOOD=1 LOH_PENALTY_REFINE_ON_LATE=1 LOH_PENALTY_NO_EVICT_REWARD=keep LOH_PENALTY_BASELINE_DECAY=0.99 LOH_SURVIVAL_BINS=64 LOH_SURVIVAL_QUANTILE=0.99 LOH_SURVIVAL_MINCOUNT=1000 LOH_PENALTY_NET_GOOD_SCALE=1.0 LOH_PENALTY_NET_PENALTY_SCALE=1.0 LOH_PENALTY_REWARD_FORMULA=net LOH_PENALTY_NET_GOOD_SCALE=1.0
114,1,0.370250,0.000000,0.352803,0.000000,0.010000,0.000000,LOH_PARALLEL_SAFE=1 LOH_SKIP_PIP_INSTALL=1 LOH_SKIP_BUILD=1 LOH_DEBUG_LEVEL=1 CACHESIM_VERBOSE=0 CACHESIM_NUM_REQ=3000000 LOH_RL_ALGO=SAC LOH_ACTION_SCALE=1.0 LOH_SCORE_USE_COMPOUND=0 LOH_SCORE_USE_IRT=0 LOH_USE_SOFTMAX=0 LOH_USE_HEURISTIC_SIGNS=0 LOH_INCLUDE_HIT_MISS_FEATURES=0 LOH_INCLUDE_CACHE_FEATURES=0 LOH_INCLUDE_CANDIDATE_FEATURES=0 LOH_INCLUDE_TOPK_CANDIDATE_FEATURES=0 LOH_INCLUDE_AVGTOPK_CANDIDATE_FEATURES=0 LOH_INCLUDE_REQUEST=0 LOH_ENABLE_PENALTY=1 LOH_REWARD_USE_PENALTY=1 LOH_PENALTY_SCALE=log LOH_PENALTY_REWARD_FORMULA=centered LOH_REWARD_W_PENALTY=1.0 LOH_PENALTY_CUTOFF=0 LOH_PENALTY_DMAX=400000 LOH_PENALTY_EMPTY_AS_GOOD=1 LOH_PENALTY_REFINE_ON_LATE=1 LOH_PENALTY_NO_EVICT_REWARD=keep LOH_PENALTY_BASELINE_DECAY=0.99 LOH_SURVIVAL_BINS=64 LOH_SURVIVAL_QUANTILE=0.99 LOH_SURVIVAL_MINCOUNT=1000 LOH_PENALTY_NET_GOOD_SCALE=1.0 LOH_PENALTY_NET_PENALTY_SCALE=1.0 LOH_PENALTY_REWARD_FORMULA=net LOH_PENALTY_NET_GOOD_SCALE=2.0
115,1,0.369039,0.000000,0.350024,0.000000,0.010000,0.000000,LOH_PARALLEL_SAFE=1 LOH_SKIP_PIP_INSTALL=1 LOH_SKIP_BUILD=1 LOH_DEBUG_LEVEL=1 CACHESIM_VERBOSE=0 CACHESIM_NUM_REQ=3000000 LOH_RL_ALGO=SAC LOH_ACTION_SCALE=1.0 LOH_SCORE_USE_COMPOUND=0 LOH_SCORE_USE_IRT=0 LOH_USE_SOFTMAX=0 LOH_USE_HEURISTIC_SIGNS=0 LOH_INCLUDE_HIT_MISS_FEATURES=0 LOH_INCLUDE_CACHE_FEATURES=0 LOH_INCLUDE_CANDIDATE_FEATURES=0 LOH_INCLUDE_TOPK_CANDIDATE_FEATURES=0 LOH_INCLUDE_AVGTOPK_CANDIDATE_FEATURES=0 LOH_INCLUDE_REQUEST=0 LOH_ENABLE_PENALTY=1 LOH_REWARD_USE_PENALTY=1 LOH_PENALTY_SCALE=log LOH_PENALTY_REWARD_FORMULA=centered LOH_REWARD_W_PENALTY=1.0 LOH_PENALTY_CUTOFF=0 LOH_PENALTY_DMAX=400000 LOH_PENALTY_EMPTY_AS_GOOD=1 LOH_PENALTY_REFINE_ON_LATE=1 LOH_PENALTY_NO_EVICT_REWARD=keep LOH_PENALTY_BASELINE_DECAY=0.99 LOH_SURVIVAL_BINS=64 LOH_SURVIVAL_QUANTILE=0.99 LOH_SURVIVAL_MINCOUNT=1000 LOH_PENALTY_NET_GOOD_SCALE=1.0 LOH_PENALTY_NET_PENALTY_SCALE=1.0 LOH_PENALTY_REWARD_FORMULA=net LOH_PENALTY_NET_PENALTY_SCALE=0.5
116,1,0.369477,0.000000,0.351289,0.000000,0.010000,0.000000,LOH_PARALLEL_SAFE=1 LOH_SKIP_PIP_INSTALL=1 LOH_SKIP_BUILD=1 LOH_DEBUG_LEVEL=1 CACHESIM_VERBOSE=0 CACHESIM_NUM_REQ=3000000 LOH_RL_ALGO=SAC LOH_ACTION_SCALE=1.0 LOH_SCORE_USE_COMPOUND=0 LOH_SCORE_USE_IRT=0 LOH_USE_SOFTMAX=0 LOH_USE_HEURISTIC_SIGNS=0 LOH_INCLUDE_HIT_MISS_FEATURES=0 LOH_INCLUDE_CACHE_FEATURES=0 LOH_INCLUDE_CANDIDATE_FEATURES=0 LOH_INCLUDE_TOPK_CANDIDATE_FEATURES=0 LOH_INCLUDE_AVGTOPK_CANDIDATE_FEATURES=0 LOH_INCLUDE_REQUEST=0 LOH_ENABLE_PENALTY=1 LOH_REWARD_USE_PENALTY=1 LOH_PENALTY_SCALE=log LOH_PENALTY_REWARD_FORMULA=centered LOH_REWARD_W_PENALTY=1.0 LOH_PENALTY_CUTOFF=0 LOH_PENALTY_DMAX=400000 LOH_PENALTY_EMPTY_AS_GOOD=1 LOH_PENALTY_REFINE_ON_LATE=1 LOH_PENALTY_NO_EVICT_REWARD=keep LOH_PENALTY_BASELINE_DECAY=0.99 LOH_SURVIVAL_BINS=64 LOH_SURVIVAL_QUANTILE=0.99 LOH_SURVIVAL_MINCOUNT=1000 LOH_PENALTY_NET_GOOD_SCALE=1.0 LOH_PENALTY_NET_PENALTY_SCALE=1.0 LOH_PENALTY_REWARD_FORMULA=net LOH_PENALTY_NET_PENALTY_SCALE=1.0
117,1,0.369900,0.000000,0.350684,0.000000,0.010000,0.000000,LOH_PARALLEL_SAFE=1 LOH_SKIP_PIP_INSTALL=1 LOH_SKIP_BUILD=1 LOH_DEBUG_LEVEL=1 CACHESIM_VERBOSE=0 CACHESIM_NUM_REQ=3000000 LOH_RL_ALGO=SAC LOH_ACTION_SCALE=1.0 LOH_SCORE_USE_COMPOUND=0 LOH_SCORE_USE_IRT=0 LOH_USE_SOFTMAX=0 LOH_USE_HEURISTIC_SIGNS=0 LOH_INCLUDE_HIT_MISS_FEATURES=0 LOH_INCLUDE_CACHE_FEATURES=0 LOH_INCLUDE_CANDIDATE_FEATURES=0 LOH_INCLUDE_TOPK_CANDIDATE_FEATURES=0 LOH_INCLUDE_AVGTOPK_CANDIDATE_FEATURES=0 LOH_INCLUDE_REQUEST=0 LOH_ENABLE_PENALTY=1 LOH_REWARD_USE_PENALTY=1 LOH_PENALTY_SCALE=log LOH_PENALTY_REWARD_FORMULA=centered LOH_REWARD_W_PENALTY=1.0 LOH_PENALTY_CUTOFF=0 LOH_PENALTY_DMAX=400000 LOH_PENALTY_EMPTY_AS_GOOD=1 LOH_PENALTY_REFINE_ON_LATE=1 LOH_PENALTY_NO_EVICT_REWARD=keep LOH_PENALTY_BASELINE_DECAY=0.99 LOH_SURVIVAL_BINS=64 LOH_SURVIVAL_QUANTILE=0.99 LOH_SURVIVAL_MINCOUNT=1000 LOH_PENALTY_NET_GOOD_SCALE=1.0 LOH_PENALTY_NET_PENALTY_SCALE=1.0 LOH_PENALTY_REWARD_FORMULA=net LOH_PENALTY_NET_PENALTY_SCALE=2.0
118,1,0.368272,0.000000,0.351292,0.000000,0.010000,0.000000,LOH_PARALLEL_SAFE=1 LOH_SKIP_PIP_INSTALL=1 LOH_SKIP_BUILD=1 LOH_DEBUG_LEVEL=1 CACHESIM_VERBOSE=0 CACHESIM_NUM_REQ=3000000 LOH_RL_ALGO=SAC LOH_ACTION_SCALE=1.0 LOH_SCORE_USE_COMPOUND=0 LOH_SCORE_USE_IRT=0 LOH_USE_SOFTMAX=0 LOH_USE_HEURISTIC_SIGNS=0 LOH_INCLUDE_HIT_MISS_FEATURES=0 LOH_INCLUDE_CACHE_FEATURES=0 LOH_INCLUDE_CANDIDATE_FEATURES=0 LOH_INCLUDE_TOPK_CANDIDATE_FEATURES=0 LOH_INCLUDE_AVGTOPK_CANDIDATE_FEATURES=0 LOH_INCLUDE_REQUEST=0 LOH_ENABLE_PENALTY=1 LOH_REWARD_USE_PENALTY=1 LOH_PENALTY_SCALE=log LOH_PENALTY_REWARD_FORMULA=centered LOH_REWARD_W_PENALTY=1.0 LOH_PENALTY_CUTOFF=0 LOH_PENALTY_DMAX=400000 LOH_PENALTY_EMPTY_AS_GOOD=1 LOH_PENALTY_REFINE_ON_LATE=1 LOH_PENALTY_NO_EVICT_REWARD=keep LOH_PENALTY_BASELINE_DECAY=0.99 LOH_SURVIVAL_BINS=64 LOH_SURVIVAL_QUANTILE=0.99 LOH_SURVIVAL_MINCOUNT=1000 LOH_PENALTY_NET_GOOD_SCALE=1.0 LOH_PENALTY_NET_PENALTY_SCALE=1.0 LOH_PENALTY_REWARD_FORMULA=net2 LOH_PENALTY_NET_GOOD_SCALE=0.5
119,1,0.368039,0.000000,0.350958,0.000000,0.010000,0.000000,LOH_PARALLEL_SAFE=1 LOH_SKIP_PIP_INSTALL=1 LOH_SKIP_BUILD=1 LOH_DEBUG_LEVEL=1 CACHESIM_VERBOSE=0 CACHESIM_NUM_REQ=3000000 LOH_RL_ALGO=SAC LOH_ACTION_SCALE=1.0 LOH_SCORE_USE_COMPOUND=0 LOH_SCORE_USE_IRT=0 LOH_USE_SOFTMAX=0 LOH_USE_HEURISTIC_SIGNS=0 LOH_INCLUDE_HIT_MISS_FEATURES=0 LOH_INCLUDE_CACHE_FEATURES=0 LOH_INCLUDE_CANDIDATE_FEATURES=0 LOH_INCLUDE_TOPK_CANDIDATE_FEATURES=0 LOH_INCLUDE_AVGTOPK_CANDIDATE_FEATURES=0 LOH_INCLUDE_REQUEST=0 LOH_ENABLE_PENALTY=1 LOH_REWARD_USE_PENALTY=1 LOH_PENALTY_SCALE=log LOH_PENALTY_REWARD_FORMULA=centered LOH_REWARD_W_PENALTY=1.0 LOH_PENALTY_CUTOFF=0 LOH_PENALTY_DMAX=400000 LOH_PENALTY_EMPTY_AS_GOOD=1 LOH_PENALTY_REFINE_ON_LATE=1 LOH_PENALTY_NO_EVICT_REWARD=keep LOH_PENALTY_BASELINE_DECAY=0.99 LOH_SURVIVAL_BINS=64 LOH_SURVIVAL_QUANTILE=0.99 LOH_SURVIVAL_MINCOUNT=1000 LOH_PENALTY_NET_GOOD_SCALE=1.0 LOH_PENALTY_NET_PENALTY_SCALE=1.0 LOH_PENALTY_REWARD_FORMULA=net2 LOH_PENALTY_NET_GOOD_SCALE=1.0
120,1,0.365919,0.000000,0.347852,0.000000,0.010000,0.000000,LOH_PARALLEL_SAFE=1 LOH_SKIP_PIP_INSTALL=1 LOH_SKIP_BUILD=1 LOH_DEBUG_LEVEL=1 CACHESIM_VERBOSE=0 CACHESIM_NUM_REQ=3000000 LOH_RL_ALGO=SAC LOH_ACTION_SCALE=1.0 LOH_SCORE_USE_COMPOUND=0 LOH_SCORE_USE_IRT=0 LOH_USE_SOFTMAX=0 LOH_USE_HEURISTIC_SIGNS=0 LOH_INCLUDE_HIT_MISS_FEATURES=0 LOH_INCLUDE_CACHE_FEATURES=0 LOH_INCLUDE_CANDIDATE_FEATURES=0 LOH_INCLUDE_TOPK_CANDIDATE_FEATURES=0 LOH_INCLUDE_AVGTOPK_CANDIDATE_FEATURES=0 LOH_INCLUDE_REQUEST=0 LOH_ENABLE_PENALTY=1 LOH_REWARD_USE_PENALTY=1 LOH_PENALTY_SCALE=log LOH_PENALTY_REWARD_FORMULA=centered LOH_REWARD_W_PENALTY=1.0 LOH_PENALTY_CUTOFF=0 LOH_PENALTY_DMAX=400000 LOH_PENALTY_EMPTY_AS_GOOD=1 LOH_PENALTY_REFINE_ON_LATE=1 LOH_PENALTY_NO_EVICT_REWARD=keep LOH_PENALTY_BASELINE_DECAY=0.99 LOH_SURVIVAL_BINS=64 LOH_SURVIVAL_QUANTILE=0.99 LOH_SURVIVAL_MINCOUNT=1000 LOH_PENALTY_NET_GOOD_SCALE=1.0 LOH_PENALTY_NET_PENALTY_SCALE=1.0 LOH_PENALTY_REWARD_FORMULA=net2 LOH_PENALTY_NET_GOOD_SCALE=2.0
121,1,0.365912,0.000000,0.347158,0.000000,0.010000,0.000000,LOH_PARALLEL_SAFE=1 LOH_SKIP_PIP_INSTALL=1 LOH_SKIP_BUILD=1 LOH_DEBUG_LEVEL=1 CACHESIM_VERBOSE=0 CACHESIM_NUM_REQ=3000000 LOH_RL_ALGO=SAC LOH_ACTION_SCALE=1.0 LOH_SCORE_USE_COMPOUND=0 LOH_SCORE_USE_IRT=0 LOH_USE_SOFTMAX=0 LOH_USE_HEURISTIC_SIGNS=0 LOH_INCLUDE_HIT_MISS_FEATURES=0 LOH_INCLUDE_CACHE_FEATURES=0 LOH_INCLUDE_CANDIDATE_FEATURES=0 LOH_INCLUDE_TOPK_CANDIDATE_FEATURES=0 LOH_INCLUDE_AVGTOPK_CANDIDATE_FEATURES=0 LOH_INCLUDE_REQUEST=0 LOH_ENABLE_PENALTY=1 LOH_REWARD_USE_PENALTY=1 LOH_PENALTY_SCALE=log LOH_PENALTY_REWARD_FORMULA=centered LOH_REWARD_W_PENALTY=1.0 LOH_PENALTY_CUTOFF=0 LOH_PENALTY_DMAX=400000 LOH_PENALTY_EMPTY_AS_GOOD=1 LOH_PENALTY_REFINE_ON_LATE=1 LOH_PENALTY_NO_EVICT_REWARD=keep LOH_PENALTY_BASELINE_DECAY=0.99 LOH_SURVIVAL_BINS=64 LOH_SURVIVAL_QUANTILE=0.99 LOH_SURVIVAL_MINCOUNT=1000 LOH_PENALTY_NET_GOOD_SCALE=1.0 LOH_PENALTY_NET_PENALTY_SCALE=1.0 LOH_PENALTY_REWARD_FORMULA=net2 LOH_PENALTY_NET_PENALTY_SCALE=0.5
122,1,0.368488,0.000000,0.351645,0.000000,0.010000,0.000000,LOH_PARALLEL_SAFE=1 LOH_SKIP_PIP_INSTALL=1 LOH_SKIP_BUILD=1 LOH_DEBUG_LEVEL=1 CACHESIM_VERBOSE=0 CACHESIM_NUM_REQ=3000000 LOH_RL_ALGO=SAC LOH_ACTION_SCALE=1.0 LOH_SCORE_USE_COMPOUND=0 LOH_SCORE_USE_IRT=0 LOH_USE_SOFTMAX=0 LOH_USE_HEURISTIC_SIGNS=0 LOH_INCLUDE_HIT_MISS_FEATURES=0 LOH_INCLUDE_CACHE_FEATURES=0 LOH_INCLUDE_CANDIDATE_FEATURES=0 LOH_INCLUDE_TOPK_CANDIDATE_FEATURES=0 LOH_INCLUDE_AVGTOPK_CANDIDATE_FEATURES=0 LOH_INCLUDE_REQUEST=0 LOH_ENABLE_PENALTY=1 LOH_REWARD_USE_PENALTY=1 LOH_PENALTY_SCALE=log LOH_PENALTY_REWARD_FORMULA=centered LOH_REWARD_W_PENALTY=1.0 LOH_PENALTY_CUTOFF=0 LOH_PENALTY_DMAX=400000 LOH_PENALTY_EMPTY_AS_GOOD=1 LOH_PENALTY_REFINE_ON_LATE=1 LOH_PENALTY_NO_EVICT_REWARD=keep LOH_PENALTY_BASELINE_DECAY=0.99 LOH_SURVIVAL_BINS=64 LOH_SURVIVAL_QUANTILE=0.99 LOH_SURVIVAL_MINCOUNT=1000 LOH_PENALTY_NET_GOOD_SCALE=1.0 LOH_PENALTY_NET_PENALTY_SCALE=1.0 LOH_PENALTY_REWARD_FORMULA=net2 LOH_PENALTY_NET_PENALTY_SCALE=1.0
123,1,0.369445,0.000000,0.353525,0.000000,0.010000,0.000000,LOH_PARALLEL_SAFE=1 LOH_SKIP_PIP_INSTALL=1 LOH_SKIP_BUILD=1 LOH_DEBUG_LEVEL=1 CACHESIM_VERBOSE=0 CACHESIM_NUM_REQ=3000000 LOH_RL_ALGO=SAC LOH_ACTION_SCALE=1.0 LOH_SCORE_USE_COMPOUND=0 LOH_SCORE_USE_IRT=0 LOH_USE_SOFTMAX=0 LOH_USE_HEURISTIC_SIGNS=0 LOH_INCLUDE_HIT_MISS_FEATURES=0 LOH_INCLUDE_CACHE_FEATURES=0 LOH_INCLUDE_CANDIDATE_FEATURES=0 LOH_INCLUDE_TOPK_CANDIDATE_FEATURES=0 LOH_INCLUDE_AVGTOPK_CANDIDATE_FEATURES=0 LOH_INCLUDE_REQUEST=0 LOH_ENABLE_PENALTY=1 LOH_REWARD_USE_PENALTY=1 LOH_PENALTY_SCALE=log LOH_PENALTY_REWARD_FORMULA=centered LOH_REWARD_W_PENALTY=1.0 LOH_PENALTY_CUTOFF=0 LOH_PENALTY_DMAX=400000 LOH_PENALTY_EMPTY_AS_GOOD=1 LOH_PENALTY_REFINE_ON_LATE=1 LOH_PENALTY_NO_EVICT_REWARD=keep LOH_PENALTY_BASELINE_DECAY=0.99 LOH_SURVIVAL_BINS=64 LOH_SURVIVAL_QUANTILE=0.99 LOH_SURVIVAL_MINCOUNT=1000 LOH_PENALTY_NET_GOOD_SCALE=1.0 LOH_PENALTY_NET_PENALTY_SCALE=1.0 LOH_PENALTY_REWARD_FORMULA=net2 LOH_PENALTY_NET_PENALTY_SCALE=2.0
