idx,rep,seed,run_timestamp,exit_code,miss_ratio,byte_miss_ratio,throughput_mqps,trace_file,cache_ratio,config
1,1,101,1063_to032_20260213_2325__stage3_001_r01,0,0.358421,0.347631,0.00,"data/TencentCBS/1063.oracleGeneral.zst",0.1,"LOH_PARALLEL_SAFE=1 LOH_SKIP_PIP_INSTALL=1 LOH_SKIP_BUILD=1 CACHESIM_VERBOSE=0 CACHESIM_NUM_REQ=3000000 LOH_SCORE_USE_COMPOUND=0 LOH_SCORE_USE_IRT=0 LOH_USE_SOFTMAX=0 LOH_USE_HEURISTIC_SIGNS=0 LOH_INCLUDE_HIT_MISS_FEATURES=1 LOH_INCLUDE_CACHE_FEATURES=1 LOH_INCLUDE_CANDIDATE_FEATURES=0 LOH_INCLUDE_TOPK_CANDIDATE_FEATURES=0 LOH_INCLUDE_AVGTOPK_CANDIDATE_FEATURES=0 LOH_INCLUDE_REQUEST=1 RL_STATE_USE_MISSRATIO=1 LOH_ENABLE_PENALTY=1 LOH_REWARD_USE_PENALTY=0 LOH_RL_ALGO=SAC RL_UPDATE_INTERVAL=50 LOH_ACTION_SCALE=0.6"
2,1,201,1063_to032_20260213_2325__stage3_002_r01,0,0.357197,0.347209,0.00,"data/TencentCBS/1063.oracleGeneral.zst",0.1,"LOH_PARALLEL_SAFE=1 LOH_SKIP_PIP_INSTALL=1 LOH_SKIP_BUILD=1 CACHESIM_VERBOSE=0 CACHESIM_NUM_REQ=3000000 LOH_SCORE_USE_COMPOUND=0 LOH_SCORE_USE_IRT=0 LOH_USE_SOFTMAX=0 LOH_USE_HEURISTIC_SIGNS=0 LOH_INCLUDE_HIT_MISS_FEATURES=1 LOH_INCLUDE_CACHE_FEATURES=1 LOH_INCLUDE_CANDIDATE_FEATURES=0 LOH_INCLUDE_TOPK_CANDIDATE_FEATURES=0 LOH_INCLUDE_AVGTOPK_CANDIDATE_FEATURES=0 LOH_INCLUDE_REQUEST=1 RL_STATE_USE_MISSRATIO=1 LOH_ENABLE_PENALTY=1 LOH_REWARD_USE_PENALTY=1 LOH_RL_ALGO=SAC RL_UPDATE_INTERVAL=50 LOH_ACTION_SCALE=0.6 LOH_PENALTY_SCALE=log LOH_PENALTY_REWARD_FORMULA=neg LOH_REWARD_W_PENALTY=0.1 LOH_PENALTY_CUTOFF=0 LOH_PENALTY_DMAX=400000 LOH_PENALTY_EMPTY_AS_GOOD=1 LOH_PENALTY_REFINE_ON_LATE=1 LOH_PENALTY_NO_EVICT_REWARD=keep LOH_PENALTY_BASELINE_DECAY=0.99 LOH_SURVIVAL_BINS=64 LOH_SURVIVAL_QUANTILE=0.99 LOH_SURVIVAL_MINCOUNT=1000 LOH_PENALTY_NET_GOOD_SCALE=1.0 LOH_PENALTY_NET_PENALTY_SCALE=1.0"
3,1,301,1063_to032_20260213_2325__stage3_003_r01,0,0.359897,0.347064,0.00,"data/TencentCBS/1063.oracleGeneral.zst",0.1,"LOH_PARALLEL_SAFE=1 LOH_SKIP_PIP_INSTALL=1 LOH_SKIP_BUILD=1 CACHESIM_VERBOSE=0 CACHESIM_NUM_REQ=3000000 LOH_SCORE_USE_COMPOUND=0 LOH_SCORE_USE_IRT=0 LOH_USE_SOFTMAX=0 LOH_USE_HEURISTIC_SIGNS=0 LOH_INCLUDE_HIT_MISS_FEATURES=1 LOH_INCLUDE_CACHE_FEATURES=1 LOH_INCLUDE_CANDIDATE_FEATURES=0 LOH_INCLUDE_TOPK_CANDIDATE_FEATURES=0 LOH_INCLUDE_AVGTOPK_CANDIDATE_FEATURES=0 LOH_INCLUDE_REQUEST=1 RL_STATE_USE_MISSRATIO=1 LOH_ENABLE_PENALTY=1 LOH_REWARD_USE_PENALTY=0 LOH_RL_ALGO=SAC RL_UPDATE_INTERVAL=50 LOH_ACTION_SCALE=0.8"
4,1,401,1063_to032_20260213_2325__stage3_004_r01,0,0.356015,0.346569,0.00,"data/TencentCBS/1063.oracleGeneral.zst",0.1,"LOH_PARALLEL_SAFE=1 LOH_SKIP_PIP_INSTALL=1 LOH_SKIP_BUILD=1 CACHESIM_VERBOSE=0 CACHESIM_NUM_REQ=3000000 LOH_SCORE_USE_COMPOUND=0 LOH_SCORE_USE_IRT=0 LOH_USE_SOFTMAX=0 LOH_USE_HEURISTIC_SIGNS=0 LOH_INCLUDE_HIT_MISS_FEATURES=1 LOH_INCLUDE_CACHE_FEATURES=1 LOH_INCLUDE_CANDIDATE_FEATURES=0 LOH_INCLUDE_TOPK_CANDIDATE_FEATURES=0 LOH_INCLUDE_AVGTOPK_CANDIDATE_FEATURES=0 LOH_INCLUDE_REQUEST=1 RL_STATE_USE_MISSRATIO=1 LOH_ENABLE_PENALTY=1 LOH_REWARD_USE_PENALTY=1 LOH_RL_ALGO=SAC RL_UPDATE_INTERVAL=50 LOH_ACTION_SCALE=0.8 LOH_PENALTY_SCALE=log LOH_PENALTY_REWARD_FORMULA=neg LOH_REWARD_W_PENALTY=0.1 LOH_PENALTY_CUTOFF=0 LOH_PENALTY_DMAX=400000 LOH_PENALTY_EMPTY_AS_GOOD=1 LOH_PENALTY_REFINE_ON_LATE=1 LOH_PENALTY_NO_EVICT_REWARD=keep LOH_PENALTY_BASELINE_DECAY=0.99 LOH_SURVIVAL_BINS=64 LOH_SURVIVAL_QUANTILE=0.99 LOH_SURVIVAL_MINCOUNT=1000 LOH_PENALTY_NET_GOOD_SCALE=1.0 LOH_PENALTY_NET_PENALTY_SCALE=1.0"
5,1,501,1063_to032_20260213_2325__stage3_005_r01,0,0.360041,0.349583,0.00,"data/TencentCBS/1063.oracleGeneral.zst",0.1,"LOH_PARALLEL_SAFE=1 LOH_SKIP_PIP_INSTALL=1 LOH_SKIP_BUILD=1 CACHESIM_VERBOSE=0 CACHESIM_NUM_REQ=3000000 LOH_SCORE_USE_COMPOUND=0 LOH_SCORE_USE_IRT=0 LOH_USE_SOFTMAX=0 LOH_USE_HEURISTIC_SIGNS=0 LOH_INCLUDE_HIT_MISS_FEATURES=1 LOH_INCLUDE_CACHE_FEATURES=1 LOH_INCLUDE_CANDIDATE_FEATURES=0 LOH_INCLUDE_TOPK_CANDIDATE_FEATURES=0 LOH_INCLUDE_AVGTOPK_CANDIDATE_FEATURES=0 LOH_INCLUDE_REQUEST=1 RL_STATE_USE_MISSRATIO=1 LOH_ENABLE_PENALTY=1 LOH_REWARD_USE_PENALTY=0 LOH_RL_ALGO=SAC RL_UPDATE_INTERVAL=50 LOH_ACTION_SCALE=1.0"
6,1,601,1063_to032_20260213_2325__stage3_006_r01,0,0.358393,0.349445,0.00,"data/TencentCBS/1063.oracleGeneral.zst",0.1,"LOH_PARALLEL_SAFE=1 LOH_SKIP_PIP_INSTALL=1 LOH_SKIP_BUILD=1 CACHESIM_VERBOSE=0 CACHESIM_NUM_REQ=3000000 LOH_SCORE_USE_COMPOUND=0 LOH_SCORE_USE_IRT=0 LOH_USE_SOFTMAX=0 LOH_USE_HEURISTIC_SIGNS=0 LOH_INCLUDE_HIT_MISS_FEATURES=1 LOH_INCLUDE_CACHE_FEATURES=1 LOH_INCLUDE_CANDIDATE_FEATURES=0 LOH_INCLUDE_TOPK_CANDIDATE_FEATURES=0 LOH_INCLUDE_AVGTOPK_CANDIDATE_FEATURES=0 LOH_INCLUDE_REQUEST=1 RL_STATE_USE_MISSRATIO=1 LOH_ENABLE_PENALTY=1 LOH_REWARD_USE_PENALTY=1 LOH_RL_ALGO=SAC RL_UPDATE_INTERVAL=50 LOH_ACTION_SCALE=1.0 LOH_PENALTY_SCALE=log LOH_PENALTY_REWARD_FORMULA=neg LOH_REWARD_W_PENALTY=0.1 LOH_PENALTY_CUTOFF=0 LOH_PENALTY_DMAX=400000 LOH_PENALTY_EMPTY_AS_GOOD=1 LOH_PENALTY_REFINE_ON_LATE=1 LOH_PENALTY_NO_EVICT_REWARD=keep LOH_PENALTY_BASELINE_DECAY=0.99 LOH_SURVIVAL_BINS=64 LOH_SURVIVAL_QUANTILE=0.99 LOH_SURVIVAL_MINCOUNT=1000 LOH_PENALTY_NET_GOOD_SCALE=1.0 LOH_PENALTY_NET_PENALTY_SCALE=1.0"
7,1,701,1063_to032_20260213_2325__stage3_007_r01,0,0.358962,0.348811,0.00,"data/TencentCBS/1063.oracleGeneral.zst",0.1,"LOH_PARALLEL_SAFE=1 LOH_SKIP_PIP_INSTALL=1 LOH_SKIP_BUILD=1 CACHESIM_VERBOSE=0 CACHESIM_NUM_REQ=3000000 LOH_SCORE_USE_COMPOUND=0 LOH_SCORE_USE_IRT=0 LOH_USE_SOFTMAX=0 LOH_USE_HEURISTIC_SIGNS=0 LOH_INCLUDE_HIT_MISS_FEATURES=1 LOH_INCLUDE_CACHE_FEATURES=1 LOH_INCLUDE_CANDIDATE_FEATURES=0 LOH_INCLUDE_TOPK_CANDIDATE_FEATURES=0 LOH_INCLUDE_AVGTOPK_CANDIDATE_FEATURES=0 LOH_INCLUDE_REQUEST=1 RL_STATE_USE_MISSRATIO=1 LOH_ENABLE_PENALTY=1 LOH_REWARD_USE_PENALTY=0 LOH_RL_ALGO=SAC RL_UPDATE_INTERVAL=50 LOH_ACTION_SCALE=1.2"
8,1,801,1063_to032_20260213_2325__stage3_008_r01,0,0.356421,0.345845,0.00,"data/TencentCBS/1063.oracleGeneral.zst",0.1,"LOH_PARALLEL_SAFE=1 LOH_SKIP_PIP_INSTALL=1 LOH_SKIP_BUILD=1 CACHESIM_VERBOSE=0 CACHESIM_NUM_REQ=3000000 LOH_SCORE_USE_COMPOUND=0 LOH_SCORE_USE_IRT=0 LOH_USE_SOFTMAX=0 LOH_USE_HEURISTIC_SIGNS=0 LOH_INCLUDE_HIT_MISS_FEATURES=1 LOH_INCLUDE_CACHE_FEATURES=1 LOH_INCLUDE_CANDIDATE_FEATURES=0 LOH_INCLUDE_TOPK_CANDIDATE_FEATURES=0 LOH_INCLUDE_AVGTOPK_CANDIDATE_FEATURES=0 LOH_INCLUDE_REQUEST=1 RL_STATE_USE_MISSRATIO=1 LOH_ENABLE_PENALTY=1 LOH_REWARD_USE_PENALTY=1 LOH_RL_ALGO=SAC RL_UPDATE_INTERVAL=50 LOH_ACTION_SCALE=1.2 LOH_PENALTY_SCALE=log LOH_PENALTY_REWARD_FORMULA=neg LOH_REWARD_W_PENALTY=0.1 LOH_PENALTY_CUTOFF=0 LOH_PENALTY_DMAX=400000 LOH_PENALTY_EMPTY_AS_GOOD=1 LOH_PENALTY_REFINE_ON_LATE=1 LOH_PENALTY_NO_EVICT_REWARD=keep LOH_PENALTY_BASELINE_DECAY=0.99 LOH_SURVIVAL_BINS=64 LOH_SURVIVAL_QUANTILE=0.99 LOH_SURVIVAL_MINCOUNT=1000 LOH_PENALTY_NET_GOOD_SCALE=1.0 LOH_PENALTY_NET_PENALTY_SCALE=1.0"
9,1,901,1063_to032_20260213_2325__stage3_009_r01,0,0.365293,0.349820,0.00,"data/TencentCBS/1063.oracleGeneral.zst",0.1,"LOH_PARALLEL_SAFE=1 LOH_SKIP_PIP_INSTALL=1 LOH_SKIP_BUILD=1 CACHESIM_VERBOSE=0 CACHESIM_NUM_REQ=3000000 LOH_SCORE_USE_COMPOUND=0 LOH_SCORE_USE_IRT=0 LOH_USE_SOFTMAX=0 LOH_USE_HEURISTIC_SIGNS=0 LOH_INCLUDE_HIT_MISS_FEATURES=1 LOH_INCLUDE_CACHE_FEATURES=1 LOH_INCLUDE_CANDIDATE_FEATURES=0 LOH_INCLUDE_TOPK_CANDIDATE_FEATURES=0 LOH_INCLUDE_AVGTOPK_CANDIDATE_FEATURES=0 LOH_INCLUDE_REQUEST=1 RL_STATE_USE_MISSRATIO=1 LOH_ENABLE_PENALTY=1 LOH_REWARD_USE_PENALTY=0 LOH_RL_ALGO=SAC RL_UPDATE_INTERVAL=100 LOH_ACTION_SCALE=0.6"
10,1,1001,1063_to032_20260213_2325__stage3_010_r01,0,0.363030,0.349579,0.00,"data/TencentCBS/1063.oracleGeneral.zst",0.1,"LOH_PARALLEL_SAFE=1 LOH_SKIP_PIP_INSTALL=1 LOH_SKIP_BUILD=1 CACHESIM_VERBOSE=0 CACHESIM_NUM_REQ=3000000 LOH_SCORE_USE_COMPOUND=0 LOH_SCORE_USE_IRT=0 LOH_USE_SOFTMAX=0 LOH_USE_HEURISTIC_SIGNS=0 LOH_INCLUDE_HIT_MISS_FEATURES=1 LOH_INCLUDE_CACHE_FEATURES=1 LOH_INCLUDE_CANDIDATE_FEATURES=0 LOH_INCLUDE_TOPK_CANDIDATE_FEATURES=0 LOH_INCLUDE_AVGTOPK_CANDIDATE_FEATURES=0 LOH_INCLUDE_REQUEST=1 RL_STATE_USE_MISSRATIO=1 LOH_ENABLE_PENALTY=1 LOH_REWARD_USE_PENALTY=1 LOH_RL_ALGO=SAC RL_UPDATE_INTERVAL=100 LOH_ACTION_SCALE=0.6 LOH_PENALTY_SCALE=log LOH_PENALTY_REWARD_FORMULA=neg LOH_REWARD_W_PENALTY=0.1 LOH_PENALTY_CUTOFF=0 LOH_PENALTY_DMAX=400000 LOH_PENALTY_EMPTY_AS_GOOD=1 LOH_PENALTY_REFINE_ON_LATE=1 LOH_PENALTY_NO_EVICT_REWARD=keep LOH_PENALTY_BASELINE_DECAY=0.99 LOH_SURVIVAL_BINS=64 LOH_SURVIVAL_QUANTILE=0.99 LOH_SURVIVAL_MINCOUNT=1000 LOH_PENALTY_NET_GOOD_SCALE=1.0 LOH_PENALTY_NET_PENALTY_SCALE=1.0"
11,1,1101,1063_to032_20260213_2325__stage3_011_r01,0,0.364476,0.348896,0.00,"data/TencentCBS/1063.oracleGeneral.zst",0.1,"LOH_PARALLEL_SAFE=1 LOH_SKIP_PIP_INSTALL=1 LOH_SKIP_BUILD=1 CACHESIM_VERBOSE=0 CACHESIM_NUM_REQ=3000000 LOH_SCORE_USE_COMPOUND=0 LOH_SCORE_USE_IRT=0 LOH_USE_SOFTMAX=0 LOH_USE_HEURISTIC_SIGNS=0 LOH_INCLUDE_HIT_MISS_FEATURES=1 LOH_INCLUDE_CACHE_FEATURES=1 LOH_INCLUDE_CANDIDATE_FEATURES=0 LOH_INCLUDE_TOPK_CANDIDATE_FEATURES=0 LOH_INCLUDE_AVGTOPK_CANDIDATE_FEATURES=0 LOH_INCLUDE_REQUEST=1 RL_STATE_USE_MISSRATIO=1 LOH_ENABLE_PENALTY=1 LOH_REWARD_USE_PENALTY=0 LOH_RL_ALGO=SAC RL_UPDATE_INTERVAL=100 LOH_ACTION_SCALE=0.8"
12,1,1201,1063_to032_20260213_2325__stage3_012_r01,0,0.363093,0.349098,0.00,"data/TencentCBS/1063.oracleGeneral.zst",0.1,"LOH_PARALLEL_SAFE=1 LOH_SKIP_PIP_INSTALL=1 LOH_SKIP_BUILD=1 CACHESIM_VERBOSE=0 CACHESIM_NUM_REQ=3000000 LOH_SCORE_USE_COMPOUND=0 LOH_SCORE_USE_IRT=0 LOH_USE_SOFTMAX=0 LOH_USE_HEURISTIC_SIGNS=0 LOH_INCLUDE_HIT_MISS_FEATURES=1 LOH_INCLUDE_CACHE_FEATURES=1 LOH_INCLUDE_CANDIDATE_FEATURES=0 LOH_INCLUDE_TOPK_CANDIDATE_FEATURES=0 LOH_INCLUDE_AVGTOPK_CANDIDATE_FEATURES=0 LOH_INCLUDE_REQUEST=1 RL_STATE_USE_MISSRATIO=1 LOH_ENABLE_PENALTY=1 LOH_REWARD_USE_PENALTY=1 LOH_RL_ALGO=SAC RL_UPDATE_INTERVAL=100 LOH_ACTION_SCALE=0.8 LOH_PENALTY_SCALE=log LOH_PENALTY_REWARD_FORMULA=neg LOH_REWARD_W_PENALTY=0.1 LOH_PENALTY_CUTOFF=0 LOH_PENALTY_DMAX=400000 LOH_PENALTY_EMPTY_AS_GOOD=1 LOH_PENALTY_REFINE_ON_LATE=1 LOH_PENALTY_NO_EVICT_REWARD=keep LOH_PENALTY_BASELINE_DECAY=0.99 LOH_SURVIVAL_BINS=64 LOH_SURVIVAL_QUANTILE=0.99 LOH_SURVIVAL_MINCOUNT=1000 LOH_PENALTY_NET_GOOD_SCALE=1.0 LOH_PENALTY_NET_PENALTY_SCALE=1.0"
13,1,1301,1063_to032_20260213_2325__stage3_013_r01,0,0.364057,0.349972,0.00,"data/TencentCBS/1063.oracleGeneral.zst",0.1,"LOH_PARALLEL_SAFE=1 LOH_SKIP_PIP_INSTALL=1 LOH_SKIP_BUILD=1 CACHESIM_VERBOSE=0 CACHESIM_NUM_REQ=3000000 LOH_SCORE_USE_COMPOUND=0 LOH_SCORE_USE_IRT=0 LOH_USE_SOFTMAX=0 LOH_USE_HEURISTIC_SIGNS=0 LOH_INCLUDE_HIT_MISS_FEATURES=1 LOH_INCLUDE_CACHE_FEATURES=1 LOH_INCLUDE_CANDIDATE_FEATURES=0 LOH_INCLUDE_TOPK_CANDIDATE_FEATURES=0 LOH_INCLUDE_AVGTOPK_CANDIDATE_FEATURES=0 LOH_INCLUDE_REQUEST=1 RL_STATE_USE_MISSRATIO=1 LOH_ENABLE_PENALTY=1 LOH_REWARD_USE_PENALTY=0 LOH_RL_ALGO=SAC RL_UPDATE_INTERVAL=100 LOH_ACTION_SCALE=1.0"
14,1,1401,1063_to032_20260213_2325__stage3_014_r01,0,0.360049,0.346665,0.00,"data/TencentCBS/1063.oracleGeneral.zst",0.1,"LOH_PARALLEL_SAFE=1 LOH_SKIP_PIP_INSTALL=1 LOH_SKIP_BUILD=1 CACHESIM_VERBOSE=0 CACHESIM_NUM_REQ=3000000 LOH_SCORE_USE_COMPOUND=0 LOH_SCORE_USE_IRT=0 LOH_USE_SOFTMAX=0 LOH_USE_HEURISTIC_SIGNS=0 LOH_INCLUDE_HIT_MISS_FEATURES=1 LOH_INCLUDE_CACHE_FEATURES=1 LOH_INCLUDE_CANDIDATE_FEATURES=0 LOH_INCLUDE_TOPK_CANDIDATE_FEATURES=0 LOH_INCLUDE_AVGTOPK_CANDIDATE_FEATURES=0 LOH_INCLUDE_REQUEST=1 RL_STATE_USE_MISSRATIO=1 LOH_ENABLE_PENALTY=1 LOH_REWARD_USE_PENALTY=1 LOH_RL_ALGO=SAC RL_UPDATE_INTERVAL=100 LOH_ACTION_SCALE=1.0 LOH_PENALTY_SCALE=log LOH_PENALTY_REWARD_FORMULA=neg LOH_REWARD_W_PENALTY=0.1 LOH_PENALTY_CUTOFF=0 LOH_PENALTY_DMAX=400000 LOH_PENALTY_EMPTY_AS_GOOD=1 LOH_PENALTY_REFINE_ON_LATE=1 LOH_PENALTY_NO_EVICT_REWARD=keep LOH_PENALTY_BASELINE_DECAY=0.99 LOH_SURVIVAL_BINS=64 LOH_SURVIVAL_QUANTILE=0.99 LOH_SURVIVAL_MINCOUNT=1000 LOH_PENALTY_NET_GOOD_SCALE=1.0 LOH_PENALTY_NET_PENALTY_SCALE=1.0"
15,1,1501,1063_to032_20260213_2325__stage3_015_r01,0,0.363751,0.347557,0.00,"data/TencentCBS/1063.oracleGeneral.zst",0.1,"LOH_PARALLEL_SAFE=1 LOH_SKIP_PIP_INSTALL=1 LOH_SKIP_BUILD=1 CACHESIM_VERBOSE=0 CACHESIM_NUM_REQ=3000000 LOH_SCORE_USE_COMPOUND=0 LOH_SCORE_USE_IRT=0 LOH_USE_SOFTMAX=0 LOH_USE_HEURISTIC_SIGNS=0 LOH_INCLUDE_HIT_MISS_FEATURES=1 LOH_INCLUDE_CACHE_FEATURES=1 LOH_INCLUDE_CANDIDATE_FEATURES=0 LOH_INCLUDE_TOPK_CANDIDATE_FEATURES=0 LOH_INCLUDE_AVGTOPK_CANDIDATE_FEATURES=0 LOH_INCLUDE_REQUEST=1 RL_STATE_USE_MISSRATIO=1 LOH_ENABLE_PENALTY=1 LOH_REWARD_USE_PENALTY=0 LOH_RL_ALGO=SAC RL_UPDATE_INTERVAL=100 LOH_ACTION_SCALE=1.2"
16,1,1601,1063_to032_20260213_2325__stage3_016_r01,0,0.362155,0.349375,0.00,"data/TencentCBS/1063.oracleGeneral.zst",0.1,"LOH_PARALLEL_SAFE=1 LOH_SKIP_PIP_INSTALL=1 LOH_SKIP_BUILD=1 CACHESIM_VERBOSE=0 CACHESIM_NUM_REQ=3000000 LOH_SCORE_USE_COMPOUND=0 LOH_SCORE_USE_IRT=0 LOH_USE_SOFTMAX=0 LOH_USE_HEURISTIC_SIGNS=0 LOH_INCLUDE_HIT_MISS_FEATURES=1 LOH_INCLUDE_CACHE_FEATURES=1 LOH_INCLUDE_CANDIDATE_FEATURES=0 LOH_INCLUDE_TOPK_CANDIDATE_FEATURES=0 LOH_INCLUDE_AVGTOPK_CANDIDATE_FEATURES=0 LOH_INCLUDE_REQUEST=1 RL_STATE_USE_MISSRATIO=1 LOH_ENABLE_PENALTY=1 LOH_REWARD_USE_PENALTY=1 LOH_RL_ALGO=SAC RL_UPDATE_INTERVAL=100 LOH_ACTION_SCALE=1.2 LOH_PENALTY_SCALE=log LOH_PENALTY_REWARD_FORMULA=neg LOH_REWARD_W_PENALTY=0.1 LOH_PENALTY_CUTOFF=0 LOH_PENALTY_DMAX=400000 LOH_PENALTY_EMPTY_AS_GOOD=1 LOH_PENALTY_REFINE_ON_LATE=1 LOH_PENALTY_NO_EVICT_REWARD=keep LOH_PENALTY_BASELINE_DECAY=0.99 LOH_SURVIVAL_BINS=64 LOH_SURVIVAL_QUANTILE=0.99 LOH_SURVIVAL_MINCOUNT=1000 LOH_PENALTY_NET_GOOD_SCALE=1.0 LOH_PENALTY_NET_PENALTY_SCALE=1.0"
17,1,1701,1063_to032_20260213_2325__stage3_017_r01,0,0.370686,0.351729,0.01,"data/TencentCBS/1063.oracleGeneral.zst",0.1,"LOH_PARALLEL_SAFE=1 LOH_SKIP_PIP_INSTALL=1 LOH_SKIP_BUILD=1 CACHESIM_VERBOSE=0 CACHESIM_NUM_REQ=3000000 LOH_SCORE_USE_COMPOUND=0 LOH_SCORE_USE_IRT=0 LOH_USE_SOFTMAX=0 LOH_USE_HEURISTIC_SIGNS=0 LOH_INCLUDE_HIT_MISS_FEATURES=1 LOH_INCLUDE_CACHE_FEATURES=1 LOH_INCLUDE_CANDIDATE_FEATURES=0 LOH_INCLUDE_TOPK_CANDIDATE_FEATURES=0 LOH_INCLUDE_AVGTOPK_CANDIDATE_FEATURES=0 LOH_INCLUDE_REQUEST=1 RL_STATE_USE_MISSRATIO=1 LOH_ENABLE_PENALTY=1 LOH_REWARD_USE_PENALTY=0 LOH_RL_ALGO=SAC RL_UPDATE_INTERVAL=200 LOH_ACTION_SCALE=0.6"
18,1,1801,1063_to032_20260213_2325__stage3_018_r01,0,0.368672,0.351435,0.01,"data/TencentCBS/1063.oracleGeneral.zst",0.1,"LOH_PARALLEL_SAFE=1 LOH_SKIP_PIP_INSTALL=1 LOH_SKIP_BUILD=1 CACHESIM_VERBOSE=0 CACHESIM_NUM_REQ=3000000 LOH_SCORE_USE_COMPOUND=0 LOH_SCORE_USE_IRT=0 LOH_USE_SOFTMAX=0 LOH_USE_HEURISTIC_SIGNS=0 LOH_INCLUDE_HIT_MISS_FEATURES=1 LOH_INCLUDE_CACHE_FEATURES=1 LOH_INCLUDE_CANDIDATE_FEATURES=0 LOH_INCLUDE_TOPK_CANDIDATE_FEATURES=0 LOH_INCLUDE_AVGTOPK_CANDIDATE_FEATURES=0 LOH_INCLUDE_REQUEST=1 RL_STATE_USE_MISSRATIO=1 LOH_ENABLE_PENALTY=1 LOH_REWARD_USE_PENALTY=1 LOH_RL_ALGO=SAC RL_UPDATE_INTERVAL=200 LOH_ACTION_SCALE=0.6 LOH_PENALTY_SCALE=log LOH_PENALTY_REWARD_FORMULA=neg LOH_REWARD_W_PENALTY=0.1 LOH_PENALTY_CUTOFF=0 LOH_PENALTY_DMAX=400000 LOH_PENALTY_EMPTY_AS_GOOD=1 LOH_PENALTY_REFINE_ON_LATE=1 LOH_PENALTY_NO_EVICT_REWARD=keep LOH_PENALTY_BASELINE_DECAY=0.99 LOH_SURVIVAL_BINS=64 LOH_SURVIVAL_QUANTILE=0.99 LOH_SURVIVAL_MINCOUNT=1000 LOH_PENALTY_NET_GOOD_SCALE=1.0 LOH_PENALTY_NET_PENALTY_SCALE=1.0"
19,1,1901,1063_to032_20260213_2325__stage3_019_r01,0,0.372211,0.354110,0.01,"data/TencentCBS/1063.oracleGeneral.zst",0.1,"LOH_PARALLEL_SAFE=1 LOH_SKIP_PIP_INSTALL=1 LOH_SKIP_BUILD=1 CACHESIM_VERBOSE=0 CACHESIM_NUM_REQ=3000000 LOH_SCORE_USE_COMPOUND=0 LOH_SCORE_USE_IRT=0 LOH_USE_SOFTMAX=0 LOH_USE_HEURISTIC_SIGNS=0 LOH_INCLUDE_HIT_MISS_FEATURES=1 LOH_INCLUDE_CACHE_FEATURES=1 LOH_INCLUDE_CANDIDATE_FEATURES=0 LOH_INCLUDE_TOPK_CANDIDATE_FEATURES=0 LOH_INCLUDE_AVGTOPK_CANDIDATE_FEATURES=0 LOH_INCLUDE_REQUEST=1 RL_STATE_USE_MISSRATIO=1 LOH_ENABLE_PENALTY=1 LOH_REWARD_USE_PENALTY=0 LOH_RL_ALGO=SAC RL_UPDATE_INTERVAL=200 LOH_ACTION_SCALE=0.8"
20,1,2001,1063_to032_20260213_2325__stage3_020_r01,0,0.367955,0.353028,0.01,"data/TencentCBS/1063.oracleGeneral.zst",0.1,"LOH_PARALLEL_SAFE=1 LOH_SKIP_PIP_INSTALL=1 LOH_SKIP_BUILD=1 CACHESIM_VERBOSE=0 CACHESIM_NUM_REQ=3000000 LOH_SCORE_USE_COMPOUND=0 LOH_SCORE_USE_IRT=0 LOH_USE_SOFTMAX=0 LOH_USE_HEURISTIC_SIGNS=0 LOH_INCLUDE_HIT_MISS_FEATURES=1 LOH_INCLUDE_CACHE_FEATURES=1 LOH_INCLUDE_CANDIDATE_FEATURES=0 LOH_INCLUDE_TOPK_CANDIDATE_FEATURES=0 LOH_INCLUDE_AVGTOPK_CANDIDATE_FEATURES=0 LOH_INCLUDE_REQUEST=1 RL_STATE_USE_MISSRATIO=1 LOH_ENABLE_PENALTY=1 LOH_REWARD_USE_PENALTY=1 LOH_RL_ALGO=SAC RL_UPDATE_INTERVAL=200 LOH_ACTION_SCALE=0.8 LOH_PENALTY_SCALE=log LOH_PENALTY_REWARD_FORMULA=neg LOH_REWARD_W_PENALTY=0.1 LOH_PENALTY_CUTOFF=0 LOH_PENALTY_DMAX=400000 LOH_PENALTY_EMPTY_AS_GOOD=1 LOH_PENALTY_REFINE_ON_LATE=1 LOH_PENALTY_NO_EVICT_REWARD=keep LOH_PENALTY_BASELINE_DECAY=0.99 LOH_SURVIVAL_BINS=64 LOH_SURVIVAL_QUANTILE=0.99 LOH_SURVIVAL_MINCOUNT=1000 LOH_PENALTY_NET_GOOD_SCALE=1.0 LOH_PENALTY_NET_PENALTY_SCALE=1.0"
21,1,2101,1063_to032_20260213_2325__stage3_021_r01,0,0.369596,0.351266,0.01,"data/TencentCBS/1063.oracleGeneral.zst",0.1,"LOH_PARALLEL_SAFE=1 LOH_SKIP_PIP_INSTALL=1 LOH_SKIP_BUILD=1 CACHESIM_VERBOSE=0 CACHESIM_NUM_REQ=3000000 LOH_SCORE_USE_COMPOUND=0 LOH_SCORE_USE_IRT=0 LOH_USE_SOFTMAX=0 LOH_USE_HEURISTIC_SIGNS=0 LOH_INCLUDE_HIT_MISS_FEATURES=1 LOH_INCLUDE_CACHE_FEATURES=1 LOH_INCLUDE_CANDIDATE_FEATURES=0 LOH_INCLUDE_TOPK_CANDIDATE_FEATURES=0 LOH_INCLUDE_AVGTOPK_CANDIDATE_FEATURES=0 LOH_INCLUDE_REQUEST=1 RL_STATE_USE_MISSRATIO=1 LOH_ENABLE_PENALTY=1 LOH_REWARD_USE_PENALTY=0 LOH_RL_ALGO=SAC RL_UPDATE_INTERVAL=200 LOH_ACTION_SCALE=1.0"
22,1,2201,1063_to032_20260213_2325__stage3_022_r01,0,0.366243,0.348727,0.01,"data/TencentCBS/1063.oracleGeneral.zst",0.1,"LOH_PARALLEL_SAFE=1 LOH_SKIP_PIP_INSTALL=1 LOH_SKIP_BUILD=1 CACHESIM_VERBOSE=0 CACHESIM_NUM_REQ=3000000 LOH_SCORE_USE_COMPOUND=0 LOH_SCORE_USE_IRT=0 LOH_USE_SOFTMAX=0 LOH_USE_HEURISTIC_SIGNS=0 LOH_INCLUDE_HIT_MISS_FEATURES=1 LOH_INCLUDE_CACHE_FEATURES=1 LOH_INCLUDE_CANDIDATE_FEATURES=0 LOH_INCLUDE_TOPK_CANDIDATE_FEATURES=0 LOH_INCLUDE_AVGTOPK_CANDIDATE_FEATURES=0 LOH_INCLUDE_REQUEST=1 RL_STATE_USE_MISSRATIO=1 LOH_ENABLE_PENALTY=1 LOH_REWARD_USE_PENALTY=1 LOH_RL_ALGO=SAC RL_UPDATE_INTERVAL=200 LOH_ACTION_SCALE=1.0 LOH_PENALTY_SCALE=log LOH_PENALTY_REWARD_FORMULA=neg LOH_REWARD_W_PENALTY=0.1 LOH_PENALTY_CUTOFF=0 LOH_PENALTY_DMAX=400000 LOH_PENALTY_EMPTY_AS_GOOD=1 LOH_PENALTY_REFINE_ON_LATE=1 LOH_PENALTY_NO_EVICT_REWARD=keep LOH_PENALTY_BASELINE_DECAY=0.99 LOH_SURVIVAL_BINS=64 LOH_SURVIVAL_QUANTILE=0.99 LOH_SURVIVAL_MINCOUNT=1000 LOH_PENALTY_NET_GOOD_SCALE=1.0 LOH_PENALTY_NET_PENALTY_SCALE=1.0"
23,1,2301,1063_to032_20260213_2325__stage3_023_r01,0,0.368522,0.350089,0.01,"data/TencentCBS/1063.oracleGeneral.zst",0.1,"LOH_PARALLEL_SAFE=1 LOH_SKIP_PIP_INSTALL=1 LOH_SKIP_BUILD=1 CACHESIM_VERBOSE=0 CACHESIM_NUM_REQ=3000000 LOH_SCORE_USE_COMPOUND=0 LOH_SCORE_USE_IRT=0 LOH_USE_SOFTMAX=0 LOH_USE_HEURISTIC_SIGNS=0 LOH_INCLUDE_HIT_MISS_FEATURES=1 LOH_INCLUDE_CACHE_FEATURES=1 LOH_INCLUDE_CANDIDATE_FEATURES=0 LOH_INCLUDE_TOPK_CANDIDATE_FEATURES=0 LOH_INCLUDE_AVGTOPK_CANDIDATE_FEATURES=0 LOH_INCLUDE_REQUEST=1 RL_STATE_USE_MISSRATIO=1 LOH_ENABLE_PENALTY=1 LOH_REWARD_USE_PENALTY=0 LOH_RL_ALGO=SAC RL_UPDATE_INTERVAL=200 LOH_ACTION_SCALE=1.2"
24,1,2401,1063_to032_20260213_2325__stage3_024_r01,0,0.369333,0.352849,0.01,"data/TencentCBS/1063.oracleGeneral.zst",0.1,"LOH_PARALLEL_SAFE=1 LOH_SKIP_PIP_INSTALL=1 LOH_SKIP_BUILD=1 CACHESIM_VERBOSE=0 CACHESIM_NUM_REQ=3000000 LOH_SCORE_USE_COMPOUND=0 LOH_SCORE_USE_IRT=0 LOH_USE_SOFTMAX=0 LOH_USE_HEURISTIC_SIGNS=0 LOH_INCLUDE_HIT_MISS_FEATURES=1 LOH_INCLUDE_CACHE_FEATURES=1 LOH_INCLUDE_CANDIDATE_FEATURES=0 LOH_INCLUDE_TOPK_CANDIDATE_FEATURES=0 LOH_INCLUDE_AVGTOPK_CANDIDATE_FEATURES=0 LOH_INCLUDE_REQUEST=1 RL_STATE_USE_MISSRATIO=1 LOH_ENABLE_PENALTY=1 LOH_REWARD_USE_PENALTY=1 LOH_RL_ALGO=SAC RL_UPDATE_INTERVAL=200 LOH_ACTION_SCALE=1.2 LOH_PENALTY_SCALE=log LOH_PENALTY_REWARD_FORMULA=neg LOH_REWARD_W_PENALTY=0.1 LOH_PENALTY_CUTOFF=0 LOH_PENALTY_DMAX=400000 LOH_PENALTY_EMPTY_AS_GOOD=1 LOH_PENALTY_REFINE_ON_LATE=1 LOH_PENALTY_NO_EVICT_REWARD=keep LOH_PENALTY_BASELINE_DECAY=0.99 LOH_SURVIVAL_BINS=64 LOH_SURVIVAL_QUANTILE=0.99 LOH_SURVIVAL_MINCOUNT=1000 LOH_PENALTY_NET_GOOD_SCALE=1.0 LOH_PENALTY_NET_PENALTY_SCALE=1.0"
25,1,2501,1063_to032_20260213_2325__stage3_025_r01,0,0.375691,0.354245,0.02,"data/TencentCBS/1063.oracleGeneral.zst",0.1,"LOH_PARALLEL_SAFE=1 LOH_SKIP_PIP_INSTALL=1 LOH_SKIP_BUILD=1 CACHESIM_VERBOSE=0 CACHESIM_NUM_REQ=3000000 LOH_SCORE_USE_COMPOUND=0 LOH_SCORE_USE_IRT=0 LOH_USE_SOFTMAX=0 LOH_USE_HEURISTIC_SIGNS=0 LOH_INCLUDE_HIT_MISS_FEATURES=1 LOH_INCLUDE_CACHE_FEATURES=1 LOH_INCLUDE_CANDIDATE_FEATURES=0 LOH_INCLUDE_TOPK_CANDIDATE_FEATURES=0 LOH_INCLUDE_AVGTOPK_CANDIDATE_FEATURES=0 LOH_INCLUDE_REQUEST=1 RL_STATE_USE_MISSRATIO=1 LOH_ENABLE_PENALTY=1 LOH_REWARD_USE_PENALTY=0 LOH_RL_ALGO=SAC RL_UPDATE_INTERVAL=400 LOH_ACTION_SCALE=0.6"
26,1,2601,1063_to032_20260213_2325__stage3_026_r01,0,0.371654,0.352816,0.02,"data/TencentCBS/1063.oracleGeneral.zst",0.1,"LOH_PARALLEL_SAFE=1 LOH_SKIP_PIP_INSTALL=1 LOH_SKIP_BUILD=1 CACHESIM_VERBOSE=0 CACHESIM_NUM_REQ=3000000 LOH_SCORE_USE_COMPOUND=0 LOH_SCORE_USE_IRT=0 LOH_USE_SOFTMAX=0 LOH_USE_HEURISTIC_SIGNS=0 LOH_INCLUDE_HIT_MISS_FEATURES=1 LOH_INCLUDE_CACHE_FEATURES=1 LOH_INCLUDE_CANDIDATE_FEATURES=0 LOH_INCLUDE_TOPK_CANDIDATE_FEATURES=0 LOH_INCLUDE_AVGTOPK_CANDIDATE_FEATURES=0 LOH_INCLUDE_REQUEST=1 RL_STATE_USE_MISSRATIO=1 LOH_ENABLE_PENALTY=1 LOH_REWARD_USE_PENALTY=1 LOH_RL_ALGO=SAC RL_UPDATE_INTERVAL=400 LOH_ACTION_SCALE=0.6 LOH_PENALTY_SCALE=log LOH_PENALTY_REWARD_FORMULA=neg LOH_REWARD_W_PENALTY=0.1 LOH_PENALTY_CUTOFF=0 LOH_PENALTY_DMAX=400000 LOH_PENALTY_EMPTY_AS_GOOD=1 LOH_PENALTY_REFINE_ON_LATE=1 LOH_PENALTY_NO_EVICT_REWARD=keep LOH_PENALTY_BASELINE_DECAY=0.99 LOH_SURVIVAL_BINS=64 LOH_SURVIVAL_QUANTILE=0.99 LOH_SURVIVAL_MINCOUNT=1000 LOH_PENALTY_NET_GOOD_SCALE=1.0 LOH_PENALTY_NET_PENALTY_SCALE=1.0"
27,1,2701,1063_to032_20260213_2325__stage3_027_r01,0,0.370789,0.350401,0.02,"data/TencentCBS/1063.oracleGeneral.zst",0.1,"LOH_PARALLEL_SAFE=1 LOH_SKIP_PIP_INSTALL=1 LOH_SKIP_BUILD=1 CACHESIM_VERBOSE=0 CACHESIM_NUM_REQ=3000000 LOH_SCORE_USE_COMPOUND=0 LOH_SCORE_USE_IRT=0 LOH_USE_SOFTMAX=0 LOH_USE_HEURISTIC_SIGNS=0 LOH_INCLUDE_HIT_MISS_FEATURES=1 LOH_INCLUDE_CACHE_FEATURES=1 LOH_INCLUDE_CANDIDATE_FEATURES=0 LOH_INCLUDE_TOPK_CANDIDATE_FEATURES=0 LOH_INCLUDE_AVGTOPK_CANDIDATE_FEATURES=0 LOH_INCLUDE_REQUEST=1 RL_STATE_USE_MISSRATIO=1 LOH_ENABLE_PENALTY=1 LOH_REWARD_USE_PENALTY=0 LOH_RL_ALGO=SAC RL_UPDATE_INTERVAL=400 LOH_ACTION_SCALE=0.8"
28,1,2801,1063_to032_20260213_2325__stage3_028_r01,0,0.371984,0.351306,0.02,"data/TencentCBS/1063.oracleGeneral.zst",0.1,"LOH_PARALLEL_SAFE=1 LOH_SKIP_PIP_INSTALL=1 LOH_SKIP_BUILD=1 CACHESIM_VERBOSE=0 CACHESIM_NUM_REQ=3000000 LOH_SCORE_USE_COMPOUND=0 LOH_SCORE_USE_IRT=0 LOH_USE_SOFTMAX=0 LOH_USE_HEURISTIC_SIGNS=0 LOH_INCLUDE_HIT_MISS_FEATURES=1 LOH_INCLUDE_CACHE_FEATURES=1 LOH_INCLUDE_CANDIDATE_FEATURES=0 LOH_INCLUDE_TOPK_CANDIDATE_FEATURES=0 LOH_INCLUDE_AVGTOPK_CANDIDATE_FEATURES=0 LOH_INCLUDE_REQUEST=1 RL_STATE_USE_MISSRATIO=1 LOH_ENABLE_PENALTY=1 LOH_REWARD_USE_PENALTY=1 LOH_RL_ALGO=SAC RL_UPDATE_INTERVAL=400 LOH_ACTION_SCALE=0.8 LOH_PENALTY_SCALE=log LOH_PENALTY_REWARD_FORMULA=neg LOH_REWARD_W_PENALTY=0.1 LOH_PENALTY_CUTOFF=0 LOH_PENALTY_DMAX=400000 LOH_PENALTY_EMPTY_AS_GOOD=1 LOH_PENALTY_REFINE_ON_LATE=1 LOH_PENALTY_NO_EVICT_REWARD=keep LOH_PENALTY_BASELINE_DECAY=0.99 LOH_SURVIVAL_BINS=64 LOH_SURVIVAL_QUANTILE=0.99 LOH_SURVIVAL_MINCOUNT=1000 LOH_PENALTY_NET_GOOD_SCALE=1.0 LOH_PENALTY_NET_PENALTY_SCALE=1.0"
29,1,2901,1063_to032_20260213_2325__stage3_029_r01,0,0.372892,0.354777,0.02,"data/TencentCBS/1063.oracleGeneral.zst",0.1,"LOH_PARALLEL_SAFE=1 LOH_SKIP_PIP_INSTALL=1 LOH_SKIP_BUILD=1 CACHESIM_VERBOSE=0 CACHESIM_NUM_REQ=3000000 LOH_SCORE_USE_COMPOUND=0 LOH_SCORE_USE_IRT=0 LOH_USE_SOFTMAX=0 LOH_USE_HEURISTIC_SIGNS=0 LOH_INCLUDE_HIT_MISS_FEATURES=1 LOH_INCLUDE_CACHE_FEATURES=1 LOH_INCLUDE_CANDIDATE_FEATURES=0 LOH_INCLUDE_TOPK_CANDIDATE_FEATURES=0 LOH_INCLUDE_AVGTOPK_CANDIDATE_FEATURES=0 LOH_INCLUDE_REQUEST=1 RL_STATE_USE_MISSRATIO=1 LOH_ENABLE_PENALTY=1 LOH_REWARD_USE_PENALTY=0 LOH_RL_ALGO=SAC RL_UPDATE_INTERVAL=400 LOH_ACTION_SCALE=1.0"
30,1,3001,1063_to032_20260213_2325__stage3_030_r01,0,0.372508,0.351726,0.02,"data/TencentCBS/1063.oracleGeneral.zst",0.1,"LOH_PARALLEL_SAFE=1 LOH_SKIP_PIP_INSTALL=1 LOH_SKIP_BUILD=1 CACHESIM_VERBOSE=0 CACHESIM_NUM_REQ=3000000 LOH_SCORE_USE_COMPOUND=0 LOH_SCORE_USE_IRT=0 LOH_USE_SOFTMAX=0 LOH_USE_HEURISTIC_SIGNS=0 LOH_INCLUDE_HIT_MISS_FEATURES=1 LOH_INCLUDE_CACHE_FEATURES=1 LOH_INCLUDE_CANDIDATE_FEATURES=0 LOH_INCLUDE_TOPK_CANDIDATE_FEATURES=0 LOH_INCLUDE_AVGTOPK_CANDIDATE_FEATURES=0 LOH_INCLUDE_REQUEST=1 RL_STATE_USE_MISSRATIO=1 LOH_ENABLE_PENALTY=1 LOH_REWARD_USE_PENALTY=1 LOH_RL_ALGO=SAC RL_UPDATE_INTERVAL=400 LOH_ACTION_SCALE=1.0 LOH_PENALTY_SCALE=log LOH_PENALTY_REWARD_FORMULA=neg LOH_REWARD_W_PENALTY=0.1 LOH_PENALTY_CUTOFF=0 LOH_PENALTY_DMAX=400000 LOH_PENALTY_EMPTY_AS_GOOD=1 LOH_PENALTY_REFINE_ON_LATE=1 LOH_PENALTY_NO_EVICT_REWARD=keep LOH_PENALTY_BASELINE_DECAY=0.99 LOH_SURVIVAL_BINS=64 LOH_SURVIVAL_QUANTILE=0.99 LOH_SURVIVAL_MINCOUNT=1000 LOH_PENALTY_NET_GOOD_SCALE=1.0 LOH_PENALTY_NET_PENALTY_SCALE=1.0"
31,1,3101,1063_to032_20260213_2325__stage3_031_r01,0,0.371141,0.349242,0.02,"data/TencentCBS/1063.oracleGeneral.zst",0.1,"LOH_PARALLEL_SAFE=1 LOH_SKIP_PIP_INSTALL=1 LOH_SKIP_BUILD=1 CACHESIM_VERBOSE=0 CACHESIM_NUM_REQ=3000000 LOH_SCORE_USE_COMPOUND=0 LOH_SCORE_USE_IRT=0 LOH_USE_SOFTMAX=0 LOH_USE_HEURISTIC_SIGNS=0 LOH_INCLUDE_HIT_MISS_FEATURES=1 LOH_INCLUDE_CACHE_FEATURES=1 LOH_INCLUDE_CANDIDATE_FEATURES=0 LOH_INCLUDE_TOPK_CANDIDATE_FEATURES=0 LOH_INCLUDE_AVGTOPK_CANDIDATE_FEATURES=0 LOH_INCLUDE_REQUEST=1 RL_STATE_USE_MISSRATIO=1 LOH_ENABLE_PENALTY=1 LOH_REWARD_USE_PENALTY=0 LOH_RL_ALGO=SAC RL_UPDATE_INTERVAL=400 LOH_ACTION_SCALE=1.2"
32,1,3201,1063_to032_20260213_2325__stage3_032_r01,0,0.375043,0.354461,0.02,"data/TencentCBS/1063.oracleGeneral.zst",0.1,"LOH_PARALLEL_SAFE=1 LOH_SKIP_PIP_INSTALL=1 LOH_SKIP_BUILD=1 CACHESIM_VERBOSE=0 CACHESIM_NUM_REQ=3000000 LOH_SCORE_USE_COMPOUND=0 LOH_SCORE_USE_IRT=0 LOH_USE_SOFTMAX=0 LOH_USE_HEURISTIC_SIGNS=0 LOH_INCLUDE_HIT_MISS_FEATURES=1 LOH_INCLUDE_CACHE_FEATURES=1 LOH_INCLUDE_CANDIDATE_FEATURES=0 LOH_INCLUDE_TOPK_CANDIDATE_FEATURES=0 LOH_INCLUDE_AVGTOPK_CANDIDATE_FEATURES=0 LOH_INCLUDE_REQUEST=1 RL_STATE_USE_MISSRATIO=1 LOH_ENABLE_PENALTY=1 LOH_REWARD_USE_PENALTY=1 LOH_RL_ALGO=SAC RL_UPDATE_INTERVAL=400 LOH_ACTION_SCALE=1.2 LOH_PENALTY_SCALE=log LOH_PENALTY_REWARD_FORMULA=neg LOH_REWARD_W_PENALTY=0.1 LOH_PENALTY_CUTOFF=0 LOH_PENALTY_DMAX=400000 LOH_PENALTY_EMPTY_AS_GOOD=1 LOH_PENALTY_REFINE_ON_LATE=1 LOH_PENALTY_NO_EVICT_REWARD=keep LOH_PENALTY_BASELINE_DECAY=0.99 LOH_SURVIVAL_BINS=64 LOH_SURVIVAL_QUANTILE=0.99 LOH_SURVIVAL_MINCOUNT=1000 LOH_PENALTY_NET_GOOD_SCALE=1.0 LOH_PENALTY_NET_PENALTY_SCALE=1.0"
33,1,3301,1063_to032_20260213_2325__stage3_033_r01,0,0.534881,0.530992,0.00,"data/TencentCBS/1063.oracleGeneral.zst",0.1,"LOH_PARALLEL_SAFE=1 LOH_SKIP_PIP_INSTALL=1 LOH_SKIP_BUILD=1 CACHESIM_VERBOSE=0 CACHESIM_NUM_REQ=3000000 LOH_SCORE_USE_COMPOUND=0 LOH_SCORE_USE_IRT=0 LOH_USE_SOFTMAX=0 LOH_USE_HEURISTIC_SIGNS=0 LOH_INCLUDE_HIT_MISS_FEATURES=1 LOH_INCLUDE_CACHE_FEATURES=1 LOH_INCLUDE_CANDIDATE_FEATURES=0 LOH_INCLUDE_TOPK_CANDIDATE_FEATURES=0 LOH_INCLUDE_AVGTOPK_CANDIDATE_FEATURES=0 LOH_INCLUDE_REQUEST=1 RL_STATE_USE_MISSRATIO=1 LOH_ENABLE_PENALTY=1 LOH_REWARD_USE_PENALTY=0 LOH_RL_ALGO=TD3 RL_UPDATE_INTERVAL=50 LOH_ACTION_SCALE=0.6"
34,1,3401,1063_to032_20260213_2325__stage3_034_r01,0,0.595492,0.616190,0.00,"data/TencentCBS/1063.oracleGeneral.zst",0.1,"LOH_PARALLEL_SAFE=1 LOH_SKIP_PIP_INSTALL=1 LOH_SKIP_BUILD=1 CACHESIM_VERBOSE=0 CACHESIM_NUM_REQ=3000000 LOH_SCORE_USE_COMPOUND=0 LOH_SCORE_USE_IRT=0 LOH_USE_SOFTMAX=0 LOH_USE_HEURISTIC_SIGNS=0 LOH_INCLUDE_HIT_MISS_FEATURES=1 LOH_INCLUDE_CACHE_FEATURES=1 LOH_INCLUDE_CANDIDATE_FEATURES=0 LOH_INCLUDE_TOPK_CANDIDATE_FEATURES=0 LOH_INCLUDE_AVGTOPK_CANDIDATE_FEATURES=0 LOH_INCLUDE_REQUEST=1 RL_STATE_USE_MISSRATIO=1 LOH_ENABLE_PENALTY=1 LOH_REWARD_USE_PENALTY=1 LOH_RL_ALGO=TD3 RL_UPDATE_INTERVAL=50 LOH_ACTION_SCALE=0.6 LOH_PENALTY_SCALE=log LOH_PENALTY_REWARD_FORMULA=neg LOH_REWARD_W_PENALTY=0.1 LOH_PENALTY_CUTOFF=0 LOH_PENALTY_DMAX=400000 LOH_PENALTY_EMPTY_AS_GOOD=1 LOH_PENALTY_REFINE_ON_LATE=1 LOH_PENALTY_NO_EVICT_REWARD=keep LOH_PENALTY_BASELINE_DECAY=0.99 LOH_SURVIVAL_BINS=64 LOH_SURVIVAL_QUANTILE=0.99 LOH_SURVIVAL_MINCOUNT=1000 LOH_PENALTY_NET_GOOD_SCALE=1.0 LOH_PENALTY_NET_PENALTY_SCALE=1.0"
35,1,3501,1063_to032_20260213_2325__stage3_035_r01,0,0.584951,0.609740,0.00,"data/TencentCBS/1063.oracleGeneral.zst",0.1,"LOH_PARALLEL_SAFE=1 LOH_SKIP_PIP_INSTALL=1 LOH_SKIP_BUILD=1 CACHESIM_VERBOSE=0 CACHESIM_NUM_REQ=3000000 LOH_SCORE_USE_COMPOUND=0 LOH_SCORE_USE_IRT=0 LOH_USE_SOFTMAX=0 LOH_USE_HEURISTIC_SIGNS=0 LOH_INCLUDE_HIT_MISS_FEATURES=1 LOH_INCLUDE_CACHE_FEATURES=1 LOH_INCLUDE_CANDIDATE_FEATURES=0 LOH_INCLUDE_TOPK_CANDIDATE_FEATURES=0 LOH_INCLUDE_AVGTOPK_CANDIDATE_FEATURES=0 LOH_INCLUDE_REQUEST=1 RL_STATE_USE_MISSRATIO=1 LOH_ENABLE_PENALTY=1 LOH_REWARD_USE_PENALTY=0 LOH_RL_ALGO=TD3 RL_UPDATE_INTERVAL=50 LOH_ACTION_SCALE=0.8"
36,1,3601,1063_to032_20260213_2325__stage3_036_r01,0,0.518527,0.544109,0.00,"data/TencentCBS/1063.oracleGeneral.zst",0.1,"LOH_PARALLEL_SAFE=1 LOH_SKIP_PIP_INSTALL=1 LOH_SKIP_BUILD=1 CACHESIM_VERBOSE=0 CACHESIM_NUM_REQ=3000000 LOH_SCORE_USE_COMPOUND=0 LOH_SCORE_USE_IRT=0 LOH_USE_SOFTMAX=0 LOH_USE_HEURISTIC_SIGNS=0 LOH_INCLUDE_HIT_MISS_FEATURES=1 LOH_INCLUDE_CACHE_FEATURES=1 LOH_INCLUDE_CANDIDATE_FEATURES=0 LOH_INCLUDE_TOPK_CANDIDATE_FEATURES=0 LOH_INCLUDE_AVGTOPK_CANDIDATE_FEATURES=0 LOH_INCLUDE_REQUEST=1 RL_STATE_USE_MISSRATIO=1 LOH_ENABLE_PENALTY=1 LOH_REWARD_USE_PENALTY=1 LOH_RL_ALGO=TD3 RL_UPDATE_INTERVAL=50 LOH_ACTION_SCALE=0.8 LOH_PENALTY_SCALE=log LOH_PENALTY_REWARD_FORMULA=neg LOH_REWARD_W_PENALTY=0.1 LOH_PENALTY_CUTOFF=0 LOH_PENALTY_DMAX=400000 LOH_PENALTY_EMPTY_AS_GOOD=1 LOH_PENALTY_REFINE_ON_LATE=1 LOH_PENALTY_NO_EVICT_REWARD=keep LOH_PENALTY_BASELINE_DECAY=0.99 LOH_SURVIVAL_BINS=64 LOH_SURVIVAL_QUANTILE=0.99 LOH_SURVIVAL_MINCOUNT=1000 LOH_PENALTY_NET_GOOD_SCALE=1.0 LOH_PENALTY_NET_PENALTY_SCALE=1.0"
37,1,3701,1063_to032_20260213_2325__stage3_037_r01,0,0.522702,0.514009,0.00,"data/TencentCBS/1063.oracleGeneral.zst",0.1,"LOH_PARALLEL_SAFE=1 LOH_SKIP_PIP_INSTALL=1 LOH_SKIP_BUILD=1 CACHESIM_VERBOSE=0 CACHESIM_NUM_REQ=3000000 LOH_SCORE_USE_COMPOUND=0 LOH_SCORE_USE_IRT=0 LOH_USE_SOFTMAX=0 LOH_USE_HEURISTIC_SIGNS=0 LOH_INCLUDE_HIT_MISS_FEATURES=1 LOH_INCLUDE_CACHE_FEATURES=1 LOH_INCLUDE_CANDIDATE_FEATURES=0 LOH_INCLUDE_TOPK_CANDIDATE_FEATURES=0 LOH_INCLUDE_AVGTOPK_CANDIDATE_FEATURES=0 LOH_INCLUDE_REQUEST=1 RL_STATE_USE_MISSRATIO=1 LOH_ENABLE_PENALTY=1 LOH_REWARD_USE_PENALTY=0 LOH_RL_ALGO=TD3 RL_UPDATE_INTERVAL=50 LOH_ACTION_SCALE=1.0"
38,1,3801,1063_to032_20260213_2325__stage3_038_r01,0,0.584442,0.527720,0.00,"data/TencentCBS/1063.oracleGeneral.zst",0.1,"LOH_PARALLEL_SAFE=1 LOH_SKIP_PIP_INSTALL=1 LOH_SKIP_BUILD=1 CACHESIM_VERBOSE=0 CACHESIM_NUM_REQ=3000000 LOH_SCORE_USE_COMPOUND=0 LOH_SCORE_USE_IRT=0 LOH_USE_SOFTMAX=0 LOH_USE_HEURISTIC_SIGNS=0 LOH_INCLUDE_HIT_MISS_FEATURES=1 LOH_INCLUDE_CACHE_FEATURES=1 LOH_INCLUDE_CANDIDATE_FEATURES=0 LOH_INCLUDE_TOPK_CANDIDATE_FEATURES=0 LOH_INCLUDE_AVGTOPK_CANDIDATE_FEATURES=0 LOH_INCLUDE_REQUEST=1 RL_STATE_USE_MISSRATIO=1 LOH_ENABLE_PENALTY=1 LOH_REWARD_USE_PENALTY=1 LOH_RL_ALGO=TD3 RL_UPDATE_INTERVAL=50 LOH_ACTION_SCALE=1.0 LOH_PENALTY_SCALE=log LOH_PENALTY_REWARD_FORMULA=neg LOH_REWARD_W_PENALTY=0.1 LOH_PENALTY_CUTOFF=0 LOH_PENALTY_DMAX=400000 LOH_PENALTY_EMPTY_AS_GOOD=1 LOH_PENALTY_REFINE_ON_LATE=1 LOH_PENALTY_NO_EVICT_REWARD=keep LOH_PENALTY_BASELINE_DECAY=0.99 LOH_SURVIVAL_BINS=64 LOH_SURVIVAL_QUANTILE=0.99 LOH_SURVIVAL_MINCOUNT=1000 LOH_PENALTY_NET_GOOD_SCALE=1.0 LOH_PENALTY_NET_PENALTY_SCALE=1.0"
39,1,3901,1063_to032_20260213_2325__stage3_039_r01,0,0.514511,0.469014,0.00,"data/TencentCBS/1063.oracleGeneral.zst",0.1,"LOH_PARALLEL_SAFE=1 LOH_SKIP_PIP_INSTALL=1 LOH_SKIP_BUILD=1 CACHESIM_VERBOSE=0 CACHESIM_NUM_REQ=3000000 LOH_SCORE_USE_COMPOUND=0 LOH_SCORE_USE_IRT=0 LOH_USE_SOFTMAX=0 LOH_USE_HEURISTIC_SIGNS=0 LOH_INCLUDE_HIT_MISS_FEATURES=1 LOH_INCLUDE_CACHE_FEATURES=1 LOH_INCLUDE_CANDIDATE_FEATURES=0 LOH_INCLUDE_TOPK_CANDIDATE_FEATURES=0 LOH_INCLUDE_AVGTOPK_CANDIDATE_FEATURES=0 LOH_INCLUDE_REQUEST=1 RL_STATE_USE_MISSRATIO=1 LOH_ENABLE_PENALTY=1 LOH_REWARD_USE_PENALTY=0 LOH_RL_ALGO=TD3 RL_UPDATE_INTERVAL=50 LOH_ACTION_SCALE=1.2"
40,1,4001,1063_to032_20260213_2325__stage3_040_r01,0,0.467264,0.436226,0.00,"data/TencentCBS/1063.oracleGeneral.zst",0.1,"LOH_PARALLEL_SAFE=1 LOH_SKIP_PIP_INSTALL=1 LOH_SKIP_BUILD=1 CACHESIM_VERBOSE=0 CACHESIM_NUM_REQ=3000000 LOH_SCORE_USE_COMPOUND=0 LOH_SCORE_USE_IRT=0 LOH_USE_SOFTMAX=0 LOH_USE_HEURISTIC_SIGNS=0 LOH_INCLUDE_HIT_MISS_FEATURES=1 LOH_INCLUDE_CACHE_FEATURES=1 LOH_INCLUDE_CANDIDATE_FEATURES=0 LOH_INCLUDE_TOPK_CANDIDATE_FEATURES=0 LOH_INCLUDE_AVGTOPK_CANDIDATE_FEATURES=0 LOH_INCLUDE_REQUEST=1 RL_STATE_USE_MISSRATIO=1 LOH_ENABLE_PENALTY=1 LOH_REWARD_USE_PENALTY=1 LOH_RL_ALGO=TD3 RL_UPDATE_INTERVAL=50 LOH_ACTION_SCALE=1.2 LOH_PENALTY_SCALE=log LOH_PENALTY_REWARD_FORMULA=neg LOH_REWARD_W_PENALTY=0.1 LOH_PENALTY_CUTOFF=0 LOH_PENALTY_DMAX=400000 LOH_PENALTY_EMPTY_AS_GOOD=1 LOH_PENALTY_REFINE_ON_LATE=1 LOH_PENALTY_NO_EVICT_REWARD=keep LOH_PENALTY_BASELINE_DECAY=0.99 LOH_SURVIVAL_BINS=64 LOH_SURVIVAL_QUANTILE=0.99 LOH_SURVIVAL_MINCOUNT=1000 LOH_PENALTY_NET_GOOD_SCALE=1.0 LOH_PENALTY_NET_PENALTY_SCALE=1.0"
41,1,4101,1063_to032_20260213_2325__stage3_041_r01,0,0.482906,0.450885,0.00,"data/TencentCBS/1063.oracleGeneral.zst",0.1,"LOH_PARALLEL_SAFE=1 LOH_SKIP_PIP_INSTALL=1 LOH_SKIP_BUILD=1 CACHESIM_VERBOSE=0 CACHESIM_NUM_REQ=3000000 LOH_SCORE_USE_COMPOUND=0 LOH_SCORE_USE_IRT=0 LOH_USE_SOFTMAX=0 LOH_USE_HEURISTIC_SIGNS=0 LOH_INCLUDE_HIT_MISS_FEATURES=1 LOH_INCLUDE_CACHE_FEATURES=1 LOH_INCLUDE_CANDIDATE_FEATURES=0 LOH_INCLUDE_TOPK_CANDIDATE_FEATURES=0 LOH_INCLUDE_AVGTOPK_CANDIDATE_FEATURES=0 LOH_INCLUDE_REQUEST=1 RL_STATE_USE_MISSRATIO=1 LOH_ENABLE_PENALTY=1 LOH_REWARD_USE_PENALTY=0 LOH_RL_ALGO=TD3 RL_UPDATE_INTERVAL=100 LOH_ACTION_SCALE=0.6"
42,1,4201,1063_to032_20260213_2325__stage3_042_r01,0,0.550250,0.495167,0.00,"data/TencentCBS/1063.oracleGeneral.zst",0.1,"LOH_PARALLEL_SAFE=1 LOH_SKIP_PIP_INSTALL=1 LOH_SKIP_BUILD=1 CACHESIM_VERBOSE=0 CACHESIM_NUM_REQ=3000000 LOH_SCORE_USE_COMPOUND=0 LOH_SCORE_USE_IRT=0 LOH_USE_SOFTMAX=0 LOH_USE_HEURISTIC_SIGNS=0 LOH_INCLUDE_HIT_MISS_FEATURES=1 LOH_INCLUDE_CACHE_FEATURES=1 LOH_INCLUDE_CANDIDATE_FEATURES=0 LOH_INCLUDE_TOPK_CANDIDATE_FEATURES=0 LOH_INCLUDE_AVGTOPK_CANDIDATE_FEATURES=0 LOH_INCLUDE_REQUEST=1 RL_STATE_USE_MISSRATIO=1 LOH_ENABLE_PENALTY=1 LOH_REWARD_USE_PENALTY=1 LOH_RL_ALGO=TD3 RL_UPDATE_INTERVAL=100 LOH_ACTION_SCALE=0.6 LOH_PENALTY_SCALE=log LOH_PENALTY_REWARD_FORMULA=neg LOH_REWARD_W_PENALTY=0.1 LOH_PENALTY_CUTOFF=0 LOH_PENALTY_DMAX=400000 LOH_PENALTY_EMPTY_AS_GOOD=1 LOH_PENALTY_REFINE_ON_LATE=1 LOH_PENALTY_NO_EVICT_REWARD=keep LOH_PENALTY_BASELINE_DECAY=0.99 LOH_SURVIVAL_BINS=64 LOH_SURVIVAL_QUANTILE=0.99 LOH_SURVIVAL_MINCOUNT=1000 LOH_PENALTY_NET_GOOD_SCALE=1.0 LOH_PENALTY_NET_PENALTY_SCALE=1.0"
43,1,4301,1063_to032_20260213_2325__stage3_043_r01,0,0.488305,0.432032,0.00,"data/TencentCBS/1063.oracleGeneral.zst",0.1,"LOH_PARALLEL_SAFE=1 LOH_SKIP_PIP_INSTALL=1 LOH_SKIP_BUILD=1 CACHESIM_VERBOSE=0 CACHESIM_NUM_REQ=3000000 LOH_SCORE_USE_COMPOUND=0 LOH_SCORE_USE_IRT=0 LOH_USE_SOFTMAX=0 LOH_USE_HEURISTIC_SIGNS=0 LOH_INCLUDE_HIT_MISS_FEATURES=1 LOH_INCLUDE_CACHE_FEATURES=1 LOH_INCLUDE_CANDIDATE_FEATURES=0 LOH_INCLUDE_TOPK_CANDIDATE_FEATURES=0 LOH_INCLUDE_AVGTOPK_CANDIDATE_FEATURES=0 LOH_INCLUDE_REQUEST=1 RL_STATE_USE_MISSRATIO=1 LOH_ENABLE_PENALTY=1 LOH_REWARD_USE_PENALTY=0 LOH_RL_ALGO=TD3 RL_UPDATE_INTERVAL=100 LOH_ACTION_SCALE=0.8"
44,1,4401,1063_to032_20260213_2325__stage3_044_r01,0,0.463437,0.430154,0.00,"data/TencentCBS/1063.oracleGeneral.zst",0.1,"LOH_PARALLEL_SAFE=1 LOH_SKIP_PIP_INSTALL=1 LOH_SKIP_BUILD=1 CACHESIM_VERBOSE=0 CACHESIM_NUM_REQ=3000000 LOH_SCORE_USE_COMPOUND=0 LOH_SCORE_USE_IRT=0 LOH_USE_SOFTMAX=0 LOH_USE_HEURISTIC_SIGNS=0 LOH_INCLUDE_HIT_MISS_FEATURES=1 LOH_INCLUDE_CACHE_FEATURES=1 LOH_INCLUDE_CANDIDATE_FEATURES=0 LOH_INCLUDE_TOPK_CANDIDATE_FEATURES=0 LOH_INCLUDE_AVGTOPK_CANDIDATE_FEATURES=0 LOH_INCLUDE_REQUEST=1 RL_STATE_USE_MISSRATIO=1 LOH_ENABLE_PENALTY=1 LOH_REWARD_USE_PENALTY=1 LOH_RL_ALGO=TD3 RL_UPDATE_INTERVAL=100 LOH_ACTION_SCALE=0.8 LOH_PENALTY_SCALE=log LOH_PENALTY_REWARD_FORMULA=neg LOH_REWARD_W_PENALTY=0.1 LOH_PENALTY_CUTOFF=0 LOH_PENALTY_DMAX=400000 LOH_PENALTY_EMPTY_AS_GOOD=1 LOH_PENALTY_REFINE_ON_LATE=1 LOH_PENALTY_NO_EVICT_REWARD=keep LOH_PENALTY_BASELINE_DECAY=0.99 LOH_SURVIVAL_BINS=64 LOH_SURVIVAL_QUANTILE=0.99 LOH_SURVIVAL_MINCOUNT=1000 LOH_PENALTY_NET_GOOD_SCALE=1.0 LOH_PENALTY_NET_PENALTY_SCALE=1.0"
45,1,4501,1063_to032_20260213_2325__stage3_045_r01,0,0.527067,0.498933,0.00,"data/TencentCBS/1063.oracleGeneral.zst",0.1,"LOH_PARALLEL_SAFE=1 LOH_SKIP_PIP_INSTALL=1 LOH_SKIP_BUILD=1 CACHESIM_VERBOSE=0 CACHESIM_NUM_REQ=3000000 LOH_SCORE_USE_COMPOUND=0 LOH_SCORE_USE_IRT=0 LOH_USE_SOFTMAX=0 LOH_USE_HEURISTIC_SIGNS=0 LOH_INCLUDE_HIT_MISS_FEATURES=1 LOH_INCLUDE_CACHE_FEATURES=1 LOH_INCLUDE_CANDIDATE_FEATURES=0 LOH_INCLUDE_TOPK_CANDIDATE_FEATURES=0 LOH_INCLUDE_AVGTOPK_CANDIDATE_FEATURES=0 LOH_INCLUDE_REQUEST=1 RL_STATE_USE_MISSRATIO=1 LOH_ENABLE_PENALTY=1 LOH_REWARD_USE_PENALTY=0 LOH_RL_ALGO=TD3 RL_UPDATE_INTERVAL=100 LOH_ACTION_SCALE=1.0"
46,1,4601,1063_to032_20260213_2325__stage3_046_r01,0,0.460683,0.443336,0.00,"data/TencentCBS/1063.oracleGeneral.zst",0.1,"LOH_PARALLEL_SAFE=1 LOH_SKIP_PIP_INSTALL=1 LOH_SKIP_BUILD=1 CACHESIM_VERBOSE=0 CACHESIM_NUM_REQ=3000000 LOH_SCORE_USE_COMPOUND=0 LOH_SCORE_USE_IRT=0 LOH_USE_SOFTMAX=0 LOH_USE_HEURISTIC_SIGNS=0 LOH_INCLUDE_HIT_MISS_FEATURES=1 LOH_INCLUDE_CACHE_FEATURES=1 LOH_INCLUDE_CANDIDATE_FEATURES=0 LOH_INCLUDE_TOPK_CANDIDATE_FEATURES=0 LOH_INCLUDE_AVGTOPK_CANDIDATE_FEATURES=0 LOH_INCLUDE_REQUEST=1 RL_STATE_USE_MISSRATIO=1 LOH_ENABLE_PENALTY=1 LOH_REWARD_USE_PENALTY=1 LOH_RL_ALGO=TD3 RL_UPDATE_INTERVAL=100 LOH_ACTION_SCALE=1.0 LOH_PENALTY_SCALE=log LOH_PENALTY_REWARD_FORMULA=neg LOH_REWARD_W_PENALTY=0.1 LOH_PENALTY_CUTOFF=0 LOH_PENALTY_DMAX=400000 LOH_PENALTY_EMPTY_AS_GOOD=1 LOH_PENALTY_REFINE_ON_LATE=1 LOH_PENALTY_NO_EVICT_REWARD=keep LOH_PENALTY_BASELINE_DECAY=0.99 LOH_SURVIVAL_BINS=64 LOH_SURVIVAL_QUANTILE=0.99 LOH_SURVIVAL_MINCOUNT=1000 LOH_PENALTY_NET_GOOD_SCALE=1.0 LOH_PENALTY_NET_PENALTY_SCALE=1.0"
47,1,4701,1063_to032_20260213_2325__stage3_047_r01,0,0.457706,0.424398,0.00,"data/TencentCBS/1063.oracleGeneral.zst",0.1,"LOH_PARALLEL_SAFE=1 LOH_SKIP_PIP_INSTALL=1 LOH_SKIP_BUILD=1 CACHESIM_VERBOSE=0 CACHESIM_NUM_REQ=3000000 LOH_SCORE_USE_COMPOUND=0 LOH_SCORE_USE_IRT=0 LOH_USE_SOFTMAX=0 LOH_USE_HEURISTIC_SIGNS=0 LOH_INCLUDE_HIT_MISS_FEATURES=1 LOH_INCLUDE_CACHE_FEATURES=1 LOH_INCLUDE_CANDIDATE_FEATURES=0 LOH_INCLUDE_TOPK_CANDIDATE_FEATURES=0 LOH_INCLUDE_AVGTOPK_CANDIDATE_FEATURES=0 LOH_INCLUDE_REQUEST=1 RL_STATE_USE_MISSRATIO=1 LOH_ENABLE_PENALTY=1 LOH_REWARD_USE_PENALTY=0 LOH_RL_ALGO=TD3 RL_UPDATE_INTERVAL=100 LOH_ACTION_SCALE=1.2"
48,1,4801,1063_to032_20260213_2325__stage3_048_r01,0,0.577621,0.519368,0.00,"data/TencentCBS/1063.oracleGeneral.zst",0.1,"LOH_PARALLEL_SAFE=1 LOH_SKIP_PIP_INSTALL=1 LOH_SKIP_BUILD=1 CACHESIM_VERBOSE=0 CACHESIM_NUM_REQ=3000000 LOH_SCORE_USE_COMPOUND=0 LOH_SCORE_USE_IRT=0 LOH_USE_SOFTMAX=0 LOH_USE_HEURISTIC_SIGNS=0 LOH_INCLUDE_HIT_MISS_FEATURES=1 LOH_INCLUDE_CACHE_FEATURES=1 LOH_INCLUDE_CANDIDATE_FEATURES=0 LOH_INCLUDE_TOPK_CANDIDATE_FEATURES=0 LOH_INCLUDE_AVGTOPK_CANDIDATE_FEATURES=0 LOH_INCLUDE_REQUEST=1 RL_STATE_USE_MISSRATIO=1 LOH_ENABLE_PENALTY=1 LOH_REWARD_USE_PENALTY=1 LOH_RL_ALGO=TD3 RL_UPDATE_INTERVAL=100 LOH_ACTION_SCALE=1.2 LOH_PENALTY_SCALE=log LOH_PENALTY_REWARD_FORMULA=neg LOH_REWARD_W_PENALTY=0.1 LOH_PENALTY_CUTOFF=0 LOH_PENALTY_DMAX=400000 LOH_PENALTY_EMPTY_AS_GOOD=1 LOH_PENALTY_REFINE_ON_LATE=1 LOH_PENALTY_NO_EVICT_REWARD=keep LOH_PENALTY_BASELINE_DECAY=0.99 LOH_SURVIVAL_BINS=64 LOH_SURVIVAL_QUANTILE=0.99 LOH_SURVIVAL_MINCOUNT=1000 LOH_PENALTY_NET_GOOD_SCALE=1.0 LOH_PENALTY_NET_PENALTY_SCALE=1.0"
49,1,4901,1063_to032_20260213_2325__stage3_049_r01,0,0.497134,0.507690,0.01,"data/TencentCBS/1063.oracleGeneral.zst",0.1,"LOH_PARALLEL_SAFE=1 LOH_SKIP_PIP_INSTALL=1 LOH_SKIP_BUILD=1 CACHESIM_VERBOSE=0 CACHESIM_NUM_REQ=3000000 LOH_SCORE_USE_COMPOUND=0 LOH_SCORE_USE_IRT=0 LOH_USE_SOFTMAX=0 LOH_USE_HEURISTIC_SIGNS=0 LOH_INCLUDE_HIT_MISS_FEATURES=1 LOH_INCLUDE_CACHE_FEATURES=1 LOH_INCLUDE_CANDIDATE_FEATURES=0 LOH_INCLUDE_TOPK_CANDIDATE_FEATURES=0 LOH_INCLUDE_AVGTOPK_CANDIDATE_FEATURES=0 LOH_INCLUDE_REQUEST=1 RL_STATE_USE_MISSRATIO=1 LOH_ENABLE_PENALTY=1 LOH_REWARD_USE_PENALTY=0 LOH_RL_ALGO=TD3 RL_UPDATE_INTERVAL=200 LOH_ACTION_SCALE=0.6"
50,1,5001,1063_to032_20260213_2325__stage3_050_r01,0,0.493826,0.495351,0.01,"data/TencentCBS/1063.oracleGeneral.zst",0.1,"LOH_PARALLEL_SAFE=1 LOH_SKIP_PIP_INSTALL=1 LOH_SKIP_BUILD=1 CACHESIM_VERBOSE=0 CACHESIM_NUM_REQ=3000000 LOH_SCORE_USE_COMPOUND=0 LOH_SCORE_USE_IRT=0 LOH_USE_SOFTMAX=0 LOH_USE_HEURISTIC_SIGNS=0 LOH_INCLUDE_HIT_MISS_FEATURES=1 LOH_INCLUDE_CACHE_FEATURES=1 LOH_INCLUDE_CANDIDATE_FEATURES=0 LOH_INCLUDE_TOPK_CANDIDATE_FEATURES=0 LOH_INCLUDE_AVGTOPK_CANDIDATE_FEATURES=0 LOH_INCLUDE_REQUEST=1 RL_STATE_USE_MISSRATIO=1 LOH_ENABLE_PENALTY=1 LOH_REWARD_USE_PENALTY=1 LOH_RL_ALGO=TD3 RL_UPDATE_INTERVAL=200 LOH_ACTION_SCALE=0.6 LOH_PENALTY_SCALE=log LOH_PENALTY_REWARD_FORMULA=neg LOH_REWARD_W_PENALTY=0.1 LOH_PENALTY_CUTOFF=0 LOH_PENALTY_DMAX=400000 LOH_PENALTY_EMPTY_AS_GOOD=1 LOH_PENALTY_REFINE_ON_LATE=1 LOH_PENALTY_NO_EVICT_REWARD=keep LOH_PENALTY_BASELINE_DECAY=0.99 LOH_SURVIVAL_BINS=64 LOH_SURVIVAL_QUANTILE=0.99 LOH_SURVIVAL_MINCOUNT=1000 LOH_PENALTY_NET_GOOD_SCALE=1.0 LOH_PENALTY_NET_PENALTY_SCALE=1.0"
51,1,5101,1063_to032_20260213_2325__stage3_051_r01,0,0.491721,0.498167,0.01,"data/TencentCBS/1063.oracleGeneral.zst",0.1,"LOH_PARALLEL_SAFE=1 LOH_SKIP_PIP_INSTALL=1 LOH_SKIP_BUILD=1 CACHESIM_VERBOSE=0 CACHESIM_NUM_REQ=3000000 LOH_SCORE_USE_COMPOUND=0 LOH_SCORE_USE_IRT=0 LOH_USE_SOFTMAX=0 LOH_USE_HEURISTIC_SIGNS=0 LOH_INCLUDE_HIT_MISS_FEATURES=1 LOH_INCLUDE_CACHE_FEATURES=1 LOH_INCLUDE_CANDIDATE_FEATURES=0 LOH_INCLUDE_TOPK_CANDIDATE_FEATURES=0 LOH_INCLUDE_AVGTOPK_CANDIDATE_FEATURES=0 LOH_INCLUDE_REQUEST=1 RL_STATE_USE_MISSRATIO=1 LOH_ENABLE_PENALTY=1 LOH_REWARD_USE_PENALTY=0 LOH_RL_ALGO=TD3 RL_UPDATE_INTERVAL=200 LOH_ACTION_SCALE=0.8"
52,1,5201,1063_to032_20260213_2325__stage3_052_r01,0,0.520143,0.539657,0.01,"data/TencentCBS/1063.oracleGeneral.zst",0.1,"LOH_PARALLEL_SAFE=1 LOH_SKIP_PIP_INSTALL=1 LOH_SKIP_BUILD=1 CACHESIM_VERBOSE=0 CACHESIM_NUM_REQ=3000000 LOH_SCORE_USE_COMPOUND=0 LOH_SCORE_USE_IRT=0 LOH_USE_SOFTMAX=0 LOH_USE_HEURISTIC_SIGNS=0 LOH_INCLUDE_HIT_MISS_FEATURES=1 LOH_INCLUDE_CACHE_FEATURES=1 LOH_INCLUDE_CANDIDATE_FEATURES=0 LOH_INCLUDE_TOPK_CANDIDATE_FEATURES=0 LOH_INCLUDE_AVGTOPK_CANDIDATE_FEATURES=0 LOH_INCLUDE_REQUEST=1 RL_STATE_USE_MISSRATIO=1 LOH_ENABLE_PENALTY=1 LOH_REWARD_USE_PENALTY=1 LOH_RL_ALGO=TD3 RL_UPDATE_INTERVAL=200 LOH_ACTION_SCALE=0.8 LOH_PENALTY_SCALE=log LOH_PENALTY_REWARD_FORMULA=neg LOH_REWARD_W_PENALTY=0.1 LOH_PENALTY_CUTOFF=0 LOH_PENALTY_DMAX=400000 LOH_PENALTY_EMPTY_AS_GOOD=1 LOH_PENALTY_REFINE_ON_LATE=1 LOH_PENALTY_NO_EVICT_REWARD=keep LOH_PENALTY_BASELINE_DECAY=0.99 LOH_SURVIVAL_BINS=64 LOH_SURVIVAL_QUANTILE=0.99 LOH_SURVIVAL_MINCOUNT=1000 LOH_PENALTY_NET_GOOD_SCALE=1.0 LOH_PENALTY_NET_PENALTY_SCALE=1.0"
53,1,5301,1063_to032_20260213_2325__stage3_053_r01,0,0.468323,0.434964,0.01,"data/TencentCBS/1063.oracleGeneral.zst",0.1,"LOH_PARALLEL_SAFE=1 LOH_SKIP_PIP_INSTALL=1 LOH_SKIP_BUILD=1 CACHESIM_VERBOSE=0 CACHESIM_NUM_REQ=3000000 LOH_SCORE_USE_COMPOUND=0 LOH_SCORE_USE_IRT=0 LOH_USE_SOFTMAX=0 LOH_USE_HEURISTIC_SIGNS=0 LOH_INCLUDE_HIT_MISS_FEATURES=1 LOH_INCLUDE_CACHE_FEATURES=1 LOH_INCLUDE_CANDIDATE_FEATURES=0 LOH_INCLUDE_TOPK_CANDIDATE_FEATURES=0 LOH_INCLUDE_AVGTOPK_CANDIDATE_FEATURES=0 LOH_INCLUDE_REQUEST=1 RL_STATE_USE_MISSRATIO=1 LOH_ENABLE_PENALTY=1 LOH_REWARD_USE_PENALTY=0 LOH_RL_ALGO=TD3 RL_UPDATE_INTERVAL=200 LOH_ACTION_SCALE=1.0"
54,1,5401,1063_to032_20260213_2325__stage3_054_r01,0,0.466464,0.456788,0.01,"data/TencentCBS/1063.oracleGeneral.zst",0.1,"LOH_PARALLEL_SAFE=1 LOH_SKIP_PIP_INSTALL=1 LOH_SKIP_BUILD=1 CACHESIM_VERBOSE=0 CACHESIM_NUM_REQ=3000000 LOH_SCORE_USE_COMPOUND=0 LOH_SCORE_USE_IRT=0 LOH_USE_SOFTMAX=0 LOH_USE_HEURISTIC_SIGNS=0 LOH_INCLUDE_HIT_MISS_FEATURES=1 LOH_INCLUDE_CACHE_FEATURES=1 LOH_INCLUDE_CANDIDATE_FEATURES=0 LOH_INCLUDE_TOPK_CANDIDATE_FEATURES=0 LOH_INCLUDE_AVGTOPK_CANDIDATE_FEATURES=0 LOH_INCLUDE_REQUEST=1 RL_STATE_USE_MISSRATIO=1 LOH_ENABLE_PENALTY=1 LOH_REWARD_USE_PENALTY=1 LOH_RL_ALGO=TD3 RL_UPDATE_INTERVAL=200 LOH_ACTION_SCALE=1.0 LOH_PENALTY_SCALE=log LOH_PENALTY_REWARD_FORMULA=neg LOH_REWARD_W_PENALTY=0.1 LOH_PENALTY_CUTOFF=0 LOH_PENALTY_DMAX=400000 LOH_PENALTY_EMPTY_AS_GOOD=1 LOH_PENALTY_REFINE_ON_LATE=1 LOH_PENALTY_NO_EVICT_REWARD=keep LOH_PENALTY_BASELINE_DECAY=0.99 LOH_SURVIVAL_BINS=64 LOH_SURVIVAL_QUANTILE=0.99 LOH_SURVIVAL_MINCOUNT=1000 LOH_PENALTY_NET_GOOD_SCALE=1.0 LOH_PENALTY_NET_PENALTY_SCALE=1.0"
55,1,5501,1063_to032_20260213_2325__stage3_055_r01,0,0.498964,0.499736,0.01,"data/TencentCBS/1063.oracleGeneral.zst",0.1,"LOH_PARALLEL_SAFE=1 LOH_SKIP_PIP_INSTALL=1 LOH_SKIP_BUILD=1 CACHESIM_VERBOSE=0 CACHESIM_NUM_REQ=3000000 LOH_SCORE_USE_COMPOUND=0 LOH_SCORE_USE_IRT=0 LOH_USE_SOFTMAX=0 LOH_USE_HEURISTIC_SIGNS=0 LOH_INCLUDE_HIT_MISS_FEATURES=1 LOH_INCLUDE_CACHE_FEATURES=1 LOH_INCLUDE_CANDIDATE_FEATURES=0 LOH_INCLUDE_TOPK_CANDIDATE_FEATURES=0 LOH_INCLUDE_AVGTOPK_CANDIDATE_FEATURES=0 LOH_INCLUDE_REQUEST=1 RL_STATE_USE_MISSRATIO=1 LOH_ENABLE_PENALTY=1 LOH_REWARD_USE_PENALTY=0 LOH_RL_ALGO=TD3 RL_UPDATE_INTERVAL=200 LOH_ACTION_SCALE=1.2"
56,1,5601,1063_to032_20260213_2325__stage3_056_r01,0,0.432029,0.425059,0.01,"data/TencentCBS/1063.oracleGeneral.zst",0.1,"LOH_PARALLEL_SAFE=1 LOH_SKIP_PIP_INSTALL=1 LOH_SKIP_BUILD=1 CACHESIM_VERBOSE=0 CACHESIM_NUM_REQ=3000000 LOH_SCORE_USE_COMPOUND=0 LOH_SCORE_USE_IRT=0 LOH_USE_SOFTMAX=0 LOH_USE_HEURISTIC_SIGNS=0 LOH_INCLUDE_HIT_MISS_FEATURES=1 LOH_INCLUDE_CACHE_FEATURES=1 LOH_INCLUDE_CANDIDATE_FEATURES=0 LOH_INCLUDE_TOPK_CANDIDATE_FEATURES=0 LOH_INCLUDE_AVGTOPK_CANDIDATE_FEATURES=0 LOH_INCLUDE_REQUEST=1 RL_STATE_USE_MISSRATIO=1 LOH_ENABLE_PENALTY=1 LOH_REWARD_USE_PENALTY=1 LOH_RL_ALGO=TD3 RL_UPDATE_INTERVAL=200 LOH_ACTION_SCALE=1.2 LOH_PENALTY_SCALE=log LOH_PENALTY_REWARD_FORMULA=neg LOH_REWARD_W_PENALTY=0.1 LOH_PENALTY_CUTOFF=0 LOH_PENALTY_DMAX=400000 LOH_PENALTY_EMPTY_AS_GOOD=1 LOH_PENALTY_REFINE_ON_LATE=1 LOH_PENALTY_NO_EVICT_REWARD=keep LOH_PENALTY_BASELINE_DECAY=0.99 LOH_SURVIVAL_BINS=64 LOH_SURVIVAL_QUANTILE=0.99 LOH_SURVIVAL_MINCOUNT=1000 LOH_PENALTY_NET_GOOD_SCALE=1.0 LOH_PENALTY_NET_PENALTY_SCALE=1.0"
57,1,5701,1063_to032_20260213_2325__stage3_057_r01,0,0.467078,0.470854,0.02,"data/TencentCBS/1063.oracleGeneral.zst",0.1,"LOH_PARALLEL_SAFE=1 LOH_SKIP_PIP_INSTALL=1 LOH_SKIP_BUILD=1 CACHESIM_VERBOSE=0 CACHESIM_NUM_REQ=3000000 LOH_SCORE_USE_COMPOUND=0 LOH_SCORE_USE_IRT=0 LOH_USE_SOFTMAX=0 LOH_USE_HEURISTIC_SIGNS=0 LOH_INCLUDE_HIT_MISS_FEATURES=1 LOH_INCLUDE_CACHE_FEATURES=1 LOH_INCLUDE_CANDIDATE_FEATURES=0 LOH_INCLUDE_TOPK_CANDIDATE_FEATURES=0 LOH_INCLUDE_AVGTOPK_CANDIDATE_FEATURES=0 LOH_INCLUDE_REQUEST=1 RL_STATE_USE_MISSRATIO=1 LOH_ENABLE_PENALTY=1 LOH_REWARD_USE_PENALTY=0 LOH_RL_ALGO=TD3 RL_UPDATE_INTERVAL=400 LOH_ACTION_SCALE=0.6"
58,1,5801,1063_to032_20260213_2325__stage3_058_r01,0,0.467245,0.474782,0.02,"data/TencentCBS/1063.oracleGeneral.zst",0.1,"LOH_PARALLEL_SAFE=1 LOH_SKIP_PIP_INSTALL=1 LOH_SKIP_BUILD=1 CACHESIM_VERBOSE=0 CACHESIM_NUM_REQ=3000000 LOH_SCORE_USE_COMPOUND=0 LOH_SCORE_USE_IRT=0 LOH_USE_SOFTMAX=0 LOH_USE_HEURISTIC_SIGNS=0 LOH_INCLUDE_HIT_MISS_FEATURES=1 LOH_INCLUDE_CACHE_FEATURES=1 LOH_INCLUDE_CANDIDATE_FEATURES=0 LOH_INCLUDE_TOPK_CANDIDATE_FEATURES=0 LOH_INCLUDE_AVGTOPK_CANDIDATE_FEATURES=0 LOH_INCLUDE_REQUEST=1 RL_STATE_USE_MISSRATIO=1 LOH_ENABLE_PENALTY=1 LOH_REWARD_USE_PENALTY=1 LOH_RL_ALGO=TD3 RL_UPDATE_INTERVAL=400 LOH_ACTION_SCALE=0.6 LOH_PENALTY_SCALE=log LOH_PENALTY_REWARD_FORMULA=neg LOH_REWARD_W_PENALTY=0.1 LOH_PENALTY_CUTOFF=0 LOH_PENALTY_DMAX=400000 LOH_PENALTY_EMPTY_AS_GOOD=1 LOH_PENALTY_REFINE_ON_LATE=1 LOH_PENALTY_NO_EVICT_REWARD=keep LOH_PENALTY_BASELINE_DECAY=0.99 LOH_SURVIVAL_BINS=64 LOH_SURVIVAL_QUANTILE=0.99 LOH_SURVIVAL_MINCOUNT=1000 LOH_PENALTY_NET_GOOD_SCALE=1.0 LOH_PENALTY_NET_PENALTY_SCALE=1.0"
59,1,5901,1063_to032_20260213_2325__stage3_059_r01,0,0.474212,0.470699,0.02,"data/TencentCBS/1063.oracleGeneral.zst",0.1,"LOH_PARALLEL_SAFE=1 LOH_SKIP_PIP_INSTALL=1 LOH_SKIP_BUILD=1 CACHESIM_VERBOSE=0 CACHESIM_NUM_REQ=3000000 LOH_SCORE_USE_COMPOUND=0 LOH_SCORE_USE_IRT=0 LOH_USE_SOFTMAX=0 LOH_USE_HEURISTIC_SIGNS=0 LOH_INCLUDE_HIT_MISS_FEATURES=1 LOH_INCLUDE_CACHE_FEATURES=1 LOH_INCLUDE_CANDIDATE_FEATURES=0 LOH_INCLUDE_TOPK_CANDIDATE_FEATURES=0 LOH_INCLUDE_AVGTOPK_CANDIDATE_FEATURES=0 LOH_INCLUDE_REQUEST=1 RL_STATE_USE_MISSRATIO=1 LOH_ENABLE_PENALTY=1 LOH_REWARD_USE_PENALTY=0 LOH_RL_ALGO=TD3 RL_UPDATE_INTERVAL=400 LOH_ACTION_SCALE=0.8"
60,1,6001,1063_to032_20260213_2325__stage3_060_r01,0,0.461600,0.412648,0.02,"data/TencentCBS/1063.oracleGeneral.zst",0.1,"LOH_PARALLEL_SAFE=1 LOH_SKIP_PIP_INSTALL=1 LOH_SKIP_BUILD=1 CACHESIM_VERBOSE=0 CACHESIM_NUM_REQ=3000000 LOH_SCORE_USE_COMPOUND=0 LOH_SCORE_USE_IRT=0 LOH_USE_SOFTMAX=0 LOH_USE_HEURISTIC_SIGNS=0 LOH_INCLUDE_HIT_MISS_FEATURES=1 LOH_INCLUDE_CACHE_FEATURES=1 LOH_INCLUDE_CANDIDATE_FEATURES=0 LOH_INCLUDE_TOPK_CANDIDATE_FEATURES=0 LOH_INCLUDE_AVGTOPK_CANDIDATE_FEATURES=0 LOH_INCLUDE_REQUEST=1 RL_STATE_USE_MISSRATIO=1 LOH_ENABLE_PENALTY=1 LOH_REWARD_USE_PENALTY=1 LOH_RL_ALGO=TD3 RL_UPDATE_INTERVAL=400 LOH_ACTION_SCALE=0.8 LOH_PENALTY_SCALE=log LOH_PENALTY_REWARD_FORMULA=neg LOH_REWARD_W_PENALTY=0.1 LOH_PENALTY_CUTOFF=0 LOH_PENALTY_DMAX=400000 LOH_PENALTY_EMPTY_AS_GOOD=1 LOH_PENALTY_REFINE_ON_LATE=1 LOH_PENALTY_NO_EVICT_REWARD=keep LOH_PENALTY_BASELINE_DECAY=0.99 LOH_SURVIVAL_BINS=64 LOH_SURVIVAL_QUANTILE=0.99 LOH_SURVIVAL_MINCOUNT=1000 LOH_PENALTY_NET_GOOD_SCALE=1.0 LOH_PENALTY_NET_PENALTY_SCALE=1.0"
61,1,6101,1063_to032_20260213_2325__stage3_061_r01,0,0.473094,0.477124,0.02,"data/TencentCBS/1063.oracleGeneral.zst",0.1,"LOH_PARALLEL_SAFE=1 LOH_SKIP_PIP_INSTALL=1 LOH_SKIP_BUILD=1 CACHESIM_VERBOSE=0 CACHESIM_NUM_REQ=3000000 LOH_SCORE_USE_COMPOUND=0 LOH_SCORE_USE_IRT=0 LOH_USE_SOFTMAX=0 LOH_USE_HEURISTIC_SIGNS=0 LOH_INCLUDE_HIT_MISS_FEATURES=1 LOH_INCLUDE_CACHE_FEATURES=1 LOH_INCLUDE_CANDIDATE_FEATURES=0 LOH_INCLUDE_TOPK_CANDIDATE_FEATURES=0 LOH_INCLUDE_AVGTOPK_CANDIDATE_FEATURES=0 LOH_INCLUDE_REQUEST=1 RL_STATE_USE_MISSRATIO=1 LOH_ENABLE_PENALTY=1 LOH_REWARD_USE_PENALTY=0 LOH_RL_ALGO=TD3 RL_UPDATE_INTERVAL=400 LOH_ACTION_SCALE=1.0"
62,1,6201,1063_to032_20260213_2325__stage3_062_r01,0,0.462606,0.457727,0.02,"data/TencentCBS/1063.oracleGeneral.zst",0.1,"LOH_PARALLEL_SAFE=1 LOH_SKIP_PIP_INSTALL=1 LOH_SKIP_BUILD=1 CACHESIM_VERBOSE=0 CACHESIM_NUM_REQ=3000000 LOH_SCORE_USE_COMPOUND=0 LOH_SCORE_USE_IRT=0 LOH_USE_SOFTMAX=0 LOH_USE_HEURISTIC_SIGNS=0 LOH_INCLUDE_HIT_MISS_FEATURES=1 LOH_INCLUDE_CACHE_FEATURES=1 LOH_INCLUDE_CANDIDATE_FEATURES=0 LOH_INCLUDE_TOPK_CANDIDATE_FEATURES=0 LOH_INCLUDE_AVGTOPK_CANDIDATE_FEATURES=0 LOH_INCLUDE_REQUEST=1 RL_STATE_USE_MISSRATIO=1 LOH_ENABLE_PENALTY=1 LOH_REWARD_USE_PENALTY=1 LOH_RL_ALGO=TD3 RL_UPDATE_INTERVAL=400 LOH_ACTION_SCALE=1.0 LOH_PENALTY_SCALE=log LOH_PENALTY_REWARD_FORMULA=neg LOH_REWARD_W_PENALTY=0.1 LOH_PENALTY_CUTOFF=0 LOH_PENALTY_DMAX=400000 LOH_PENALTY_EMPTY_AS_GOOD=1 LOH_PENALTY_REFINE_ON_LATE=1 LOH_PENALTY_NO_EVICT_REWARD=keep LOH_PENALTY_BASELINE_DECAY=0.99 LOH_SURVIVAL_BINS=64 LOH_SURVIVAL_QUANTILE=0.99 LOH_SURVIVAL_MINCOUNT=1000 LOH_PENALTY_NET_GOOD_SCALE=1.0 LOH_PENALTY_NET_PENALTY_SCALE=1.0"
63,1,6301,1063_to032_20260213_2325__stage3_063_r01,0,0.470031,0.477702,0.02,"data/TencentCBS/1063.oracleGeneral.zst",0.1,"LOH_PARALLEL_SAFE=1 LOH_SKIP_PIP_INSTALL=1 LOH_SKIP_BUILD=1 CACHESIM_VERBOSE=0 CACHESIM_NUM_REQ=3000000 LOH_SCORE_USE_COMPOUND=0 LOH_SCORE_USE_IRT=0 LOH_USE_SOFTMAX=0 LOH_USE_HEURISTIC_SIGNS=0 LOH_INCLUDE_HIT_MISS_FEATURES=1 LOH_INCLUDE_CACHE_FEATURES=1 LOH_INCLUDE_CANDIDATE_FEATURES=0 LOH_INCLUDE_TOPK_CANDIDATE_FEATURES=0 LOH_INCLUDE_AVGTOPK_CANDIDATE_FEATURES=0 LOH_INCLUDE_REQUEST=1 RL_STATE_USE_MISSRATIO=1 LOH_ENABLE_PENALTY=1 LOH_REWARD_USE_PENALTY=0 LOH_RL_ALGO=TD3 RL_UPDATE_INTERVAL=400 LOH_ACTION_SCALE=1.2"
64,1,6401,1063_to032_20260213_2325__stage3_064_r01,0,0.458679,0.416255,0.02,"data/TencentCBS/1063.oracleGeneral.zst",0.1,"LOH_PARALLEL_SAFE=1 LOH_SKIP_PIP_INSTALL=1 LOH_SKIP_BUILD=1 CACHESIM_VERBOSE=0 CACHESIM_NUM_REQ=3000000 LOH_SCORE_USE_COMPOUND=0 LOH_SCORE_USE_IRT=0 LOH_USE_SOFTMAX=0 LOH_USE_HEURISTIC_SIGNS=0 LOH_INCLUDE_HIT_MISS_FEATURES=1 LOH_INCLUDE_CACHE_FEATURES=1 LOH_INCLUDE_CANDIDATE_FEATURES=0 LOH_INCLUDE_TOPK_CANDIDATE_FEATURES=0 LOH_INCLUDE_AVGTOPK_CANDIDATE_FEATURES=0 LOH_INCLUDE_REQUEST=1 RL_STATE_USE_MISSRATIO=1 LOH_ENABLE_PENALTY=1 LOH_REWARD_USE_PENALTY=1 LOH_RL_ALGO=TD3 RL_UPDATE_INTERVAL=400 LOH_ACTION_SCALE=1.2 LOH_PENALTY_SCALE=log LOH_PENALTY_REWARD_FORMULA=neg LOH_REWARD_W_PENALTY=0.1 LOH_PENALTY_CUTOFF=0 LOH_PENALTY_DMAX=400000 LOH_PENALTY_EMPTY_AS_GOOD=1 LOH_PENALTY_REFINE_ON_LATE=1 LOH_PENALTY_NO_EVICT_REWARD=keep LOH_PENALTY_BASELINE_DECAY=0.99 LOH_SURVIVAL_BINS=64 LOH_SURVIVAL_QUANTILE=0.99 LOH_SURVIVAL_MINCOUNT=1000 LOH_PENALTY_NET_GOOD_SCALE=1.0 LOH_PENALTY_NET_PENALTY_SCALE=1.0"
65,1,6501,1063_to032_20260213_2325__stage3_065_r01,0,0.378882,0.347494,0.00,"data/TencentCBS/1063.oracleGeneral.zst",0.1,"LOH_PARALLEL_SAFE=1 LOH_SKIP_PIP_INSTALL=1 LOH_SKIP_BUILD=1 CACHESIM_VERBOSE=0 CACHESIM_NUM_REQ=3000000 LOH_SCORE_USE_COMPOUND=0 LOH_SCORE_USE_IRT=0 LOH_USE_SOFTMAX=0 LOH_USE_HEURISTIC_SIGNS=0 LOH_INCLUDE_HIT_MISS_FEATURES=1 LOH_INCLUDE_CACHE_FEATURES=1 LOH_INCLUDE_CANDIDATE_FEATURES=0 LOH_INCLUDE_TOPK_CANDIDATE_FEATURES=0 LOH_INCLUDE_AVGTOPK_CANDIDATE_FEATURES=0 LOH_INCLUDE_REQUEST=1 RL_STATE_USE_MISSRATIO=1 LOH_ENABLE_PENALTY=1 LOH_REWARD_USE_PENALTY=0 LOH_RL_ALGO=PPO RL_UPDATE_INTERVAL=50 LOH_ACTION_SCALE=0.6"
66,1,6601,1063_to032_20260213_2325__stage3_066_r01,0,0.361184,0.359274,0.00,"data/TencentCBS/1063.oracleGeneral.zst",0.1,"LOH_PARALLEL_SAFE=1 LOH_SKIP_PIP_INSTALL=1 LOH_SKIP_BUILD=1 CACHESIM_VERBOSE=0 CACHESIM_NUM_REQ=3000000 LOH_SCORE_USE_COMPOUND=0 LOH_SCORE_USE_IRT=0 LOH_USE_SOFTMAX=0 LOH_USE_HEURISTIC_SIGNS=0 LOH_INCLUDE_HIT_MISS_FEATURES=1 LOH_INCLUDE_CACHE_FEATURES=1 LOH_INCLUDE_CANDIDATE_FEATURES=0 LOH_INCLUDE_TOPK_CANDIDATE_FEATURES=0 LOH_INCLUDE_AVGTOPK_CANDIDATE_FEATURES=0 LOH_INCLUDE_REQUEST=1 RL_STATE_USE_MISSRATIO=1 LOH_ENABLE_PENALTY=1 LOH_REWARD_USE_PENALTY=1 LOH_RL_ALGO=PPO RL_UPDATE_INTERVAL=50 LOH_ACTION_SCALE=0.6 LOH_PENALTY_SCALE=log LOH_PENALTY_REWARD_FORMULA=neg LOH_REWARD_W_PENALTY=0.1 LOH_PENALTY_CUTOFF=0 LOH_PENALTY_DMAX=400000 LOH_PENALTY_EMPTY_AS_GOOD=1 LOH_PENALTY_REFINE_ON_LATE=1 LOH_PENALTY_NO_EVICT_REWARD=keep LOH_PENALTY_BASELINE_DECAY=0.99 LOH_SURVIVAL_BINS=64 LOH_SURVIVAL_QUANTILE=0.99 LOH_SURVIVAL_MINCOUNT=1000 LOH_PENALTY_NET_GOOD_SCALE=1.0 LOH_PENALTY_NET_PENALTY_SCALE=1.0"
67,1,6701,1063_to032_20260213_2325__stage3_067_r01,0,0.360616,0.343605,0.00,"data/TencentCBS/1063.oracleGeneral.zst",0.1,"LOH_PARALLEL_SAFE=1 LOH_SKIP_PIP_INSTALL=1 LOH_SKIP_BUILD=1 CACHESIM_VERBOSE=0 CACHESIM_NUM_REQ=3000000 LOH_SCORE_USE_COMPOUND=0 LOH_SCORE_USE_IRT=0 LOH_USE_SOFTMAX=0 LOH_USE_HEURISTIC_SIGNS=0 LOH_INCLUDE_HIT_MISS_FEATURES=1 LOH_INCLUDE_CACHE_FEATURES=1 LOH_INCLUDE_CANDIDATE_FEATURES=0 LOH_INCLUDE_TOPK_CANDIDATE_FEATURES=0 LOH_INCLUDE_AVGTOPK_CANDIDATE_FEATURES=0 LOH_INCLUDE_REQUEST=1 RL_STATE_USE_MISSRATIO=1 LOH_ENABLE_PENALTY=1 LOH_REWARD_USE_PENALTY=0 LOH_RL_ALGO=PPO RL_UPDATE_INTERVAL=50 LOH_ACTION_SCALE=0.8"
68,1,6801,1063_to032_20260213_2325__stage3_068_r01,0,0.387475,0.367039,0.00,"data/TencentCBS/1063.oracleGeneral.zst",0.1,"LOH_PARALLEL_SAFE=1 LOH_SKIP_PIP_INSTALL=1 LOH_SKIP_BUILD=1 CACHESIM_VERBOSE=0 CACHESIM_NUM_REQ=3000000 LOH_SCORE_USE_COMPOUND=0 LOH_SCORE_USE_IRT=0 LOH_USE_SOFTMAX=0 LOH_USE_HEURISTIC_SIGNS=0 LOH_INCLUDE_HIT_MISS_FEATURES=1 LOH_INCLUDE_CACHE_FEATURES=1 LOH_INCLUDE_CANDIDATE_FEATURES=0 LOH_INCLUDE_TOPK_CANDIDATE_FEATURES=0 LOH_INCLUDE_AVGTOPK_CANDIDATE_FEATURES=0 LOH_INCLUDE_REQUEST=1 RL_STATE_USE_MISSRATIO=1 LOH_ENABLE_PENALTY=1 LOH_REWARD_USE_PENALTY=1 LOH_RL_ALGO=PPO RL_UPDATE_INTERVAL=50 LOH_ACTION_SCALE=0.8 LOH_PENALTY_SCALE=log LOH_PENALTY_REWARD_FORMULA=neg LOH_REWARD_W_PENALTY=0.1 LOH_PENALTY_CUTOFF=0 LOH_PENALTY_DMAX=400000 LOH_PENALTY_EMPTY_AS_GOOD=1 LOH_PENALTY_REFINE_ON_LATE=1 LOH_PENALTY_NO_EVICT_REWARD=keep LOH_PENALTY_BASELINE_DECAY=0.99 LOH_SURVIVAL_BINS=64 LOH_SURVIVAL_QUANTILE=0.99 LOH_SURVIVAL_MINCOUNT=1000 LOH_PENALTY_NET_GOOD_SCALE=1.0 LOH_PENALTY_NET_PENALTY_SCALE=1.0"
69,1,6901,1063_to032_20260213_2325__stage3_069_r01,0,0.371463,0.352500,0.00,"data/TencentCBS/1063.oracleGeneral.zst",0.1,"LOH_PARALLEL_SAFE=1 LOH_SKIP_PIP_INSTALL=1 LOH_SKIP_BUILD=1 CACHESIM_VERBOSE=0 CACHESIM_NUM_REQ=3000000 LOH_SCORE_USE_COMPOUND=0 LOH_SCORE_USE_IRT=0 LOH_USE_SOFTMAX=0 LOH_USE_HEURISTIC_SIGNS=0 LOH_INCLUDE_HIT_MISS_FEATURES=1 LOH_INCLUDE_CACHE_FEATURES=1 LOH_INCLUDE_CANDIDATE_FEATURES=0 LOH_INCLUDE_TOPK_CANDIDATE_FEATURES=0 LOH_INCLUDE_AVGTOPK_CANDIDATE_FEATURES=0 LOH_INCLUDE_REQUEST=1 RL_STATE_USE_MISSRATIO=1 LOH_ENABLE_PENALTY=1 LOH_REWARD_USE_PENALTY=0 LOH_RL_ALGO=PPO RL_UPDATE_INTERVAL=50 LOH_ACTION_SCALE=1.0"
70,1,7001,1063_to032_20260213_2325__stage3_070_r01,0,0.369220,0.353381,0.00,"data/TencentCBS/1063.oracleGeneral.zst",0.1,"LOH_PARALLEL_SAFE=1 LOH_SKIP_PIP_INSTALL=1 LOH_SKIP_BUILD=1 CACHESIM_VERBOSE=0 CACHESIM_NUM_REQ=3000000 LOH_SCORE_USE_COMPOUND=0 LOH_SCORE_USE_IRT=0 LOH_USE_SOFTMAX=0 LOH_USE_HEURISTIC_SIGNS=0 LOH_INCLUDE_HIT_MISS_FEATURES=1 LOH_INCLUDE_CACHE_FEATURES=1 LOH_INCLUDE_CANDIDATE_FEATURES=0 LOH_INCLUDE_TOPK_CANDIDATE_FEATURES=0 LOH_INCLUDE_AVGTOPK_CANDIDATE_FEATURES=0 LOH_INCLUDE_REQUEST=1 RL_STATE_USE_MISSRATIO=1 LOH_ENABLE_PENALTY=1 LOH_REWARD_USE_PENALTY=1 LOH_RL_ALGO=PPO RL_UPDATE_INTERVAL=50 LOH_ACTION_SCALE=1.0 LOH_PENALTY_SCALE=log LOH_PENALTY_REWARD_FORMULA=neg LOH_REWARD_W_PENALTY=0.1 LOH_PENALTY_CUTOFF=0 LOH_PENALTY_DMAX=400000 LOH_PENALTY_EMPTY_AS_GOOD=1 LOH_PENALTY_REFINE_ON_LATE=1 LOH_PENALTY_NO_EVICT_REWARD=keep LOH_PENALTY_BASELINE_DECAY=0.99 LOH_SURVIVAL_BINS=64 LOH_SURVIVAL_QUANTILE=0.99 LOH_SURVIVAL_MINCOUNT=1000 LOH_PENALTY_NET_GOOD_SCALE=1.0 LOH_PENALTY_NET_PENALTY_SCALE=1.0"
71,1,7101,1063_to032_20260213_2325__stage3_071_r01,0,0.350489,0.357687,0.00,"data/TencentCBS/1063.oracleGeneral.zst",0.1,"LOH_PARALLEL_SAFE=1 LOH_SKIP_PIP_INSTALL=1 LOH_SKIP_BUILD=1 CACHESIM_VERBOSE=0 CACHESIM_NUM_REQ=3000000 LOH_SCORE_USE_COMPOUND=0 LOH_SCORE_USE_IRT=0 LOH_USE_SOFTMAX=0 LOH_USE_HEURISTIC_SIGNS=0 LOH_INCLUDE_HIT_MISS_FEATURES=1 LOH_INCLUDE_CACHE_FEATURES=1 LOH_INCLUDE_CANDIDATE_FEATURES=0 LOH_INCLUDE_TOPK_CANDIDATE_FEATURES=0 LOH_INCLUDE_AVGTOPK_CANDIDATE_FEATURES=0 LOH_INCLUDE_REQUEST=1 RL_STATE_USE_MISSRATIO=1 LOH_ENABLE_PENALTY=1 LOH_REWARD_USE_PENALTY=0 LOH_RL_ALGO=PPO RL_UPDATE_INTERVAL=50 LOH_ACTION_SCALE=1.2"
72,1,7201,1063_to032_20260213_2325__stage3_072_r01,0,0.361879,0.351497,0.00,"data/TencentCBS/1063.oracleGeneral.zst",0.1,"LOH_PARALLEL_SAFE=1 LOH_SKIP_PIP_INSTALL=1 LOH_SKIP_BUILD=1 CACHESIM_VERBOSE=0 CACHESIM_NUM_REQ=3000000 LOH_SCORE_USE_COMPOUND=0 LOH_SCORE_USE_IRT=0 LOH_USE_SOFTMAX=0 LOH_USE_HEURISTIC_SIGNS=0 LOH_INCLUDE_HIT_MISS_FEATURES=1 LOH_INCLUDE_CACHE_FEATURES=1 LOH_INCLUDE_CANDIDATE_FEATURES=0 LOH_INCLUDE_TOPK_CANDIDATE_FEATURES=0 LOH_INCLUDE_AVGTOPK_CANDIDATE_FEATURES=0 LOH_INCLUDE_REQUEST=1 RL_STATE_USE_MISSRATIO=1 LOH_ENABLE_PENALTY=1 LOH_REWARD_USE_PENALTY=1 LOH_RL_ALGO=PPO RL_UPDATE_INTERVAL=50 LOH_ACTION_SCALE=1.2 LOH_PENALTY_SCALE=log LOH_PENALTY_REWARD_FORMULA=neg LOH_REWARD_W_PENALTY=0.1 LOH_PENALTY_CUTOFF=0 LOH_PENALTY_DMAX=400000 LOH_PENALTY_EMPTY_AS_GOOD=1 LOH_PENALTY_REFINE_ON_LATE=1 LOH_PENALTY_NO_EVICT_REWARD=keep LOH_PENALTY_BASELINE_DECAY=0.99 LOH_SURVIVAL_BINS=64 LOH_SURVIVAL_QUANTILE=0.99 LOH_SURVIVAL_MINCOUNT=1000 LOH_PENALTY_NET_GOOD_SCALE=1.0 LOH_PENALTY_NET_PENALTY_SCALE=1.0"
73,1,7301,1063_to032_20260213_2325__stage3_073_r01,0,0.357391,0.342520,0.00,"data/TencentCBS/1063.oracleGeneral.zst",0.1,"LOH_PARALLEL_SAFE=1 LOH_SKIP_PIP_INSTALL=1 LOH_SKIP_BUILD=1 CACHESIM_VERBOSE=0 CACHESIM_NUM_REQ=3000000 LOH_SCORE_USE_COMPOUND=0 LOH_SCORE_USE_IRT=0 LOH_USE_SOFTMAX=0 LOH_USE_HEURISTIC_SIGNS=0 LOH_INCLUDE_HIT_MISS_FEATURES=1 LOH_INCLUDE_CACHE_FEATURES=1 LOH_INCLUDE_CANDIDATE_FEATURES=0 LOH_INCLUDE_TOPK_CANDIDATE_FEATURES=0 LOH_INCLUDE_AVGTOPK_CANDIDATE_FEATURES=0 LOH_INCLUDE_REQUEST=1 RL_STATE_USE_MISSRATIO=1 LOH_ENABLE_PENALTY=1 LOH_REWARD_USE_PENALTY=0 LOH_RL_ALGO=PPO RL_UPDATE_INTERVAL=100 LOH_ACTION_SCALE=0.6"
74,1,7401,1063_to032_20260213_2325__stage3_074_r01,0,0.368760,0.353266,0.00,"data/TencentCBS/1063.oracleGeneral.zst",0.1,"LOH_PARALLEL_SAFE=1 LOH_SKIP_PIP_INSTALL=1 LOH_SKIP_BUILD=1 CACHESIM_VERBOSE=0 CACHESIM_NUM_REQ=3000000 LOH_SCORE_USE_COMPOUND=0 LOH_SCORE_USE_IRT=0 LOH_USE_SOFTMAX=0 LOH_USE_HEURISTIC_SIGNS=0 LOH_INCLUDE_HIT_MISS_FEATURES=1 LOH_INCLUDE_CACHE_FEATURES=1 LOH_INCLUDE_CANDIDATE_FEATURES=0 LOH_INCLUDE_TOPK_CANDIDATE_FEATURES=0 LOH_INCLUDE_AVGTOPK_CANDIDATE_FEATURES=0 LOH_INCLUDE_REQUEST=1 RL_STATE_USE_MISSRATIO=1 LOH_ENABLE_PENALTY=1 LOH_REWARD_USE_PENALTY=1 LOH_RL_ALGO=PPO RL_UPDATE_INTERVAL=100 LOH_ACTION_SCALE=0.6 LOH_PENALTY_SCALE=log LOH_PENALTY_REWARD_FORMULA=neg LOH_REWARD_W_PENALTY=0.1 LOH_PENALTY_CUTOFF=0 LOH_PENALTY_DMAX=400000 LOH_PENALTY_EMPTY_AS_GOOD=1 LOH_PENALTY_REFINE_ON_LATE=1 LOH_PENALTY_NO_EVICT_REWARD=keep LOH_PENALTY_BASELINE_DECAY=0.99 LOH_SURVIVAL_BINS=64 LOH_SURVIVAL_QUANTILE=0.99 LOH_SURVIVAL_MINCOUNT=1000 LOH_PENALTY_NET_GOOD_SCALE=1.0 LOH_PENALTY_NET_PENALTY_SCALE=1.0"
75,1,7501,1063_to032_20260213_2325__stage3_075_r01,0,0.362999,0.352162,0.00,"data/TencentCBS/1063.oracleGeneral.zst",0.1,"LOH_PARALLEL_SAFE=1 LOH_SKIP_PIP_INSTALL=1 LOH_SKIP_BUILD=1 CACHESIM_VERBOSE=0 CACHESIM_NUM_REQ=3000000 LOH_SCORE_USE_COMPOUND=0 LOH_SCORE_USE_IRT=0 LOH_USE_SOFTMAX=0 LOH_USE_HEURISTIC_SIGNS=0 LOH_INCLUDE_HIT_MISS_FEATURES=1 LOH_INCLUDE_CACHE_FEATURES=1 LOH_INCLUDE_CANDIDATE_FEATURES=0 LOH_INCLUDE_TOPK_CANDIDATE_FEATURES=0 LOH_INCLUDE_AVGTOPK_CANDIDATE_FEATURES=0 LOH_INCLUDE_REQUEST=1 RL_STATE_USE_MISSRATIO=1 LOH_ENABLE_PENALTY=1 LOH_REWARD_USE_PENALTY=0 LOH_RL_ALGO=PPO RL_UPDATE_INTERVAL=100 LOH_ACTION_SCALE=0.8"
76,1,7601,1063_to032_20260213_2325__stage3_076_r01,0,0.365589,0.342091,0.00,"data/TencentCBS/1063.oracleGeneral.zst",0.1,"LOH_PARALLEL_SAFE=1 LOH_SKIP_PIP_INSTALL=1 LOH_SKIP_BUILD=1 CACHESIM_VERBOSE=0 CACHESIM_NUM_REQ=3000000 LOH_SCORE_USE_COMPOUND=0 LOH_SCORE_USE_IRT=0 LOH_USE_SOFTMAX=0 LOH_USE_HEURISTIC_SIGNS=0 LOH_INCLUDE_HIT_MISS_FEATURES=1 LOH_INCLUDE_CACHE_FEATURES=1 LOH_INCLUDE_CANDIDATE_FEATURES=0 LOH_INCLUDE_TOPK_CANDIDATE_FEATURES=0 LOH_INCLUDE_AVGTOPK_CANDIDATE_FEATURES=0 LOH_INCLUDE_REQUEST=1 RL_STATE_USE_MISSRATIO=1 LOH_ENABLE_PENALTY=1 LOH_REWARD_USE_PENALTY=1 LOH_RL_ALGO=PPO RL_UPDATE_INTERVAL=100 LOH_ACTION_SCALE=0.8 LOH_PENALTY_SCALE=log LOH_PENALTY_REWARD_FORMULA=neg LOH_REWARD_W_PENALTY=0.1 LOH_PENALTY_CUTOFF=0 LOH_PENALTY_DMAX=400000 LOH_PENALTY_EMPTY_AS_GOOD=1 LOH_PENALTY_REFINE_ON_LATE=1 LOH_PENALTY_NO_EVICT_REWARD=keep LOH_PENALTY_BASELINE_DECAY=0.99 LOH_SURVIVAL_BINS=64 LOH_SURVIVAL_QUANTILE=0.99 LOH_SURVIVAL_MINCOUNT=1000 LOH_PENALTY_NET_GOOD_SCALE=1.0 LOH_PENALTY_NET_PENALTY_SCALE=1.0"
77,1,7701,1063_to032_20260213_2325__stage3_077_r01,0,0.356678,0.346541,0.00,"data/TencentCBS/1063.oracleGeneral.zst",0.1,"LOH_PARALLEL_SAFE=1 LOH_SKIP_PIP_INSTALL=1 LOH_SKIP_BUILD=1 CACHESIM_VERBOSE=0 CACHESIM_NUM_REQ=3000000 LOH_SCORE_USE_COMPOUND=0 LOH_SCORE_USE_IRT=0 LOH_USE_SOFTMAX=0 LOH_USE_HEURISTIC_SIGNS=0 LOH_INCLUDE_HIT_MISS_FEATURES=1 LOH_INCLUDE_CACHE_FEATURES=1 LOH_INCLUDE_CANDIDATE_FEATURES=0 LOH_INCLUDE_TOPK_CANDIDATE_FEATURES=0 LOH_INCLUDE_AVGTOPK_CANDIDATE_FEATURES=0 LOH_INCLUDE_REQUEST=1 RL_STATE_USE_MISSRATIO=1 LOH_ENABLE_PENALTY=1 LOH_REWARD_USE_PENALTY=0 LOH_RL_ALGO=PPO RL_UPDATE_INTERVAL=100 LOH_ACTION_SCALE=1.0"
78,1,7801,1063_to032_20260213_2325__stage3_078_r01,0,0.352592,0.352832,0.00,"data/TencentCBS/1063.oracleGeneral.zst",0.1,"LOH_PARALLEL_SAFE=1 LOH_SKIP_PIP_INSTALL=1 LOH_SKIP_BUILD=1 CACHESIM_VERBOSE=0 CACHESIM_NUM_REQ=3000000 LOH_SCORE_USE_COMPOUND=0 LOH_SCORE_USE_IRT=0 LOH_USE_SOFTMAX=0 LOH_USE_HEURISTIC_SIGNS=0 LOH_INCLUDE_HIT_MISS_FEATURES=1 LOH_INCLUDE_CACHE_FEATURES=1 LOH_INCLUDE_CANDIDATE_FEATURES=0 LOH_INCLUDE_TOPK_CANDIDATE_FEATURES=0 LOH_INCLUDE_AVGTOPK_CANDIDATE_FEATURES=0 LOH_INCLUDE_REQUEST=1 RL_STATE_USE_MISSRATIO=1 LOH_ENABLE_PENALTY=1 LOH_REWARD_USE_PENALTY=1 LOH_RL_ALGO=PPO RL_UPDATE_INTERVAL=100 LOH_ACTION_SCALE=1.0 LOH_PENALTY_SCALE=log LOH_PENALTY_REWARD_FORMULA=neg LOH_REWARD_W_PENALTY=0.1 LOH_PENALTY_CUTOFF=0 LOH_PENALTY_DMAX=400000 LOH_PENALTY_EMPTY_AS_GOOD=1 LOH_PENALTY_REFINE_ON_LATE=1 LOH_PENALTY_NO_EVICT_REWARD=keep LOH_PENALTY_BASELINE_DECAY=0.99 LOH_SURVIVAL_BINS=64 LOH_SURVIVAL_QUANTILE=0.99 LOH_SURVIVAL_MINCOUNT=1000 LOH_PENALTY_NET_GOOD_SCALE=1.0 LOH_PENALTY_NET_PENALTY_SCALE=1.0"
79,1,7901,1063_to032_20260213_2325__stage3_079_r01,0,0.370977,0.346150,0.00,"data/TencentCBS/1063.oracleGeneral.zst",0.1,"LOH_PARALLEL_SAFE=1 LOH_SKIP_PIP_INSTALL=1 LOH_SKIP_BUILD=1 CACHESIM_VERBOSE=0 CACHESIM_NUM_REQ=3000000 LOH_SCORE_USE_COMPOUND=0 LOH_SCORE_USE_IRT=0 LOH_USE_SOFTMAX=0 LOH_USE_HEURISTIC_SIGNS=0 LOH_INCLUDE_HIT_MISS_FEATURES=1 LOH_INCLUDE_CACHE_FEATURES=1 LOH_INCLUDE_CANDIDATE_FEATURES=0 LOH_INCLUDE_TOPK_CANDIDATE_FEATURES=0 LOH_INCLUDE_AVGTOPK_CANDIDATE_FEATURES=0 LOH_INCLUDE_REQUEST=1 RL_STATE_USE_MISSRATIO=1 LOH_ENABLE_PENALTY=1 LOH_REWARD_USE_PENALTY=0 LOH_RL_ALGO=PPO RL_UPDATE_INTERVAL=100 LOH_ACTION_SCALE=1.2"
80,1,8001,1063_to032_20260213_2325__stage3_080_r01,0,0.368420,0.365302,0.00,"data/TencentCBS/1063.oracleGeneral.zst",0.1,"LOH_PARALLEL_SAFE=1 LOH_SKIP_PIP_INSTALL=1 LOH_SKIP_BUILD=1 CACHESIM_VERBOSE=0 CACHESIM_NUM_REQ=3000000 LOH_SCORE_USE_COMPOUND=0 LOH_SCORE_USE_IRT=0 LOH_USE_SOFTMAX=0 LOH_USE_HEURISTIC_SIGNS=0 LOH_INCLUDE_HIT_MISS_FEATURES=1 LOH_INCLUDE_CACHE_FEATURES=1 LOH_INCLUDE_CANDIDATE_FEATURES=0 LOH_INCLUDE_TOPK_CANDIDATE_FEATURES=0 LOH_INCLUDE_AVGTOPK_CANDIDATE_FEATURES=0 LOH_INCLUDE_REQUEST=1 RL_STATE_USE_MISSRATIO=1 LOH_ENABLE_PENALTY=1 LOH_REWARD_USE_PENALTY=1 LOH_RL_ALGO=PPO RL_UPDATE_INTERVAL=100 LOH_ACTION_SCALE=1.2 LOH_PENALTY_SCALE=log LOH_PENALTY_REWARD_FORMULA=neg LOH_REWARD_W_PENALTY=0.1 LOH_PENALTY_CUTOFF=0 LOH_PENALTY_DMAX=400000 LOH_PENALTY_EMPTY_AS_GOOD=1 LOH_PENALTY_REFINE_ON_LATE=1 LOH_PENALTY_NO_EVICT_REWARD=keep LOH_PENALTY_BASELINE_DECAY=0.99 LOH_SURVIVAL_BINS=64 LOH_SURVIVAL_QUANTILE=0.99 LOH_SURVIVAL_MINCOUNT=1000 LOH_PENALTY_NET_GOOD_SCALE=1.0 LOH_PENALTY_NET_PENALTY_SCALE=1.0"
81,1,8101,1063_to032_20260213_2325__stage3_081_r01,0,0.373288,0.359040,0.01,"data/TencentCBS/1063.oracleGeneral.zst",0.1,"LOH_PARALLEL_SAFE=1 LOH_SKIP_PIP_INSTALL=1 LOH_SKIP_BUILD=1 CACHESIM_VERBOSE=0 CACHESIM_NUM_REQ=3000000 LOH_SCORE_USE_COMPOUND=0 LOH_SCORE_USE_IRT=0 LOH_USE_SOFTMAX=0 LOH_USE_HEURISTIC_SIGNS=0 LOH_INCLUDE_HIT_MISS_FEATURES=1 LOH_INCLUDE_CACHE_FEATURES=1 LOH_INCLUDE_CANDIDATE_FEATURES=0 LOH_INCLUDE_TOPK_CANDIDATE_FEATURES=0 LOH_INCLUDE_AVGTOPK_CANDIDATE_FEATURES=0 LOH_INCLUDE_REQUEST=1 RL_STATE_USE_MISSRATIO=1 LOH_ENABLE_PENALTY=1 LOH_REWARD_USE_PENALTY=0 LOH_RL_ALGO=PPO RL_UPDATE_INTERVAL=200 LOH_ACTION_SCALE=0.6"
82,1,8201,1063_to032_20260213_2325__stage3_082_r01,0,0.361283,0.351032,0.01,"data/TencentCBS/1063.oracleGeneral.zst",0.1,"LOH_PARALLEL_SAFE=1 LOH_SKIP_PIP_INSTALL=1 LOH_SKIP_BUILD=1 CACHESIM_VERBOSE=0 CACHESIM_NUM_REQ=3000000 LOH_SCORE_USE_COMPOUND=0 LOH_SCORE_USE_IRT=0 LOH_USE_SOFTMAX=0 LOH_USE_HEURISTIC_SIGNS=0 LOH_INCLUDE_HIT_MISS_FEATURES=1 LOH_INCLUDE_CACHE_FEATURES=1 LOH_INCLUDE_CANDIDATE_FEATURES=0 LOH_INCLUDE_TOPK_CANDIDATE_FEATURES=0 LOH_INCLUDE_AVGTOPK_CANDIDATE_FEATURES=0 LOH_INCLUDE_REQUEST=1 RL_STATE_USE_MISSRATIO=1 LOH_ENABLE_PENALTY=1 LOH_REWARD_USE_PENALTY=1 LOH_RL_ALGO=PPO RL_UPDATE_INTERVAL=200 LOH_ACTION_SCALE=0.6 LOH_PENALTY_SCALE=log LOH_PENALTY_REWARD_FORMULA=neg LOH_REWARD_W_PENALTY=0.1 LOH_PENALTY_CUTOFF=0 LOH_PENALTY_DMAX=400000 LOH_PENALTY_EMPTY_AS_GOOD=1 LOH_PENALTY_REFINE_ON_LATE=1 LOH_PENALTY_NO_EVICT_REWARD=keep LOH_PENALTY_BASELINE_DECAY=0.99 LOH_SURVIVAL_BINS=64 LOH_SURVIVAL_QUANTILE=0.99 LOH_SURVIVAL_MINCOUNT=1000 LOH_PENALTY_NET_GOOD_SCALE=1.0 LOH_PENALTY_NET_PENALTY_SCALE=1.0"
83,1,8301,1063_to032_20260213_2325__stage3_083_r01,0,0.367775,0.352770,0.01,"data/TencentCBS/1063.oracleGeneral.zst",0.1,"LOH_PARALLEL_SAFE=1 LOH_SKIP_PIP_INSTALL=1 LOH_SKIP_BUILD=1 CACHESIM_VERBOSE=0 CACHESIM_NUM_REQ=3000000 LOH_SCORE_USE_COMPOUND=0 LOH_SCORE_USE_IRT=0 LOH_USE_SOFTMAX=0 LOH_USE_HEURISTIC_SIGNS=0 LOH_INCLUDE_HIT_MISS_FEATURES=1 LOH_INCLUDE_CACHE_FEATURES=1 LOH_INCLUDE_CANDIDATE_FEATURES=0 LOH_INCLUDE_TOPK_CANDIDATE_FEATURES=0 LOH_INCLUDE_AVGTOPK_CANDIDATE_FEATURES=0 LOH_INCLUDE_REQUEST=1 RL_STATE_USE_MISSRATIO=1 LOH_ENABLE_PENALTY=1 LOH_REWARD_USE_PENALTY=0 LOH_RL_ALGO=PPO RL_UPDATE_INTERVAL=200 LOH_ACTION_SCALE=0.8"
84,1,8401,1063_to032_20260213_2325__stage3_084_r01,0,0.374965,0.345400,0.01,"data/TencentCBS/1063.oracleGeneral.zst",0.1,"LOH_PARALLEL_SAFE=1 LOH_SKIP_PIP_INSTALL=1 LOH_SKIP_BUILD=1 CACHESIM_VERBOSE=0 CACHESIM_NUM_REQ=3000000 LOH_SCORE_USE_COMPOUND=0 LOH_SCORE_USE_IRT=0 LOH_USE_SOFTMAX=0 LOH_USE_HEURISTIC_SIGNS=0 LOH_INCLUDE_HIT_MISS_FEATURES=1 LOH_INCLUDE_CACHE_FEATURES=1 LOH_INCLUDE_CANDIDATE_FEATURES=0 LOH_INCLUDE_TOPK_CANDIDATE_FEATURES=0 LOH_INCLUDE_AVGTOPK_CANDIDATE_FEATURES=0 LOH_INCLUDE_REQUEST=1 RL_STATE_USE_MISSRATIO=1 LOH_ENABLE_PENALTY=1 LOH_REWARD_USE_PENALTY=1 LOH_RL_ALGO=PPO RL_UPDATE_INTERVAL=200 LOH_ACTION_SCALE=0.8 LOH_PENALTY_SCALE=log LOH_PENALTY_REWARD_FORMULA=neg LOH_REWARD_W_PENALTY=0.1 LOH_PENALTY_CUTOFF=0 LOH_PENALTY_DMAX=400000 LOH_PENALTY_EMPTY_AS_GOOD=1 LOH_PENALTY_REFINE_ON_LATE=1 LOH_PENALTY_NO_EVICT_REWARD=keep LOH_PENALTY_BASELINE_DECAY=0.99 LOH_SURVIVAL_BINS=64 LOH_SURVIVAL_QUANTILE=0.99 LOH_SURVIVAL_MINCOUNT=1000 LOH_PENALTY_NET_GOOD_SCALE=1.0 LOH_PENALTY_NET_PENALTY_SCALE=1.0"
85,1,8501,1063_to032_20260213_2325__stage3_085_r01,0,0.364698,0.350980,0.01,"data/TencentCBS/1063.oracleGeneral.zst",0.1,"LOH_PARALLEL_SAFE=1 LOH_SKIP_PIP_INSTALL=1 LOH_SKIP_BUILD=1 CACHESIM_VERBOSE=0 CACHESIM_NUM_REQ=3000000 LOH_SCORE_USE_COMPOUND=0 LOH_SCORE_USE_IRT=0 LOH_USE_SOFTMAX=0 LOH_USE_HEURISTIC_SIGNS=0 LOH_INCLUDE_HIT_MISS_FEATURES=1 LOH_INCLUDE_CACHE_FEATURES=1 LOH_INCLUDE_CANDIDATE_FEATURES=0 LOH_INCLUDE_TOPK_CANDIDATE_FEATURES=0 LOH_INCLUDE_AVGTOPK_CANDIDATE_FEATURES=0 LOH_INCLUDE_REQUEST=1 RL_STATE_USE_MISSRATIO=1 LOH_ENABLE_PENALTY=1 LOH_REWARD_USE_PENALTY=0 LOH_RL_ALGO=PPO RL_UPDATE_INTERVAL=200 LOH_ACTION_SCALE=1.0"
86,1,8601,1063_to032_20260213_2325__stage3_086_r01,0,0.359386,0.343946,0.01,"data/TencentCBS/1063.oracleGeneral.zst",0.1,"LOH_PARALLEL_SAFE=1 LOH_SKIP_PIP_INSTALL=1 LOH_SKIP_BUILD=1 CACHESIM_VERBOSE=0 CACHESIM_NUM_REQ=3000000 LOH_SCORE_USE_COMPOUND=0 LOH_SCORE_USE_IRT=0 LOH_USE_SOFTMAX=0 LOH_USE_HEURISTIC_SIGNS=0 LOH_INCLUDE_HIT_MISS_FEATURES=1 LOH_INCLUDE_CACHE_FEATURES=1 LOH_INCLUDE_CANDIDATE_FEATURES=0 LOH_INCLUDE_TOPK_CANDIDATE_FEATURES=0 LOH_INCLUDE_AVGTOPK_CANDIDATE_FEATURES=0 LOH_INCLUDE_REQUEST=1 RL_STATE_USE_MISSRATIO=1 LOH_ENABLE_PENALTY=1 LOH_REWARD_USE_PENALTY=1 LOH_RL_ALGO=PPO RL_UPDATE_INTERVAL=200 LOH_ACTION_SCALE=1.0 LOH_PENALTY_SCALE=log LOH_PENALTY_REWARD_FORMULA=neg LOH_REWARD_W_PENALTY=0.1 LOH_PENALTY_CUTOFF=0 LOH_PENALTY_DMAX=400000 LOH_PENALTY_EMPTY_AS_GOOD=1 LOH_PENALTY_REFINE_ON_LATE=1 LOH_PENALTY_NO_EVICT_REWARD=keep LOH_PENALTY_BASELINE_DECAY=0.99 LOH_SURVIVAL_BINS=64 LOH_SURVIVAL_QUANTILE=0.99 LOH_SURVIVAL_MINCOUNT=1000 LOH_PENALTY_NET_GOOD_SCALE=1.0 LOH_PENALTY_NET_PENALTY_SCALE=1.0"
87,1,8701,1063_to032_20260213_2325__stage3_087_r01,0,0.356702,0.340491,0.01,"data/TencentCBS/1063.oracleGeneral.zst",0.1,"LOH_PARALLEL_SAFE=1 LOH_SKIP_PIP_INSTALL=1 LOH_SKIP_BUILD=1 CACHESIM_VERBOSE=0 CACHESIM_NUM_REQ=3000000 LOH_SCORE_USE_COMPOUND=0 LOH_SCORE_USE_IRT=0 LOH_USE_SOFTMAX=0 LOH_USE_HEURISTIC_SIGNS=0 LOH_INCLUDE_HIT_MISS_FEATURES=1 LOH_INCLUDE_CACHE_FEATURES=1 LOH_INCLUDE_CANDIDATE_FEATURES=0 LOH_INCLUDE_TOPK_CANDIDATE_FEATURES=0 LOH_INCLUDE_AVGTOPK_CANDIDATE_FEATURES=0 LOH_INCLUDE_REQUEST=1 RL_STATE_USE_MISSRATIO=1 LOH_ENABLE_PENALTY=1 LOH_REWARD_USE_PENALTY=0 LOH_RL_ALGO=PPO RL_UPDATE_INTERVAL=200 LOH_ACTION_SCALE=1.2"
88,1,8801,1063_to032_20260213_2325__stage3_088_r01,0,0.380228,0.359316,0.01,"data/TencentCBS/1063.oracleGeneral.zst",0.1,"LOH_PARALLEL_SAFE=1 LOH_SKIP_PIP_INSTALL=1 LOH_SKIP_BUILD=1 CACHESIM_VERBOSE=0 CACHESIM_NUM_REQ=3000000 LOH_SCORE_USE_COMPOUND=0 LOH_SCORE_USE_IRT=0 LOH_USE_SOFTMAX=0 LOH_USE_HEURISTIC_SIGNS=0 LOH_INCLUDE_HIT_MISS_FEATURES=1 LOH_INCLUDE_CACHE_FEATURES=1 LOH_INCLUDE_CANDIDATE_FEATURES=0 LOH_INCLUDE_TOPK_CANDIDATE_FEATURES=0 LOH_INCLUDE_AVGTOPK_CANDIDATE_FEATURES=0 LOH_INCLUDE_REQUEST=1 RL_STATE_USE_MISSRATIO=1 LOH_ENABLE_PENALTY=1 LOH_REWARD_USE_PENALTY=1 LOH_RL_ALGO=PPO RL_UPDATE_INTERVAL=200 LOH_ACTION_SCALE=1.2 LOH_PENALTY_SCALE=log LOH_PENALTY_REWARD_FORMULA=neg LOH_REWARD_W_PENALTY=0.1 LOH_PENALTY_CUTOFF=0 LOH_PENALTY_DMAX=400000 LOH_PENALTY_EMPTY_AS_GOOD=1 LOH_PENALTY_REFINE_ON_LATE=1 LOH_PENALTY_NO_EVICT_REWARD=keep LOH_PENALTY_BASELINE_DECAY=0.99 LOH_SURVIVAL_BINS=64 LOH_SURVIVAL_QUANTILE=0.99 LOH_SURVIVAL_MINCOUNT=1000 LOH_PENALTY_NET_GOOD_SCALE=1.0 LOH_PENALTY_NET_PENALTY_SCALE=1.0"
89,1,8901,1063_to032_20260213_2325__stage3_089_r01,0,0.382099,0.365876,0.01,"data/TencentCBS/1063.oracleGeneral.zst",0.1,"LOH_PARALLEL_SAFE=1 LOH_SKIP_PIP_INSTALL=1 LOH_SKIP_BUILD=1 CACHESIM_VERBOSE=0 CACHESIM_NUM_REQ=3000000 LOH_SCORE_USE_COMPOUND=0 LOH_SCORE_USE_IRT=0 LOH_USE_SOFTMAX=0 LOH_USE_HEURISTIC_SIGNS=0 LOH_INCLUDE_HIT_MISS_FEATURES=1 LOH_INCLUDE_CACHE_FEATURES=1 LOH_INCLUDE_CANDIDATE_FEATURES=0 LOH_INCLUDE_TOPK_CANDIDATE_FEATURES=0 LOH_INCLUDE_AVGTOPK_CANDIDATE_FEATURES=0 LOH_INCLUDE_REQUEST=1 RL_STATE_USE_MISSRATIO=1 LOH_ENABLE_PENALTY=1 LOH_REWARD_USE_PENALTY=0 LOH_RL_ALGO=PPO RL_UPDATE_INTERVAL=400 LOH_ACTION_SCALE=0.6"
90,1,9001,1063_to032_20260213_2325__stage3_090_r01,0,0.374623,0.358177,0.01,"data/TencentCBS/1063.oracleGeneral.zst",0.1,"LOH_PARALLEL_SAFE=1 LOH_SKIP_PIP_INSTALL=1 LOH_SKIP_BUILD=1 CACHESIM_VERBOSE=0 CACHESIM_NUM_REQ=3000000 LOH_SCORE_USE_COMPOUND=0 LOH_SCORE_USE_IRT=0 LOH_USE_SOFTMAX=0 LOH_USE_HEURISTIC_SIGNS=0 LOH_INCLUDE_HIT_MISS_FEATURES=1 LOH_INCLUDE_CACHE_FEATURES=1 LOH_INCLUDE_CANDIDATE_FEATURES=0 LOH_INCLUDE_TOPK_CANDIDATE_FEATURES=0 LOH_INCLUDE_AVGTOPK_CANDIDATE_FEATURES=0 LOH_INCLUDE_REQUEST=1 RL_STATE_USE_MISSRATIO=1 LOH_ENABLE_PENALTY=1 LOH_REWARD_USE_PENALTY=1 LOH_RL_ALGO=PPO RL_UPDATE_INTERVAL=400 LOH_ACTION_SCALE=0.6 LOH_PENALTY_SCALE=log LOH_PENALTY_REWARD_FORMULA=neg LOH_REWARD_W_PENALTY=0.1 LOH_PENALTY_CUTOFF=0 LOH_PENALTY_DMAX=400000 LOH_PENALTY_EMPTY_AS_GOOD=1 LOH_PENALTY_REFINE_ON_LATE=1 LOH_PENALTY_NO_EVICT_REWARD=keep LOH_PENALTY_BASELINE_DECAY=0.99 LOH_SURVIVAL_BINS=64 LOH_SURVIVAL_QUANTILE=0.99 LOH_SURVIVAL_MINCOUNT=1000 LOH_PENALTY_NET_GOOD_SCALE=1.0 LOH_PENALTY_NET_PENALTY_SCALE=1.0"
91,1,9101,1063_to032_20260213_2325__stage3_091_r01,0,0.367633,0.346100,0.01,"data/TencentCBS/1063.oracleGeneral.zst",0.1,"LOH_PARALLEL_SAFE=1 LOH_SKIP_PIP_INSTALL=1 LOH_SKIP_BUILD=1 CACHESIM_VERBOSE=0 CACHESIM_NUM_REQ=3000000 LOH_SCORE_USE_COMPOUND=0 LOH_SCORE_USE_IRT=0 LOH_USE_SOFTMAX=0 LOH_USE_HEURISTIC_SIGNS=0 LOH_INCLUDE_HIT_MISS_FEATURES=1 LOH_INCLUDE_CACHE_FEATURES=1 LOH_INCLUDE_CANDIDATE_FEATURES=0 LOH_INCLUDE_TOPK_CANDIDATE_FEATURES=0 LOH_INCLUDE_AVGTOPK_CANDIDATE_FEATURES=0 LOH_INCLUDE_REQUEST=1 RL_STATE_USE_MISSRATIO=1 LOH_ENABLE_PENALTY=1 LOH_REWARD_USE_PENALTY=0 LOH_RL_ALGO=PPO RL_UPDATE_INTERVAL=400 LOH_ACTION_SCALE=0.8"
92,1,9201,1063_to032_20260213_2325__stage3_092_r01,0,0.371496,0.353907,0.01,"data/TencentCBS/1063.oracleGeneral.zst",0.1,"LOH_PARALLEL_SAFE=1 LOH_SKIP_PIP_INSTALL=1 LOH_SKIP_BUILD=1 CACHESIM_VERBOSE=0 CACHESIM_NUM_REQ=3000000 LOH_SCORE_USE_COMPOUND=0 LOH_SCORE_USE_IRT=0 LOH_USE_SOFTMAX=0 LOH_USE_HEURISTIC_SIGNS=0 LOH_INCLUDE_HIT_MISS_FEATURES=1 LOH_INCLUDE_CACHE_FEATURES=1 LOH_INCLUDE_CANDIDATE_FEATURES=0 LOH_INCLUDE_TOPK_CANDIDATE_FEATURES=0 LOH_INCLUDE_AVGTOPK_CANDIDATE_FEATURES=0 LOH_INCLUDE_REQUEST=1 RL_STATE_USE_MISSRATIO=1 LOH_ENABLE_PENALTY=1 LOH_REWARD_USE_PENALTY=1 LOH_RL_ALGO=PPO RL_UPDATE_INTERVAL=400 LOH_ACTION_SCALE=0.8 LOH_PENALTY_SCALE=log LOH_PENALTY_REWARD_FORMULA=neg LOH_REWARD_W_PENALTY=0.1 LOH_PENALTY_CUTOFF=0 LOH_PENALTY_DMAX=400000 LOH_PENALTY_EMPTY_AS_GOOD=1 LOH_PENALTY_REFINE_ON_LATE=1 LOH_PENALTY_NO_EVICT_REWARD=keep LOH_PENALTY_BASELINE_DECAY=0.99 LOH_SURVIVAL_BINS=64 LOH_SURVIVAL_QUANTILE=0.99 LOH_SURVIVAL_MINCOUNT=1000 LOH_PENALTY_NET_GOOD_SCALE=1.0 LOH_PENALTY_NET_PENALTY_SCALE=1.0"
93,1,9301,1063_to032_20260213_2325__stage3_093_r01,0,0.381488,0.363264,0.01,"data/TencentCBS/1063.oracleGeneral.zst",0.1,"LOH_PARALLEL_SAFE=1 LOH_SKIP_PIP_INSTALL=1 LOH_SKIP_BUILD=1 CACHESIM_VERBOSE=0 CACHESIM_NUM_REQ=3000000 LOH_SCORE_USE_COMPOUND=0 LOH_SCORE_USE_IRT=0 LOH_USE_SOFTMAX=0 LOH_USE_HEURISTIC_SIGNS=0 LOH_INCLUDE_HIT_MISS_FEATURES=1 LOH_INCLUDE_CACHE_FEATURES=1 LOH_INCLUDE_CANDIDATE_FEATURES=0 LOH_INCLUDE_TOPK_CANDIDATE_FEATURES=0 LOH_INCLUDE_AVGTOPK_CANDIDATE_FEATURES=0 LOH_INCLUDE_REQUEST=1 RL_STATE_USE_MISSRATIO=1 LOH_ENABLE_PENALTY=1 LOH_REWARD_USE_PENALTY=0 LOH_RL_ALGO=PPO RL_UPDATE_INTERVAL=400 LOH_ACTION_SCALE=1.0"
94,1,9401,1063_to032_20260213_2325__stage3_094_r01,0,0.375389,0.357352,0.01,"data/TencentCBS/1063.oracleGeneral.zst",0.1,"LOH_PARALLEL_SAFE=1 LOH_SKIP_PIP_INSTALL=1 LOH_SKIP_BUILD=1 CACHESIM_VERBOSE=0 CACHESIM_NUM_REQ=3000000 LOH_SCORE_USE_COMPOUND=0 LOH_SCORE_USE_IRT=0 LOH_USE_SOFTMAX=0 LOH_USE_HEURISTIC_SIGNS=0 LOH_INCLUDE_HIT_MISS_FEATURES=1 LOH_INCLUDE_CACHE_FEATURES=1 LOH_INCLUDE_CANDIDATE_FEATURES=0 LOH_INCLUDE_TOPK_CANDIDATE_FEATURES=0 LOH_INCLUDE_AVGTOPK_CANDIDATE_FEATURES=0 LOH_INCLUDE_REQUEST=1 RL_STATE_USE_MISSRATIO=1 LOH_ENABLE_PENALTY=1 LOH_REWARD_USE_PENALTY=1 LOH_RL_ALGO=PPO RL_UPDATE_INTERVAL=400 LOH_ACTION_SCALE=1.0 LOH_PENALTY_SCALE=log LOH_PENALTY_REWARD_FORMULA=neg LOH_REWARD_W_PENALTY=0.1 LOH_PENALTY_CUTOFF=0 LOH_PENALTY_DMAX=400000 LOH_PENALTY_EMPTY_AS_GOOD=1 LOH_PENALTY_REFINE_ON_LATE=1 LOH_PENALTY_NO_EVICT_REWARD=keep LOH_PENALTY_BASELINE_DECAY=0.99 LOH_SURVIVAL_BINS=64 LOH_SURVIVAL_QUANTILE=0.99 LOH_SURVIVAL_MINCOUNT=1000 LOH_PENALTY_NET_GOOD_SCALE=1.0 LOH_PENALTY_NET_PENALTY_SCALE=1.0"
95,1,9501,1063_to032_20260213_2325__stage3_095_r01,0,0.376601,0.357290,0.01,"data/TencentCBS/1063.oracleGeneral.zst",0.1,"LOH_PARALLEL_SAFE=1 LOH_SKIP_PIP_INSTALL=1 LOH_SKIP_BUILD=1 CACHESIM_VERBOSE=0 CACHESIM_NUM_REQ=3000000 LOH_SCORE_USE_COMPOUND=0 LOH_SCORE_USE_IRT=0 LOH_USE_SOFTMAX=0 LOH_USE_HEURISTIC_SIGNS=0 LOH_INCLUDE_HIT_MISS_FEATURES=1 LOH_INCLUDE_CACHE_FEATURES=1 LOH_INCLUDE_CANDIDATE_FEATURES=0 LOH_INCLUDE_TOPK_CANDIDATE_FEATURES=0 LOH_INCLUDE_AVGTOPK_CANDIDATE_FEATURES=0 LOH_INCLUDE_REQUEST=1 RL_STATE_USE_MISSRATIO=1 LOH_ENABLE_PENALTY=1 LOH_REWARD_USE_PENALTY=0 LOH_RL_ALGO=PPO RL_UPDATE_INTERVAL=400 LOH_ACTION_SCALE=1.2"
96,1,9601,1063_to032_20260213_2325__stage3_096_r01,0,0.367785,0.342217,0.02,"data/TencentCBS/1063.oracleGeneral.zst",0.1,"LOH_PARALLEL_SAFE=1 LOH_SKIP_PIP_INSTALL=1 LOH_SKIP_BUILD=1 CACHESIM_VERBOSE=0 CACHESIM_NUM_REQ=3000000 LOH_SCORE_USE_COMPOUND=0 LOH_SCORE_USE_IRT=0 LOH_USE_SOFTMAX=0 LOH_USE_HEURISTIC_SIGNS=0 LOH_INCLUDE_HIT_MISS_FEATURES=1 LOH_INCLUDE_CACHE_FEATURES=1 LOH_INCLUDE_CANDIDATE_FEATURES=0 LOH_INCLUDE_TOPK_CANDIDATE_FEATURES=0 LOH_INCLUDE_AVGTOPK_CANDIDATE_FEATURES=0 LOH_INCLUDE_REQUEST=1 RL_STATE_USE_MISSRATIO=1 LOH_ENABLE_PENALTY=1 LOH_REWARD_USE_PENALTY=1 LOH_RL_ALGO=PPO RL_UPDATE_INTERVAL=400 LOH_ACTION_SCALE=1.2 LOH_PENALTY_SCALE=log LOH_PENALTY_REWARD_FORMULA=neg LOH_REWARD_W_PENALTY=0.1 LOH_PENALTY_CUTOFF=0 LOH_PENALTY_DMAX=400000 LOH_PENALTY_EMPTY_AS_GOOD=1 LOH_PENALTY_REFINE_ON_LATE=1 LOH_PENALTY_NO_EVICT_REWARD=keep LOH_PENALTY_BASELINE_DECAY=0.99 LOH_SURVIVAL_BINS=64 LOH_SURVIVAL_QUANTILE=0.99 LOH_SURVIVAL_MINCOUNT=1000 LOH_PENALTY_NET_GOOD_SCALE=1.0 LOH_PENALTY_NET_PENALTY_SCALE=1.0"
97,1,9701,1063_to032_20260213_2325__stage3_097_r01,0,0.358822,0.344605,0.00,"data/TencentCBS/1063.oracleGeneral.zst",0.1,"LOH_PARALLEL_SAFE=1 LOH_SKIP_PIP_INSTALL=1 LOH_SKIP_BUILD=1 CACHESIM_VERBOSE=0 CACHESIM_NUM_REQ=3000000 LOH_SCORE_USE_COMPOUND=0 LOH_SCORE_USE_IRT=0 LOH_USE_SOFTMAX=0 LOH_USE_HEURISTIC_SIGNS=0 LOH_INCLUDE_HIT_MISS_FEATURES=1 LOH_INCLUDE_CACHE_FEATURES=1 LOH_INCLUDE_CANDIDATE_FEATURES=0 LOH_INCLUDE_TOPK_CANDIDATE_FEATURES=0 LOH_INCLUDE_AVGTOPK_CANDIDATE_FEATURES=0 LOH_INCLUDE_REQUEST=1 RL_STATE_USE_MISSRATIO=1 LOH_ENABLE_PENALTY=1 LOH_REWARD_USE_PENALTY=0 LOH_RL_ALGO=A2C RL_UPDATE_INTERVAL=50 LOH_ACTION_SCALE=0.6"
98,1,9801,1063_to032_20260213_2325__stage3_098_r01,0,0.361797,0.350700,0.00,"data/TencentCBS/1063.oracleGeneral.zst",0.1,"LOH_PARALLEL_SAFE=1 LOH_SKIP_PIP_INSTALL=1 LOH_SKIP_BUILD=1 CACHESIM_VERBOSE=0 CACHESIM_NUM_REQ=3000000 LOH_SCORE_USE_COMPOUND=0 LOH_SCORE_USE_IRT=0 LOH_USE_SOFTMAX=0 LOH_USE_HEURISTIC_SIGNS=0 LOH_INCLUDE_HIT_MISS_FEATURES=1 LOH_INCLUDE_CACHE_FEATURES=1 LOH_INCLUDE_CANDIDATE_FEATURES=0 LOH_INCLUDE_TOPK_CANDIDATE_FEATURES=0 LOH_INCLUDE_AVGTOPK_CANDIDATE_FEATURES=0 LOH_INCLUDE_REQUEST=1 RL_STATE_USE_MISSRATIO=1 LOH_ENABLE_PENALTY=1 LOH_REWARD_USE_PENALTY=1 LOH_RL_ALGO=A2C RL_UPDATE_INTERVAL=50 LOH_ACTION_SCALE=0.6 LOH_PENALTY_SCALE=log LOH_PENALTY_REWARD_FORMULA=neg LOH_REWARD_W_PENALTY=0.1 LOH_PENALTY_CUTOFF=0 LOH_PENALTY_DMAX=400000 LOH_PENALTY_EMPTY_AS_GOOD=1 LOH_PENALTY_REFINE_ON_LATE=1 LOH_PENALTY_NO_EVICT_REWARD=keep LOH_PENALTY_BASELINE_DECAY=0.99 LOH_SURVIVAL_BINS=64 LOH_SURVIVAL_QUANTILE=0.99 LOH_SURVIVAL_MINCOUNT=1000 LOH_PENALTY_NET_GOOD_SCALE=1.0 LOH_PENALTY_NET_PENALTY_SCALE=1.0"
99,1,9901,1063_to032_20260213_2325__stage3_099_r01,0,0.367176,0.359203,0.00,"data/TencentCBS/1063.oracleGeneral.zst",0.1,"LOH_PARALLEL_SAFE=1 LOH_SKIP_PIP_INSTALL=1 LOH_SKIP_BUILD=1 CACHESIM_VERBOSE=0 CACHESIM_NUM_REQ=3000000 LOH_SCORE_USE_COMPOUND=0 LOH_SCORE_USE_IRT=0 LOH_USE_SOFTMAX=0 LOH_USE_HEURISTIC_SIGNS=0 LOH_INCLUDE_HIT_MISS_FEATURES=1 LOH_INCLUDE_CACHE_FEATURES=1 LOH_INCLUDE_CANDIDATE_FEATURES=0 LOH_INCLUDE_TOPK_CANDIDATE_FEATURES=0 LOH_INCLUDE_AVGTOPK_CANDIDATE_FEATURES=0 LOH_INCLUDE_REQUEST=1 RL_STATE_USE_MISSRATIO=1 LOH_ENABLE_PENALTY=1 LOH_REWARD_USE_PENALTY=0 LOH_RL_ALGO=A2C RL_UPDATE_INTERVAL=50 LOH_ACTION_SCALE=0.8"
100,1,10001,1063_to032_20260213_2325__stage3_100_r01,0,0.362690,0.424037,0.00,"data/TencentCBS/1063.oracleGeneral.zst",0.1,"LOH_PARALLEL_SAFE=1 LOH_SKIP_PIP_INSTALL=1 LOH_SKIP_BUILD=1 CACHESIM_VERBOSE=0 CACHESIM_NUM_REQ=3000000 LOH_SCORE_USE_COMPOUND=0 LOH_SCORE_USE_IRT=0 LOH_USE_SOFTMAX=0 LOH_USE_HEURISTIC_SIGNS=0 LOH_INCLUDE_HIT_MISS_FEATURES=1 LOH_INCLUDE_CACHE_FEATURES=1 LOH_INCLUDE_CANDIDATE_FEATURES=0 LOH_INCLUDE_TOPK_CANDIDATE_FEATURES=0 LOH_INCLUDE_AVGTOPK_CANDIDATE_FEATURES=0 LOH_INCLUDE_REQUEST=1 RL_STATE_USE_MISSRATIO=1 LOH_ENABLE_PENALTY=1 LOH_REWARD_USE_PENALTY=1 LOH_RL_ALGO=A2C RL_UPDATE_INTERVAL=50 LOH_ACTION_SCALE=0.8 LOH_PENALTY_SCALE=log LOH_PENALTY_REWARD_FORMULA=neg LOH_REWARD_W_PENALTY=0.1 LOH_PENALTY_CUTOFF=0 LOH_PENALTY_DMAX=400000 LOH_PENALTY_EMPTY_AS_GOOD=1 LOH_PENALTY_REFINE_ON_LATE=1 LOH_PENALTY_NO_EVICT_REWARD=keep LOH_PENALTY_BASELINE_DECAY=0.99 LOH_SURVIVAL_BINS=64 LOH_SURVIVAL_QUANTILE=0.99 LOH_SURVIVAL_MINCOUNT=1000 LOH_PENALTY_NET_GOOD_SCALE=1.0 LOH_PENALTY_NET_PENALTY_SCALE=1.0"
101,1,10101,1063_to032_20260213_2325__stage3_101_r01,0,0.358341,0.349232,0.00,"data/TencentCBS/1063.oracleGeneral.zst",0.1,"LOH_PARALLEL_SAFE=1 LOH_SKIP_PIP_INSTALL=1 LOH_SKIP_BUILD=1 CACHESIM_VERBOSE=0 CACHESIM_NUM_REQ=3000000 LOH_SCORE_USE_COMPOUND=0 LOH_SCORE_USE_IRT=0 LOH_USE_SOFTMAX=0 LOH_USE_HEURISTIC_SIGNS=0 LOH_INCLUDE_HIT_MISS_FEATURES=1 LOH_INCLUDE_CACHE_FEATURES=1 LOH_INCLUDE_CANDIDATE_FEATURES=0 LOH_INCLUDE_TOPK_CANDIDATE_FEATURES=0 LOH_INCLUDE_AVGTOPK_CANDIDATE_FEATURES=0 LOH_INCLUDE_REQUEST=1 RL_STATE_USE_MISSRATIO=1 LOH_ENABLE_PENALTY=1 LOH_REWARD_USE_PENALTY=0 LOH_RL_ALGO=A2C RL_UPDATE_INTERVAL=50 LOH_ACTION_SCALE=1.0"
102,1,10201,1063_to032_20260213_2325__stage3_102_r01,0,0.364390,0.360108,0.00,"data/TencentCBS/1063.oracleGeneral.zst",0.1,"LOH_PARALLEL_SAFE=1 LOH_SKIP_PIP_INSTALL=1 LOH_SKIP_BUILD=1 CACHESIM_VERBOSE=0 CACHESIM_NUM_REQ=3000000 LOH_SCORE_USE_COMPOUND=0 LOH_SCORE_USE_IRT=0 LOH_USE_SOFTMAX=0 LOH_USE_HEURISTIC_SIGNS=0 LOH_INCLUDE_HIT_MISS_FEATURES=1 LOH_INCLUDE_CACHE_FEATURES=1 LOH_INCLUDE_CANDIDATE_FEATURES=0 LOH_INCLUDE_TOPK_CANDIDATE_FEATURES=0 LOH_INCLUDE_AVGTOPK_CANDIDATE_FEATURES=0 LOH_INCLUDE_REQUEST=1 RL_STATE_USE_MISSRATIO=1 LOH_ENABLE_PENALTY=1 LOH_REWARD_USE_PENALTY=1 LOH_RL_ALGO=A2C RL_UPDATE_INTERVAL=50 LOH_ACTION_SCALE=1.0 LOH_PENALTY_SCALE=log LOH_PENALTY_REWARD_FORMULA=neg LOH_REWARD_W_PENALTY=0.1 LOH_PENALTY_CUTOFF=0 LOH_PENALTY_DMAX=400000 LOH_PENALTY_EMPTY_AS_GOOD=1 LOH_PENALTY_REFINE_ON_LATE=1 LOH_PENALTY_NO_EVICT_REWARD=keep LOH_PENALTY_BASELINE_DECAY=0.99 LOH_SURVIVAL_BINS=64 LOH_SURVIVAL_QUANTILE=0.99 LOH_SURVIVAL_MINCOUNT=1000 LOH_PENALTY_NET_GOOD_SCALE=1.0 LOH_PENALTY_NET_PENALTY_SCALE=1.0"
103,1,10301,1063_to032_20260213_2325__stage3_103_r01,0,0.377898,0.353475,0.00,"data/TencentCBS/1063.oracleGeneral.zst",0.1,"LOH_PARALLEL_SAFE=1 LOH_SKIP_PIP_INSTALL=1 LOH_SKIP_BUILD=1 CACHESIM_VERBOSE=0 CACHESIM_NUM_REQ=3000000 LOH_SCORE_USE_COMPOUND=0 LOH_SCORE_USE_IRT=0 LOH_USE_SOFTMAX=0 LOH_USE_HEURISTIC_SIGNS=0 LOH_INCLUDE_HIT_MISS_FEATURES=1 LOH_INCLUDE_CACHE_FEATURES=1 LOH_INCLUDE_CANDIDATE_FEATURES=0 LOH_INCLUDE_TOPK_CANDIDATE_FEATURES=0 LOH_INCLUDE_AVGTOPK_CANDIDATE_FEATURES=0 LOH_INCLUDE_REQUEST=1 RL_STATE_USE_MISSRATIO=1 LOH_ENABLE_PENALTY=1 LOH_REWARD_USE_PENALTY=0 LOH_RL_ALGO=A2C RL_UPDATE_INTERVAL=50 LOH_ACTION_SCALE=1.2"
104,1,10401,1063_to032_20260213_2325__stage3_104_r01,0,0.358466,0.350499,0.00,"data/TencentCBS/1063.oracleGeneral.zst",0.1,"LOH_PARALLEL_SAFE=1 LOH_SKIP_PIP_INSTALL=1 LOH_SKIP_BUILD=1 CACHESIM_VERBOSE=0 CACHESIM_NUM_REQ=3000000 LOH_SCORE_USE_COMPOUND=0 LOH_SCORE_USE_IRT=0 LOH_USE_SOFTMAX=0 LOH_USE_HEURISTIC_SIGNS=0 LOH_INCLUDE_HIT_MISS_FEATURES=1 LOH_INCLUDE_CACHE_FEATURES=1 LOH_INCLUDE_CANDIDATE_FEATURES=0 LOH_INCLUDE_TOPK_CANDIDATE_FEATURES=0 LOH_INCLUDE_AVGTOPK_CANDIDATE_FEATURES=0 LOH_INCLUDE_REQUEST=1 RL_STATE_USE_MISSRATIO=1 LOH_ENABLE_PENALTY=1 LOH_REWARD_USE_PENALTY=1 LOH_RL_ALGO=A2C RL_UPDATE_INTERVAL=50 LOH_ACTION_SCALE=1.2 LOH_PENALTY_SCALE=log LOH_PENALTY_REWARD_FORMULA=neg LOH_REWARD_W_PENALTY=0.1 LOH_PENALTY_CUTOFF=0 LOH_PENALTY_DMAX=400000 LOH_PENALTY_EMPTY_AS_GOOD=1 LOH_PENALTY_REFINE_ON_LATE=1 LOH_PENALTY_NO_EVICT_REWARD=keep LOH_PENALTY_BASELINE_DECAY=0.99 LOH_SURVIVAL_BINS=64 LOH_SURVIVAL_QUANTILE=0.99 LOH_SURVIVAL_MINCOUNT=1000 LOH_PENALTY_NET_GOOD_SCALE=1.0 LOH_PENALTY_NET_PENALTY_SCALE=1.0"
105,1,10501,1063_to032_20260213_2325__stage3_105_r01,0,0.378107,0.379070,0.00,"data/TencentCBS/1063.oracleGeneral.zst",0.1,"LOH_PARALLEL_SAFE=1 LOH_SKIP_PIP_INSTALL=1 LOH_SKIP_BUILD=1 CACHESIM_VERBOSE=0 CACHESIM_NUM_REQ=3000000 LOH_SCORE_USE_COMPOUND=0 LOH_SCORE_USE_IRT=0 LOH_USE_SOFTMAX=0 LOH_USE_HEURISTIC_SIGNS=0 LOH_INCLUDE_HIT_MISS_FEATURES=1 LOH_INCLUDE_CACHE_FEATURES=1 LOH_INCLUDE_CANDIDATE_FEATURES=0 LOH_INCLUDE_TOPK_CANDIDATE_FEATURES=0 LOH_INCLUDE_AVGTOPK_CANDIDATE_FEATURES=0 LOH_INCLUDE_REQUEST=1 RL_STATE_USE_MISSRATIO=1 LOH_ENABLE_PENALTY=1 LOH_REWARD_USE_PENALTY=0 LOH_RL_ALGO=A2C RL_UPDATE_INTERVAL=100 LOH_ACTION_SCALE=0.6"
106,1,10601,1063_to032_20260213_2325__stage3_106_r01,0,0.375886,0.350530,0.00,"data/TencentCBS/1063.oracleGeneral.zst",0.1,"LOH_PARALLEL_SAFE=1 LOH_SKIP_PIP_INSTALL=1 LOH_SKIP_BUILD=1 CACHESIM_VERBOSE=0 CACHESIM_NUM_REQ=3000000 LOH_SCORE_USE_COMPOUND=0 LOH_SCORE_USE_IRT=0 LOH_USE_SOFTMAX=0 LOH_USE_HEURISTIC_SIGNS=0 LOH_INCLUDE_HIT_MISS_FEATURES=1 LOH_INCLUDE_CACHE_FEATURES=1 LOH_INCLUDE_CANDIDATE_FEATURES=0 LOH_INCLUDE_TOPK_CANDIDATE_FEATURES=0 LOH_INCLUDE_AVGTOPK_CANDIDATE_FEATURES=0 LOH_INCLUDE_REQUEST=1 RL_STATE_USE_MISSRATIO=1 LOH_ENABLE_PENALTY=1 LOH_REWARD_USE_PENALTY=1 LOH_RL_ALGO=A2C RL_UPDATE_INTERVAL=100 LOH_ACTION_SCALE=0.6 LOH_PENALTY_SCALE=log LOH_PENALTY_REWARD_FORMULA=neg LOH_REWARD_W_PENALTY=0.1 LOH_PENALTY_CUTOFF=0 LOH_PENALTY_DMAX=400000 LOH_PENALTY_EMPTY_AS_GOOD=1 LOH_PENALTY_REFINE_ON_LATE=1 LOH_PENALTY_NO_EVICT_REWARD=keep LOH_PENALTY_BASELINE_DECAY=0.99 LOH_SURVIVAL_BINS=64 LOH_SURVIVAL_QUANTILE=0.99 LOH_SURVIVAL_MINCOUNT=1000 LOH_PENALTY_NET_GOOD_SCALE=1.0 LOH_PENALTY_NET_PENALTY_SCALE=1.0"
107,1,10701,1063_to032_20260213_2325__stage3_107_r01,0,0.354401,0.373957,0.00,"data/TencentCBS/1063.oracleGeneral.zst",0.1,"LOH_PARALLEL_SAFE=1 LOH_SKIP_PIP_INSTALL=1 LOH_SKIP_BUILD=1 CACHESIM_VERBOSE=0 CACHESIM_NUM_REQ=3000000 LOH_SCORE_USE_COMPOUND=0 LOH_SCORE_USE_IRT=0 LOH_USE_SOFTMAX=0 LOH_USE_HEURISTIC_SIGNS=0 LOH_INCLUDE_HIT_MISS_FEATURES=1 LOH_INCLUDE_CACHE_FEATURES=1 LOH_INCLUDE_CANDIDATE_FEATURES=0 LOH_INCLUDE_TOPK_CANDIDATE_FEATURES=0 LOH_INCLUDE_AVGTOPK_CANDIDATE_FEATURES=0 LOH_INCLUDE_REQUEST=1 RL_STATE_USE_MISSRATIO=1 LOH_ENABLE_PENALTY=1 LOH_REWARD_USE_PENALTY=0 LOH_RL_ALGO=A2C RL_UPDATE_INTERVAL=100 LOH_ACTION_SCALE=0.8"
108,1,10801,1063_to032_20260213_2325__stage3_108_r01,0,0.346954,0.342240,0.00,"data/TencentCBS/1063.oracleGeneral.zst",0.1,"LOH_PARALLEL_SAFE=1 LOH_SKIP_PIP_INSTALL=1 LOH_SKIP_BUILD=1 CACHESIM_VERBOSE=0 CACHESIM_NUM_REQ=3000000 LOH_SCORE_USE_COMPOUND=0 LOH_SCORE_USE_IRT=0 LOH_USE_SOFTMAX=0 LOH_USE_HEURISTIC_SIGNS=0 LOH_INCLUDE_HIT_MISS_FEATURES=1 LOH_INCLUDE_CACHE_FEATURES=1 LOH_INCLUDE_CANDIDATE_FEATURES=0 LOH_INCLUDE_TOPK_CANDIDATE_FEATURES=0 LOH_INCLUDE_AVGTOPK_CANDIDATE_FEATURES=0 LOH_INCLUDE_REQUEST=1 RL_STATE_USE_MISSRATIO=1 LOH_ENABLE_PENALTY=1 LOH_REWARD_USE_PENALTY=1 LOH_RL_ALGO=A2C RL_UPDATE_INTERVAL=100 LOH_ACTION_SCALE=0.8 LOH_PENALTY_SCALE=log LOH_PENALTY_REWARD_FORMULA=neg LOH_REWARD_W_PENALTY=0.1 LOH_PENALTY_CUTOFF=0 LOH_PENALTY_DMAX=400000 LOH_PENALTY_EMPTY_AS_GOOD=1 LOH_PENALTY_REFINE_ON_LATE=1 LOH_PENALTY_NO_EVICT_REWARD=keep LOH_PENALTY_BASELINE_DECAY=0.99 LOH_SURVIVAL_BINS=64 LOH_SURVIVAL_QUANTILE=0.99 LOH_SURVIVAL_MINCOUNT=1000 LOH_PENALTY_NET_GOOD_SCALE=1.0 LOH_PENALTY_NET_PENALTY_SCALE=1.0"
109,1,10901,1063_to032_20260213_2325__stage3_109_r01,0,0.380028,0.396517,0.00,"data/TencentCBS/1063.oracleGeneral.zst",0.1,"LOH_PARALLEL_SAFE=1 LOH_SKIP_PIP_INSTALL=1 LOH_SKIP_BUILD=1 CACHESIM_VERBOSE=0 CACHESIM_NUM_REQ=3000000 LOH_SCORE_USE_COMPOUND=0 LOH_SCORE_USE_IRT=0 LOH_USE_SOFTMAX=0 LOH_USE_HEURISTIC_SIGNS=0 LOH_INCLUDE_HIT_MISS_FEATURES=1 LOH_INCLUDE_CACHE_FEATURES=1 LOH_INCLUDE_CANDIDATE_FEATURES=0 LOH_INCLUDE_TOPK_CANDIDATE_FEATURES=0 LOH_INCLUDE_AVGTOPK_CANDIDATE_FEATURES=0 LOH_INCLUDE_REQUEST=1 RL_STATE_USE_MISSRATIO=1 LOH_ENABLE_PENALTY=1 LOH_REWARD_USE_PENALTY=0 LOH_RL_ALGO=A2C RL_UPDATE_INTERVAL=100 LOH_ACTION_SCALE=1.0"
110,1,11001,1063_to032_20260213_2325__stage3_110_r01,0,0.357664,0.336089,0.00,"data/TencentCBS/1063.oracleGeneral.zst",0.1,"LOH_PARALLEL_SAFE=1 LOH_SKIP_PIP_INSTALL=1 LOH_SKIP_BUILD=1 CACHESIM_VERBOSE=0 CACHESIM_NUM_REQ=3000000 LOH_SCORE_USE_COMPOUND=0 LOH_SCORE_USE_IRT=0 LOH_USE_SOFTMAX=0 LOH_USE_HEURISTIC_SIGNS=0 LOH_INCLUDE_HIT_MISS_FEATURES=1 LOH_INCLUDE_CACHE_FEATURES=1 LOH_INCLUDE_CANDIDATE_FEATURES=0 LOH_INCLUDE_TOPK_CANDIDATE_FEATURES=0 LOH_INCLUDE_AVGTOPK_CANDIDATE_FEATURES=0 LOH_INCLUDE_REQUEST=1 RL_STATE_USE_MISSRATIO=1 LOH_ENABLE_PENALTY=1 LOH_REWARD_USE_PENALTY=1 LOH_RL_ALGO=A2C RL_UPDATE_INTERVAL=100 LOH_ACTION_SCALE=1.0 LOH_PENALTY_SCALE=log LOH_PENALTY_REWARD_FORMULA=neg LOH_REWARD_W_PENALTY=0.1 LOH_PENALTY_CUTOFF=0 LOH_PENALTY_DMAX=400000 LOH_PENALTY_EMPTY_AS_GOOD=1 LOH_PENALTY_REFINE_ON_LATE=1 LOH_PENALTY_NO_EVICT_REWARD=keep LOH_PENALTY_BASELINE_DECAY=0.99 LOH_SURVIVAL_BINS=64 LOH_SURVIVAL_QUANTILE=0.99 LOH_SURVIVAL_MINCOUNT=1000 LOH_PENALTY_NET_GOOD_SCALE=1.0 LOH_PENALTY_NET_PENALTY_SCALE=1.0"
111,1,11101,1063_to032_20260213_2325__stage3_111_r01,0,0.357825,0.344782,0.00,"data/TencentCBS/1063.oracleGeneral.zst",0.1,"LOH_PARALLEL_SAFE=1 LOH_SKIP_PIP_INSTALL=1 LOH_SKIP_BUILD=1 CACHESIM_VERBOSE=0 CACHESIM_NUM_REQ=3000000 LOH_SCORE_USE_COMPOUND=0 LOH_SCORE_USE_IRT=0 LOH_USE_SOFTMAX=0 LOH_USE_HEURISTIC_SIGNS=0 LOH_INCLUDE_HIT_MISS_FEATURES=1 LOH_INCLUDE_CACHE_FEATURES=1 LOH_INCLUDE_CANDIDATE_FEATURES=0 LOH_INCLUDE_TOPK_CANDIDATE_FEATURES=0 LOH_INCLUDE_AVGTOPK_CANDIDATE_FEATURES=0 LOH_INCLUDE_REQUEST=1 RL_STATE_USE_MISSRATIO=1 LOH_ENABLE_PENALTY=1 LOH_REWARD_USE_PENALTY=0 LOH_RL_ALGO=A2C RL_UPDATE_INTERVAL=100 LOH_ACTION_SCALE=1.2"
112,1,11201,1063_to032_20260213_2325__stage3_112_r01,0,0.373393,0.358970,0.00,"data/TencentCBS/1063.oracleGeneral.zst",0.1,"LOH_PARALLEL_SAFE=1 LOH_SKIP_PIP_INSTALL=1 LOH_SKIP_BUILD=1 CACHESIM_VERBOSE=0 CACHESIM_NUM_REQ=3000000 LOH_SCORE_USE_COMPOUND=0 LOH_SCORE_USE_IRT=0 LOH_USE_SOFTMAX=0 LOH_USE_HEURISTIC_SIGNS=0 LOH_INCLUDE_HIT_MISS_FEATURES=1 LOH_INCLUDE_CACHE_FEATURES=1 LOH_INCLUDE_CANDIDATE_FEATURES=0 LOH_INCLUDE_TOPK_CANDIDATE_FEATURES=0 LOH_INCLUDE_AVGTOPK_CANDIDATE_FEATURES=0 LOH_INCLUDE_REQUEST=1 RL_STATE_USE_MISSRATIO=1 LOH_ENABLE_PENALTY=1 LOH_REWARD_USE_PENALTY=1 LOH_RL_ALGO=A2C RL_UPDATE_INTERVAL=100 LOH_ACTION_SCALE=1.2 LOH_PENALTY_SCALE=log LOH_PENALTY_REWARD_FORMULA=neg LOH_REWARD_W_PENALTY=0.1 LOH_PENALTY_CUTOFF=0 LOH_PENALTY_DMAX=400000 LOH_PENALTY_EMPTY_AS_GOOD=1 LOH_PENALTY_REFINE_ON_LATE=1 LOH_PENALTY_NO_EVICT_REWARD=keep LOH_PENALTY_BASELINE_DECAY=0.99 LOH_SURVIVAL_BINS=64 LOH_SURVIVAL_QUANTILE=0.99 LOH_SURVIVAL_MINCOUNT=1000 LOH_PENALTY_NET_GOOD_SCALE=1.0 LOH_PENALTY_NET_PENALTY_SCALE=1.0"
113,1,11301,1063_to032_20260213_2325__stage3_113_r01,0,0.364281,0.359541,0.01,"data/TencentCBS/1063.oracleGeneral.zst",0.1,"LOH_PARALLEL_SAFE=1 LOH_SKIP_PIP_INSTALL=1 LOH_SKIP_BUILD=1 CACHESIM_VERBOSE=0 CACHESIM_NUM_REQ=3000000 LOH_SCORE_USE_COMPOUND=0 LOH_SCORE_USE_IRT=0 LOH_USE_SOFTMAX=0 LOH_USE_HEURISTIC_SIGNS=0 LOH_INCLUDE_HIT_MISS_FEATURES=1 LOH_INCLUDE_CACHE_FEATURES=1 LOH_INCLUDE_CANDIDATE_FEATURES=0 LOH_INCLUDE_TOPK_CANDIDATE_FEATURES=0 LOH_INCLUDE_AVGTOPK_CANDIDATE_FEATURES=0 LOH_INCLUDE_REQUEST=1 RL_STATE_USE_MISSRATIO=1 LOH_ENABLE_PENALTY=1 LOH_REWARD_USE_PENALTY=0 LOH_RL_ALGO=A2C RL_UPDATE_INTERVAL=200 LOH_ACTION_SCALE=0.6"
114,1,11401,1063_to032_20260213_2325__stage3_114_r01,0,0.367951,0.351568,0.01,"data/TencentCBS/1063.oracleGeneral.zst",0.1,"LOH_PARALLEL_SAFE=1 LOH_SKIP_PIP_INSTALL=1 LOH_SKIP_BUILD=1 CACHESIM_VERBOSE=0 CACHESIM_NUM_REQ=3000000 LOH_SCORE_USE_COMPOUND=0 LOH_SCORE_USE_IRT=0 LOH_USE_SOFTMAX=0 LOH_USE_HEURISTIC_SIGNS=0 LOH_INCLUDE_HIT_MISS_FEATURES=1 LOH_INCLUDE_CACHE_FEATURES=1 LOH_INCLUDE_CANDIDATE_FEATURES=0 LOH_INCLUDE_TOPK_CANDIDATE_FEATURES=0 LOH_INCLUDE_AVGTOPK_CANDIDATE_FEATURES=0 LOH_INCLUDE_REQUEST=1 RL_STATE_USE_MISSRATIO=1 LOH_ENABLE_PENALTY=1 LOH_REWARD_USE_PENALTY=1 LOH_RL_ALGO=A2C RL_UPDATE_INTERVAL=200 LOH_ACTION_SCALE=0.6 LOH_PENALTY_SCALE=log LOH_PENALTY_REWARD_FORMULA=neg LOH_REWARD_W_PENALTY=0.1 LOH_PENALTY_CUTOFF=0 LOH_PENALTY_DMAX=400000 LOH_PENALTY_EMPTY_AS_GOOD=1 LOH_PENALTY_REFINE_ON_LATE=1 LOH_PENALTY_NO_EVICT_REWARD=keep LOH_PENALTY_BASELINE_DECAY=0.99 LOH_SURVIVAL_BINS=64 LOH_SURVIVAL_QUANTILE=0.99 LOH_SURVIVAL_MINCOUNT=1000 LOH_PENALTY_NET_GOOD_SCALE=1.0 LOH_PENALTY_NET_PENALTY_SCALE=1.0"
115,1,11501,1063_to032_20260213_2325__stage3_115_r01,0,0.351754,0.332287,0.01,"data/TencentCBS/1063.oracleGeneral.zst",0.1,"LOH_PARALLEL_SAFE=1 LOH_SKIP_PIP_INSTALL=1 LOH_SKIP_BUILD=1 CACHESIM_VERBOSE=0 CACHESIM_NUM_REQ=3000000 LOH_SCORE_USE_COMPOUND=0 LOH_SCORE_USE_IRT=0 LOH_USE_SOFTMAX=0 LOH_USE_HEURISTIC_SIGNS=0 LOH_INCLUDE_HIT_MISS_FEATURES=1 LOH_INCLUDE_CACHE_FEATURES=1 LOH_INCLUDE_CANDIDATE_FEATURES=0 LOH_INCLUDE_TOPK_CANDIDATE_FEATURES=0 LOH_INCLUDE_AVGTOPK_CANDIDATE_FEATURES=0 LOH_INCLUDE_REQUEST=1 RL_STATE_USE_MISSRATIO=1 LOH_ENABLE_PENALTY=1 LOH_REWARD_USE_PENALTY=0 LOH_RL_ALGO=A2C RL_UPDATE_INTERVAL=200 LOH_ACTION_SCALE=0.8"
116,1,11601,1063_to032_20260213_2325__stage3_116_r01,0,0.374634,0.391210,0.01,"data/TencentCBS/1063.oracleGeneral.zst",0.1,"LOH_PARALLEL_SAFE=1 LOH_SKIP_PIP_INSTALL=1 LOH_SKIP_BUILD=1 CACHESIM_VERBOSE=0 CACHESIM_NUM_REQ=3000000 LOH_SCORE_USE_COMPOUND=0 LOH_SCORE_USE_IRT=0 LOH_USE_SOFTMAX=0 LOH_USE_HEURISTIC_SIGNS=0 LOH_INCLUDE_HIT_MISS_FEATURES=1 LOH_INCLUDE_CACHE_FEATURES=1 LOH_INCLUDE_CANDIDATE_FEATURES=0 LOH_INCLUDE_TOPK_CANDIDATE_FEATURES=0 LOH_INCLUDE_AVGTOPK_CANDIDATE_FEATURES=0 LOH_INCLUDE_REQUEST=1 RL_STATE_USE_MISSRATIO=1 LOH_ENABLE_PENALTY=1 LOH_REWARD_USE_PENALTY=1 LOH_RL_ALGO=A2C RL_UPDATE_INTERVAL=200 LOH_ACTION_SCALE=0.8 LOH_PENALTY_SCALE=log LOH_PENALTY_REWARD_FORMULA=neg LOH_REWARD_W_PENALTY=0.1 LOH_PENALTY_CUTOFF=0 LOH_PENALTY_DMAX=400000 LOH_PENALTY_EMPTY_AS_GOOD=1 LOH_PENALTY_REFINE_ON_LATE=1 LOH_PENALTY_NO_EVICT_REWARD=keep LOH_PENALTY_BASELINE_DECAY=0.99 LOH_SURVIVAL_BINS=64 LOH_SURVIVAL_QUANTILE=0.99 LOH_SURVIVAL_MINCOUNT=1000 LOH_PENALTY_NET_GOOD_SCALE=1.0 LOH_PENALTY_NET_PENALTY_SCALE=1.0"
117,1,11701,1063_to032_20260213_2325__stage3_117_r01,0,0.370574,0.344738,0.01,"data/TencentCBS/1063.oracleGeneral.zst",0.1,"LOH_PARALLEL_SAFE=1 LOH_SKIP_PIP_INSTALL=1 LOH_SKIP_BUILD=1 CACHESIM_VERBOSE=0 CACHESIM_NUM_REQ=3000000 LOH_SCORE_USE_COMPOUND=0 LOH_SCORE_USE_IRT=0 LOH_USE_SOFTMAX=0 LOH_USE_HEURISTIC_SIGNS=0 LOH_INCLUDE_HIT_MISS_FEATURES=1 LOH_INCLUDE_CACHE_FEATURES=1 LOH_INCLUDE_CANDIDATE_FEATURES=0 LOH_INCLUDE_TOPK_CANDIDATE_FEATURES=0 LOH_INCLUDE_AVGTOPK_CANDIDATE_FEATURES=0 LOH_INCLUDE_REQUEST=1 RL_STATE_USE_MISSRATIO=1 LOH_ENABLE_PENALTY=1 LOH_REWARD_USE_PENALTY=0 LOH_RL_ALGO=A2C RL_UPDATE_INTERVAL=200 LOH_ACTION_SCALE=1.0"
118,1,11801,1063_to032_20260213_2325__stage3_118_r01,0,0.395058,0.378724,0.01,"data/TencentCBS/1063.oracleGeneral.zst",0.1,"LOH_PARALLEL_SAFE=1 LOH_SKIP_PIP_INSTALL=1 LOH_SKIP_BUILD=1 CACHESIM_VERBOSE=0 CACHESIM_NUM_REQ=3000000 LOH_SCORE_USE_COMPOUND=0 LOH_SCORE_USE_IRT=0 LOH_USE_SOFTMAX=0 LOH_USE_HEURISTIC_SIGNS=0 LOH_INCLUDE_HIT_MISS_FEATURES=1 LOH_INCLUDE_CACHE_FEATURES=1 LOH_INCLUDE_CANDIDATE_FEATURES=0 LOH_INCLUDE_TOPK_CANDIDATE_FEATURES=0 LOH_INCLUDE_AVGTOPK_CANDIDATE_FEATURES=0 LOH_INCLUDE_REQUEST=1 RL_STATE_USE_MISSRATIO=1 LOH_ENABLE_PENALTY=1 LOH_REWARD_USE_PENALTY=1 LOH_RL_ALGO=A2C RL_UPDATE_INTERVAL=200 LOH_ACTION_SCALE=1.0 LOH_PENALTY_SCALE=log LOH_PENALTY_REWARD_FORMULA=neg LOH_REWARD_W_PENALTY=0.1 LOH_PENALTY_CUTOFF=0 LOH_PENALTY_DMAX=400000 LOH_PENALTY_EMPTY_AS_GOOD=1 LOH_PENALTY_REFINE_ON_LATE=1 LOH_PENALTY_NO_EVICT_REWARD=keep LOH_PENALTY_BASELINE_DECAY=0.99 LOH_SURVIVAL_BINS=64 LOH_SURVIVAL_QUANTILE=0.99 LOH_SURVIVAL_MINCOUNT=1000 LOH_PENALTY_NET_GOOD_SCALE=1.0 LOH_PENALTY_NET_PENALTY_SCALE=1.0"
119,1,11901,1063_to032_20260213_2325__stage3_119_r01,0,0.536951,0.587564,0.01,"data/TencentCBS/1063.oracleGeneral.zst",0.1,"LOH_PARALLEL_SAFE=1 LOH_SKIP_PIP_INSTALL=1 LOH_SKIP_BUILD=1 CACHESIM_VERBOSE=0 CACHESIM_NUM_REQ=3000000 LOH_SCORE_USE_COMPOUND=0 LOH_SCORE_USE_IRT=0 LOH_USE_SOFTMAX=0 LOH_USE_HEURISTIC_SIGNS=0 LOH_INCLUDE_HIT_MISS_FEATURES=1 LOH_INCLUDE_CACHE_FEATURES=1 LOH_INCLUDE_CANDIDATE_FEATURES=0 LOH_INCLUDE_TOPK_CANDIDATE_FEATURES=0 LOH_INCLUDE_AVGTOPK_CANDIDATE_FEATURES=0 LOH_INCLUDE_REQUEST=1 RL_STATE_USE_MISSRATIO=1 LOH_ENABLE_PENALTY=1 LOH_REWARD_USE_PENALTY=0 LOH_RL_ALGO=A2C RL_UPDATE_INTERVAL=200 LOH_ACTION_SCALE=1.2"
120,1,12001,1063_to032_20260213_2325__stage3_120_r01,0,0.368479,0.360114,0.01,"data/TencentCBS/1063.oracleGeneral.zst",0.1,"LOH_PARALLEL_SAFE=1 LOH_SKIP_PIP_INSTALL=1 LOH_SKIP_BUILD=1 CACHESIM_VERBOSE=0 CACHESIM_NUM_REQ=3000000 LOH_SCORE_USE_COMPOUND=0 LOH_SCORE_USE_IRT=0 LOH_USE_SOFTMAX=0 LOH_USE_HEURISTIC_SIGNS=0 LOH_INCLUDE_HIT_MISS_FEATURES=1 LOH_INCLUDE_CACHE_FEATURES=1 LOH_INCLUDE_CANDIDATE_FEATURES=0 LOH_INCLUDE_TOPK_CANDIDATE_FEATURES=0 LOH_INCLUDE_AVGTOPK_CANDIDATE_FEATURES=0 LOH_INCLUDE_REQUEST=1 RL_STATE_USE_MISSRATIO=1 LOH_ENABLE_PENALTY=1 LOH_REWARD_USE_PENALTY=1 LOH_RL_ALGO=A2C RL_UPDATE_INTERVAL=200 LOH_ACTION_SCALE=1.2 LOH_PENALTY_SCALE=log LOH_PENALTY_REWARD_FORMULA=neg LOH_REWARD_W_PENALTY=0.1 LOH_PENALTY_CUTOFF=0 LOH_PENALTY_DMAX=400000 LOH_PENALTY_EMPTY_AS_GOOD=1 LOH_PENALTY_REFINE_ON_LATE=1 LOH_PENALTY_NO_EVICT_REWARD=keep LOH_PENALTY_BASELINE_DECAY=0.99 LOH_SURVIVAL_BINS=64 LOH_SURVIVAL_QUANTILE=0.99 LOH_SURVIVAL_MINCOUNT=1000 LOH_PENALTY_NET_GOOD_SCALE=1.0 LOH_PENALTY_NET_PENALTY_SCALE=1.0"
121,1,12101,1063_to032_20260213_2325__stage3_121_r01,0,0.360384,0.340335,0.02,"data/TencentCBS/1063.oracleGeneral.zst",0.1,"LOH_PARALLEL_SAFE=1 LOH_SKIP_PIP_INSTALL=1 LOH_SKIP_BUILD=1 CACHESIM_VERBOSE=0 CACHESIM_NUM_REQ=3000000 LOH_SCORE_USE_COMPOUND=0 LOH_SCORE_USE_IRT=0 LOH_USE_SOFTMAX=0 LOH_USE_HEURISTIC_SIGNS=0 LOH_INCLUDE_HIT_MISS_FEATURES=1 LOH_INCLUDE_CACHE_FEATURES=1 LOH_INCLUDE_CANDIDATE_FEATURES=0 LOH_INCLUDE_TOPK_CANDIDATE_FEATURES=0 LOH_INCLUDE_AVGTOPK_CANDIDATE_FEATURES=0 LOH_INCLUDE_REQUEST=1 RL_STATE_USE_MISSRATIO=1 LOH_ENABLE_PENALTY=1 LOH_REWARD_USE_PENALTY=0 LOH_RL_ALGO=A2C RL_UPDATE_INTERVAL=400 LOH_ACTION_SCALE=0.6"
122,1,12201,1063_to032_20260213_2325__stage3_122_r01,0,0.365762,0.353950,0.02,"data/TencentCBS/1063.oracleGeneral.zst",0.1,"LOH_PARALLEL_SAFE=1 LOH_SKIP_PIP_INSTALL=1 LOH_SKIP_BUILD=1 CACHESIM_VERBOSE=0 CACHESIM_NUM_REQ=3000000 LOH_SCORE_USE_COMPOUND=0 LOH_SCORE_USE_IRT=0 LOH_USE_SOFTMAX=0 LOH_USE_HEURISTIC_SIGNS=0 LOH_INCLUDE_HIT_MISS_FEATURES=1 LOH_INCLUDE_CACHE_FEATURES=1 LOH_INCLUDE_CANDIDATE_FEATURES=0 LOH_INCLUDE_TOPK_CANDIDATE_FEATURES=0 LOH_INCLUDE_AVGTOPK_CANDIDATE_FEATURES=0 LOH_INCLUDE_REQUEST=1 RL_STATE_USE_MISSRATIO=1 LOH_ENABLE_PENALTY=1 LOH_REWARD_USE_PENALTY=1 LOH_RL_ALGO=A2C RL_UPDATE_INTERVAL=400 LOH_ACTION_SCALE=0.6 LOH_PENALTY_SCALE=log LOH_PENALTY_REWARD_FORMULA=neg LOH_REWARD_W_PENALTY=0.1 LOH_PENALTY_CUTOFF=0 LOH_PENALTY_DMAX=400000 LOH_PENALTY_EMPTY_AS_GOOD=1 LOH_PENALTY_REFINE_ON_LATE=1 LOH_PENALTY_NO_EVICT_REWARD=keep LOH_PENALTY_BASELINE_DECAY=0.99 LOH_SURVIVAL_BINS=64 LOH_SURVIVAL_QUANTILE=0.99 LOH_SURVIVAL_MINCOUNT=1000 LOH_PENALTY_NET_GOOD_SCALE=1.0 LOH_PENALTY_NET_PENALTY_SCALE=1.0"
123,1,12301,1063_to032_20260213_2325__stage3_123_r01,0,0.351378,0.334597,0.02,"data/TencentCBS/1063.oracleGeneral.zst",0.1,"LOH_PARALLEL_SAFE=1 LOH_SKIP_PIP_INSTALL=1 LOH_SKIP_BUILD=1 CACHESIM_VERBOSE=0 CACHESIM_NUM_REQ=3000000 LOH_SCORE_USE_COMPOUND=0 LOH_SCORE_USE_IRT=0 LOH_USE_SOFTMAX=0 LOH_USE_HEURISTIC_SIGNS=0 LOH_INCLUDE_HIT_MISS_FEATURES=1 LOH_INCLUDE_CACHE_FEATURES=1 LOH_INCLUDE_CANDIDATE_FEATURES=0 LOH_INCLUDE_TOPK_CANDIDATE_FEATURES=0 LOH_INCLUDE_AVGTOPK_CANDIDATE_FEATURES=0 LOH_INCLUDE_REQUEST=1 RL_STATE_USE_MISSRATIO=1 LOH_ENABLE_PENALTY=1 LOH_REWARD_USE_PENALTY=0 LOH_RL_ALGO=A2C RL_UPDATE_INTERVAL=400 LOH_ACTION_SCALE=0.8"
124,1,12401,1063_to032_20260213_2325__stage3_124_r01,0,0.368619,0.348224,0.02,"data/TencentCBS/1063.oracleGeneral.zst",0.1,"LOH_PARALLEL_SAFE=1 LOH_SKIP_PIP_INSTALL=1 LOH_SKIP_BUILD=1 CACHESIM_VERBOSE=0 CACHESIM_NUM_REQ=3000000 LOH_SCORE_USE_COMPOUND=0 LOH_SCORE_USE_IRT=0 LOH_USE_SOFTMAX=0 LOH_USE_HEURISTIC_SIGNS=0 LOH_INCLUDE_HIT_MISS_FEATURES=1 LOH_INCLUDE_CACHE_FEATURES=1 LOH_INCLUDE_CANDIDATE_FEATURES=0 LOH_INCLUDE_TOPK_CANDIDATE_FEATURES=0 LOH_INCLUDE_AVGTOPK_CANDIDATE_FEATURES=0 LOH_INCLUDE_REQUEST=1 RL_STATE_USE_MISSRATIO=1 LOH_ENABLE_PENALTY=1 LOH_REWARD_USE_PENALTY=1 LOH_RL_ALGO=A2C RL_UPDATE_INTERVAL=400 LOH_ACTION_SCALE=0.8 LOH_PENALTY_SCALE=log LOH_PENALTY_REWARD_FORMULA=neg LOH_REWARD_W_PENALTY=0.1 LOH_PENALTY_CUTOFF=0 LOH_PENALTY_DMAX=400000 LOH_PENALTY_EMPTY_AS_GOOD=1 LOH_PENALTY_REFINE_ON_LATE=1 LOH_PENALTY_NO_EVICT_REWARD=keep LOH_PENALTY_BASELINE_DECAY=0.99 LOH_SURVIVAL_BINS=64 LOH_SURVIVAL_QUANTILE=0.99 LOH_SURVIVAL_MINCOUNT=1000 LOH_PENALTY_NET_GOOD_SCALE=1.0 LOH_PENALTY_NET_PENALTY_SCALE=1.0"
125,1,12501,1063_to032_20260213_2325__stage3_125_r01,0,0.404602,0.430974,0.02,"data/TencentCBS/1063.oracleGeneral.zst",0.1,"LOH_PARALLEL_SAFE=1 LOH_SKIP_PIP_INSTALL=1 LOH_SKIP_BUILD=1 CACHESIM_VERBOSE=0 CACHESIM_NUM_REQ=3000000 LOH_SCORE_USE_COMPOUND=0 LOH_SCORE_USE_IRT=0 LOH_USE_SOFTMAX=0 LOH_USE_HEURISTIC_SIGNS=0 LOH_INCLUDE_HIT_MISS_FEATURES=1 LOH_INCLUDE_CACHE_FEATURES=1 LOH_INCLUDE_CANDIDATE_FEATURES=0 LOH_INCLUDE_TOPK_CANDIDATE_FEATURES=0 LOH_INCLUDE_AVGTOPK_CANDIDATE_FEATURES=0 LOH_INCLUDE_REQUEST=1 RL_STATE_USE_MISSRATIO=1 LOH_ENABLE_PENALTY=1 LOH_REWARD_USE_PENALTY=0 LOH_RL_ALGO=A2C RL_UPDATE_INTERVAL=400 LOH_ACTION_SCALE=1.0"
126,1,12601,1063_to032_20260213_2325__stage3_126_r01,0,0.394173,0.360835,0.02,"data/TencentCBS/1063.oracleGeneral.zst",0.1,"LOH_PARALLEL_SAFE=1 LOH_SKIP_PIP_INSTALL=1 LOH_SKIP_BUILD=1 CACHESIM_VERBOSE=0 CACHESIM_NUM_REQ=3000000 LOH_SCORE_USE_COMPOUND=0 LOH_SCORE_USE_IRT=0 LOH_USE_SOFTMAX=0 LOH_USE_HEURISTIC_SIGNS=0 LOH_INCLUDE_HIT_MISS_FEATURES=1 LOH_INCLUDE_CACHE_FEATURES=1 LOH_INCLUDE_CANDIDATE_FEATURES=0 LOH_INCLUDE_TOPK_CANDIDATE_FEATURES=0 LOH_INCLUDE_AVGTOPK_CANDIDATE_FEATURES=0 LOH_INCLUDE_REQUEST=1 RL_STATE_USE_MISSRATIO=1 LOH_ENABLE_PENALTY=1 LOH_REWARD_USE_PENALTY=1 LOH_RL_ALGO=A2C RL_UPDATE_INTERVAL=400 LOH_ACTION_SCALE=1.0 LOH_PENALTY_SCALE=log LOH_PENALTY_REWARD_FORMULA=neg LOH_REWARD_W_PENALTY=0.1 LOH_PENALTY_CUTOFF=0 LOH_PENALTY_DMAX=400000 LOH_PENALTY_EMPTY_AS_GOOD=1 LOH_PENALTY_REFINE_ON_LATE=1 LOH_PENALTY_NO_EVICT_REWARD=keep LOH_PENALTY_BASELINE_DECAY=0.99 LOH_SURVIVAL_BINS=64 LOH_SURVIVAL_QUANTILE=0.99 LOH_SURVIVAL_MINCOUNT=1000 LOH_PENALTY_NET_GOOD_SCALE=1.0 LOH_PENALTY_NET_PENALTY_SCALE=1.0"
127,1,12701,1063_to032_20260213_2325__stage3_127_r01,0,0.378692,0.360658,0.02,"data/TencentCBS/1063.oracleGeneral.zst",0.1,"LOH_PARALLEL_SAFE=1 LOH_SKIP_PIP_INSTALL=1 LOH_SKIP_BUILD=1 CACHESIM_VERBOSE=0 CACHESIM_NUM_REQ=3000000 LOH_SCORE_USE_COMPOUND=0 LOH_SCORE_USE_IRT=0 LOH_USE_SOFTMAX=0 LOH_USE_HEURISTIC_SIGNS=0 LOH_INCLUDE_HIT_MISS_FEATURES=1 LOH_INCLUDE_CACHE_FEATURES=1 LOH_INCLUDE_CANDIDATE_FEATURES=0 LOH_INCLUDE_TOPK_CANDIDATE_FEATURES=0 LOH_INCLUDE_AVGTOPK_CANDIDATE_FEATURES=0 LOH_INCLUDE_REQUEST=1 RL_STATE_USE_MISSRATIO=1 LOH_ENABLE_PENALTY=1 LOH_REWARD_USE_PENALTY=0 LOH_RL_ALGO=A2C RL_UPDATE_INTERVAL=400 LOH_ACTION_SCALE=1.2"
128,1,12801,1063_to032_20260213_2325__stage3_128_r01,0,0.439232,0.436557,0.02,"data/TencentCBS/1063.oracleGeneral.zst",0.1,"LOH_PARALLEL_SAFE=1 LOH_SKIP_PIP_INSTALL=1 LOH_SKIP_BUILD=1 CACHESIM_VERBOSE=0 CACHESIM_NUM_REQ=3000000 LOH_SCORE_USE_COMPOUND=0 LOH_SCORE_USE_IRT=0 LOH_USE_SOFTMAX=0 LOH_USE_HEURISTIC_SIGNS=0 LOH_INCLUDE_HIT_MISS_FEATURES=1 LOH_INCLUDE_CACHE_FEATURES=1 LOH_INCLUDE_CANDIDATE_FEATURES=0 LOH_INCLUDE_TOPK_CANDIDATE_FEATURES=0 LOH_INCLUDE_AVGTOPK_CANDIDATE_FEATURES=0 LOH_INCLUDE_REQUEST=1 RL_STATE_USE_MISSRATIO=1 LOH_ENABLE_PENALTY=1 LOH_REWARD_USE_PENALTY=1 LOH_RL_ALGO=A2C RL_UPDATE_INTERVAL=400 LOH_ACTION_SCALE=1.2 LOH_PENALTY_SCALE=log LOH_PENALTY_REWARD_FORMULA=neg LOH_REWARD_W_PENALTY=0.1 LOH_PENALTY_CUTOFF=0 LOH_PENALTY_DMAX=400000 LOH_PENALTY_EMPTY_AS_GOOD=1 LOH_PENALTY_REFINE_ON_LATE=1 LOH_PENALTY_NO_EVICT_REWARD=keep LOH_PENALTY_BASELINE_DECAY=0.99 LOH_SURVIVAL_BINS=64 LOH_SURVIVAL_QUANTILE=0.99 LOH_SURVIVAL_MINCOUNT=1000 LOH_PENALTY_NET_GOOD_SCALE=1.0 LOH_PENALTY_NET_PENALTY_SCALE=1.0"
