idx,rep,seed,run_timestamp,exit_code,miss_ratio,byte_miss_ratio,throughput_mqps,trace_file,cache_ratio,config
1,1,101,bestcfg_penalty_3t_3m_20260207_000001__wiki_2019t_001_r01,0,0.594252,0.491381,0.01,data/WikiCDN/wiki_2019t.oracleGeneral.zst,0.1,LOH_PARALLEL_SAFE=1 LOH_SKIP_PIP_INSTALL=1 LOH_SKIP_BUILD=1 LOH_DEBUG_LEVEL=1 CACHESIM_VERBOSE=0 CACHESIM_NUM_REQ=3000000 LOH_RL_ALGO=SAC LOH_ACTION_SCALE=1.0 LOH_SCORE_USE_COMPOUND=0 LOH_SCORE_USE_IRT=0 LOH_USE_SOFTMAX=1 LOH_USE_HEURISTIC_SIGNS=0 LOH_INCLUDE_HIT_MISS_FEATURES=0 LOH_INCLUDE_CACHE_FEATURES=0 LOH_INCLUDE_CANDIDATE_FEATURES=0 LOH_INCLUDE_TOPK_CANDIDATE_FEATURES=0 LOH_INCLUDE_AVGTOPK_CANDIDATE_FEATURES=0 LOH_INCLUDE_REQUEST=0 LOH_ENABLE_PENALTY=1 LOH_REWARD_USE_PENALTY=0
2,1,201,bestcfg_penalty_3t_3m_20260207_000001__wiki_2019t_002_r01,0,0.594385,0.490919,0.01,data/WikiCDN/wiki_2019t.oracleGeneral.zst,0.1,LOH_PARALLEL_SAFE=1 LOH_SKIP_PIP_INSTALL=1 LOH_SKIP_BUILD=1 LOH_DEBUG_LEVEL=1 CACHESIM_VERBOSE=0 CACHESIM_NUM_REQ=3000000 LOH_RL_ALGO=SAC LOH_ACTION_SCALE=1.0 LOH_SCORE_USE_COMPOUND=0 LOH_SCORE_USE_IRT=0 LOH_USE_SOFTMAX=1 LOH_USE_HEURISTIC_SIGNS=0 LOH_INCLUDE_HIT_MISS_FEATURES=0 LOH_INCLUDE_CACHE_FEATURES=0 LOH_INCLUDE_CANDIDATE_FEATURES=0 LOH_INCLUDE_TOPK_CANDIDATE_FEATURES=0 LOH_INCLUDE_AVGTOPK_CANDIDATE_FEATURES=0 LOH_INCLUDE_REQUEST=0 LOH_ENABLE_PENALTY=1 LOH_REWARD_USE_PENALTY=1 LOH_PENALTY_SCALE=reciprocal LOH_PENALTY_REWARD_FORMULA=relative LOH_REWARD_W_PENALTY=0.1 LOH_PENALTY_CUTOFF=0 LOH_PENALTY_DMAX=400000 LOH_PENALTY_EMPTY_AS_GOOD=1 LOH_PENALTY_REFINE_ON_LATE=1 LOH_PENALTY_NO_EVICT_REWARD=keep LOH_PENALTY_BASELINE_DECAY=0.99 LOH_SURVIVAL_BINS=64 LOH_SURVIVAL_QUANTILE=0.99 LOH_SURVIVAL_MINCOUNT=1000 LOH_PENALTY_NET_GOOD_SCALE=1.0 LOH_PENALTY_NET_PENALTY_SCALE=1.0
3,1,301,bestcfg_penalty_3t_3m_20260207_000001__wiki_2019t_003_r01,0,0.594290,0.491176,0.01,data/WikiCDN/wiki_2019t.oracleGeneral.zst,0.1,LOH_PARALLEL_SAFE=1 LOH_SKIP_PIP_INSTALL=1 LOH_SKIP_BUILD=1 LOH_DEBUG_LEVEL=1 CACHESIM_VERBOSE=0 CACHESIM_NUM_REQ=3000000 LOH_RL_ALGO=SAC LOH_ACTION_SCALE=1.0 LOH_SCORE_USE_COMPOUND=0 LOH_SCORE_USE_IRT=0 LOH_USE_SOFTMAX=1 LOH_USE_HEURISTIC_SIGNS=0 LOH_INCLUDE_HIT_MISS_FEATURES=0 LOH_INCLUDE_CACHE_FEATURES=0 LOH_INCLUDE_CANDIDATE_FEATURES=0 LOH_INCLUDE_TOPK_CANDIDATE_FEATURES=0 LOH_INCLUDE_AVGTOPK_CANDIDATE_FEATURES=0 LOH_INCLUDE_REQUEST=0 LOH_ENABLE_PENALTY=1 LOH_REWARD_USE_PENALTY=1 LOH_PENALTY_SCALE=reciprocal LOH_PENALTY_REWARD_FORMULA=relative LOH_REWARD_W_PENALTY=0.2 LOH_PENALTY_CUTOFF=0 LOH_PENALTY_DMAX=400000 LOH_PENALTY_EMPTY_AS_GOOD=1 LOH_PENALTY_REFINE_ON_LATE=1 LOH_PENALTY_NO_EVICT_REWARD=keep LOH_PENALTY_BASELINE_DECAY=0.99 LOH_SURVIVAL_BINS=64 LOH_SURVIVAL_QUANTILE=0.99 LOH_SURVIVAL_MINCOUNT=1000 LOH_PENALTY_NET_GOOD_SCALE=1.0 LOH_PENALTY_NET_PENALTY_SCALE=1.0
4,1,401,bestcfg_penalty_3t_3m_20260207_000001__wiki_2019t_004_r01,0,0.594429,0.491001,0.01,data/WikiCDN/wiki_2019t.oracleGeneral.zst,0.1,LOH_PARALLEL_SAFE=1 LOH_SKIP_PIP_INSTALL=1 LOH_SKIP_BUILD=1 LOH_DEBUG_LEVEL=1 CACHESIM_VERBOSE=0 CACHESIM_NUM_REQ=3000000 LOH_RL_ALGO=SAC LOH_ACTION_SCALE=1.0 LOH_SCORE_USE_COMPOUND=0 LOH_SCORE_USE_IRT=0 LOH_USE_SOFTMAX=1 LOH_USE_HEURISTIC_SIGNS=0 LOH_INCLUDE_HIT_MISS_FEATURES=0 LOH_INCLUDE_CACHE_FEATURES=0 LOH_INCLUDE_CANDIDATE_FEATURES=0 LOH_INCLUDE_TOPK_CANDIDATE_FEATURES=0 LOH_INCLUDE_AVGTOPK_CANDIDATE_FEATURES=0 LOH_INCLUDE_REQUEST=0 LOH_ENABLE_PENALTY=1 LOH_REWARD_USE_PENALTY=1 LOH_PENALTY_SCALE=reciprocal LOH_PENALTY_REWARD_FORMULA=relative LOH_REWARD_W_PENALTY=0.5 LOH_PENALTY_CUTOFF=0 LOH_PENALTY_DMAX=400000 LOH_PENALTY_EMPTY_AS_GOOD=1 LOH_PENALTY_REFINE_ON_LATE=1 LOH_PENALTY_NO_EVICT_REWARD=keep LOH_PENALTY_BASELINE_DECAY=0.99 LOH_SURVIVAL_BINS=64 LOH_SURVIVAL_QUANTILE=0.99 LOH_SURVIVAL_MINCOUNT=1000 LOH_PENALTY_NET_GOOD_SCALE=1.0 LOH_PENALTY_NET_PENALTY_SCALE=1.0
5,1,501,bestcfg_penalty_3t_3m_20260207_000001__wiki_2019t_005_r01,0,0.594504,0.491261,0.01,data/WikiCDN/wiki_2019t.oracleGeneral.zst,0.1,LOH_PARALLEL_SAFE=1 LOH_SKIP_PIP_INSTALL=1 LOH_SKIP_BUILD=1 LOH_DEBUG_LEVEL=1 CACHESIM_VERBOSE=0 CACHESIM_NUM_REQ=3000000 LOH_RL_ALGO=SAC LOH_ACTION_SCALE=1.0 LOH_SCORE_USE_COMPOUND=0 LOH_SCORE_USE_IRT=0 LOH_USE_SOFTMAX=1 LOH_USE_HEURISTIC_SIGNS=0 LOH_INCLUDE_HIT_MISS_FEATURES=0 LOH_INCLUDE_CACHE_FEATURES=0 LOH_INCLUDE_CANDIDATE_FEATURES=0 LOH_INCLUDE_TOPK_CANDIDATE_FEATURES=0 LOH_INCLUDE_AVGTOPK_CANDIDATE_FEATURES=0 LOH_INCLUDE_REQUEST=0 LOH_ENABLE_PENALTY=1 LOH_REWARD_USE_PENALTY=1 LOH_PENALTY_SCALE=reciprocal LOH_PENALTY_REWARD_FORMULA=relative LOH_REWARD_W_PENALTY=1.0 LOH_PENALTY_CUTOFF=0 LOH_PENALTY_DMAX=400000 LOH_PENALTY_EMPTY_AS_GOOD=1 LOH_PENALTY_REFINE_ON_LATE=1 LOH_PENALTY_NO_EVICT_REWARD=keep LOH_PENALTY_BASELINE_DECAY=0.99 LOH_SURVIVAL_BINS=64 LOH_SURVIVAL_QUANTILE=0.99 LOH_SURVIVAL_MINCOUNT=1000 LOH_PENALTY_NET_GOOD_SCALE=1.0 LOH_PENALTY_NET_PENALTY_SCALE=1.0
6,1,601,bestcfg_penalty_3t_3m_20260207_000001__wiki_2019t_006_r01,0,0.594291,0.491558,0.01,data/WikiCDN/wiki_2019t.oracleGeneral.zst,0.1,LOH_PARALLEL_SAFE=1 LOH_SKIP_PIP_INSTALL=1 LOH_SKIP_BUILD=1 LOH_DEBUG_LEVEL=1 CACHESIM_VERBOSE=0 CACHESIM_NUM_REQ=3000000 LOH_RL_ALGO=SAC LOH_ACTION_SCALE=1.0 LOH_SCORE_USE_COMPOUND=0 LOH_SCORE_USE_IRT=0 LOH_USE_SOFTMAX=1 LOH_USE_HEURISTIC_SIGNS=0 LOH_INCLUDE_HIT_MISS_FEATURES=0 LOH_INCLUDE_CACHE_FEATURES=0 LOH_INCLUDE_CANDIDATE_FEATURES=0 LOH_INCLUDE_TOPK_CANDIDATE_FEATURES=0 LOH_INCLUDE_AVGTOPK_CANDIDATE_FEATURES=0 LOH_INCLUDE_REQUEST=0 LOH_ENABLE_PENALTY=1 LOH_REWARD_USE_PENALTY=1 LOH_PENALTY_SCALE=reciprocal LOH_PENALTY_REWARD_FORMULA=centered LOH_REWARD_W_PENALTY=0.1 LOH_PENALTY_CUTOFF=0 LOH_PENALTY_DMAX=400000 LOH_PENALTY_EMPTY_AS_GOOD=1 LOH_PENALTY_REFINE_ON_LATE=1 LOH_PENALTY_NO_EVICT_REWARD=keep LOH_PENALTY_BASELINE_DECAY=0.99 LOH_SURVIVAL_BINS=64 LOH_SURVIVAL_QUANTILE=0.99 LOH_SURVIVAL_MINCOUNT=1000 LOH_PENALTY_NET_GOOD_SCALE=1.0 LOH_PENALTY_NET_PENALTY_SCALE=1.0
7,1,701,bestcfg_penalty_3t_3m_20260207_000001__wiki_2019t_007_r01,0,0.594178,0.490764,0.01,data/WikiCDN/wiki_2019t.oracleGeneral.zst,0.1,LOH_PARALLEL_SAFE=1 LOH_SKIP_PIP_INSTALL=1 LOH_SKIP_BUILD=1 LOH_DEBUG_LEVEL=1 CACHESIM_VERBOSE=0 CACHESIM_NUM_REQ=3000000 LOH_RL_ALGO=SAC LOH_ACTION_SCALE=1.0 LOH_SCORE_USE_COMPOUND=0 LOH_SCORE_USE_IRT=0 LOH_USE_SOFTMAX=1 LOH_USE_HEURISTIC_SIGNS=0 LOH_INCLUDE_HIT_MISS_FEATURES=0 LOH_INCLUDE_CACHE_FEATURES=0 LOH_INCLUDE_CANDIDATE_FEATURES=0 LOH_INCLUDE_TOPK_CANDIDATE_FEATURES=0 LOH_INCLUDE_AVGTOPK_CANDIDATE_FEATURES=0 LOH_INCLUDE_REQUEST=0 LOH_ENABLE_PENALTY=1 LOH_REWARD_USE_PENALTY=1 LOH_PENALTY_SCALE=reciprocal LOH_PENALTY_REWARD_FORMULA=centered LOH_REWARD_W_PENALTY=0.2 LOH_PENALTY_CUTOFF=0 LOH_PENALTY_DMAX=400000 LOH_PENALTY_EMPTY_AS_GOOD=1 LOH_PENALTY_REFINE_ON_LATE=1 LOH_PENALTY_NO_EVICT_REWARD=keep LOH_PENALTY_BASELINE_DECAY=0.99 LOH_SURVIVAL_BINS=64 LOH_SURVIVAL_QUANTILE=0.99 LOH_SURVIVAL_MINCOUNT=1000 LOH_PENALTY_NET_GOOD_SCALE=1.0 LOH_PENALTY_NET_PENALTY_SCALE=1.0
8,1,801,bestcfg_penalty_3t_3m_20260207_000001__wiki_2019t_008_r01,0,0.594371,0.491531,0.01,data/WikiCDN/wiki_2019t.oracleGeneral.zst,0.1,LOH_PARALLEL_SAFE=1 LOH_SKIP_PIP_INSTALL=1 LOH_SKIP_BUILD=1 LOH_DEBUG_LEVEL=1 CACHESIM_VERBOSE=0 CACHESIM_NUM_REQ=3000000 LOH_RL_ALGO=SAC LOH_ACTION_SCALE=1.0 LOH_SCORE_USE_COMPOUND=0 LOH_SCORE_USE_IRT=0 LOH_USE_SOFTMAX=1 LOH_USE_HEURISTIC_SIGNS=0 LOH_INCLUDE_HIT_MISS_FEATURES=0 LOH_INCLUDE_CACHE_FEATURES=0 LOH_INCLUDE_CANDIDATE_FEATURES=0 LOH_INCLUDE_TOPK_CANDIDATE_FEATURES=0 LOH_INCLUDE_AVGTOPK_CANDIDATE_FEATURES=0 LOH_INCLUDE_REQUEST=0 LOH_ENABLE_PENALTY=1 LOH_REWARD_USE_PENALTY=1 LOH_PENALTY_SCALE=reciprocal LOH_PENALTY_REWARD_FORMULA=centered LOH_REWARD_W_PENALTY=0.5 LOH_PENALTY_CUTOFF=0 LOH_PENALTY_DMAX=400000 LOH_PENALTY_EMPTY_AS_GOOD=1 LOH_PENALTY_REFINE_ON_LATE=1 LOH_PENALTY_NO_EVICT_REWARD=keep LOH_PENALTY_BASELINE_DECAY=0.99 LOH_SURVIVAL_BINS=64 LOH_SURVIVAL_QUANTILE=0.99 LOH_SURVIVAL_MINCOUNT=1000 LOH_PENALTY_NET_GOOD_SCALE=1.0 LOH_PENALTY_NET_PENALTY_SCALE=1.0
9,1,901,bestcfg_penalty_3t_3m_20260207_000001__wiki_2019t_009_r01,0,0.594292,0.491286,0.01,data/WikiCDN/wiki_2019t.oracleGeneral.zst,0.1,LOH_PARALLEL_SAFE=1 LOH_SKIP_PIP_INSTALL=1 LOH_SKIP_BUILD=1 LOH_DEBUG_LEVEL=1 CACHESIM_VERBOSE=0 CACHESIM_NUM_REQ=3000000 LOH_RL_ALGO=SAC LOH_ACTION_SCALE=1.0 LOH_SCORE_USE_COMPOUND=0 LOH_SCORE_USE_IRT=0 LOH_USE_SOFTMAX=1 LOH_USE_HEURISTIC_SIGNS=0 LOH_INCLUDE_HIT_MISS_FEATURES=0 LOH_INCLUDE_CACHE_FEATURES=0 LOH_INCLUDE_CANDIDATE_FEATURES=0 LOH_INCLUDE_TOPK_CANDIDATE_FEATURES=0 LOH_INCLUDE_AVGTOPK_CANDIDATE_FEATURES=0 LOH_INCLUDE_REQUEST=0 LOH_ENABLE_PENALTY=1 LOH_REWARD_USE_PENALTY=1 LOH_PENALTY_SCALE=reciprocal LOH_PENALTY_REWARD_FORMULA=centered LOH_REWARD_W_PENALTY=1.0 LOH_PENALTY_CUTOFF=0 LOH_PENALTY_DMAX=400000 LOH_PENALTY_EMPTY_AS_GOOD=1 LOH_PENALTY_REFINE_ON_LATE=1 LOH_PENALTY_NO_EVICT_REWARD=keep LOH_PENALTY_BASELINE_DECAY=0.99 LOH_SURVIVAL_BINS=64 LOH_SURVIVAL_QUANTILE=0.99 LOH_SURVIVAL_MINCOUNT=1000 LOH_PENALTY_NET_GOOD_SCALE=1.0 LOH_PENALTY_NET_PENALTY_SCALE=1.0
10,1,1001,bestcfg_penalty_3t_3m_20260207_000001__wiki_2019t_010_r01,0,0.594348,0.491182,0.01,data/WikiCDN/wiki_2019t.oracleGeneral.zst,0.1,LOH_PARALLEL_SAFE=1 LOH_SKIP_PIP_INSTALL=1 LOH_SKIP_BUILD=1 LOH_DEBUG_LEVEL=1 CACHESIM_VERBOSE=0 CACHESIM_NUM_REQ=3000000 LOH_RL_ALGO=SAC LOH_ACTION_SCALE=1.0 LOH_SCORE_USE_COMPOUND=0 LOH_SCORE_USE_IRT=0 LOH_USE_SOFTMAX=1 LOH_USE_HEURISTIC_SIGNS=0 LOH_INCLUDE_HIT_MISS_FEATURES=0 LOH_INCLUDE_CACHE_FEATURES=0 LOH_INCLUDE_CANDIDATE_FEATURES=0 LOH_INCLUDE_TOPK_CANDIDATE_FEATURES=0 LOH_INCLUDE_AVGTOPK_CANDIDATE_FEATURES=0 LOH_INCLUDE_REQUEST=0 LOH_ENABLE_PENALTY=1 LOH_REWARD_USE_PENALTY=1 LOH_PENALTY_SCALE=reciprocal LOH_PENALTY_REWARD_FORMULA=one_minus LOH_REWARD_W_PENALTY=0.1 LOH_PENALTY_CUTOFF=0 LOH_PENALTY_DMAX=400000 LOH_PENALTY_EMPTY_AS_GOOD=1 LOH_PENALTY_REFINE_ON_LATE=1 LOH_PENALTY_NO_EVICT_REWARD=keep LOH_PENALTY_BASELINE_DECAY=0.99 LOH_SURVIVAL_BINS=64 LOH_SURVIVAL_QUANTILE=0.99 LOH_SURVIVAL_MINCOUNT=1000 LOH_PENALTY_NET_GOOD_SCALE=1.0 LOH_PENALTY_NET_PENALTY_SCALE=1.0
11,1,1101,bestcfg_penalty_3t_3m_20260207_000001__wiki_2019t_011_r01,0,0.594495,0.491046,0.01,data/WikiCDN/wiki_2019t.oracleGeneral.zst,0.1,LOH_PARALLEL_SAFE=1 LOH_SKIP_PIP_INSTALL=1 LOH_SKIP_BUILD=1 LOH_DEBUG_LEVEL=1 CACHESIM_VERBOSE=0 CACHESIM_NUM_REQ=3000000 LOH_RL_ALGO=SAC LOH_ACTION_SCALE=1.0 LOH_SCORE_USE_COMPOUND=0 LOH_SCORE_USE_IRT=0 LOH_USE_SOFTMAX=1 LOH_USE_HEURISTIC_SIGNS=0 LOH_INCLUDE_HIT_MISS_FEATURES=0 LOH_INCLUDE_CACHE_FEATURES=0 LOH_INCLUDE_CANDIDATE_FEATURES=0 LOH_INCLUDE_TOPK_CANDIDATE_FEATURES=0 LOH_INCLUDE_AVGTOPK_CANDIDATE_FEATURES=0 LOH_INCLUDE_REQUEST=0 LOH_ENABLE_PENALTY=1 LOH_REWARD_USE_PENALTY=1 LOH_PENALTY_SCALE=reciprocal LOH_PENALTY_REWARD_FORMULA=one_minus LOH_REWARD_W_PENALTY=0.2 LOH_PENALTY_CUTOFF=0 LOH_PENALTY_DMAX=400000 LOH_PENALTY_EMPTY_AS_GOOD=1 LOH_PENALTY_REFINE_ON_LATE=1 LOH_PENALTY_NO_EVICT_REWARD=keep LOH_PENALTY_BASELINE_DECAY=0.99 LOH_SURVIVAL_BINS=64 LOH_SURVIVAL_QUANTILE=0.99 LOH_SURVIVAL_MINCOUNT=1000 LOH_PENALTY_NET_GOOD_SCALE=1.0 LOH_PENALTY_NET_PENALTY_SCALE=1.0
12,1,1201,bestcfg_penalty_3t_3m_20260207_000001__wiki_2019t_012_r01,0,0.594285,0.491217,0.01,data/WikiCDN/wiki_2019t.oracleGeneral.zst,0.1,LOH_PARALLEL_SAFE=1 LOH_SKIP_PIP_INSTALL=1 LOH_SKIP_BUILD=1 LOH_DEBUG_LEVEL=1 CACHESIM_VERBOSE=0 CACHESIM_NUM_REQ=3000000 LOH_RL_ALGO=SAC LOH_ACTION_SCALE=1.0 LOH_SCORE_USE_COMPOUND=0 LOH_SCORE_USE_IRT=0 LOH_USE_SOFTMAX=1 LOH_USE_HEURISTIC_SIGNS=0 LOH_INCLUDE_HIT_MISS_FEATURES=0 LOH_INCLUDE_CACHE_FEATURES=0 LOH_INCLUDE_CANDIDATE_FEATURES=0 LOH_INCLUDE_TOPK_CANDIDATE_FEATURES=0 LOH_INCLUDE_AVGTOPK_CANDIDATE_FEATURES=0 LOH_INCLUDE_REQUEST=0 LOH_ENABLE_PENALTY=1 LOH_REWARD_USE_PENALTY=1 LOH_PENALTY_SCALE=reciprocal LOH_PENALTY_REWARD_FORMULA=one_minus LOH_REWARD_W_PENALTY=0.5 LOH_PENALTY_CUTOFF=0 LOH_PENALTY_DMAX=400000 LOH_PENALTY_EMPTY_AS_GOOD=1 LOH_PENALTY_REFINE_ON_LATE=1 LOH_PENALTY_NO_EVICT_REWARD=keep LOH_PENALTY_BASELINE_DECAY=0.99 LOH_SURVIVAL_BINS=64 LOH_SURVIVAL_QUANTILE=0.99 LOH_SURVIVAL_MINCOUNT=1000 LOH_PENALTY_NET_GOOD_SCALE=1.0 LOH_PENALTY_NET_PENALTY_SCALE=1.0
13,1,1301,bestcfg_penalty_3t_3m_20260207_000001__wiki_2019t_013_r01,0,0.594469,0.491256,0.01,data/WikiCDN/wiki_2019t.oracleGeneral.zst,0.1,LOH_PARALLEL_SAFE=1 LOH_SKIP_PIP_INSTALL=1 LOH_SKIP_BUILD=1 LOH_DEBUG_LEVEL=1 CACHESIM_VERBOSE=0 CACHESIM_NUM_REQ=3000000 LOH_RL_ALGO=SAC LOH_ACTION_SCALE=1.0 LOH_SCORE_USE_COMPOUND=0 LOH_SCORE_USE_IRT=0 LOH_USE_SOFTMAX=1 LOH_USE_HEURISTIC_SIGNS=0 LOH_INCLUDE_HIT_MISS_FEATURES=0 LOH_INCLUDE_CACHE_FEATURES=0 LOH_INCLUDE_CANDIDATE_FEATURES=0 LOH_INCLUDE_TOPK_CANDIDATE_FEATURES=0 LOH_INCLUDE_AVGTOPK_CANDIDATE_FEATURES=0 LOH_INCLUDE_REQUEST=0 LOH_ENABLE_PENALTY=1 LOH_REWARD_USE_PENALTY=1 LOH_PENALTY_SCALE=reciprocal LOH_PENALTY_REWARD_FORMULA=one_minus LOH_REWARD_W_PENALTY=1.0 LOH_PENALTY_CUTOFF=0 LOH_PENALTY_DMAX=400000 LOH_PENALTY_EMPTY_AS_GOOD=1 LOH_PENALTY_REFINE_ON_LATE=1 LOH_PENALTY_NO_EVICT_REWARD=keep LOH_PENALTY_BASELINE_DECAY=0.99 LOH_SURVIVAL_BINS=64 LOH_SURVIVAL_QUANTILE=0.99 LOH_SURVIVAL_MINCOUNT=1000 LOH_PENALTY_NET_GOOD_SCALE=1.0 LOH_PENALTY_NET_PENALTY_SCALE=1.0
14,1,1401,bestcfg_penalty_3t_3m_20260207_000001__wiki_2019t_014_r01,0,0.594438,0.490804,0.01,data/WikiCDN/wiki_2019t.oracleGeneral.zst,0.1,LOH_PARALLEL_SAFE=1 LOH_SKIP_PIP_INSTALL=1 LOH_SKIP_BUILD=1 LOH_DEBUG_LEVEL=1 CACHESIM_VERBOSE=0 CACHESIM_NUM_REQ=3000000 LOH_RL_ALGO=SAC LOH_ACTION_SCALE=1.0 LOH_SCORE_USE_COMPOUND=0 LOH_SCORE_USE_IRT=0 LOH_USE_SOFTMAX=1 LOH_USE_HEURISTIC_SIGNS=0 LOH_INCLUDE_HIT_MISS_FEATURES=0 LOH_INCLUDE_CACHE_FEATURES=0 LOH_INCLUDE_CANDIDATE_FEATURES=0 LOH_INCLUDE_TOPK_CANDIDATE_FEATURES=0 LOH_INCLUDE_AVGTOPK_CANDIDATE_FEATURES=0 LOH_INCLUDE_REQUEST=0 LOH_ENABLE_PENALTY=1 LOH_REWARD_USE_PENALTY=1 LOH_PENALTY_SCALE=reciprocal LOH_PENALTY_REWARD_FORMULA=neg LOH_REWARD_W_PENALTY=0.1 LOH_PENALTY_CUTOFF=0 LOH_PENALTY_DMAX=400000 LOH_PENALTY_EMPTY_AS_GOOD=1 LOH_PENALTY_REFINE_ON_LATE=1 LOH_PENALTY_NO_EVICT_REWARD=keep LOH_PENALTY_BASELINE_DECAY=0.99 LOH_SURVIVAL_BINS=64 LOH_SURVIVAL_QUANTILE=0.99 LOH_SURVIVAL_MINCOUNT=1000 LOH_PENALTY_NET_GOOD_SCALE=1.0 LOH_PENALTY_NET_PENALTY_SCALE=1.0
15,1,1501,bestcfg_penalty_3t_3m_20260207_000001__wiki_2019t_015_r01,0,0.594365,0.490422,0.01,data/WikiCDN/wiki_2019t.oracleGeneral.zst,0.1,LOH_PARALLEL_SAFE=1 LOH_SKIP_PIP_INSTALL=1 LOH_SKIP_BUILD=1 LOH_DEBUG_LEVEL=1 CACHESIM_VERBOSE=0 CACHESIM_NUM_REQ=3000000 LOH_RL_ALGO=SAC LOH_ACTION_SCALE=1.0 LOH_SCORE_USE_COMPOUND=0 LOH_SCORE_USE_IRT=0 LOH_USE_SOFTMAX=1 LOH_USE_HEURISTIC_SIGNS=0 LOH_INCLUDE_HIT_MISS_FEATURES=0 LOH_INCLUDE_CACHE_FEATURES=0 LOH_INCLUDE_CANDIDATE_FEATURES=0 LOH_INCLUDE_TOPK_CANDIDATE_FEATURES=0 LOH_INCLUDE_AVGTOPK_CANDIDATE_FEATURES=0 LOH_INCLUDE_REQUEST=0 LOH_ENABLE_PENALTY=1 LOH_REWARD_USE_PENALTY=1 LOH_PENALTY_SCALE=reciprocal LOH_PENALTY_REWARD_FORMULA=neg LOH_REWARD_W_PENALTY=0.2 LOH_PENALTY_CUTOFF=0 LOH_PENALTY_DMAX=400000 LOH_PENALTY_EMPTY_AS_GOOD=1 LOH_PENALTY_REFINE_ON_LATE=1 LOH_PENALTY_NO_EVICT_REWARD=keep LOH_PENALTY_BASELINE_DECAY=0.99 LOH_SURVIVAL_BINS=64 LOH_SURVIVAL_QUANTILE=0.99 LOH_SURVIVAL_MINCOUNT=1000 LOH_PENALTY_NET_GOOD_SCALE=1.0 LOH_PENALTY_NET_PENALTY_SCALE=1.0
16,1,1601,bestcfg_penalty_3t_3m_20260207_000001__wiki_2019t_016_r01,0,0.594331,0.491200,0.01,data/WikiCDN/wiki_2019t.oracleGeneral.zst,0.1,LOH_PARALLEL_SAFE=1 LOH_SKIP_PIP_INSTALL=1 LOH_SKIP_BUILD=1 LOH_DEBUG_LEVEL=1 CACHESIM_VERBOSE=0 CACHESIM_NUM_REQ=3000000 LOH_RL_ALGO=SAC LOH_ACTION_SCALE=1.0 LOH_SCORE_USE_COMPOUND=0 LOH_SCORE_USE_IRT=0 LOH_USE_SOFTMAX=1 LOH_USE_HEURISTIC_SIGNS=0 LOH_INCLUDE_HIT_MISS_FEATURES=0 LOH_INCLUDE_CACHE_FEATURES=0 LOH_INCLUDE_CANDIDATE_FEATURES=0 LOH_INCLUDE_TOPK_CANDIDATE_FEATURES=0 LOH_INCLUDE_AVGTOPK_CANDIDATE_FEATURES=0 LOH_INCLUDE_REQUEST=0 LOH_ENABLE_PENALTY=1 LOH_REWARD_USE_PENALTY=1 LOH_PENALTY_SCALE=reciprocal LOH_PENALTY_REWARD_FORMULA=neg LOH_REWARD_W_PENALTY=0.5 LOH_PENALTY_CUTOFF=0 LOH_PENALTY_DMAX=400000 LOH_PENALTY_EMPTY_AS_GOOD=1 LOH_PENALTY_REFINE_ON_LATE=1 LOH_PENALTY_NO_EVICT_REWARD=keep LOH_PENALTY_BASELINE_DECAY=0.99 LOH_SURVIVAL_BINS=64 LOH_SURVIVAL_QUANTILE=0.99 LOH_SURVIVAL_MINCOUNT=1000 LOH_PENALTY_NET_GOOD_SCALE=1.0 LOH_PENALTY_NET_PENALTY_SCALE=1.0
17,1,1701,bestcfg_penalty_3t_3m_20260207_000001__wiki_2019t_017_r01,0,0.594483,0.490788,0.01,data/WikiCDN/wiki_2019t.oracleGeneral.zst,0.1,LOH_PARALLEL_SAFE=1 LOH_SKIP_PIP_INSTALL=1 LOH_SKIP_BUILD=1 LOH_DEBUG_LEVEL=1 CACHESIM_VERBOSE=0 CACHESIM_NUM_REQ=3000000 LOH_RL_ALGO=SAC LOH_ACTION_SCALE=1.0 LOH_SCORE_USE_COMPOUND=0 LOH_SCORE_USE_IRT=0 LOH_USE_SOFTMAX=1 LOH_USE_HEURISTIC_SIGNS=0 LOH_INCLUDE_HIT_MISS_FEATURES=0 LOH_INCLUDE_CACHE_FEATURES=0 LOH_INCLUDE_CANDIDATE_FEATURES=0 LOH_INCLUDE_TOPK_CANDIDATE_FEATURES=0 LOH_INCLUDE_AVGTOPK_CANDIDATE_FEATURES=0 LOH_INCLUDE_REQUEST=0 LOH_ENABLE_PENALTY=1 LOH_REWARD_USE_PENALTY=1 LOH_PENALTY_SCALE=reciprocal LOH_PENALTY_REWARD_FORMULA=neg LOH_REWARD_W_PENALTY=1.0 LOH_PENALTY_CUTOFF=0 LOH_PENALTY_DMAX=400000 LOH_PENALTY_EMPTY_AS_GOOD=1 LOH_PENALTY_REFINE_ON_LATE=1 LOH_PENALTY_NO_EVICT_REWARD=keep LOH_PENALTY_BASELINE_DECAY=0.99 LOH_SURVIVAL_BINS=64 LOH_SURVIVAL_QUANTILE=0.99 LOH_SURVIVAL_MINCOUNT=1000 LOH_PENALTY_NET_GOOD_SCALE=1.0 LOH_PENALTY_NET_PENALTY_SCALE=1.0
18,1,1801,bestcfg_penalty_3t_3m_20260207_000001__wiki_2019t_018_r01,0,0.594523,0.491332,0.01,data/WikiCDN/wiki_2019t.oracleGeneral.zst,0.1,LOH_PARALLEL_SAFE=1 LOH_SKIP_PIP_INSTALL=1 LOH_SKIP_BUILD=1 LOH_DEBUG_LEVEL=1 CACHESIM_VERBOSE=0 CACHESIM_NUM_REQ=3000000 LOH_RL_ALGO=SAC LOH_ACTION_SCALE=1.0 LOH_SCORE_USE_COMPOUND=0 LOH_SCORE_USE_IRT=0 LOH_USE_SOFTMAX=1 LOH_USE_HEURISTIC_SIGNS=0 LOH_INCLUDE_HIT_MISS_FEATURES=0 LOH_INCLUDE_CACHE_FEATURES=0 LOH_INCLUDE_CANDIDATE_FEATURES=0 LOH_INCLUDE_TOPK_CANDIDATE_FEATURES=0 LOH_INCLUDE_AVGTOPK_CANDIDATE_FEATURES=0 LOH_INCLUDE_REQUEST=0 LOH_ENABLE_PENALTY=1 LOH_REWARD_USE_PENALTY=1 LOH_PENALTY_SCALE=reciprocal LOH_PENALTY_REWARD_FORMULA=net LOH_REWARD_W_PENALTY=1.0 LOH_PENALTY_CUTOFF=0 LOH_PENALTY_DMAX=400000 LOH_PENALTY_EMPTY_AS_GOOD=1 LOH_PENALTY_REFINE_ON_LATE=1 LOH_PENALTY_NO_EVICT_REWARD=keep LOH_PENALTY_BASELINE_DECAY=0.99 LOH_SURVIVAL_BINS=64 LOH_SURVIVAL_QUANTILE=0.99 LOH_SURVIVAL_MINCOUNT=1000 LOH_PENALTY_NET_GOOD_SCALE=1.0 LOH_PENALTY_NET_PENALTY_SCALE=1.0
19,1,1901,bestcfg_penalty_3t_3m_20260207_000001__wiki_2019t_019_r01,0,0.594289,0.491067,0.01,data/WikiCDN/wiki_2019t.oracleGeneral.zst,0.1,LOH_PARALLEL_SAFE=1 LOH_SKIP_PIP_INSTALL=1 LOH_SKIP_BUILD=1 LOH_DEBUG_LEVEL=1 CACHESIM_VERBOSE=0 CACHESIM_NUM_REQ=3000000 LOH_RL_ALGO=SAC LOH_ACTION_SCALE=1.0 LOH_SCORE_USE_COMPOUND=0 LOH_SCORE_USE_IRT=0 LOH_USE_SOFTMAX=1 LOH_USE_HEURISTIC_SIGNS=0 LOH_INCLUDE_HIT_MISS_FEATURES=0 LOH_INCLUDE_CACHE_FEATURES=0 LOH_INCLUDE_CANDIDATE_FEATURES=0 LOH_INCLUDE_TOPK_CANDIDATE_FEATURES=0 LOH_INCLUDE_AVGTOPK_CANDIDATE_FEATURES=0 LOH_INCLUDE_REQUEST=0 LOH_ENABLE_PENALTY=1 LOH_REWARD_USE_PENALTY=1 LOH_PENALTY_SCALE=reciprocal LOH_PENALTY_REWARD_FORMULA=net LOH_REWARD_W_PENALTY=2.0 LOH_PENALTY_CUTOFF=0 LOH_PENALTY_DMAX=400000 LOH_PENALTY_EMPTY_AS_GOOD=1 LOH_PENALTY_REFINE_ON_LATE=1 LOH_PENALTY_NO_EVICT_REWARD=keep LOH_PENALTY_BASELINE_DECAY=0.99 LOH_SURVIVAL_BINS=64 LOH_SURVIVAL_QUANTILE=0.99 LOH_SURVIVAL_MINCOUNT=1000 LOH_PENALTY_NET_GOOD_SCALE=1.0 LOH_PENALTY_NET_PENALTY_SCALE=1.0
20,1,2001,bestcfg_penalty_3t_3m_20260207_000001__wiki_2019t_020_r01,0,0.594229,0.491182,0.01,data/WikiCDN/wiki_2019t.oracleGeneral.zst,0.1,LOH_PARALLEL_SAFE=1 LOH_SKIP_PIP_INSTALL=1 LOH_SKIP_BUILD=1 LOH_DEBUG_LEVEL=1 CACHESIM_VERBOSE=0 CACHESIM_NUM_REQ=3000000 LOH_RL_ALGO=SAC LOH_ACTION_SCALE=1.0 LOH_SCORE_USE_COMPOUND=0 LOH_SCORE_USE_IRT=0 LOH_USE_SOFTMAX=1 LOH_USE_HEURISTIC_SIGNS=0 LOH_INCLUDE_HIT_MISS_FEATURES=0 LOH_INCLUDE_CACHE_FEATURES=0 LOH_INCLUDE_CANDIDATE_FEATURES=0 LOH_INCLUDE_TOPK_CANDIDATE_FEATURES=0 LOH_INCLUDE_AVGTOPK_CANDIDATE_FEATURES=0 LOH_INCLUDE_REQUEST=0 LOH_ENABLE_PENALTY=1 LOH_REWARD_USE_PENALTY=1 LOH_PENALTY_SCALE=reciprocal LOH_PENALTY_REWARD_FORMULA=net LOH_REWARD_W_PENALTY=3.0 LOH_PENALTY_CUTOFF=0 LOH_PENALTY_DMAX=400000 LOH_PENALTY_EMPTY_AS_GOOD=1 LOH_PENALTY_REFINE_ON_LATE=1 LOH_PENALTY_NO_EVICT_REWARD=keep LOH_PENALTY_BASELINE_DECAY=0.99 LOH_SURVIVAL_BINS=64 LOH_SURVIVAL_QUANTILE=0.99 LOH_SURVIVAL_MINCOUNT=1000 LOH_PENALTY_NET_GOOD_SCALE=1.0 LOH_PENALTY_NET_PENALTY_SCALE=1.0
21,1,2101,bestcfg_penalty_3t_3m_20260207_000001__wiki_2019t_021_r01,0,0.594114,0.491213,0.01,data/WikiCDN/wiki_2019t.oracleGeneral.zst,0.1,LOH_PARALLEL_SAFE=1 LOH_SKIP_PIP_INSTALL=1 LOH_SKIP_BUILD=1 LOH_DEBUG_LEVEL=1 CACHESIM_VERBOSE=0 CACHESIM_NUM_REQ=3000000 LOH_RL_ALGO=SAC LOH_ACTION_SCALE=1.0 LOH_SCORE_USE_COMPOUND=0 LOH_SCORE_USE_IRT=0 LOH_USE_SOFTMAX=1 LOH_USE_HEURISTIC_SIGNS=0 LOH_INCLUDE_HIT_MISS_FEATURES=0 LOH_INCLUDE_CACHE_FEATURES=0 LOH_INCLUDE_CANDIDATE_FEATURES=0 LOH_INCLUDE_TOPK_CANDIDATE_FEATURES=0 LOH_INCLUDE_AVGTOPK_CANDIDATE_FEATURES=0 LOH_INCLUDE_REQUEST=0 LOH_ENABLE_PENALTY=1 LOH_REWARD_USE_PENALTY=1 LOH_PENALTY_SCALE=reciprocal LOH_PENALTY_REWARD_FORMULA=net2 LOH_REWARD_W_PENALTY=1.0 LOH_PENALTY_CUTOFF=0 LOH_PENALTY_DMAX=400000 LOH_PENALTY_EMPTY_AS_GOOD=1 LOH_PENALTY_REFINE_ON_LATE=1 LOH_PENALTY_NO_EVICT_REWARD=keep LOH_PENALTY_BASELINE_DECAY=0.99 LOH_SURVIVAL_BINS=64 LOH_SURVIVAL_QUANTILE=0.99 LOH_SURVIVAL_MINCOUNT=1000 LOH_PENALTY_NET_GOOD_SCALE=1.0 LOH_PENALTY_NET_PENALTY_SCALE=1.0
22,1,2201,bestcfg_penalty_3t_3m_20260207_000001__wiki_2019t_022_r01,0,0.594516,0.490694,0.01,data/WikiCDN/wiki_2019t.oracleGeneral.zst,0.1,LOH_PARALLEL_SAFE=1 LOH_SKIP_PIP_INSTALL=1 LOH_SKIP_BUILD=1 LOH_DEBUG_LEVEL=1 CACHESIM_VERBOSE=0 CACHESIM_NUM_REQ=3000000 LOH_RL_ALGO=SAC LOH_ACTION_SCALE=1.0 LOH_SCORE_USE_COMPOUND=0 LOH_SCORE_USE_IRT=0 LOH_USE_SOFTMAX=1 LOH_USE_HEURISTIC_SIGNS=0 LOH_INCLUDE_HIT_MISS_FEATURES=0 LOH_INCLUDE_CACHE_FEATURES=0 LOH_INCLUDE_CANDIDATE_FEATURES=0 LOH_INCLUDE_TOPK_CANDIDATE_FEATURES=0 LOH_INCLUDE_AVGTOPK_CANDIDATE_FEATURES=0 LOH_INCLUDE_REQUEST=0 LOH_ENABLE_PENALTY=1 LOH_REWARD_USE_PENALTY=1 LOH_PENALTY_SCALE=reciprocal LOH_PENALTY_REWARD_FORMULA=net2 LOH_REWARD_W_PENALTY=2.0 LOH_PENALTY_CUTOFF=0 LOH_PENALTY_DMAX=400000 LOH_PENALTY_EMPTY_AS_GOOD=1 LOH_PENALTY_REFINE_ON_LATE=1 LOH_PENALTY_NO_EVICT_REWARD=keep LOH_PENALTY_BASELINE_DECAY=0.99 LOH_SURVIVAL_BINS=64 LOH_SURVIVAL_QUANTILE=0.99 LOH_SURVIVAL_MINCOUNT=1000 LOH_PENALTY_NET_GOOD_SCALE=1.0 LOH_PENALTY_NET_PENALTY_SCALE=1.0
23,1,2301,bestcfg_penalty_3t_3m_20260207_000001__wiki_2019t_023_r01,0,0.594369,0.491080,0.01,data/WikiCDN/wiki_2019t.oracleGeneral.zst,0.1,LOH_PARALLEL_SAFE=1 LOH_SKIP_PIP_INSTALL=1 LOH_SKIP_BUILD=1 LOH_DEBUG_LEVEL=1 CACHESIM_VERBOSE=0 CACHESIM_NUM_REQ=3000000 LOH_RL_ALGO=SAC LOH_ACTION_SCALE=1.0 LOH_SCORE_USE_COMPOUND=0 LOH_SCORE_USE_IRT=0 LOH_USE_SOFTMAX=1 LOH_USE_HEURISTIC_SIGNS=0 LOH_INCLUDE_HIT_MISS_FEATURES=0 LOH_INCLUDE_CACHE_FEATURES=0 LOH_INCLUDE_CANDIDATE_FEATURES=0 LOH_INCLUDE_TOPK_CANDIDATE_FEATURES=0 LOH_INCLUDE_AVGTOPK_CANDIDATE_FEATURES=0 LOH_INCLUDE_REQUEST=0 LOH_ENABLE_PENALTY=1 LOH_REWARD_USE_PENALTY=1 LOH_PENALTY_SCALE=reciprocal LOH_PENALTY_REWARD_FORMULA=net2 LOH_REWARD_W_PENALTY=3.0 LOH_PENALTY_CUTOFF=0 LOH_PENALTY_DMAX=400000 LOH_PENALTY_EMPTY_AS_GOOD=1 LOH_PENALTY_REFINE_ON_LATE=1 LOH_PENALTY_NO_EVICT_REWARD=keep LOH_PENALTY_BASELINE_DECAY=0.99 LOH_SURVIVAL_BINS=64 LOH_SURVIVAL_QUANTILE=0.99 LOH_SURVIVAL_MINCOUNT=1000 LOH_PENALTY_NET_GOOD_SCALE=1.0 LOH_PENALTY_NET_PENALTY_SCALE=1.0
24,1,2401,bestcfg_penalty_3t_3m_20260207_000001__wiki_2019t_024_r01,0,0.594419,0.491081,0.01,data/WikiCDN/wiki_2019t.oracleGeneral.zst,0.1,LOH_PARALLEL_SAFE=1 LOH_SKIP_PIP_INSTALL=1 LOH_SKIP_BUILD=1 LOH_DEBUG_LEVEL=1 CACHESIM_VERBOSE=0 CACHESIM_NUM_REQ=3000000 LOH_RL_ALGO=SAC LOH_ACTION_SCALE=1.0 LOH_SCORE_USE_COMPOUND=0 LOH_SCORE_USE_IRT=0 LOH_USE_SOFTMAX=1 LOH_USE_HEURISTIC_SIGNS=0 LOH_INCLUDE_HIT_MISS_FEATURES=0 LOH_INCLUDE_CACHE_FEATURES=0 LOH_INCLUDE_CANDIDATE_FEATURES=0 LOH_INCLUDE_TOPK_CANDIDATE_FEATURES=0 LOH_INCLUDE_AVGTOPK_CANDIDATE_FEATURES=0 LOH_INCLUDE_REQUEST=0 LOH_ENABLE_PENALTY=1 LOH_REWARD_USE_PENALTY=1 LOH_PENALTY_SCALE=log LOH_PENALTY_REWARD_FORMULA=relative LOH_REWARD_W_PENALTY=0.1 LOH_PENALTY_CUTOFF=0 LOH_PENALTY_DMAX=400000 LOH_PENALTY_EMPTY_AS_GOOD=1 LOH_PENALTY_REFINE_ON_LATE=1 LOH_PENALTY_NO_EVICT_REWARD=keep LOH_PENALTY_BASELINE_DECAY=0.99 LOH_SURVIVAL_BINS=64 LOH_SURVIVAL_QUANTILE=0.99 LOH_SURVIVAL_MINCOUNT=1000 LOH_PENALTY_NET_GOOD_SCALE=1.0 LOH_PENALTY_NET_PENALTY_SCALE=1.0
25,1,2501,bestcfg_penalty_3t_3m_20260207_000001__wiki_2019t_025_r01,0,0.594520,0.491115,0.01,data/WikiCDN/wiki_2019t.oracleGeneral.zst,0.1,LOH_PARALLEL_SAFE=1 LOH_SKIP_PIP_INSTALL=1 LOH_SKIP_BUILD=1 LOH_DEBUG_LEVEL=1 CACHESIM_VERBOSE=0 CACHESIM_NUM_REQ=3000000 LOH_RL_ALGO=SAC LOH_ACTION_SCALE=1.0 LOH_SCORE_USE_COMPOUND=0 LOH_SCORE_USE_IRT=0 LOH_USE_SOFTMAX=1 LOH_USE_HEURISTIC_SIGNS=0 LOH_INCLUDE_HIT_MISS_FEATURES=0 LOH_INCLUDE_CACHE_FEATURES=0 LOH_INCLUDE_CANDIDATE_FEATURES=0 LOH_INCLUDE_TOPK_CANDIDATE_FEATURES=0 LOH_INCLUDE_AVGTOPK_CANDIDATE_FEATURES=0 LOH_INCLUDE_REQUEST=0 LOH_ENABLE_PENALTY=1 LOH_REWARD_USE_PENALTY=1 LOH_PENALTY_SCALE=log LOH_PENALTY_REWARD_FORMULA=relative LOH_REWARD_W_PENALTY=0.2 LOH_PENALTY_CUTOFF=0 LOH_PENALTY_DMAX=400000 LOH_PENALTY_EMPTY_AS_GOOD=1 LOH_PENALTY_REFINE_ON_LATE=1 LOH_PENALTY_NO_EVICT_REWARD=keep LOH_PENALTY_BASELINE_DECAY=0.99 LOH_SURVIVAL_BINS=64 LOH_SURVIVAL_QUANTILE=0.99 LOH_SURVIVAL_MINCOUNT=1000 LOH_PENALTY_NET_GOOD_SCALE=1.0 LOH_PENALTY_NET_PENALTY_SCALE=1.0
26,1,2601,bestcfg_penalty_3t_3m_20260207_000001__wiki_2019t_026_r01,0,0.594344,0.491453,0.01,data/WikiCDN/wiki_2019t.oracleGeneral.zst,0.1,LOH_PARALLEL_SAFE=1 LOH_SKIP_PIP_INSTALL=1 LOH_SKIP_BUILD=1 LOH_DEBUG_LEVEL=1 CACHESIM_VERBOSE=0 CACHESIM_NUM_REQ=3000000 LOH_RL_ALGO=SAC LOH_ACTION_SCALE=1.0 LOH_SCORE_USE_COMPOUND=0 LOH_SCORE_USE_IRT=0 LOH_USE_SOFTMAX=1 LOH_USE_HEURISTIC_SIGNS=0 LOH_INCLUDE_HIT_MISS_FEATURES=0 LOH_INCLUDE_CACHE_FEATURES=0 LOH_INCLUDE_CANDIDATE_FEATURES=0 LOH_INCLUDE_TOPK_CANDIDATE_FEATURES=0 LOH_INCLUDE_AVGTOPK_CANDIDATE_FEATURES=0 LOH_INCLUDE_REQUEST=0 LOH_ENABLE_PENALTY=1 LOH_REWARD_USE_PENALTY=1 LOH_PENALTY_SCALE=log LOH_PENALTY_REWARD_FORMULA=relative LOH_REWARD_W_PENALTY=0.5 LOH_PENALTY_CUTOFF=0 LOH_PENALTY_DMAX=400000 LOH_PENALTY_EMPTY_AS_GOOD=1 LOH_PENALTY_REFINE_ON_LATE=1 LOH_PENALTY_NO_EVICT_REWARD=keep LOH_PENALTY_BASELINE_DECAY=0.99 LOH_SURVIVAL_BINS=64 LOH_SURVIVAL_QUANTILE=0.99 LOH_SURVIVAL_MINCOUNT=1000 LOH_PENALTY_NET_GOOD_SCALE=1.0 LOH_PENALTY_NET_PENALTY_SCALE=1.0
27,1,2701,bestcfg_penalty_3t_3m_20260207_000001__wiki_2019t_027_r01,0,0.594355,0.490759,0.01,data/WikiCDN/wiki_2019t.oracleGeneral.zst,0.1,LOH_PARALLEL_SAFE=1 LOH_SKIP_PIP_INSTALL=1 LOH_SKIP_BUILD=1 LOH_DEBUG_LEVEL=1 CACHESIM_VERBOSE=0 CACHESIM_NUM_REQ=3000000 LOH_RL_ALGO=SAC LOH_ACTION_SCALE=1.0 LOH_SCORE_USE_COMPOUND=0 LOH_SCORE_USE_IRT=0 LOH_USE_SOFTMAX=1 LOH_USE_HEURISTIC_SIGNS=0 LOH_INCLUDE_HIT_MISS_FEATURES=0 LOH_INCLUDE_CACHE_FEATURES=0 LOH_INCLUDE_CANDIDATE_FEATURES=0 LOH_INCLUDE_TOPK_CANDIDATE_FEATURES=0 LOH_INCLUDE_AVGTOPK_CANDIDATE_FEATURES=0 LOH_INCLUDE_REQUEST=0 LOH_ENABLE_PENALTY=1 LOH_REWARD_USE_PENALTY=1 LOH_PENALTY_SCALE=log LOH_PENALTY_REWARD_FORMULA=relative LOH_REWARD_W_PENALTY=1.0 LOH_PENALTY_CUTOFF=0 LOH_PENALTY_DMAX=400000 LOH_PENALTY_EMPTY_AS_GOOD=1 LOH_PENALTY_REFINE_ON_LATE=1 LOH_PENALTY_NO_EVICT_REWARD=keep LOH_PENALTY_BASELINE_DECAY=0.99 LOH_SURVIVAL_BINS=64 LOH_SURVIVAL_QUANTILE=0.99 LOH_SURVIVAL_MINCOUNT=1000 LOH_PENALTY_NET_GOOD_SCALE=1.0 LOH_PENALTY_NET_PENALTY_SCALE=1.0
28,1,2801,bestcfg_penalty_3t_3m_20260207_000001__wiki_2019t_028_r01,0,0.594409,0.490963,0.01,data/WikiCDN/wiki_2019t.oracleGeneral.zst,0.1,LOH_PARALLEL_SAFE=1 LOH_SKIP_PIP_INSTALL=1 LOH_SKIP_BUILD=1 LOH_DEBUG_LEVEL=1 CACHESIM_VERBOSE=0 CACHESIM_NUM_REQ=3000000 LOH_RL_ALGO=SAC LOH_ACTION_SCALE=1.0 LOH_SCORE_USE_COMPOUND=0 LOH_SCORE_USE_IRT=0 LOH_USE_SOFTMAX=1 LOH_USE_HEURISTIC_SIGNS=0 LOH_INCLUDE_HIT_MISS_FEATURES=0 LOH_INCLUDE_CACHE_FEATURES=0 LOH_INCLUDE_CANDIDATE_FEATURES=0 LOH_INCLUDE_TOPK_CANDIDATE_FEATURES=0 LOH_INCLUDE_AVGTOPK_CANDIDATE_FEATURES=0 LOH_INCLUDE_REQUEST=0 LOH_ENABLE_PENALTY=1 LOH_REWARD_USE_PENALTY=1 LOH_PENALTY_SCALE=log LOH_PENALTY_REWARD_FORMULA=centered LOH_REWARD_W_PENALTY=0.1 LOH_PENALTY_CUTOFF=0 LOH_PENALTY_DMAX=400000 LOH_PENALTY_EMPTY_AS_GOOD=1 LOH_PENALTY_REFINE_ON_LATE=1 LOH_PENALTY_NO_EVICT_REWARD=keep LOH_PENALTY_BASELINE_DECAY=0.99 LOH_SURVIVAL_BINS=64 LOH_SURVIVAL_QUANTILE=0.99 LOH_SURVIVAL_MINCOUNT=1000 LOH_PENALTY_NET_GOOD_SCALE=1.0 LOH_PENALTY_NET_PENALTY_SCALE=1.0
29,1,2901,bestcfg_penalty_3t_3m_20260207_000001__wiki_2019t_029_r01,0,0.594121,0.490823,0.01,data/WikiCDN/wiki_2019t.oracleGeneral.zst,0.1,LOH_PARALLEL_SAFE=1 LOH_SKIP_PIP_INSTALL=1 LOH_SKIP_BUILD=1 LOH_DEBUG_LEVEL=1 CACHESIM_VERBOSE=0 CACHESIM_NUM_REQ=3000000 LOH_RL_ALGO=SAC LOH_ACTION_SCALE=1.0 LOH_SCORE_USE_COMPOUND=0 LOH_SCORE_USE_IRT=0 LOH_USE_SOFTMAX=1 LOH_USE_HEURISTIC_SIGNS=0 LOH_INCLUDE_HIT_MISS_FEATURES=0 LOH_INCLUDE_CACHE_FEATURES=0 LOH_INCLUDE_CANDIDATE_FEATURES=0 LOH_INCLUDE_TOPK_CANDIDATE_FEATURES=0 LOH_INCLUDE_AVGTOPK_CANDIDATE_FEATURES=0 LOH_INCLUDE_REQUEST=0 LOH_ENABLE_PENALTY=1 LOH_REWARD_USE_PENALTY=1 LOH_PENALTY_SCALE=log LOH_PENALTY_REWARD_FORMULA=centered LOH_REWARD_W_PENALTY=0.2 LOH_PENALTY_CUTOFF=0 LOH_PENALTY_DMAX=400000 LOH_PENALTY_EMPTY_AS_GOOD=1 LOH_PENALTY_REFINE_ON_LATE=1 LOH_PENALTY_NO_EVICT_REWARD=keep LOH_PENALTY_BASELINE_DECAY=0.99 LOH_SURVIVAL_BINS=64 LOH_SURVIVAL_QUANTILE=0.99 LOH_SURVIVAL_MINCOUNT=1000 LOH_PENALTY_NET_GOOD_SCALE=1.0 LOH_PENALTY_NET_PENALTY_SCALE=1.0
30,1,3001,bestcfg_penalty_3t_3m_20260207_000001__wiki_2019t_030_r01,0,0.594204,0.491108,0.01,data/WikiCDN/wiki_2019t.oracleGeneral.zst,0.1,LOH_PARALLEL_SAFE=1 LOH_SKIP_PIP_INSTALL=1 LOH_SKIP_BUILD=1 LOH_DEBUG_LEVEL=1 CACHESIM_VERBOSE=0 CACHESIM_NUM_REQ=3000000 LOH_RL_ALGO=SAC LOH_ACTION_SCALE=1.0 LOH_SCORE_USE_COMPOUND=0 LOH_SCORE_USE_IRT=0 LOH_USE_SOFTMAX=1 LOH_USE_HEURISTIC_SIGNS=0 LOH_INCLUDE_HIT_MISS_FEATURES=0 LOH_INCLUDE_CACHE_FEATURES=0 LOH_INCLUDE_CANDIDATE_FEATURES=0 LOH_INCLUDE_TOPK_CANDIDATE_FEATURES=0 LOH_INCLUDE_AVGTOPK_CANDIDATE_FEATURES=0 LOH_INCLUDE_REQUEST=0 LOH_ENABLE_PENALTY=1 LOH_REWARD_USE_PENALTY=1 LOH_PENALTY_SCALE=log LOH_PENALTY_REWARD_FORMULA=centered LOH_REWARD_W_PENALTY=0.5 LOH_PENALTY_CUTOFF=0 LOH_PENALTY_DMAX=400000 LOH_PENALTY_EMPTY_AS_GOOD=1 LOH_PENALTY_REFINE_ON_LATE=1 LOH_PENALTY_NO_EVICT_REWARD=keep LOH_PENALTY_BASELINE_DECAY=0.99 LOH_SURVIVAL_BINS=64 LOH_SURVIVAL_QUANTILE=0.99 LOH_SURVIVAL_MINCOUNT=1000 LOH_PENALTY_NET_GOOD_SCALE=1.0 LOH_PENALTY_NET_PENALTY_SCALE=1.0
31,1,3101,bestcfg_penalty_3t_3m_20260207_000001__wiki_2019t_031_r01,0,0.594113,0.491428,0.01,data/WikiCDN/wiki_2019t.oracleGeneral.zst,0.1,LOH_PARALLEL_SAFE=1 LOH_SKIP_PIP_INSTALL=1 LOH_SKIP_BUILD=1 LOH_DEBUG_LEVEL=1 CACHESIM_VERBOSE=0 CACHESIM_NUM_REQ=3000000 LOH_RL_ALGO=SAC LOH_ACTION_SCALE=1.0 LOH_SCORE_USE_COMPOUND=0 LOH_SCORE_USE_IRT=0 LOH_USE_SOFTMAX=1 LOH_USE_HEURISTIC_SIGNS=0 LOH_INCLUDE_HIT_MISS_FEATURES=0 LOH_INCLUDE_CACHE_FEATURES=0 LOH_INCLUDE_CANDIDATE_FEATURES=0 LOH_INCLUDE_TOPK_CANDIDATE_FEATURES=0 LOH_INCLUDE_AVGTOPK_CANDIDATE_FEATURES=0 LOH_INCLUDE_REQUEST=0 LOH_ENABLE_PENALTY=1 LOH_REWARD_USE_PENALTY=1 LOH_PENALTY_SCALE=log LOH_PENALTY_REWARD_FORMULA=centered LOH_REWARD_W_PENALTY=1.0 LOH_PENALTY_CUTOFF=0 LOH_PENALTY_DMAX=400000 LOH_PENALTY_EMPTY_AS_GOOD=1 LOH_PENALTY_REFINE_ON_LATE=1 LOH_PENALTY_NO_EVICT_REWARD=keep LOH_PENALTY_BASELINE_DECAY=0.99 LOH_SURVIVAL_BINS=64 LOH_SURVIVAL_QUANTILE=0.99 LOH_SURVIVAL_MINCOUNT=1000 LOH_PENALTY_NET_GOOD_SCALE=1.0 LOH_PENALTY_NET_PENALTY_SCALE=1.0
32,1,3201,bestcfg_penalty_3t_3m_20260207_000001__wiki_2019t_032_r01,0,0.594130,0.491245,0.01,data/WikiCDN/wiki_2019t.oracleGeneral.zst,0.1,LOH_PARALLEL_SAFE=1 LOH_SKIP_PIP_INSTALL=1 LOH_SKIP_BUILD=1 LOH_DEBUG_LEVEL=1 CACHESIM_VERBOSE=0 CACHESIM_NUM_REQ=3000000 LOH_RL_ALGO=SAC LOH_ACTION_SCALE=1.0 LOH_SCORE_USE_COMPOUND=0 LOH_SCORE_USE_IRT=0 LOH_USE_SOFTMAX=1 LOH_USE_HEURISTIC_SIGNS=0 LOH_INCLUDE_HIT_MISS_FEATURES=0 LOH_INCLUDE_CACHE_FEATURES=0 LOH_INCLUDE_CANDIDATE_FEATURES=0 LOH_INCLUDE_TOPK_CANDIDATE_FEATURES=0 LOH_INCLUDE_AVGTOPK_CANDIDATE_FEATURES=0 LOH_INCLUDE_REQUEST=0 LOH_ENABLE_PENALTY=1 LOH_REWARD_USE_PENALTY=1 LOH_PENALTY_SCALE=log LOH_PENALTY_REWARD_FORMULA=one_minus LOH_REWARD_W_PENALTY=0.1 LOH_PENALTY_CUTOFF=0 LOH_PENALTY_DMAX=400000 LOH_PENALTY_EMPTY_AS_GOOD=1 LOH_PENALTY_REFINE_ON_LATE=1 LOH_PENALTY_NO_EVICT_REWARD=keep LOH_PENALTY_BASELINE_DECAY=0.99 LOH_SURVIVAL_BINS=64 LOH_SURVIVAL_QUANTILE=0.99 LOH_SURVIVAL_MINCOUNT=1000 LOH_PENALTY_NET_GOOD_SCALE=1.0 LOH_PENALTY_NET_PENALTY_SCALE=1.0
33,1,3301,bestcfg_penalty_3t_3m_20260207_000001__wiki_2019t_033_r01,0,0.594591,0.490883,0.01,data/WikiCDN/wiki_2019t.oracleGeneral.zst,0.1,LOH_PARALLEL_SAFE=1 LOH_SKIP_PIP_INSTALL=1 LOH_SKIP_BUILD=1 LOH_DEBUG_LEVEL=1 CACHESIM_VERBOSE=0 CACHESIM_NUM_REQ=3000000 LOH_RL_ALGO=SAC LOH_ACTION_SCALE=1.0 LOH_SCORE_USE_COMPOUND=0 LOH_SCORE_USE_IRT=0 LOH_USE_SOFTMAX=1 LOH_USE_HEURISTIC_SIGNS=0 LOH_INCLUDE_HIT_MISS_FEATURES=0 LOH_INCLUDE_CACHE_FEATURES=0 LOH_INCLUDE_CANDIDATE_FEATURES=0 LOH_INCLUDE_TOPK_CANDIDATE_FEATURES=0 LOH_INCLUDE_AVGTOPK_CANDIDATE_FEATURES=0 LOH_INCLUDE_REQUEST=0 LOH_ENABLE_PENALTY=1 LOH_REWARD_USE_PENALTY=1 LOH_PENALTY_SCALE=log LOH_PENALTY_REWARD_FORMULA=one_minus LOH_REWARD_W_PENALTY=0.2 LOH_PENALTY_CUTOFF=0 LOH_PENALTY_DMAX=400000 LOH_PENALTY_EMPTY_AS_GOOD=1 LOH_PENALTY_REFINE_ON_LATE=1 LOH_PENALTY_NO_EVICT_REWARD=keep LOH_PENALTY_BASELINE_DECAY=0.99 LOH_SURVIVAL_BINS=64 LOH_SURVIVAL_QUANTILE=0.99 LOH_SURVIVAL_MINCOUNT=1000 LOH_PENALTY_NET_GOOD_SCALE=1.0 LOH_PENALTY_NET_PENALTY_SCALE=1.0
34,1,3401,bestcfg_penalty_3t_3m_20260207_000001__wiki_2019t_034_r01,0,0.594194,0.491120,0.01,data/WikiCDN/wiki_2019t.oracleGeneral.zst,0.1,LOH_PARALLEL_SAFE=1 LOH_SKIP_PIP_INSTALL=1 LOH_SKIP_BUILD=1 LOH_DEBUG_LEVEL=1 CACHESIM_VERBOSE=0 CACHESIM_NUM_REQ=3000000 LOH_RL_ALGO=SAC LOH_ACTION_SCALE=1.0 LOH_SCORE_USE_COMPOUND=0 LOH_SCORE_USE_IRT=0 LOH_USE_SOFTMAX=1 LOH_USE_HEURISTIC_SIGNS=0 LOH_INCLUDE_HIT_MISS_FEATURES=0 LOH_INCLUDE_CACHE_FEATURES=0 LOH_INCLUDE_CANDIDATE_FEATURES=0 LOH_INCLUDE_TOPK_CANDIDATE_FEATURES=0 LOH_INCLUDE_AVGTOPK_CANDIDATE_FEATURES=0 LOH_INCLUDE_REQUEST=0 LOH_ENABLE_PENALTY=1 LOH_REWARD_USE_PENALTY=1 LOH_PENALTY_SCALE=log LOH_PENALTY_REWARD_FORMULA=one_minus LOH_REWARD_W_PENALTY=0.5 LOH_PENALTY_CUTOFF=0 LOH_PENALTY_DMAX=400000 LOH_PENALTY_EMPTY_AS_GOOD=1 LOH_PENALTY_REFINE_ON_LATE=1 LOH_PENALTY_NO_EVICT_REWARD=keep LOH_PENALTY_BASELINE_DECAY=0.99 LOH_SURVIVAL_BINS=64 LOH_SURVIVAL_QUANTILE=0.99 LOH_SURVIVAL_MINCOUNT=1000 LOH_PENALTY_NET_GOOD_SCALE=1.0 LOH_PENALTY_NET_PENALTY_SCALE=1.0
35,1,3501,bestcfg_penalty_3t_3m_20260207_000001__wiki_2019t_035_r01,0,0.594373,0.490768,0.01,data/WikiCDN/wiki_2019t.oracleGeneral.zst,0.1,LOH_PARALLEL_SAFE=1 LOH_SKIP_PIP_INSTALL=1 LOH_SKIP_BUILD=1 LOH_DEBUG_LEVEL=1 CACHESIM_VERBOSE=0 CACHESIM_NUM_REQ=3000000 LOH_RL_ALGO=SAC LOH_ACTION_SCALE=1.0 LOH_SCORE_USE_COMPOUND=0 LOH_SCORE_USE_IRT=0 LOH_USE_SOFTMAX=1 LOH_USE_HEURISTIC_SIGNS=0 LOH_INCLUDE_HIT_MISS_FEATURES=0 LOH_INCLUDE_CACHE_FEATURES=0 LOH_INCLUDE_CANDIDATE_FEATURES=0 LOH_INCLUDE_TOPK_CANDIDATE_FEATURES=0 LOH_INCLUDE_AVGTOPK_CANDIDATE_FEATURES=0 LOH_INCLUDE_REQUEST=0 LOH_ENABLE_PENALTY=1 LOH_REWARD_USE_PENALTY=1 LOH_PENALTY_SCALE=log LOH_PENALTY_REWARD_FORMULA=one_minus LOH_REWARD_W_PENALTY=1.0 LOH_PENALTY_CUTOFF=0 LOH_PENALTY_DMAX=400000 LOH_PENALTY_EMPTY_AS_GOOD=1 LOH_PENALTY_REFINE_ON_LATE=1 LOH_PENALTY_NO_EVICT_REWARD=keep LOH_PENALTY_BASELINE_DECAY=0.99 LOH_SURVIVAL_BINS=64 LOH_SURVIVAL_QUANTILE=0.99 LOH_SURVIVAL_MINCOUNT=1000 LOH_PENALTY_NET_GOOD_SCALE=1.0 LOH_PENALTY_NET_PENALTY_SCALE=1.0
36,1,3601,bestcfg_penalty_3t_3m_20260207_000001__wiki_2019t_036_r01,0,0.594305,0.490793,0.01,data/WikiCDN/wiki_2019t.oracleGeneral.zst,0.1,LOH_PARALLEL_SAFE=1 LOH_SKIP_PIP_INSTALL=1 LOH_SKIP_BUILD=1 LOH_DEBUG_LEVEL=1 CACHESIM_VERBOSE=0 CACHESIM_NUM_REQ=3000000 LOH_RL_ALGO=SAC LOH_ACTION_SCALE=1.0 LOH_SCORE_USE_COMPOUND=0 LOH_SCORE_USE_IRT=0 LOH_USE_SOFTMAX=1 LOH_USE_HEURISTIC_SIGNS=0 LOH_INCLUDE_HIT_MISS_FEATURES=0 LOH_INCLUDE_CACHE_FEATURES=0 LOH_INCLUDE_CANDIDATE_FEATURES=0 LOH_INCLUDE_TOPK_CANDIDATE_FEATURES=0 LOH_INCLUDE_AVGTOPK_CANDIDATE_FEATURES=0 LOH_INCLUDE_REQUEST=0 LOH_ENABLE_PENALTY=1 LOH_REWARD_USE_PENALTY=1 LOH_PENALTY_SCALE=log LOH_PENALTY_REWARD_FORMULA=neg LOH_REWARD_W_PENALTY=0.1 LOH_PENALTY_CUTOFF=0 LOH_PENALTY_DMAX=400000 LOH_PENALTY_EMPTY_AS_GOOD=1 LOH_PENALTY_REFINE_ON_LATE=1 LOH_PENALTY_NO_EVICT_REWARD=keep LOH_PENALTY_BASELINE_DECAY=0.99 LOH_SURVIVAL_BINS=64 LOH_SURVIVAL_QUANTILE=0.99 LOH_SURVIVAL_MINCOUNT=1000 LOH_PENALTY_NET_GOOD_SCALE=1.0 LOH_PENALTY_NET_PENALTY_SCALE=1.0
37,1,3701,bestcfg_penalty_3t_3m_20260207_000001__wiki_2019t_037_r01,0,0.594256,0.491445,0.01,data/WikiCDN/wiki_2019t.oracleGeneral.zst,0.1,LOH_PARALLEL_SAFE=1 LOH_SKIP_PIP_INSTALL=1 LOH_SKIP_BUILD=1 LOH_DEBUG_LEVEL=1 CACHESIM_VERBOSE=0 CACHESIM_NUM_REQ=3000000 LOH_RL_ALGO=SAC LOH_ACTION_SCALE=1.0 LOH_SCORE_USE_COMPOUND=0 LOH_SCORE_USE_IRT=0 LOH_USE_SOFTMAX=1 LOH_USE_HEURISTIC_SIGNS=0 LOH_INCLUDE_HIT_MISS_FEATURES=0 LOH_INCLUDE_CACHE_FEATURES=0 LOH_INCLUDE_CANDIDATE_FEATURES=0 LOH_INCLUDE_TOPK_CANDIDATE_FEATURES=0 LOH_INCLUDE_AVGTOPK_CANDIDATE_FEATURES=0 LOH_INCLUDE_REQUEST=0 LOH_ENABLE_PENALTY=1 LOH_REWARD_USE_PENALTY=1 LOH_PENALTY_SCALE=log LOH_PENALTY_REWARD_FORMULA=neg LOH_REWARD_W_PENALTY=0.2 LOH_PENALTY_CUTOFF=0 LOH_PENALTY_DMAX=400000 LOH_PENALTY_EMPTY_AS_GOOD=1 LOH_PENALTY_REFINE_ON_LATE=1 LOH_PENALTY_NO_EVICT_REWARD=keep LOH_PENALTY_BASELINE_DECAY=0.99 LOH_SURVIVAL_BINS=64 LOH_SURVIVAL_QUANTILE=0.99 LOH_SURVIVAL_MINCOUNT=1000 LOH_PENALTY_NET_GOOD_SCALE=1.0 LOH_PENALTY_NET_PENALTY_SCALE=1.0
38,1,3801,bestcfg_penalty_3t_3m_20260207_000001__wiki_2019t_038_r01,0,0.594299,0.491065,0.01,data/WikiCDN/wiki_2019t.oracleGeneral.zst,0.1,LOH_PARALLEL_SAFE=1 LOH_SKIP_PIP_INSTALL=1 LOH_SKIP_BUILD=1 LOH_DEBUG_LEVEL=1 CACHESIM_VERBOSE=0 CACHESIM_NUM_REQ=3000000 LOH_RL_ALGO=SAC LOH_ACTION_SCALE=1.0 LOH_SCORE_USE_COMPOUND=0 LOH_SCORE_USE_IRT=0 LOH_USE_SOFTMAX=1 LOH_USE_HEURISTIC_SIGNS=0 LOH_INCLUDE_HIT_MISS_FEATURES=0 LOH_INCLUDE_CACHE_FEATURES=0 LOH_INCLUDE_CANDIDATE_FEATURES=0 LOH_INCLUDE_TOPK_CANDIDATE_FEATURES=0 LOH_INCLUDE_AVGTOPK_CANDIDATE_FEATURES=0 LOH_INCLUDE_REQUEST=0 LOH_ENABLE_PENALTY=1 LOH_REWARD_USE_PENALTY=1 LOH_PENALTY_SCALE=log LOH_PENALTY_REWARD_FORMULA=neg LOH_REWARD_W_PENALTY=0.5 LOH_PENALTY_CUTOFF=0 LOH_PENALTY_DMAX=400000 LOH_PENALTY_EMPTY_AS_GOOD=1 LOH_PENALTY_REFINE_ON_LATE=1 LOH_PENALTY_NO_EVICT_REWARD=keep LOH_PENALTY_BASELINE_DECAY=0.99 LOH_SURVIVAL_BINS=64 LOH_SURVIVAL_QUANTILE=0.99 LOH_SURVIVAL_MINCOUNT=1000 LOH_PENALTY_NET_GOOD_SCALE=1.0 LOH_PENALTY_NET_PENALTY_SCALE=1.0
39,1,3901,bestcfg_penalty_3t_3m_20260207_000001__wiki_2019t_039_r01,0,0.594189,0.491205,0.01,data/WikiCDN/wiki_2019t.oracleGeneral.zst,0.1,LOH_PARALLEL_SAFE=1 LOH_SKIP_PIP_INSTALL=1 LOH_SKIP_BUILD=1 LOH_DEBUG_LEVEL=1 CACHESIM_VERBOSE=0 CACHESIM_NUM_REQ=3000000 LOH_RL_ALGO=SAC LOH_ACTION_SCALE=1.0 LOH_SCORE_USE_COMPOUND=0 LOH_SCORE_USE_IRT=0 LOH_USE_SOFTMAX=1 LOH_USE_HEURISTIC_SIGNS=0 LOH_INCLUDE_HIT_MISS_FEATURES=0 LOH_INCLUDE_CACHE_FEATURES=0 LOH_INCLUDE_CANDIDATE_FEATURES=0 LOH_INCLUDE_TOPK_CANDIDATE_FEATURES=0 LOH_INCLUDE_AVGTOPK_CANDIDATE_FEATURES=0 LOH_INCLUDE_REQUEST=0 LOH_ENABLE_PENALTY=1 LOH_REWARD_USE_PENALTY=1 LOH_PENALTY_SCALE=log LOH_PENALTY_REWARD_FORMULA=neg LOH_REWARD_W_PENALTY=1.0 LOH_PENALTY_CUTOFF=0 LOH_PENALTY_DMAX=400000 LOH_PENALTY_EMPTY_AS_GOOD=1 LOH_PENALTY_REFINE_ON_LATE=1 LOH_PENALTY_NO_EVICT_REWARD=keep LOH_PENALTY_BASELINE_DECAY=0.99 LOH_SURVIVAL_BINS=64 LOH_SURVIVAL_QUANTILE=0.99 LOH_SURVIVAL_MINCOUNT=1000 LOH_PENALTY_NET_GOOD_SCALE=1.0 LOH_PENALTY_NET_PENALTY_SCALE=1.0
40,1,4001,bestcfg_penalty_3t_3m_20260207_000001__wiki_2019t_040_r01,0,0.594351,0.491071,0.01,data/WikiCDN/wiki_2019t.oracleGeneral.zst,0.1,LOH_PARALLEL_SAFE=1 LOH_SKIP_PIP_INSTALL=1 LOH_SKIP_BUILD=1 LOH_DEBUG_LEVEL=1 CACHESIM_VERBOSE=0 CACHESIM_NUM_REQ=3000000 LOH_RL_ALGO=SAC LOH_ACTION_SCALE=1.0 LOH_SCORE_USE_COMPOUND=0 LOH_SCORE_USE_IRT=0 LOH_USE_SOFTMAX=1 LOH_USE_HEURISTIC_SIGNS=0 LOH_INCLUDE_HIT_MISS_FEATURES=0 LOH_INCLUDE_CACHE_FEATURES=0 LOH_INCLUDE_CANDIDATE_FEATURES=0 LOH_INCLUDE_TOPK_CANDIDATE_FEATURES=0 LOH_INCLUDE_AVGTOPK_CANDIDATE_FEATURES=0 LOH_INCLUDE_REQUEST=0 LOH_ENABLE_PENALTY=1 LOH_REWARD_USE_PENALTY=1 LOH_PENALTY_SCALE=log LOH_PENALTY_REWARD_FORMULA=net LOH_REWARD_W_PENALTY=1.0 LOH_PENALTY_CUTOFF=0 LOH_PENALTY_DMAX=400000 LOH_PENALTY_EMPTY_AS_GOOD=1 LOH_PENALTY_REFINE_ON_LATE=1 LOH_PENALTY_NO_EVICT_REWARD=keep LOH_PENALTY_BASELINE_DECAY=0.99 LOH_SURVIVAL_BINS=64 LOH_SURVIVAL_QUANTILE=0.99 LOH_SURVIVAL_MINCOUNT=1000 LOH_PENALTY_NET_GOOD_SCALE=1.0 LOH_PENALTY_NET_PENALTY_SCALE=1.0
41,1,4101,bestcfg_penalty_3t_3m_20260207_000001__wiki_2019t_041_r01,0,0.594295,0.491291,0.01,data/WikiCDN/wiki_2019t.oracleGeneral.zst,0.1,LOH_PARALLEL_SAFE=1 LOH_SKIP_PIP_INSTALL=1 LOH_SKIP_BUILD=1 LOH_DEBUG_LEVEL=1 CACHESIM_VERBOSE=0 CACHESIM_NUM_REQ=3000000 LOH_RL_ALGO=SAC LOH_ACTION_SCALE=1.0 LOH_SCORE_USE_COMPOUND=0 LOH_SCORE_USE_IRT=0 LOH_USE_SOFTMAX=1 LOH_USE_HEURISTIC_SIGNS=0 LOH_INCLUDE_HIT_MISS_FEATURES=0 LOH_INCLUDE_CACHE_FEATURES=0 LOH_INCLUDE_CANDIDATE_FEATURES=0 LOH_INCLUDE_TOPK_CANDIDATE_FEATURES=0 LOH_INCLUDE_AVGTOPK_CANDIDATE_FEATURES=0 LOH_INCLUDE_REQUEST=0 LOH_ENABLE_PENALTY=1 LOH_REWARD_USE_PENALTY=1 LOH_PENALTY_SCALE=log LOH_PENALTY_REWARD_FORMULA=net LOH_REWARD_W_PENALTY=2.0 LOH_PENALTY_CUTOFF=0 LOH_PENALTY_DMAX=400000 LOH_PENALTY_EMPTY_AS_GOOD=1 LOH_PENALTY_REFINE_ON_LATE=1 LOH_PENALTY_NO_EVICT_REWARD=keep LOH_PENALTY_BASELINE_DECAY=0.99 LOH_SURVIVAL_BINS=64 LOH_SURVIVAL_QUANTILE=0.99 LOH_SURVIVAL_MINCOUNT=1000 LOH_PENALTY_NET_GOOD_SCALE=1.0 LOH_PENALTY_NET_PENALTY_SCALE=1.0
42,1,4201,bestcfg_penalty_3t_3m_20260207_000001__wiki_2019t_042_r01,0,0.594438,0.491266,0.01,data/WikiCDN/wiki_2019t.oracleGeneral.zst,0.1,LOH_PARALLEL_SAFE=1 LOH_SKIP_PIP_INSTALL=1 LOH_SKIP_BUILD=1 LOH_DEBUG_LEVEL=1 CACHESIM_VERBOSE=0 CACHESIM_NUM_REQ=3000000 LOH_RL_ALGO=SAC LOH_ACTION_SCALE=1.0 LOH_SCORE_USE_COMPOUND=0 LOH_SCORE_USE_IRT=0 LOH_USE_SOFTMAX=1 LOH_USE_HEURISTIC_SIGNS=0 LOH_INCLUDE_HIT_MISS_FEATURES=0 LOH_INCLUDE_CACHE_FEATURES=0 LOH_INCLUDE_CANDIDATE_FEATURES=0 LOH_INCLUDE_TOPK_CANDIDATE_FEATURES=0 LOH_INCLUDE_AVGTOPK_CANDIDATE_FEATURES=0 LOH_INCLUDE_REQUEST=0 LOH_ENABLE_PENALTY=1 LOH_REWARD_USE_PENALTY=1 LOH_PENALTY_SCALE=log LOH_PENALTY_REWARD_FORMULA=net LOH_REWARD_W_PENALTY=3.0 LOH_PENALTY_CUTOFF=0 LOH_PENALTY_DMAX=400000 LOH_PENALTY_EMPTY_AS_GOOD=1 LOH_PENALTY_REFINE_ON_LATE=1 LOH_PENALTY_NO_EVICT_REWARD=keep LOH_PENALTY_BASELINE_DECAY=0.99 LOH_SURVIVAL_BINS=64 LOH_SURVIVAL_QUANTILE=0.99 LOH_SURVIVAL_MINCOUNT=1000 LOH_PENALTY_NET_GOOD_SCALE=1.0 LOH_PENALTY_NET_PENALTY_SCALE=1.0
43,1,4301,bestcfg_penalty_3t_3m_20260207_000001__wiki_2019t_043_r01,0,0.594273,0.491213,0.01,data/WikiCDN/wiki_2019t.oracleGeneral.zst,0.1,LOH_PARALLEL_SAFE=1 LOH_SKIP_PIP_INSTALL=1 LOH_SKIP_BUILD=1 LOH_DEBUG_LEVEL=1 CACHESIM_VERBOSE=0 CACHESIM_NUM_REQ=3000000 LOH_RL_ALGO=SAC LOH_ACTION_SCALE=1.0 LOH_SCORE_USE_COMPOUND=0 LOH_SCORE_USE_IRT=0 LOH_USE_SOFTMAX=1 LOH_USE_HEURISTIC_SIGNS=0 LOH_INCLUDE_HIT_MISS_FEATURES=0 LOH_INCLUDE_CACHE_FEATURES=0 LOH_INCLUDE_CANDIDATE_FEATURES=0 LOH_INCLUDE_TOPK_CANDIDATE_FEATURES=0 LOH_INCLUDE_AVGTOPK_CANDIDATE_FEATURES=0 LOH_INCLUDE_REQUEST=0 LOH_ENABLE_PENALTY=1 LOH_REWARD_USE_PENALTY=1 LOH_PENALTY_SCALE=log LOH_PENALTY_REWARD_FORMULA=net2 LOH_REWARD_W_PENALTY=1.0 LOH_PENALTY_CUTOFF=0 LOH_PENALTY_DMAX=400000 LOH_PENALTY_EMPTY_AS_GOOD=1 LOH_PENALTY_REFINE_ON_LATE=1 LOH_PENALTY_NO_EVICT_REWARD=keep LOH_PENALTY_BASELINE_DECAY=0.99 LOH_SURVIVAL_BINS=64 LOH_SURVIVAL_QUANTILE=0.99 LOH_SURVIVAL_MINCOUNT=1000 LOH_PENALTY_NET_GOOD_SCALE=1.0 LOH_PENALTY_NET_PENALTY_SCALE=1.0
44,1,4401,bestcfg_penalty_3t_3m_20260207_000001__wiki_2019t_044_r01,0,0.594543,0.491170,0.01,data/WikiCDN/wiki_2019t.oracleGeneral.zst,0.1,LOH_PARALLEL_SAFE=1 LOH_SKIP_PIP_INSTALL=1 LOH_SKIP_BUILD=1 LOH_DEBUG_LEVEL=1 CACHESIM_VERBOSE=0 CACHESIM_NUM_REQ=3000000 LOH_RL_ALGO=SAC LOH_ACTION_SCALE=1.0 LOH_SCORE_USE_COMPOUND=0 LOH_SCORE_USE_IRT=0 LOH_USE_SOFTMAX=1 LOH_USE_HEURISTIC_SIGNS=0 LOH_INCLUDE_HIT_MISS_FEATURES=0 LOH_INCLUDE_CACHE_FEATURES=0 LOH_INCLUDE_CANDIDATE_FEATURES=0 LOH_INCLUDE_TOPK_CANDIDATE_FEATURES=0 LOH_INCLUDE_AVGTOPK_CANDIDATE_FEATURES=0 LOH_INCLUDE_REQUEST=0 LOH_ENABLE_PENALTY=1 LOH_REWARD_USE_PENALTY=1 LOH_PENALTY_SCALE=log LOH_PENALTY_REWARD_FORMULA=net2 LOH_REWARD_W_PENALTY=2.0 LOH_PENALTY_CUTOFF=0 LOH_PENALTY_DMAX=400000 LOH_PENALTY_EMPTY_AS_GOOD=1 LOH_PENALTY_REFINE_ON_LATE=1 LOH_PENALTY_NO_EVICT_REWARD=keep LOH_PENALTY_BASELINE_DECAY=0.99 LOH_SURVIVAL_BINS=64 LOH_SURVIVAL_QUANTILE=0.99 LOH_SURVIVAL_MINCOUNT=1000 LOH_PENALTY_NET_GOOD_SCALE=1.0 LOH_PENALTY_NET_PENALTY_SCALE=1.0
45,1,4501,bestcfg_penalty_3t_3m_20260207_000001__wiki_2019t_045_r01,0,0.594485,0.491077,0.01,data/WikiCDN/wiki_2019t.oracleGeneral.zst,0.1,LOH_PARALLEL_SAFE=1 LOH_SKIP_PIP_INSTALL=1 LOH_SKIP_BUILD=1 LOH_DEBUG_LEVEL=1 CACHESIM_VERBOSE=0 CACHESIM_NUM_REQ=3000000 LOH_RL_ALGO=SAC LOH_ACTION_SCALE=1.0 LOH_SCORE_USE_COMPOUND=0 LOH_SCORE_USE_IRT=0 LOH_USE_SOFTMAX=1 LOH_USE_HEURISTIC_SIGNS=0 LOH_INCLUDE_HIT_MISS_FEATURES=0 LOH_INCLUDE_CACHE_FEATURES=0 LOH_INCLUDE_CANDIDATE_FEATURES=0 LOH_INCLUDE_TOPK_CANDIDATE_FEATURES=0 LOH_INCLUDE_AVGTOPK_CANDIDATE_FEATURES=0 LOH_INCLUDE_REQUEST=0 LOH_ENABLE_PENALTY=1 LOH_REWARD_USE_PENALTY=1 LOH_PENALTY_SCALE=log LOH_PENALTY_REWARD_FORMULA=net2 LOH_REWARD_W_PENALTY=3.0 LOH_PENALTY_CUTOFF=0 LOH_PENALTY_DMAX=400000 LOH_PENALTY_EMPTY_AS_GOOD=1 LOH_PENALTY_REFINE_ON_LATE=1 LOH_PENALTY_NO_EVICT_REWARD=keep LOH_PENALTY_BASELINE_DECAY=0.99 LOH_SURVIVAL_BINS=64 LOH_SURVIVAL_QUANTILE=0.99 LOH_SURVIVAL_MINCOUNT=1000 LOH_PENALTY_NET_GOOD_SCALE=1.0 LOH_PENALTY_NET_PENALTY_SCALE=1.0
46,1,4601,bestcfg_penalty_3t_3m_20260207_000001__wiki_2019t_046_r01,0,0.594397,0.490806,0.01,data/WikiCDN/wiki_2019t.oracleGeneral.zst,0.1,LOH_PARALLEL_SAFE=1 LOH_SKIP_PIP_INSTALL=1 LOH_SKIP_BUILD=1 LOH_DEBUG_LEVEL=1 CACHESIM_VERBOSE=0 CACHESIM_NUM_REQ=3000000 LOH_RL_ALGO=SAC LOH_ACTION_SCALE=1.0 LOH_SCORE_USE_COMPOUND=0 LOH_SCORE_USE_IRT=0 LOH_USE_SOFTMAX=1 LOH_USE_HEURISTIC_SIGNS=0 LOH_INCLUDE_HIT_MISS_FEATURES=0 LOH_INCLUDE_CACHE_FEATURES=0 LOH_INCLUDE_CANDIDATE_FEATURES=0 LOH_INCLUDE_TOPK_CANDIDATE_FEATURES=0 LOH_INCLUDE_AVGTOPK_CANDIDATE_FEATURES=0 LOH_INCLUDE_REQUEST=0 LOH_ENABLE_PENALTY=1 LOH_REWARD_USE_PENALTY=1 LOH_PENALTY_SCALE=survival LOH_PENALTY_REWARD_FORMULA=relative LOH_REWARD_W_PENALTY=0.1 LOH_PENALTY_CUTOFF=0 LOH_PENALTY_DMAX=400000 LOH_PENALTY_EMPTY_AS_GOOD=1 LOH_PENALTY_REFINE_ON_LATE=1 LOH_PENALTY_NO_EVICT_REWARD=keep LOH_PENALTY_BASELINE_DECAY=0.99 LOH_SURVIVAL_BINS=64 LOH_SURVIVAL_QUANTILE=0.99 LOH_SURVIVAL_MINCOUNT=1000 LOH_PENALTY_NET_GOOD_SCALE=1.0 LOH_PENALTY_NET_PENALTY_SCALE=1.0
47,1,4701,bestcfg_penalty_3t_3m_20260207_000001__wiki_2019t_047_r01,0,0.594260,0.490615,0.01,data/WikiCDN/wiki_2019t.oracleGeneral.zst,0.1,LOH_PARALLEL_SAFE=1 LOH_SKIP_PIP_INSTALL=1 LOH_SKIP_BUILD=1 LOH_DEBUG_LEVEL=1 CACHESIM_VERBOSE=0 CACHESIM_NUM_REQ=3000000 LOH_RL_ALGO=SAC LOH_ACTION_SCALE=1.0 LOH_SCORE_USE_COMPOUND=0 LOH_SCORE_USE_IRT=0 LOH_USE_SOFTMAX=1 LOH_USE_HEURISTIC_SIGNS=0 LOH_INCLUDE_HIT_MISS_FEATURES=0 LOH_INCLUDE_CACHE_FEATURES=0 LOH_INCLUDE_CANDIDATE_FEATURES=0 LOH_INCLUDE_TOPK_CANDIDATE_FEATURES=0 LOH_INCLUDE_AVGTOPK_CANDIDATE_FEATURES=0 LOH_INCLUDE_REQUEST=0 LOH_ENABLE_PENALTY=1 LOH_REWARD_USE_PENALTY=1 LOH_PENALTY_SCALE=survival LOH_PENALTY_REWARD_FORMULA=relative LOH_REWARD_W_PENALTY=0.2 LOH_PENALTY_CUTOFF=0 LOH_PENALTY_DMAX=400000 LOH_PENALTY_EMPTY_AS_GOOD=1 LOH_PENALTY_REFINE_ON_LATE=1 LOH_PENALTY_NO_EVICT_REWARD=keep LOH_PENALTY_BASELINE_DECAY=0.99 LOH_SURVIVAL_BINS=64 LOH_SURVIVAL_QUANTILE=0.99 LOH_SURVIVAL_MINCOUNT=1000 LOH_PENALTY_NET_GOOD_SCALE=1.0 LOH_PENALTY_NET_PENALTY_SCALE=1.0
48,1,4801,bestcfg_penalty_3t_3m_20260207_000001__wiki_2019t_048_r01,0,0.594421,0.491055,0.01,data/WikiCDN/wiki_2019t.oracleGeneral.zst,0.1,LOH_PARALLEL_SAFE=1 LOH_SKIP_PIP_INSTALL=1 LOH_SKIP_BUILD=1 LOH_DEBUG_LEVEL=1 CACHESIM_VERBOSE=0 CACHESIM_NUM_REQ=3000000 LOH_RL_ALGO=SAC LOH_ACTION_SCALE=1.0 LOH_SCORE_USE_COMPOUND=0 LOH_SCORE_USE_IRT=0 LOH_USE_SOFTMAX=1 LOH_USE_HEURISTIC_SIGNS=0 LOH_INCLUDE_HIT_MISS_FEATURES=0 LOH_INCLUDE_CACHE_FEATURES=0 LOH_INCLUDE_CANDIDATE_FEATURES=0 LOH_INCLUDE_TOPK_CANDIDATE_FEATURES=0 LOH_INCLUDE_AVGTOPK_CANDIDATE_FEATURES=0 LOH_INCLUDE_REQUEST=0 LOH_ENABLE_PENALTY=1 LOH_REWARD_USE_PENALTY=1 LOH_PENALTY_SCALE=survival LOH_PENALTY_REWARD_FORMULA=relative LOH_REWARD_W_PENALTY=0.5 LOH_PENALTY_CUTOFF=0 LOH_PENALTY_DMAX=400000 LOH_PENALTY_EMPTY_AS_GOOD=1 LOH_PENALTY_REFINE_ON_LATE=1 LOH_PENALTY_NO_EVICT_REWARD=keep LOH_PENALTY_BASELINE_DECAY=0.99 LOH_SURVIVAL_BINS=64 LOH_SURVIVAL_QUANTILE=0.99 LOH_SURVIVAL_MINCOUNT=1000 LOH_PENALTY_NET_GOOD_SCALE=1.0 LOH_PENALTY_NET_PENALTY_SCALE=1.0
49,1,4901,bestcfg_penalty_3t_3m_20260207_000001__wiki_2019t_049_r01,0,0.594465,0.490751,0.01,data/WikiCDN/wiki_2019t.oracleGeneral.zst,0.1,LOH_PARALLEL_SAFE=1 LOH_SKIP_PIP_INSTALL=1 LOH_SKIP_BUILD=1 LOH_DEBUG_LEVEL=1 CACHESIM_VERBOSE=0 CACHESIM_NUM_REQ=3000000 LOH_RL_ALGO=SAC LOH_ACTION_SCALE=1.0 LOH_SCORE_USE_COMPOUND=0 LOH_SCORE_USE_IRT=0 LOH_USE_SOFTMAX=1 LOH_USE_HEURISTIC_SIGNS=0 LOH_INCLUDE_HIT_MISS_FEATURES=0 LOH_INCLUDE_CACHE_FEATURES=0 LOH_INCLUDE_CANDIDATE_FEATURES=0 LOH_INCLUDE_TOPK_CANDIDATE_FEATURES=0 LOH_INCLUDE_AVGTOPK_CANDIDATE_FEATURES=0 LOH_INCLUDE_REQUEST=0 LOH_ENABLE_PENALTY=1 LOH_REWARD_USE_PENALTY=1 LOH_PENALTY_SCALE=survival LOH_PENALTY_REWARD_FORMULA=relative LOH_REWARD_W_PENALTY=1.0 LOH_PENALTY_CUTOFF=0 LOH_PENALTY_DMAX=400000 LOH_PENALTY_EMPTY_AS_GOOD=1 LOH_PENALTY_REFINE_ON_LATE=1 LOH_PENALTY_NO_EVICT_REWARD=keep LOH_PENALTY_BASELINE_DECAY=0.99 LOH_SURVIVAL_BINS=64 LOH_SURVIVAL_QUANTILE=0.99 LOH_SURVIVAL_MINCOUNT=1000 LOH_PENALTY_NET_GOOD_SCALE=1.0 LOH_PENALTY_NET_PENALTY_SCALE=1.0
50,1,5001,bestcfg_penalty_3t_3m_20260207_000001__wiki_2019t_050_r01,0,0.594464,0.491271,0.01,data/WikiCDN/wiki_2019t.oracleGeneral.zst,0.1,LOH_PARALLEL_SAFE=1 LOH_SKIP_PIP_INSTALL=1 LOH_SKIP_BUILD=1 LOH_DEBUG_LEVEL=1 CACHESIM_VERBOSE=0 CACHESIM_NUM_REQ=3000000 LOH_RL_ALGO=SAC LOH_ACTION_SCALE=1.0 LOH_SCORE_USE_COMPOUND=0 LOH_SCORE_USE_IRT=0 LOH_USE_SOFTMAX=1 LOH_USE_HEURISTIC_SIGNS=0 LOH_INCLUDE_HIT_MISS_FEATURES=0 LOH_INCLUDE_CACHE_FEATURES=0 LOH_INCLUDE_CANDIDATE_FEATURES=0 LOH_INCLUDE_TOPK_CANDIDATE_FEATURES=0 LOH_INCLUDE_AVGTOPK_CANDIDATE_FEATURES=0 LOH_INCLUDE_REQUEST=0 LOH_ENABLE_PENALTY=1 LOH_REWARD_USE_PENALTY=1 LOH_PENALTY_SCALE=survival LOH_PENALTY_REWARD_FORMULA=centered LOH_REWARD_W_PENALTY=0.1 LOH_PENALTY_CUTOFF=0 LOH_PENALTY_DMAX=400000 LOH_PENALTY_EMPTY_AS_GOOD=1 LOH_PENALTY_REFINE_ON_LATE=1 LOH_PENALTY_NO_EVICT_REWARD=keep LOH_PENALTY_BASELINE_DECAY=0.99 LOH_SURVIVAL_BINS=64 LOH_SURVIVAL_QUANTILE=0.99 LOH_SURVIVAL_MINCOUNT=1000 LOH_PENALTY_NET_GOOD_SCALE=1.0 LOH_PENALTY_NET_PENALTY_SCALE=1.0
51,1,5101,bestcfg_penalty_3t_3m_20260207_000001__wiki_2019t_051_r01,0,0.594176,0.491281,0.01,data/WikiCDN/wiki_2019t.oracleGeneral.zst,0.1,LOH_PARALLEL_SAFE=1 LOH_SKIP_PIP_INSTALL=1 LOH_SKIP_BUILD=1 LOH_DEBUG_LEVEL=1 CACHESIM_VERBOSE=0 CACHESIM_NUM_REQ=3000000 LOH_RL_ALGO=SAC LOH_ACTION_SCALE=1.0 LOH_SCORE_USE_COMPOUND=0 LOH_SCORE_USE_IRT=0 LOH_USE_SOFTMAX=1 LOH_USE_HEURISTIC_SIGNS=0 LOH_INCLUDE_HIT_MISS_FEATURES=0 LOH_INCLUDE_CACHE_FEATURES=0 LOH_INCLUDE_CANDIDATE_FEATURES=0 LOH_INCLUDE_TOPK_CANDIDATE_FEATURES=0 LOH_INCLUDE_AVGTOPK_CANDIDATE_FEATURES=0 LOH_INCLUDE_REQUEST=0 LOH_ENABLE_PENALTY=1 LOH_REWARD_USE_PENALTY=1 LOH_PENALTY_SCALE=survival LOH_PENALTY_REWARD_FORMULA=centered LOH_REWARD_W_PENALTY=0.2 LOH_PENALTY_CUTOFF=0 LOH_PENALTY_DMAX=400000 LOH_PENALTY_EMPTY_AS_GOOD=1 LOH_PENALTY_REFINE_ON_LATE=1 LOH_PENALTY_NO_EVICT_REWARD=keep LOH_PENALTY_BASELINE_DECAY=0.99 LOH_SURVIVAL_BINS=64 LOH_SURVIVAL_QUANTILE=0.99 LOH_SURVIVAL_MINCOUNT=1000 LOH_PENALTY_NET_GOOD_SCALE=1.0 LOH_PENALTY_NET_PENALTY_SCALE=1.0
52,1,5201,bestcfg_penalty_3t_3m_20260207_000001__wiki_2019t_052_r01,0,0.594415,0.491399,0.01,data/WikiCDN/wiki_2019t.oracleGeneral.zst,0.1,LOH_PARALLEL_SAFE=1 LOH_SKIP_PIP_INSTALL=1 LOH_SKIP_BUILD=1 LOH_DEBUG_LEVEL=1 CACHESIM_VERBOSE=0 CACHESIM_NUM_REQ=3000000 LOH_RL_ALGO=SAC LOH_ACTION_SCALE=1.0 LOH_SCORE_USE_COMPOUND=0 LOH_SCORE_USE_IRT=0 LOH_USE_SOFTMAX=1 LOH_USE_HEURISTIC_SIGNS=0 LOH_INCLUDE_HIT_MISS_FEATURES=0 LOH_INCLUDE_CACHE_FEATURES=0 LOH_INCLUDE_CANDIDATE_FEATURES=0 LOH_INCLUDE_TOPK_CANDIDATE_FEATURES=0 LOH_INCLUDE_AVGTOPK_CANDIDATE_FEATURES=0 LOH_INCLUDE_REQUEST=0 LOH_ENABLE_PENALTY=1 LOH_REWARD_USE_PENALTY=1 LOH_PENALTY_SCALE=survival LOH_PENALTY_REWARD_FORMULA=centered LOH_REWARD_W_PENALTY=0.5 LOH_PENALTY_CUTOFF=0 LOH_PENALTY_DMAX=400000 LOH_PENALTY_EMPTY_AS_GOOD=1 LOH_PENALTY_REFINE_ON_LATE=1 LOH_PENALTY_NO_EVICT_REWARD=keep LOH_PENALTY_BASELINE_DECAY=0.99 LOH_SURVIVAL_BINS=64 LOH_SURVIVAL_QUANTILE=0.99 LOH_SURVIVAL_MINCOUNT=1000 LOH_PENALTY_NET_GOOD_SCALE=1.0 LOH_PENALTY_NET_PENALTY_SCALE=1.0
53,1,5301,bestcfg_penalty_3t_3m_20260207_000001__wiki_2019t_053_r01,0,0.594210,0.491410,0.01,data/WikiCDN/wiki_2019t.oracleGeneral.zst,0.1,LOH_PARALLEL_SAFE=1 LOH_SKIP_PIP_INSTALL=1 LOH_SKIP_BUILD=1 LOH_DEBUG_LEVEL=1 CACHESIM_VERBOSE=0 CACHESIM_NUM_REQ=3000000 LOH_RL_ALGO=SAC LOH_ACTION_SCALE=1.0 LOH_SCORE_USE_COMPOUND=0 LOH_SCORE_USE_IRT=0 LOH_USE_SOFTMAX=1 LOH_USE_HEURISTIC_SIGNS=0 LOH_INCLUDE_HIT_MISS_FEATURES=0 LOH_INCLUDE_CACHE_FEATURES=0 LOH_INCLUDE_CANDIDATE_FEATURES=0 LOH_INCLUDE_TOPK_CANDIDATE_FEATURES=0 LOH_INCLUDE_AVGTOPK_CANDIDATE_FEATURES=0 LOH_INCLUDE_REQUEST=0 LOH_ENABLE_PENALTY=1 LOH_REWARD_USE_PENALTY=1 LOH_PENALTY_SCALE=survival LOH_PENALTY_REWARD_FORMULA=centered LOH_REWARD_W_PENALTY=1.0 LOH_PENALTY_CUTOFF=0 LOH_PENALTY_DMAX=400000 LOH_PENALTY_EMPTY_AS_GOOD=1 LOH_PENALTY_REFINE_ON_LATE=1 LOH_PENALTY_NO_EVICT_REWARD=keep LOH_PENALTY_BASELINE_DECAY=0.99 LOH_SURVIVAL_BINS=64 LOH_SURVIVAL_QUANTILE=0.99 LOH_SURVIVAL_MINCOUNT=1000 LOH_PENALTY_NET_GOOD_SCALE=1.0 LOH_PENALTY_NET_PENALTY_SCALE=1.0
54,1,5401,bestcfg_penalty_3t_3m_20260207_000001__wiki_2019t_054_r01,0,0.594450,0.490835,0.01,data/WikiCDN/wiki_2019t.oracleGeneral.zst,0.1,LOH_PARALLEL_SAFE=1 LOH_SKIP_PIP_INSTALL=1 LOH_SKIP_BUILD=1 LOH_DEBUG_LEVEL=1 CACHESIM_VERBOSE=0 CACHESIM_NUM_REQ=3000000 LOH_RL_ALGO=SAC LOH_ACTION_SCALE=1.0 LOH_SCORE_USE_COMPOUND=0 LOH_SCORE_USE_IRT=0 LOH_USE_SOFTMAX=1 LOH_USE_HEURISTIC_SIGNS=0 LOH_INCLUDE_HIT_MISS_FEATURES=0 LOH_INCLUDE_CACHE_FEATURES=0 LOH_INCLUDE_CANDIDATE_FEATURES=0 LOH_INCLUDE_TOPK_CANDIDATE_FEATURES=0 LOH_INCLUDE_AVGTOPK_CANDIDATE_FEATURES=0 LOH_INCLUDE_REQUEST=0 LOH_ENABLE_PENALTY=1 LOH_REWARD_USE_PENALTY=1 LOH_PENALTY_SCALE=survival LOH_PENALTY_REWARD_FORMULA=one_minus LOH_REWARD_W_PENALTY=0.1 LOH_PENALTY_CUTOFF=0 LOH_PENALTY_DMAX=400000 LOH_PENALTY_EMPTY_AS_GOOD=1 LOH_PENALTY_REFINE_ON_LATE=1 LOH_PENALTY_NO_EVICT_REWARD=keep LOH_PENALTY_BASELINE_DECAY=0.99 LOH_SURVIVAL_BINS=64 LOH_SURVIVAL_QUANTILE=0.99 LOH_SURVIVAL_MINCOUNT=1000 LOH_PENALTY_NET_GOOD_SCALE=1.0 LOH_PENALTY_NET_PENALTY_SCALE=1.0
55,1,5501,bestcfg_penalty_3t_3m_20260207_000001__wiki_2019t_055_r01,0,0.594467,0.491462,0.01,data/WikiCDN/wiki_2019t.oracleGeneral.zst,0.1,LOH_PARALLEL_SAFE=1 LOH_SKIP_PIP_INSTALL=1 LOH_SKIP_BUILD=1 LOH_DEBUG_LEVEL=1 CACHESIM_VERBOSE=0 CACHESIM_NUM_REQ=3000000 LOH_RL_ALGO=SAC LOH_ACTION_SCALE=1.0 LOH_SCORE_USE_COMPOUND=0 LOH_SCORE_USE_IRT=0 LOH_USE_SOFTMAX=1 LOH_USE_HEURISTIC_SIGNS=0 LOH_INCLUDE_HIT_MISS_FEATURES=0 LOH_INCLUDE_CACHE_FEATURES=0 LOH_INCLUDE_CANDIDATE_FEATURES=0 LOH_INCLUDE_TOPK_CANDIDATE_FEATURES=0 LOH_INCLUDE_AVGTOPK_CANDIDATE_FEATURES=0 LOH_INCLUDE_REQUEST=0 LOH_ENABLE_PENALTY=1 LOH_REWARD_USE_PENALTY=1 LOH_PENALTY_SCALE=survival LOH_PENALTY_REWARD_FORMULA=one_minus LOH_REWARD_W_PENALTY=0.2 LOH_PENALTY_CUTOFF=0 LOH_PENALTY_DMAX=400000 LOH_PENALTY_EMPTY_AS_GOOD=1 LOH_PENALTY_REFINE_ON_LATE=1 LOH_PENALTY_NO_EVICT_REWARD=keep LOH_PENALTY_BASELINE_DECAY=0.99 LOH_SURVIVAL_BINS=64 LOH_SURVIVAL_QUANTILE=0.99 LOH_SURVIVAL_MINCOUNT=1000 LOH_PENALTY_NET_GOOD_SCALE=1.0 LOH_PENALTY_NET_PENALTY_SCALE=1.0
56,1,5601,bestcfg_penalty_3t_3m_20260207_000001__wiki_2019t_056_r01,0,0.594363,0.491027,0.01,data/WikiCDN/wiki_2019t.oracleGeneral.zst,0.1,LOH_PARALLEL_SAFE=1 LOH_SKIP_PIP_INSTALL=1 LOH_SKIP_BUILD=1 LOH_DEBUG_LEVEL=1 CACHESIM_VERBOSE=0 CACHESIM_NUM_REQ=3000000 LOH_RL_ALGO=SAC LOH_ACTION_SCALE=1.0 LOH_SCORE_USE_COMPOUND=0 LOH_SCORE_USE_IRT=0 LOH_USE_SOFTMAX=1 LOH_USE_HEURISTIC_SIGNS=0 LOH_INCLUDE_HIT_MISS_FEATURES=0 LOH_INCLUDE_CACHE_FEATURES=0 LOH_INCLUDE_CANDIDATE_FEATURES=0 LOH_INCLUDE_TOPK_CANDIDATE_FEATURES=0 LOH_INCLUDE_AVGTOPK_CANDIDATE_FEATURES=0 LOH_INCLUDE_REQUEST=0 LOH_ENABLE_PENALTY=1 LOH_REWARD_USE_PENALTY=1 LOH_PENALTY_SCALE=survival LOH_PENALTY_REWARD_FORMULA=one_minus LOH_REWARD_W_PENALTY=0.5 LOH_PENALTY_CUTOFF=0 LOH_PENALTY_DMAX=400000 LOH_PENALTY_EMPTY_AS_GOOD=1 LOH_PENALTY_REFINE_ON_LATE=1 LOH_PENALTY_NO_EVICT_REWARD=keep LOH_PENALTY_BASELINE_DECAY=0.99 LOH_SURVIVAL_BINS=64 LOH_SURVIVAL_QUANTILE=0.99 LOH_SURVIVAL_MINCOUNT=1000 LOH_PENALTY_NET_GOOD_SCALE=1.0 LOH_PENALTY_NET_PENALTY_SCALE=1.0
57,1,5701,bestcfg_penalty_3t_3m_20260207_000001__wiki_2019t_057_r01,0,0.594464,0.490965,0.01,data/WikiCDN/wiki_2019t.oracleGeneral.zst,0.1,LOH_PARALLEL_SAFE=1 LOH_SKIP_PIP_INSTALL=1 LOH_SKIP_BUILD=1 LOH_DEBUG_LEVEL=1 CACHESIM_VERBOSE=0 CACHESIM_NUM_REQ=3000000 LOH_RL_ALGO=SAC LOH_ACTION_SCALE=1.0 LOH_SCORE_USE_COMPOUND=0 LOH_SCORE_USE_IRT=0 LOH_USE_SOFTMAX=1 LOH_USE_HEURISTIC_SIGNS=0 LOH_INCLUDE_HIT_MISS_FEATURES=0 LOH_INCLUDE_CACHE_FEATURES=0 LOH_INCLUDE_CANDIDATE_FEATURES=0 LOH_INCLUDE_TOPK_CANDIDATE_FEATURES=0 LOH_INCLUDE_AVGTOPK_CANDIDATE_FEATURES=0 LOH_INCLUDE_REQUEST=0 LOH_ENABLE_PENALTY=1 LOH_REWARD_USE_PENALTY=1 LOH_PENALTY_SCALE=survival LOH_PENALTY_REWARD_FORMULA=one_minus LOH_REWARD_W_PENALTY=1.0 LOH_PENALTY_CUTOFF=0 LOH_PENALTY_DMAX=400000 LOH_PENALTY_EMPTY_AS_GOOD=1 LOH_PENALTY_REFINE_ON_LATE=1 LOH_PENALTY_NO_EVICT_REWARD=keep LOH_PENALTY_BASELINE_DECAY=0.99 LOH_SURVIVAL_BINS=64 LOH_SURVIVAL_QUANTILE=0.99 LOH_SURVIVAL_MINCOUNT=1000 LOH_PENALTY_NET_GOOD_SCALE=1.0 LOH_PENALTY_NET_PENALTY_SCALE=1.0
58,1,5801,bestcfg_penalty_3t_3m_20260207_000001__wiki_2019t_058_r01,0,0.594288,0.491197,0.01,data/WikiCDN/wiki_2019t.oracleGeneral.zst,0.1,LOH_PARALLEL_SAFE=1 LOH_SKIP_PIP_INSTALL=1 LOH_SKIP_BUILD=1 LOH_DEBUG_LEVEL=1 CACHESIM_VERBOSE=0 CACHESIM_NUM_REQ=3000000 LOH_RL_ALGO=SAC LOH_ACTION_SCALE=1.0 LOH_SCORE_USE_COMPOUND=0 LOH_SCORE_USE_IRT=0 LOH_USE_SOFTMAX=1 LOH_USE_HEURISTIC_SIGNS=0 LOH_INCLUDE_HIT_MISS_FEATURES=0 LOH_INCLUDE_CACHE_FEATURES=0 LOH_INCLUDE_CANDIDATE_FEATURES=0 LOH_INCLUDE_TOPK_CANDIDATE_FEATURES=0 LOH_INCLUDE_AVGTOPK_CANDIDATE_FEATURES=0 LOH_INCLUDE_REQUEST=0 LOH_ENABLE_PENALTY=1 LOH_REWARD_USE_PENALTY=1 LOH_PENALTY_SCALE=survival LOH_PENALTY_REWARD_FORMULA=neg LOH_REWARD_W_PENALTY=0.1 LOH_PENALTY_CUTOFF=0 LOH_PENALTY_DMAX=400000 LOH_PENALTY_EMPTY_AS_GOOD=1 LOH_PENALTY_REFINE_ON_LATE=1 LOH_PENALTY_NO_EVICT_REWARD=keep LOH_PENALTY_BASELINE_DECAY=0.99 LOH_SURVIVAL_BINS=64 LOH_SURVIVAL_QUANTILE=0.99 LOH_SURVIVAL_MINCOUNT=1000 LOH_PENALTY_NET_GOOD_SCALE=1.0 LOH_PENALTY_NET_PENALTY_SCALE=1.0
59,1,5901,bestcfg_penalty_3t_3m_20260207_000001__wiki_2019t_059_r01,0,0.594412,0.490962,0.01,data/WikiCDN/wiki_2019t.oracleGeneral.zst,0.1,LOH_PARALLEL_SAFE=1 LOH_SKIP_PIP_INSTALL=1 LOH_SKIP_BUILD=1 LOH_DEBUG_LEVEL=1 CACHESIM_VERBOSE=0 CACHESIM_NUM_REQ=3000000 LOH_RL_ALGO=SAC LOH_ACTION_SCALE=1.0 LOH_SCORE_USE_COMPOUND=0 LOH_SCORE_USE_IRT=0 LOH_USE_SOFTMAX=1 LOH_USE_HEURISTIC_SIGNS=0 LOH_INCLUDE_HIT_MISS_FEATURES=0 LOH_INCLUDE_CACHE_FEATURES=0 LOH_INCLUDE_CANDIDATE_FEATURES=0 LOH_INCLUDE_TOPK_CANDIDATE_FEATURES=0 LOH_INCLUDE_AVGTOPK_CANDIDATE_FEATURES=0 LOH_INCLUDE_REQUEST=0 LOH_ENABLE_PENALTY=1 LOH_REWARD_USE_PENALTY=1 LOH_PENALTY_SCALE=survival LOH_PENALTY_REWARD_FORMULA=neg LOH_REWARD_W_PENALTY=0.2 LOH_PENALTY_CUTOFF=0 LOH_PENALTY_DMAX=400000 LOH_PENALTY_EMPTY_AS_GOOD=1 LOH_PENALTY_REFINE_ON_LATE=1 LOH_PENALTY_NO_EVICT_REWARD=keep LOH_PENALTY_BASELINE_DECAY=0.99 LOH_SURVIVAL_BINS=64 LOH_SURVIVAL_QUANTILE=0.99 LOH_SURVIVAL_MINCOUNT=1000 LOH_PENALTY_NET_GOOD_SCALE=1.0 LOH_PENALTY_NET_PENALTY_SCALE=1.0
60,1,6001,bestcfg_penalty_3t_3m_20260207_000001__wiki_2019t_060_r01,0,0.594378,0.490814,0.01,data/WikiCDN/wiki_2019t.oracleGeneral.zst,0.1,LOH_PARALLEL_SAFE=1 LOH_SKIP_PIP_INSTALL=1 LOH_SKIP_BUILD=1 LOH_DEBUG_LEVEL=1 CACHESIM_VERBOSE=0 CACHESIM_NUM_REQ=3000000 LOH_RL_ALGO=SAC LOH_ACTION_SCALE=1.0 LOH_SCORE_USE_COMPOUND=0 LOH_SCORE_USE_IRT=0 LOH_USE_SOFTMAX=1 LOH_USE_HEURISTIC_SIGNS=0 LOH_INCLUDE_HIT_MISS_FEATURES=0 LOH_INCLUDE_CACHE_FEATURES=0 LOH_INCLUDE_CANDIDATE_FEATURES=0 LOH_INCLUDE_TOPK_CANDIDATE_FEATURES=0 LOH_INCLUDE_AVGTOPK_CANDIDATE_FEATURES=0 LOH_INCLUDE_REQUEST=0 LOH_ENABLE_PENALTY=1 LOH_REWARD_USE_PENALTY=1 LOH_PENALTY_SCALE=survival LOH_PENALTY_REWARD_FORMULA=neg LOH_REWARD_W_PENALTY=0.5 LOH_PENALTY_CUTOFF=0 LOH_PENALTY_DMAX=400000 LOH_PENALTY_EMPTY_AS_GOOD=1 LOH_PENALTY_REFINE_ON_LATE=1 LOH_PENALTY_NO_EVICT_REWARD=keep LOH_PENALTY_BASELINE_DECAY=0.99 LOH_SURVIVAL_BINS=64 LOH_SURVIVAL_QUANTILE=0.99 LOH_SURVIVAL_MINCOUNT=1000 LOH_PENALTY_NET_GOOD_SCALE=1.0 LOH_PENALTY_NET_PENALTY_SCALE=1.0
61,1,6101,bestcfg_penalty_3t_3m_20260207_000001__wiki_2019t_061_r01,0,0.594453,0.491359,0.01,data/WikiCDN/wiki_2019t.oracleGeneral.zst,0.1,LOH_PARALLEL_SAFE=1 LOH_SKIP_PIP_INSTALL=1 LOH_SKIP_BUILD=1 LOH_DEBUG_LEVEL=1 CACHESIM_VERBOSE=0 CACHESIM_NUM_REQ=3000000 LOH_RL_ALGO=SAC LOH_ACTION_SCALE=1.0 LOH_SCORE_USE_COMPOUND=0 LOH_SCORE_USE_IRT=0 LOH_USE_SOFTMAX=1 LOH_USE_HEURISTIC_SIGNS=0 LOH_INCLUDE_HIT_MISS_FEATURES=0 LOH_INCLUDE_CACHE_FEATURES=0 LOH_INCLUDE_CANDIDATE_FEATURES=0 LOH_INCLUDE_TOPK_CANDIDATE_FEATURES=0 LOH_INCLUDE_AVGTOPK_CANDIDATE_FEATURES=0 LOH_INCLUDE_REQUEST=0 LOH_ENABLE_PENALTY=1 LOH_REWARD_USE_PENALTY=1 LOH_PENALTY_SCALE=survival LOH_PENALTY_REWARD_FORMULA=neg LOH_REWARD_W_PENALTY=1.0 LOH_PENALTY_CUTOFF=0 LOH_PENALTY_DMAX=400000 LOH_PENALTY_EMPTY_AS_GOOD=1 LOH_PENALTY_REFINE_ON_LATE=1 LOH_PENALTY_NO_EVICT_REWARD=keep LOH_PENALTY_BASELINE_DECAY=0.99 LOH_SURVIVAL_BINS=64 LOH_SURVIVAL_QUANTILE=0.99 LOH_SURVIVAL_MINCOUNT=1000 LOH_PENALTY_NET_GOOD_SCALE=1.0 LOH_PENALTY_NET_PENALTY_SCALE=1.0
62,1,6201,bestcfg_penalty_3t_3m_20260207_000001__wiki_2019t_062_r01,0,0.594232,0.491603,0.01,data/WikiCDN/wiki_2019t.oracleGeneral.zst,0.1,LOH_PARALLEL_SAFE=1 LOH_SKIP_PIP_INSTALL=1 LOH_SKIP_BUILD=1 LOH_DEBUG_LEVEL=1 CACHESIM_VERBOSE=0 CACHESIM_NUM_REQ=3000000 LOH_RL_ALGO=SAC LOH_ACTION_SCALE=1.0 LOH_SCORE_USE_COMPOUND=0 LOH_SCORE_USE_IRT=0 LOH_USE_SOFTMAX=1 LOH_USE_HEURISTIC_SIGNS=0 LOH_INCLUDE_HIT_MISS_FEATURES=0 LOH_INCLUDE_CACHE_FEATURES=0 LOH_INCLUDE_CANDIDATE_FEATURES=0 LOH_INCLUDE_TOPK_CANDIDATE_FEATURES=0 LOH_INCLUDE_AVGTOPK_CANDIDATE_FEATURES=0 LOH_INCLUDE_REQUEST=0 LOH_ENABLE_PENALTY=1 LOH_REWARD_USE_PENALTY=1 LOH_PENALTY_SCALE=survival LOH_PENALTY_REWARD_FORMULA=net LOH_REWARD_W_PENALTY=1.0 LOH_PENALTY_CUTOFF=0 LOH_PENALTY_DMAX=400000 LOH_PENALTY_EMPTY_AS_GOOD=1 LOH_PENALTY_REFINE_ON_LATE=1 LOH_PENALTY_NO_EVICT_REWARD=keep LOH_PENALTY_BASELINE_DECAY=0.99 LOH_SURVIVAL_BINS=64 LOH_SURVIVAL_QUANTILE=0.99 LOH_SURVIVAL_MINCOUNT=1000 LOH_PENALTY_NET_GOOD_SCALE=1.0 LOH_PENALTY_NET_PENALTY_SCALE=1.0
63,1,6301,bestcfg_penalty_3t_3m_20260207_000001__wiki_2019t_063_r01,0,0.594546,0.491046,0.01,data/WikiCDN/wiki_2019t.oracleGeneral.zst,0.1,LOH_PARALLEL_SAFE=1 LOH_SKIP_PIP_INSTALL=1 LOH_SKIP_BUILD=1 LOH_DEBUG_LEVEL=1 CACHESIM_VERBOSE=0 CACHESIM_NUM_REQ=3000000 LOH_RL_ALGO=SAC LOH_ACTION_SCALE=1.0 LOH_SCORE_USE_COMPOUND=0 LOH_SCORE_USE_IRT=0 LOH_USE_SOFTMAX=1 LOH_USE_HEURISTIC_SIGNS=0 LOH_INCLUDE_HIT_MISS_FEATURES=0 LOH_INCLUDE_CACHE_FEATURES=0 LOH_INCLUDE_CANDIDATE_FEATURES=0 LOH_INCLUDE_TOPK_CANDIDATE_FEATURES=0 LOH_INCLUDE_AVGTOPK_CANDIDATE_FEATURES=0 LOH_INCLUDE_REQUEST=0 LOH_ENABLE_PENALTY=1 LOH_REWARD_USE_PENALTY=1 LOH_PENALTY_SCALE=survival LOH_PENALTY_REWARD_FORMULA=net LOH_REWARD_W_PENALTY=2.0 LOH_PENALTY_CUTOFF=0 LOH_PENALTY_DMAX=400000 LOH_PENALTY_EMPTY_AS_GOOD=1 LOH_PENALTY_REFINE_ON_LATE=1 LOH_PENALTY_NO_EVICT_REWARD=keep LOH_PENALTY_BASELINE_DECAY=0.99 LOH_SURVIVAL_BINS=64 LOH_SURVIVAL_QUANTILE=0.99 LOH_SURVIVAL_MINCOUNT=1000 LOH_PENALTY_NET_GOOD_SCALE=1.0 LOH_PENALTY_NET_PENALTY_SCALE=1.0
64,1,6401,bestcfg_penalty_3t_3m_20260207_000001__wiki_2019t_064_r01,0,0.594425,0.491439,0.01,data/WikiCDN/wiki_2019t.oracleGeneral.zst,0.1,LOH_PARALLEL_SAFE=1 LOH_SKIP_PIP_INSTALL=1 LOH_SKIP_BUILD=1 LOH_DEBUG_LEVEL=1 CACHESIM_VERBOSE=0 CACHESIM_NUM_REQ=3000000 LOH_RL_ALGO=SAC LOH_ACTION_SCALE=1.0 LOH_SCORE_USE_COMPOUND=0 LOH_SCORE_USE_IRT=0 LOH_USE_SOFTMAX=1 LOH_USE_HEURISTIC_SIGNS=0 LOH_INCLUDE_HIT_MISS_FEATURES=0 LOH_INCLUDE_CACHE_FEATURES=0 LOH_INCLUDE_CANDIDATE_FEATURES=0 LOH_INCLUDE_TOPK_CANDIDATE_FEATURES=0 LOH_INCLUDE_AVGTOPK_CANDIDATE_FEATURES=0 LOH_INCLUDE_REQUEST=0 LOH_ENABLE_PENALTY=1 LOH_REWARD_USE_PENALTY=1 LOH_PENALTY_SCALE=survival LOH_PENALTY_REWARD_FORMULA=net LOH_REWARD_W_PENALTY=3.0 LOH_PENALTY_CUTOFF=0 LOH_PENALTY_DMAX=400000 LOH_PENALTY_EMPTY_AS_GOOD=1 LOH_PENALTY_REFINE_ON_LATE=1 LOH_PENALTY_NO_EVICT_REWARD=keep LOH_PENALTY_BASELINE_DECAY=0.99 LOH_SURVIVAL_BINS=64 LOH_SURVIVAL_QUANTILE=0.99 LOH_SURVIVAL_MINCOUNT=1000 LOH_PENALTY_NET_GOOD_SCALE=1.0 LOH_PENALTY_NET_PENALTY_SCALE=1.0
65,1,6501,bestcfg_penalty_3t_3m_20260207_000001__wiki_2019t_065_r01,0,0.594568,0.491210,0.01,data/WikiCDN/wiki_2019t.oracleGeneral.zst,0.1,LOH_PARALLEL_SAFE=1 LOH_SKIP_PIP_INSTALL=1 LOH_SKIP_BUILD=1 LOH_DEBUG_LEVEL=1 CACHESIM_VERBOSE=0 CACHESIM_NUM_REQ=3000000 LOH_RL_ALGO=SAC LOH_ACTION_SCALE=1.0 LOH_SCORE_USE_COMPOUND=0 LOH_SCORE_USE_IRT=0 LOH_USE_SOFTMAX=1 LOH_USE_HEURISTIC_SIGNS=0 LOH_INCLUDE_HIT_MISS_FEATURES=0 LOH_INCLUDE_CACHE_FEATURES=0 LOH_INCLUDE_CANDIDATE_FEATURES=0 LOH_INCLUDE_TOPK_CANDIDATE_FEATURES=0 LOH_INCLUDE_AVGTOPK_CANDIDATE_FEATURES=0 LOH_INCLUDE_REQUEST=0 LOH_ENABLE_PENALTY=1 LOH_REWARD_USE_PENALTY=1 LOH_PENALTY_SCALE=survival LOH_PENALTY_REWARD_FORMULA=net2 LOH_REWARD_W_PENALTY=1.0 LOH_PENALTY_CUTOFF=0 LOH_PENALTY_DMAX=400000 LOH_PENALTY_EMPTY_AS_GOOD=1 LOH_PENALTY_REFINE_ON_LATE=1 LOH_PENALTY_NO_EVICT_REWARD=keep LOH_PENALTY_BASELINE_DECAY=0.99 LOH_SURVIVAL_BINS=64 LOH_SURVIVAL_QUANTILE=0.99 LOH_SURVIVAL_MINCOUNT=1000 LOH_PENALTY_NET_GOOD_SCALE=1.0 LOH_PENALTY_NET_PENALTY_SCALE=1.0
66,1,6601,bestcfg_penalty_3t_3m_20260207_000001__wiki_2019t_066_r01,0,0.594272,0.490915,0.01,data/WikiCDN/wiki_2019t.oracleGeneral.zst,0.1,LOH_PARALLEL_SAFE=1 LOH_SKIP_PIP_INSTALL=1 LOH_SKIP_BUILD=1 LOH_DEBUG_LEVEL=1 CACHESIM_VERBOSE=0 CACHESIM_NUM_REQ=3000000 LOH_RL_ALGO=SAC LOH_ACTION_SCALE=1.0 LOH_SCORE_USE_COMPOUND=0 LOH_SCORE_USE_IRT=0 LOH_USE_SOFTMAX=1 LOH_USE_HEURISTIC_SIGNS=0 LOH_INCLUDE_HIT_MISS_FEATURES=0 LOH_INCLUDE_CACHE_FEATURES=0 LOH_INCLUDE_CANDIDATE_FEATURES=0 LOH_INCLUDE_TOPK_CANDIDATE_FEATURES=0 LOH_INCLUDE_AVGTOPK_CANDIDATE_FEATURES=0 LOH_INCLUDE_REQUEST=0 LOH_ENABLE_PENALTY=1 LOH_REWARD_USE_PENALTY=1 LOH_PENALTY_SCALE=survival LOH_PENALTY_REWARD_FORMULA=net2 LOH_REWARD_W_PENALTY=2.0 LOH_PENALTY_CUTOFF=0 LOH_PENALTY_DMAX=400000 LOH_PENALTY_EMPTY_AS_GOOD=1 LOH_PENALTY_REFINE_ON_LATE=1 LOH_PENALTY_NO_EVICT_REWARD=keep LOH_PENALTY_BASELINE_DECAY=0.99 LOH_SURVIVAL_BINS=64 LOH_SURVIVAL_QUANTILE=0.99 LOH_SURVIVAL_MINCOUNT=1000 LOH_PENALTY_NET_GOOD_SCALE=1.0 LOH_PENALTY_NET_PENALTY_SCALE=1.0
67,1,6701,bestcfg_penalty_3t_3m_20260207_000001__wiki_2019t_067_r01,0,0.594355,0.491144,0.01,data/WikiCDN/wiki_2019t.oracleGeneral.zst,0.1,LOH_PARALLEL_SAFE=1 LOH_SKIP_PIP_INSTALL=1 LOH_SKIP_BUILD=1 LOH_DEBUG_LEVEL=1 CACHESIM_VERBOSE=0 CACHESIM_NUM_REQ=3000000 LOH_RL_ALGO=SAC LOH_ACTION_SCALE=1.0 LOH_SCORE_USE_COMPOUND=0 LOH_SCORE_USE_IRT=0 LOH_USE_SOFTMAX=1 LOH_USE_HEURISTIC_SIGNS=0 LOH_INCLUDE_HIT_MISS_FEATURES=0 LOH_INCLUDE_CACHE_FEATURES=0 LOH_INCLUDE_CANDIDATE_FEATURES=0 LOH_INCLUDE_TOPK_CANDIDATE_FEATURES=0 LOH_INCLUDE_AVGTOPK_CANDIDATE_FEATURES=0 LOH_INCLUDE_REQUEST=0 LOH_ENABLE_PENALTY=1 LOH_REWARD_USE_PENALTY=1 LOH_PENALTY_SCALE=survival LOH_PENALTY_REWARD_FORMULA=net2 LOH_REWARD_W_PENALTY=3.0 LOH_PENALTY_CUTOFF=0 LOH_PENALTY_DMAX=400000 LOH_PENALTY_EMPTY_AS_GOOD=1 LOH_PENALTY_REFINE_ON_LATE=1 LOH_PENALTY_NO_EVICT_REWARD=keep LOH_PENALTY_BASELINE_DECAY=0.99 LOH_SURVIVAL_BINS=64 LOH_SURVIVAL_QUANTILE=0.99 LOH_SURVIVAL_MINCOUNT=1000 LOH_PENALTY_NET_GOOD_SCALE=1.0 LOH_PENALTY_NET_PENALTY_SCALE=1.0
68,1,6801,bestcfg_penalty_3t_3m_20260207_000001__wiki_2019t_068_r01,0,0.594402,0.491024,0.01,data/WikiCDN/wiki_2019t.oracleGeneral.zst,0.1,LOH_PARALLEL_SAFE=1 LOH_SKIP_PIP_INSTALL=1 LOH_SKIP_BUILD=1 LOH_DEBUG_LEVEL=1 CACHESIM_VERBOSE=0 CACHESIM_NUM_REQ=3000000 LOH_RL_ALGO=SAC LOH_ACTION_SCALE=1.0 LOH_SCORE_USE_COMPOUND=0 LOH_SCORE_USE_IRT=0 LOH_USE_SOFTMAX=1 LOH_USE_HEURISTIC_SIGNS=0 LOH_INCLUDE_HIT_MISS_FEATURES=0 LOH_INCLUDE_CACHE_FEATURES=0 LOH_INCLUDE_CANDIDATE_FEATURES=0 LOH_INCLUDE_TOPK_CANDIDATE_FEATURES=0 LOH_INCLUDE_AVGTOPK_CANDIDATE_FEATURES=0 LOH_INCLUDE_REQUEST=0 LOH_ENABLE_PENALTY=1 LOH_REWARD_USE_PENALTY=1 LOH_PENALTY_SCALE=binary LOH_PENALTY_REWARD_FORMULA=relative LOH_REWARD_W_PENALTY=0.1 LOH_PENALTY_CUTOFF=0 LOH_PENALTY_DMAX=400000 LOH_PENALTY_EMPTY_AS_GOOD=1 LOH_PENALTY_REFINE_ON_LATE=1 LOH_PENALTY_NO_EVICT_REWARD=keep LOH_PENALTY_BASELINE_DECAY=0.99 LOH_SURVIVAL_BINS=64 LOH_SURVIVAL_QUANTILE=0.99 LOH_SURVIVAL_MINCOUNT=1000 LOH_PENALTY_NET_GOOD_SCALE=1.0 LOH_PENALTY_NET_PENALTY_SCALE=1.0
69,1,6901,bestcfg_penalty_3t_3m_20260207_000001__wiki_2019t_069_r01,0,0.594309,0.490934,0.01,data/WikiCDN/wiki_2019t.oracleGeneral.zst,0.1,LOH_PARALLEL_SAFE=1 LOH_SKIP_PIP_INSTALL=1 LOH_SKIP_BUILD=1 LOH_DEBUG_LEVEL=1 CACHESIM_VERBOSE=0 CACHESIM_NUM_REQ=3000000 LOH_RL_ALGO=SAC LOH_ACTION_SCALE=1.0 LOH_SCORE_USE_COMPOUND=0 LOH_SCORE_USE_IRT=0 LOH_USE_SOFTMAX=1 LOH_USE_HEURISTIC_SIGNS=0 LOH_INCLUDE_HIT_MISS_FEATURES=0 LOH_INCLUDE_CACHE_FEATURES=0 LOH_INCLUDE_CANDIDATE_FEATURES=0 LOH_INCLUDE_TOPK_CANDIDATE_FEATURES=0 LOH_INCLUDE_AVGTOPK_CANDIDATE_FEATURES=0 LOH_INCLUDE_REQUEST=0 LOH_ENABLE_PENALTY=1 LOH_REWARD_USE_PENALTY=1 LOH_PENALTY_SCALE=binary LOH_PENALTY_REWARD_FORMULA=relative LOH_REWARD_W_PENALTY=0.2 LOH_PENALTY_CUTOFF=0 LOH_PENALTY_DMAX=400000 LOH_PENALTY_EMPTY_AS_GOOD=1 LOH_PENALTY_REFINE_ON_LATE=1 LOH_PENALTY_NO_EVICT_REWARD=keep LOH_PENALTY_BASELINE_DECAY=0.99 LOH_SURVIVAL_BINS=64 LOH_SURVIVAL_QUANTILE=0.99 LOH_SURVIVAL_MINCOUNT=1000 LOH_PENALTY_NET_GOOD_SCALE=1.0 LOH_PENALTY_NET_PENALTY_SCALE=1.0
70,1,7001,bestcfg_penalty_3t_3m_20260207_000001__wiki_2019t_070_r01,0,0.594123,0.491045,0.01,data/WikiCDN/wiki_2019t.oracleGeneral.zst,0.1,LOH_PARALLEL_SAFE=1 LOH_SKIP_PIP_INSTALL=1 LOH_SKIP_BUILD=1 LOH_DEBUG_LEVEL=1 CACHESIM_VERBOSE=0 CACHESIM_NUM_REQ=3000000 LOH_RL_ALGO=SAC LOH_ACTION_SCALE=1.0 LOH_SCORE_USE_COMPOUND=0 LOH_SCORE_USE_IRT=0 LOH_USE_SOFTMAX=1 LOH_USE_HEURISTIC_SIGNS=0 LOH_INCLUDE_HIT_MISS_FEATURES=0 LOH_INCLUDE_CACHE_FEATURES=0 LOH_INCLUDE_CANDIDATE_FEATURES=0 LOH_INCLUDE_TOPK_CANDIDATE_FEATURES=0 LOH_INCLUDE_AVGTOPK_CANDIDATE_FEATURES=0 LOH_INCLUDE_REQUEST=0 LOH_ENABLE_PENALTY=1 LOH_REWARD_USE_PENALTY=1 LOH_PENALTY_SCALE=binary LOH_PENALTY_REWARD_FORMULA=relative LOH_REWARD_W_PENALTY=0.5 LOH_PENALTY_CUTOFF=0 LOH_PENALTY_DMAX=400000 LOH_PENALTY_EMPTY_AS_GOOD=1 LOH_PENALTY_REFINE_ON_LATE=1 LOH_PENALTY_NO_EVICT_REWARD=keep LOH_PENALTY_BASELINE_DECAY=0.99 LOH_SURVIVAL_BINS=64 LOH_SURVIVAL_QUANTILE=0.99 LOH_SURVIVAL_MINCOUNT=1000 LOH_PENALTY_NET_GOOD_SCALE=1.0 LOH_PENALTY_NET_PENALTY_SCALE=1.0
71,1,7101,bestcfg_penalty_3t_3m_20260207_000001__wiki_2019t_071_r01,0,0.594391,0.490613,0.01,data/WikiCDN/wiki_2019t.oracleGeneral.zst,0.1,LOH_PARALLEL_SAFE=1 LOH_SKIP_PIP_INSTALL=1 LOH_SKIP_BUILD=1 LOH_DEBUG_LEVEL=1 CACHESIM_VERBOSE=0 CACHESIM_NUM_REQ=3000000 LOH_RL_ALGO=SAC LOH_ACTION_SCALE=1.0 LOH_SCORE_USE_COMPOUND=0 LOH_SCORE_USE_IRT=0 LOH_USE_SOFTMAX=1 LOH_USE_HEURISTIC_SIGNS=0 LOH_INCLUDE_HIT_MISS_FEATURES=0 LOH_INCLUDE_CACHE_FEATURES=0 LOH_INCLUDE_CANDIDATE_FEATURES=0 LOH_INCLUDE_TOPK_CANDIDATE_FEATURES=0 LOH_INCLUDE_AVGTOPK_CANDIDATE_FEATURES=0 LOH_INCLUDE_REQUEST=0 LOH_ENABLE_PENALTY=1 LOH_REWARD_USE_PENALTY=1 LOH_PENALTY_SCALE=binary LOH_PENALTY_REWARD_FORMULA=relative LOH_REWARD_W_PENALTY=1.0 LOH_PENALTY_CUTOFF=0 LOH_PENALTY_DMAX=400000 LOH_PENALTY_EMPTY_AS_GOOD=1 LOH_PENALTY_REFINE_ON_LATE=1 LOH_PENALTY_NO_EVICT_REWARD=keep LOH_PENALTY_BASELINE_DECAY=0.99 LOH_SURVIVAL_BINS=64 LOH_SURVIVAL_QUANTILE=0.99 LOH_SURVIVAL_MINCOUNT=1000 LOH_PENALTY_NET_GOOD_SCALE=1.0 LOH_PENALTY_NET_PENALTY_SCALE=1.0
72,1,7201,bestcfg_penalty_3t_3m_20260207_000001__wiki_2019t_072_r01,0,0.594439,0.491330,0.01,data/WikiCDN/wiki_2019t.oracleGeneral.zst,0.1,LOH_PARALLEL_SAFE=1 LOH_SKIP_PIP_INSTALL=1 LOH_SKIP_BUILD=1 LOH_DEBUG_LEVEL=1 CACHESIM_VERBOSE=0 CACHESIM_NUM_REQ=3000000 LOH_RL_ALGO=SAC LOH_ACTION_SCALE=1.0 LOH_SCORE_USE_COMPOUND=0 LOH_SCORE_USE_IRT=0 LOH_USE_SOFTMAX=1 LOH_USE_HEURISTIC_SIGNS=0 LOH_INCLUDE_HIT_MISS_FEATURES=0 LOH_INCLUDE_CACHE_FEATURES=0 LOH_INCLUDE_CANDIDATE_FEATURES=0 LOH_INCLUDE_TOPK_CANDIDATE_FEATURES=0 LOH_INCLUDE_AVGTOPK_CANDIDATE_FEATURES=0 LOH_INCLUDE_REQUEST=0 LOH_ENABLE_PENALTY=1 LOH_REWARD_USE_PENALTY=1 LOH_PENALTY_SCALE=binary LOH_PENALTY_REWARD_FORMULA=centered LOH_REWARD_W_PENALTY=0.1 LOH_PENALTY_CUTOFF=0 LOH_PENALTY_DMAX=400000 LOH_PENALTY_EMPTY_AS_GOOD=1 LOH_PENALTY_REFINE_ON_LATE=1 LOH_PENALTY_NO_EVICT_REWARD=keep LOH_PENALTY_BASELINE_DECAY=0.99 LOH_SURVIVAL_BINS=64 LOH_SURVIVAL_QUANTILE=0.99 LOH_SURVIVAL_MINCOUNT=1000 LOH_PENALTY_NET_GOOD_SCALE=1.0 LOH_PENALTY_NET_PENALTY_SCALE=1.0
73,1,7301,bestcfg_penalty_3t_3m_20260207_000001__wiki_2019t_073_r01,0,0.594199,0.491569,0.01,data/WikiCDN/wiki_2019t.oracleGeneral.zst,0.1,LOH_PARALLEL_SAFE=1 LOH_SKIP_PIP_INSTALL=1 LOH_SKIP_BUILD=1 LOH_DEBUG_LEVEL=1 CACHESIM_VERBOSE=0 CACHESIM_NUM_REQ=3000000 LOH_RL_ALGO=SAC LOH_ACTION_SCALE=1.0 LOH_SCORE_USE_COMPOUND=0 LOH_SCORE_USE_IRT=0 LOH_USE_SOFTMAX=1 LOH_USE_HEURISTIC_SIGNS=0 LOH_INCLUDE_HIT_MISS_FEATURES=0 LOH_INCLUDE_CACHE_FEATURES=0 LOH_INCLUDE_CANDIDATE_FEATURES=0 LOH_INCLUDE_TOPK_CANDIDATE_FEATURES=0 LOH_INCLUDE_AVGTOPK_CANDIDATE_FEATURES=0 LOH_INCLUDE_REQUEST=0 LOH_ENABLE_PENALTY=1 LOH_REWARD_USE_PENALTY=1 LOH_PENALTY_SCALE=binary LOH_PENALTY_REWARD_FORMULA=centered LOH_REWARD_W_PENALTY=0.2 LOH_PENALTY_CUTOFF=0 LOH_PENALTY_DMAX=400000 LOH_PENALTY_EMPTY_AS_GOOD=1 LOH_PENALTY_REFINE_ON_LATE=1 LOH_PENALTY_NO_EVICT_REWARD=keep LOH_PENALTY_BASELINE_DECAY=0.99 LOH_SURVIVAL_BINS=64 LOH_SURVIVAL_QUANTILE=0.99 LOH_SURVIVAL_MINCOUNT=1000 LOH_PENALTY_NET_GOOD_SCALE=1.0 LOH_PENALTY_NET_PENALTY_SCALE=1.0
74,1,7401,bestcfg_penalty_3t_3m_20260207_000001__wiki_2019t_074_r01,0,0.594412,0.491277,0.01,data/WikiCDN/wiki_2019t.oracleGeneral.zst,0.1,LOH_PARALLEL_SAFE=1 LOH_SKIP_PIP_INSTALL=1 LOH_SKIP_BUILD=1 LOH_DEBUG_LEVEL=1 CACHESIM_VERBOSE=0 CACHESIM_NUM_REQ=3000000 LOH_RL_ALGO=SAC LOH_ACTION_SCALE=1.0 LOH_SCORE_USE_COMPOUND=0 LOH_SCORE_USE_IRT=0 LOH_USE_SOFTMAX=1 LOH_USE_HEURISTIC_SIGNS=0 LOH_INCLUDE_HIT_MISS_FEATURES=0 LOH_INCLUDE_CACHE_FEATURES=0 LOH_INCLUDE_CANDIDATE_FEATURES=0 LOH_INCLUDE_TOPK_CANDIDATE_FEATURES=0 LOH_INCLUDE_AVGTOPK_CANDIDATE_FEATURES=0 LOH_INCLUDE_REQUEST=0 LOH_ENABLE_PENALTY=1 LOH_REWARD_USE_PENALTY=1 LOH_PENALTY_SCALE=binary LOH_PENALTY_REWARD_FORMULA=centered LOH_REWARD_W_PENALTY=0.5 LOH_PENALTY_CUTOFF=0 LOH_PENALTY_DMAX=400000 LOH_PENALTY_EMPTY_AS_GOOD=1 LOH_PENALTY_REFINE_ON_LATE=1 LOH_PENALTY_NO_EVICT_REWARD=keep LOH_PENALTY_BASELINE_DECAY=0.99 LOH_SURVIVAL_BINS=64 LOH_SURVIVAL_QUANTILE=0.99 LOH_SURVIVAL_MINCOUNT=1000 LOH_PENALTY_NET_GOOD_SCALE=1.0 LOH_PENALTY_NET_PENALTY_SCALE=1.0
75,1,7501,bestcfg_penalty_3t_3m_20260207_000001__wiki_2019t_075_r01,0,0.594302,0.491024,0.01,data/WikiCDN/wiki_2019t.oracleGeneral.zst,0.1,LOH_PARALLEL_SAFE=1 LOH_SKIP_PIP_INSTALL=1 LOH_SKIP_BUILD=1 LOH_DEBUG_LEVEL=1 CACHESIM_VERBOSE=0 CACHESIM_NUM_REQ=3000000 LOH_RL_ALGO=SAC LOH_ACTION_SCALE=1.0 LOH_SCORE_USE_COMPOUND=0 LOH_SCORE_USE_IRT=0 LOH_USE_SOFTMAX=1 LOH_USE_HEURISTIC_SIGNS=0 LOH_INCLUDE_HIT_MISS_FEATURES=0 LOH_INCLUDE_CACHE_FEATURES=0 LOH_INCLUDE_CANDIDATE_FEATURES=0 LOH_INCLUDE_TOPK_CANDIDATE_FEATURES=0 LOH_INCLUDE_AVGTOPK_CANDIDATE_FEATURES=0 LOH_INCLUDE_REQUEST=0 LOH_ENABLE_PENALTY=1 LOH_REWARD_USE_PENALTY=1 LOH_PENALTY_SCALE=binary LOH_PENALTY_REWARD_FORMULA=centered LOH_REWARD_W_PENALTY=1.0 LOH_PENALTY_CUTOFF=0 LOH_PENALTY_DMAX=400000 LOH_PENALTY_EMPTY_AS_GOOD=1 LOH_PENALTY_REFINE_ON_LATE=1 LOH_PENALTY_NO_EVICT_REWARD=keep LOH_PENALTY_BASELINE_DECAY=0.99 LOH_SURVIVAL_BINS=64 LOH_SURVIVAL_QUANTILE=0.99 LOH_SURVIVAL_MINCOUNT=1000 LOH_PENALTY_NET_GOOD_SCALE=1.0 LOH_PENALTY_NET_PENALTY_SCALE=1.0
76,1,7601,bestcfg_penalty_3t_3m_20260207_000001__wiki_2019t_076_r01,0,0.594407,0.490648,0.01,data/WikiCDN/wiki_2019t.oracleGeneral.zst,0.1,LOH_PARALLEL_SAFE=1 LOH_SKIP_PIP_INSTALL=1 LOH_SKIP_BUILD=1 LOH_DEBUG_LEVEL=1 CACHESIM_VERBOSE=0 CACHESIM_NUM_REQ=3000000 LOH_RL_ALGO=SAC LOH_ACTION_SCALE=1.0 LOH_SCORE_USE_COMPOUND=0 LOH_SCORE_USE_IRT=0 LOH_USE_SOFTMAX=1 LOH_USE_HEURISTIC_SIGNS=0 LOH_INCLUDE_HIT_MISS_FEATURES=0 LOH_INCLUDE_CACHE_FEATURES=0 LOH_INCLUDE_CANDIDATE_FEATURES=0 LOH_INCLUDE_TOPK_CANDIDATE_FEATURES=0 LOH_INCLUDE_AVGTOPK_CANDIDATE_FEATURES=0 LOH_INCLUDE_REQUEST=0 LOH_ENABLE_PENALTY=1 LOH_REWARD_USE_PENALTY=1 LOH_PENALTY_SCALE=binary LOH_PENALTY_REWARD_FORMULA=one_minus LOH_REWARD_W_PENALTY=0.1 LOH_PENALTY_CUTOFF=0 LOH_PENALTY_DMAX=400000 LOH_PENALTY_EMPTY_AS_GOOD=1 LOH_PENALTY_REFINE_ON_LATE=1 LOH_PENALTY_NO_EVICT_REWARD=keep LOH_PENALTY_BASELINE_DECAY=0.99 LOH_SURVIVAL_BINS=64 LOH_SURVIVAL_QUANTILE=0.99 LOH_SURVIVAL_MINCOUNT=1000 LOH_PENALTY_NET_GOOD_SCALE=1.0 LOH_PENALTY_NET_PENALTY_SCALE=1.0
77,1,7701,bestcfg_penalty_3t_3m_20260207_000001__wiki_2019t_077_r01,0,0.594406,0.491156,0.01,data/WikiCDN/wiki_2019t.oracleGeneral.zst,0.1,LOH_PARALLEL_SAFE=1 LOH_SKIP_PIP_INSTALL=1 LOH_SKIP_BUILD=1 LOH_DEBUG_LEVEL=1 CACHESIM_VERBOSE=0 CACHESIM_NUM_REQ=3000000 LOH_RL_ALGO=SAC LOH_ACTION_SCALE=1.0 LOH_SCORE_USE_COMPOUND=0 LOH_SCORE_USE_IRT=0 LOH_USE_SOFTMAX=1 LOH_USE_HEURISTIC_SIGNS=0 LOH_INCLUDE_HIT_MISS_FEATURES=0 LOH_INCLUDE_CACHE_FEATURES=0 LOH_INCLUDE_CANDIDATE_FEATURES=0 LOH_INCLUDE_TOPK_CANDIDATE_FEATURES=0 LOH_INCLUDE_AVGTOPK_CANDIDATE_FEATURES=0 LOH_INCLUDE_REQUEST=0 LOH_ENABLE_PENALTY=1 LOH_REWARD_USE_PENALTY=1 LOH_PENALTY_SCALE=binary LOH_PENALTY_REWARD_FORMULA=one_minus LOH_REWARD_W_PENALTY=0.2 LOH_PENALTY_CUTOFF=0 LOH_PENALTY_DMAX=400000 LOH_PENALTY_EMPTY_AS_GOOD=1 LOH_PENALTY_REFINE_ON_LATE=1 LOH_PENALTY_NO_EVICT_REWARD=keep LOH_PENALTY_BASELINE_DECAY=0.99 LOH_SURVIVAL_BINS=64 LOH_SURVIVAL_QUANTILE=0.99 LOH_SURVIVAL_MINCOUNT=1000 LOH_PENALTY_NET_GOOD_SCALE=1.0 LOH_PENALTY_NET_PENALTY_SCALE=1.0
78,1,7801,bestcfg_penalty_3t_3m_20260207_000001__wiki_2019t_078_r01,0,0.594606,0.491183,0.01,data/WikiCDN/wiki_2019t.oracleGeneral.zst,0.1,LOH_PARALLEL_SAFE=1 LOH_SKIP_PIP_INSTALL=1 LOH_SKIP_BUILD=1 LOH_DEBUG_LEVEL=1 CACHESIM_VERBOSE=0 CACHESIM_NUM_REQ=3000000 LOH_RL_ALGO=SAC LOH_ACTION_SCALE=1.0 LOH_SCORE_USE_COMPOUND=0 LOH_SCORE_USE_IRT=0 LOH_USE_SOFTMAX=1 LOH_USE_HEURISTIC_SIGNS=0 LOH_INCLUDE_HIT_MISS_FEATURES=0 LOH_INCLUDE_CACHE_FEATURES=0 LOH_INCLUDE_CANDIDATE_FEATURES=0 LOH_INCLUDE_TOPK_CANDIDATE_FEATURES=0 LOH_INCLUDE_AVGTOPK_CANDIDATE_FEATURES=0 LOH_INCLUDE_REQUEST=0 LOH_ENABLE_PENALTY=1 LOH_REWARD_USE_PENALTY=1 LOH_PENALTY_SCALE=binary LOH_PENALTY_REWARD_FORMULA=one_minus LOH_REWARD_W_PENALTY=0.5 LOH_PENALTY_CUTOFF=0 LOH_PENALTY_DMAX=400000 LOH_PENALTY_EMPTY_AS_GOOD=1 LOH_PENALTY_REFINE_ON_LATE=1 LOH_PENALTY_NO_EVICT_REWARD=keep LOH_PENALTY_BASELINE_DECAY=0.99 LOH_SURVIVAL_BINS=64 LOH_SURVIVAL_QUANTILE=0.99 LOH_SURVIVAL_MINCOUNT=1000 LOH_PENALTY_NET_GOOD_SCALE=1.0 LOH_PENALTY_NET_PENALTY_SCALE=1.0
79,1,7901,bestcfg_penalty_3t_3m_20260207_000001__wiki_2019t_079_r01,0,0.594475,0.491179,0.01,data/WikiCDN/wiki_2019t.oracleGeneral.zst,0.1,LOH_PARALLEL_SAFE=1 LOH_SKIP_PIP_INSTALL=1 LOH_SKIP_BUILD=1 LOH_DEBUG_LEVEL=1 CACHESIM_VERBOSE=0 CACHESIM_NUM_REQ=3000000 LOH_RL_ALGO=SAC LOH_ACTION_SCALE=1.0 LOH_SCORE_USE_COMPOUND=0 LOH_SCORE_USE_IRT=0 LOH_USE_SOFTMAX=1 LOH_USE_HEURISTIC_SIGNS=0 LOH_INCLUDE_HIT_MISS_FEATURES=0 LOH_INCLUDE_CACHE_FEATURES=0 LOH_INCLUDE_CANDIDATE_FEATURES=0 LOH_INCLUDE_TOPK_CANDIDATE_FEATURES=0 LOH_INCLUDE_AVGTOPK_CANDIDATE_FEATURES=0 LOH_INCLUDE_REQUEST=0 LOH_ENABLE_PENALTY=1 LOH_REWARD_USE_PENALTY=1 LOH_PENALTY_SCALE=binary LOH_PENALTY_REWARD_FORMULA=one_minus LOH_REWARD_W_PENALTY=1.0 LOH_PENALTY_CUTOFF=0 LOH_PENALTY_DMAX=400000 LOH_PENALTY_EMPTY_AS_GOOD=1 LOH_PENALTY_REFINE_ON_LATE=1 LOH_PENALTY_NO_EVICT_REWARD=keep LOH_PENALTY_BASELINE_DECAY=0.99 LOH_SURVIVAL_BINS=64 LOH_SURVIVAL_QUANTILE=0.99 LOH_SURVIVAL_MINCOUNT=1000 LOH_PENALTY_NET_GOOD_SCALE=1.0 LOH_PENALTY_NET_PENALTY_SCALE=1.0
80,1,8001,bestcfg_penalty_3t_3m_20260207_000001__wiki_2019t_080_r01,0,0.594198,0.491065,0.01,data/WikiCDN/wiki_2019t.oracleGeneral.zst,0.1,LOH_PARALLEL_SAFE=1 LOH_SKIP_PIP_INSTALL=1 LOH_SKIP_BUILD=1 LOH_DEBUG_LEVEL=1 CACHESIM_VERBOSE=0 CACHESIM_NUM_REQ=3000000 LOH_RL_ALGO=SAC LOH_ACTION_SCALE=1.0 LOH_SCORE_USE_COMPOUND=0 LOH_SCORE_USE_IRT=0 LOH_USE_SOFTMAX=1 LOH_USE_HEURISTIC_SIGNS=0 LOH_INCLUDE_HIT_MISS_FEATURES=0 LOH_INCLUDE_CACHE_FEATURES=0 LOH_INCLUDE_CANDIDATE_FEATURES=0 LOH_INCLUDE_TOPK_CANDIDATE_FEATURES=0 LOH_INCLUDE_AVGTOPK_CANDIDATE_FEATURES=0 LOH_INCLUDE_REQUEST=0 LOH_ENABLE_PENALTY=1 LOH_REWARD_USE_PENALTY=1 LOH_PENALTY_SCALE=binary LOH_PENALTY_REWARD_FORMULA=neg LOH_REWARD_W_PENALTY=0.1 LOH_PENALTY_CUTOFF=0 LOH_PENALTY_DMAX=400000 LOH_PENALTY_EMPTY_AS_GOOD=1 LOH_PENALTY_REFINE_ON_LATE=1 LOH_PENALTY_NO_EVICT_REWARD=keep LOH_PENALTY_BASELINE_DECAY=0.99 LOH_SURVIVAL_BINS=64 LOH_SURVIVAL_QUANTILE=0.99 LOH_SURVIVAL_MINCOUNT=1000 LOH_PENALTY_NET_GOOD_SCALE=1.0 LOH_PENALTY_NET_PENALTY_SCALE=1.0
81,1,8101,bestcfg_penalty_3t_3m_20260207_000001__wiki_2019t_081_r01,0,0.594413,0.491166,0.01,data/WikiCDN/wiki_2019t.oracleGeneral.zst,0.1,LOH_PARALLEL_SAFE=1 LOH_SKIP_PIP_INSTALL=1 LOH_SKIP_BUILD=1 LOH_DEBUG_LEVEL=1 CACHESIM_VERBOSE=0 CACHESIM_NUM_REQ=3000000 LOH_RL_ALGO=SAC LOH_ACTION_SCALE=1.0 LOH_SCORE_USE_COMPOUND=0 LOH_SCORE_USE_IRT=0 LOH_USE_SOFTMAX=1 LOH_USE_HEURISTIC_SIGNS=0 LOH_INCLUDE_HIT_MISS_FEATURES=0 LOH_INCLUDE_CACHE_FEATURES=0 LOH_INCLUDE_CANDIDATE_FEATURES=0 LOH_INCLUDE_TOPK_CANDIDATE_FEATURES=0 LOH_INCLUDE_AVGTOPK_CANDIDATE_FEATURES=0 LOH_INCLUDE_REQUEST=0 LOH_ENABLE_PENALTY=1 LOH_REWARD_USE_PENALTY=1 LOH_PENALTY_SCALE=binary LOH_PENALTY_REWARD_FORMULA=neg LOH_REWARD_W_PENALTY=0.2 LOH_PENALTY_CUTOFF=0 LOH_PENALTY_DMAX=400000 LOH_PENALTY_EMPTY_AS_GOOD=1 LOH_PENALTY_REFINE_ON_LATE=1 LOH_PENALTY_NO_EVICT_REWARD=keep LOH_PENALTY_BASELINE_DECAY=0.99 LOH_SURVIVAL_BINS=64 LOH_SURVIVAL_QUANTILE=0.99 LOH_SURVIVAL_MINCOUNT=1000 LOH_PENALTY_NET_GOOD_SCALE=1.0 LOH_PENALTY_NET_PENALTY_SCALE=1.0
82,1,8201,bestcfg_penalty_3t_3m_20260207_000001__wiki_2019t_082_r01,0,0.594307,0.491179,0.01,data/WikiCDN/wiki_2019t.oracleGeneral.zst,0.1,LOH_PARALLEL_SAFE=1 LOH_SKIP_PIP_INSTALL=1 LOH_SKIP_BUILD=1 LOH_DEBUG_LEVEL=1 CACHESIM_VERBOSE=0 CACHESIM_NUM_REQ=3000000 LOH_RL_ALGO=SAC LOH_ACTION_SCALE=1.0 LOH_SCORE_USE_COMPOUND=0 LOH_SCORE_USE_IRT=0 LOH_USE_SOFTMAX=1 LOH_USE_HEURISTIC_SIGNS=0 LOH_INCLUDE_HIT_MISS_FEATURES=0 LOH_INCLUDE_CACHE_FEATURES=0 LOH_INCLUDE_CANDIDATE_FEATURES=0 LOH_INCLUDE_TOPK_CANDIDATE_FEATURES=0 LOH_INCLUDE_AVGTOPK_CANDIDATE_FEATURES=0 LOH_INCLUDE_REQUEST=0 LOH_ENABLE_PENALTY=1 LOH_REWARD_USE_PENALTY=1 LOH_PENALTY_SCALE=binary LOH_PENALTY_REWARD_FORMULA=neg LOH_REWARD_W_PENALTY=0.5 LOH_PENALTY_CUTOFF=0 LOH_PENALTY_DMAX=400000 LOH_PENALTY_EMPTY_AS_GOOD=1 LOH_PENALTY_REFINE_ON_LATE=1 LOH_PENALTY_NO_EVICT_REWARD=keep LOH_PENALTY_BASELINE_DECAY=0.99 LOH_SURVIVAL_BINS=64 LOH_SURVIVAL_QUANTILE=0.99 LOH_SURVIVAL_MINCOUNT=1000 LOH_PENALTY_NET_GOOD_SCALE=1.0 LOH_PENALTY_NET_PENALTY_SCALE=1.0
83,1,8301,bestcfg_penalty_3t_3m_20260207_000001__wiki_2019t_083_r01,0,0.594470,0.491226,0.01,data/WikiCDN/wiki_2019t.oracleGeneral.zst,0.1,LOH_PARALLEL_SAFE=1 LOH_SKIP_PIP_INSTALL=1 LOH_SKIP_BUILD=1 LOH_DEBUG_LEVEL=1 CACHESIM_VERBOSE=0 CACHESIM_NUM_REQ=3000000 LOH_RL_ALGO=SAC LOH_ACTION_SCALE=1.0 LOH_SCORE_USE_COMPOUND=0 LOH_SCORE_USE_IRT=0 LOH_USE_SOFTMAX=1 LOH_USE_HEURISTIC_SIGNS=0 LOH_INCLUDE_HIT_MISS_FEATURES=0 LOH_INCLUDE_CACHE_FEATURES=0 LOH_INCLUDE_CANDIDATE_FEATURES=0 LOH_INCLUDE_TOPK_CANDIDATE_FEATURES=0 LOH_INCLUDE_AVGTOPK_CANDIDATE_FEATURES=0 LOH_INCLUDE_REQUEST=0 LOH_ENABLE_PENALTY=1 LOH_REWARD_USE_PENALTY=1 LOH_PENALTY_SCALE=binary LOH_PENALTY_REWARD_FORMULA=neg LOH_REWARD_W_PENALTY=1.0 LOH_PENALTY_CUTOFF=0 LOH_PENALTY_DMAX=400000 LOH_PENALTY_EMPTY_AS_GOOD=1 LOH_PENALTY_REFINE_ON_LATE=1 LOH_PENALTY_NO_EVICT_REWARD=keep LOH_PENALTY_BASELINE_DECAY=0.99 LOH_SURVIVAL_BINS=64 LOH_SURVIVAL_QUANTILE=0.99 LOH_SURVIVAL_MINCOUNT=1000 LOH_PENALTY_NET_GOOD_SCALE=1.0 LOH_PENALTY_NET_PENALTY_SCALE=1.0
84,1,8401,bestcfg_penalty_3t_3m_20260207_000001__wiki_2019t_084_r01,0,0.594217,0.491253,0.01,data/WikiCDN/wiki_2019t.oracleGeneral.zst,0.1,LOH_PARALLEL_SAFE=1 LOH_SKIP_PIP_INSTALL=1 LOH_SKIP_BUILD=1 LOH_DEBUG_LEVEL=1 CACHESIM_VERBOSE=0 CACHESIM_NUM_REQ=3000000 LOH_RL_ALGO=SAC LOH_ACTION_SCALE=1.0 LOH_SCORE_USE_COMPOUND=0 LOH_SCORE_USE_IRT=0 LOH_USE_SOFTMAX=1 LOH_USE_HEURISTIC_SIGNS=0 LOH_INCLUDE_HIT_MISS_FEATURES=0 LOH_INCLUDE_CACHE_FEATURES=0 LOH_INCLUDE_CANDIDATE_FEATURES=0 LOH_INCLUDE_TOPK_CANDIDATE_FEATURES=0 LOH_INCLUDE_AVGTOPK_CANDIDATE_FEATURES=0 LOH_INCLUDE_REQUEST=0 LOH_ENABLE_PENALTY=1 LOH_REWARD_USE_PENALTY=1 LOH_PENALTY_SCALE=binary LOH_PENALTY_REWARD_FORMULA=net LOH_REWARD_W_PENALTY=1.0 LOH_PENALTY_CUTOFF=0 LOH_PENALTY_DMAX=400000 LOH_PENALTY_EMPTY_AS_GOOD=1 LOH_PENALTY_REFINE_ON_LATE=1 LOH_PENALTY_NO_EVICT_REWARD=keep LOH_PENALTY_BASELINE_DECAY=0.99 LOH_SURVIVAL_BINS=64 LOH_SURVIVAL_QUANTILE=0.99 LOH_SURVIVAL_MINCOUNT=1000 LOH_PENALTY_NET_GOOD_SCALE=1.0 LOH_PENALTY_NET_PENALTY_SCALE=1.0
85,1,8501,bestcfg_penalty_3t_3m_20260207_000001__wiki_2019t_085_r01,0,0.594366,0.491265,0.01,data/WikiCDN/wiki_2019t.oracleGeneral.zst,0.1,LOH_PARALLEL_SAFE=1 LOH_SKIP_PIP_INSTALL=1 LOH_SKIP_BUILD=1 LOH_DEBUG_LEVEL=1 CACHESIM_VERBOSE=0 CACHESIM_NUM_REQ=3000000 LOH_RL_ALGO=SAC LOH_ACTION_SCALE=1.0 LOH_SCORE_USE_COMPOUND=0 LOH_SCORE_USE_IRT=0 LOH_USE_SOFTMAX=1 LOH_USE_HEURISTIC_SIGNS=0 LOH_INCLUDE_HIT_MISS_FEATURES=0 LOH_INCLUDE_CACHE_FEATURES=0 LOH_INCLUDE_CANDIDATE_FEATURES=0 LOH_INCLUDE_TOPK_CANDIDATE_FEATURES=0 LOH_INCLUDE_AVGTOPK_CANDIDATE_FEATURES=0 LOH_INCLUDE_REQUEST=0 LOH_ENABLE_PENALTY=1 LOH_REWARD_USE_PENALTY=1 LOH_PENALTY_SCALE=binary LOH_PENALTY_REWARD_FORMULA=net LOH_REWARD_W_PENALTY=2.0 LOH_PENALTY_CUTOFF=0 LOH_PENALTY_DMAX=400000 LOH_PENALTY_EMPTY_AS_GOOD=1 LOH_PENALTY_REFINE_ON_LATE=1 LOH_PENALTY_NO_EVICT_REWARD=keep LOH_PENALTY_BASELINE_DECAY=0.99 LOH_SURVIVAL_BINS=64 LOH_SURVIVAL_QUANTILE=0.99 LOH_SURVIVAL_MINCOUNT=1000 LOH_PENALTY_NET_GOOD_SCALE=1.0 LOH_PENALTY_NET_PENALTY_SCALE=1.0
86,1,8601,bestcfg_penalty_3t_3m_20260207_000001__wiki_2019t_086_r01,0,0.594384,0.491083,0.01,data/WikiCDN/wiki_2019t.oracleGeneral.zst,0.1,LOH_PARALLEL_SAFE=1 LOH_SKIP_PIP_INSTALL=1 LOH_SKIP_BUILD=1 LOH_DEBUG_LEVEL=1 CACHESIM_VERBOSE=0 CACHESIM_NUM_REQ=3000000 LOH_RL_ALGO=SAC LOH_ACTION_SCALE=1.0 LOH_SCORE_USE_COMPOUND=0 LOH_SCORE_USE_IRT=0 LOH_USE_SOFTMAX=1 LOH_USE_HEURISTIC_SIGNS=0 LOH_INCLUDE_HIT_MISS_FEATURES=0 LOH_INCLUDE_CACHE_FEATURES=0 LOH_INCLUDE_CANDIDATE_FEATURES=0 LOH_INCLUDE_TOPK_CANDIDATE_FEATURES=0 LOH_INCLUDE_AVGTOPK_CANDIDATE_FEATURES=0 LOH_INCLUDE_REQUEST=0 LOH_ENABLE_PENALTY=1 LOH_REWARD_USE_PENALTY=1 LOH_PENALTY_SCALE=binary LOH_PENALTY_REWARD_FORMULA=net LOH_REWARD_W_PENALTY=3.0 LOH_PENALTY_CUTOFF=0 LOH_PENALTY_DMAX=400000 LOH_PENALTY_EMPTY_AS_GOOD=1 LOH_PENALTY_REFINE_ON_LATE=1 LOH_PENALTY_NO_EVICT_REWARD=keep LOH_PENALTY_BASELINE_DECAY=0.99 LOH_SURVIVAL_BINS=64 LOH_SURVIVAL_QUANTILE=0.99 LOH_SURVIVAL_MINCOUNT=1000 LOH_PENALTY_NET_GOOD_SCALE=1.0 LOH_PENALTY_NET_PENALTY_SCALE=1.0
87,1,8701,bestcfg_penalty_3t_3m_20260207_000001__wiki_2019t_087_r01,0,0.594559,0.491274,0.01,data/WikiCDN/wiki_2019t.oracleGeneral.zst,0.1,LOH_PARALLEL_SAFE=1 LOH_SKIP_PIP_INSTALL=1 LOH_SKIP_BUILD=1 LOH_DEBUG_LEVEL=1 CACHESIM_VERBOSE=0 CACHESIM_NUM_REQ=3000000 LOH_RL_ALGO=SAC LOH_ACTION_SCALE=1.0 LOH_SCORE_USE_COMPOUND=0 LOH_SCORE_USE_IRT=0 LOH_USE_SOFTMAX=1 LOH_USE_HEURISTIC_SIGNS=0 LOH_INCLUDE_HIT_MISS_FEATURES=0 LOH_INCLUDE_CACHE_FEATURES=0 LOH_INCLUDE_CANDIDATE_FEATURES=0 LOH_INCLUDE_TOPK_CANDIDATE_FEATURES=0 LOH_INCLUDE_AVGTOPK_CANDIDATE_FEATURES=0 LOH_INCLUDE_REQUEST=0 LOH_ENABLE_PENALTY=1 LOH_REWARD_USE_PENALTY=1 LOH_PENALTY_SCALE=binary LOH_PENALTY_REWARD_FORMULA=net2 LOH_REWARD_W_PENALTY=1.0 LOH_PENALTY_CUTOFF=0 LOH_PENALTY_DMAX=400000 LOH_PENALTY_EMPTY_AS_GOOD=1 LOH_PENALTY_REFINE_ON_LATE=1 LOH_PENALTY_NO_EVICT_REWARD=keep LOH_PENALTY_BASELINE_DECAY=0.99 LOH_SURVIVAL_BINS=64 LOH_SURVIVAL_QUANTILE=0.99 LOH_SURVIVAL_MINCOUNT=1000 LOH_PENALTY_NET_GOOD_SCALE=1.0 LOH_PENALTY_NET_PENALTY_SCALE=1.0
88,1,8801,bestcfg_penalty_3t_3m_20260207_000001__wiki_2019t_088_r01,0,0.594368,0.491281,0.01,data/WikiCDN/wiki_2019t.oracleGeneral.zst,0.1,LOH_PARALLEL_SAFE=1 LOH_SKIP_PIP_INSTALL=1 LOH_SKIP_BUILD=1 LOH_DEBUG_LEVEL=1 CACHESIM_VERBOSE=0 CACHESIM_NUM_REQ=3000000 LOH_RL_ALGO=SAC LOH_ACTION_SCALE=1.0 LOH_SCORE_USE_COMPOUND=0 LOH_SCORE_USE_IRT=0 LOH_USE_SOFTMAX=1 LOH_USE_HEURISTIC_SIGNS=0 LOH_INCLUDE_HIT_MISS_FEATURES=0 LOH_INCLUDE_CACHE_FEATURES=0 LOH_INCLUDE_CANDIDATE_FEATURES=0 LOH_INCLUDE_TOPK_CANDIDATE_FEATURES=0 LOH_INCLUDE_AVGTOPK_CANDIDATE_FEATURES=0 LOH_INCLUDE_REQUEST=0 LOH_ENABLE_PENALTY=1 LOH_REWARD_USE_PENALTY=1 LOH_PENALTY_SCALE=binary LOH_PENALTY_REWARD_FORMULA=net2 LOH_REWARD_W_PENALTY=2.0 LOH_PENALTY_CUTOFF=0 LOH_PENALTY_DMAX=400000 LOH_PENALTY_EMPTY_AS_GOOD=1 LOH_PENALTY_REFINE_ON_LATE=1 LOH_PENALTY_NO_EVICT_REWARD=keep LOH_PENALTY_BASELINE_DECAY=0.99 LOH_SURVIVAL_BINS=64 LOH_SURVIVAL_QUANTILE=0.99 LOH_SURVIVAL_MINCOUNT=1000 LOH_PENALTY_NET_GOOD_SCALE=1.0 LOH_PENALTY_NET_PENALTY_SCALE=1.0
89,1,8901,bestcfg_penalty_3t_3m_20260207_000001__wiki_2019t_089_r01,0,0.594319,0.491088,0.01,data/WikiCDN/wiki_2019t.oracleGeneral.zst,0.1,LOH_PARALLEL_SAFE=1 LOH_SKIP_PIP_INSTALL=1 LOH_SKIP_BUILD=1 LOH_DEBUG_LEVEL=1 CACHESIM_VERBOSE=0 CACHESIM_NUM_REQ=3000000 LOH_RL_ALGO=SAC LOH_ACTION_SCALE=1.0 LOH_SCORE_USE_COMPOUND=0 LOH_SCORE_USE_IRT=0 LOH_USE_SOFTMAX=1 LOH_USE_HEURISTIC_SIGNS=0 LOH_INCLUDE_HIT_MISS_FEATURES=0 LOH_INCLUDE_CACHE_FEATURES=0 LOH_INCLUDE_CANDIDATE_FEATURES=0 LOH_INCLUDE_TOPK_CANDIDATE_FEATURES=0 LOH_INCLUDE_AVGTOPK_CANDIDATE_FEATURES=0 LOH_INCLUDE_REQUEST=0 LOH_ENABLE_PENALTY=1 LOH_REWARD_USE_PENALTY=1 LOH_PENALTY_SCALE=binary LOH_PENALTY_REWARD_FORMULA=net2 LOH_REWARD_W_PENALTY=3.0 LOH_PENALTY_CUTOFF=0 LOH_PENALTY_DMAX=400000 LOH_PENALTY_EMPTY_AS_GOOD=1 LOH_PENALTY_REFINE_ON_LATE=1 LOH_PENALTY_NO_EVICT_REWARD=keep LOH_PENALTY_BASELINE_DECAY=0.99 LOH_SURVIVAL_BINS=64 LOH_SURVIVAL_QUANTILE=0.99 LOH_SURVIVAL_MINCOUNT=1000 LOH_PENALTY_NET_GOOD_SCALE=1.0 LOH_PENALTY_NET_PENALTY_SCALE=1.0
90,1,9001,bestcfg_penalty_3t_3m_20260207_000001__wiki_2019t_090_r01,0,0.594334,0.491207,0.01,data/WikiCDN/wiki_2019t.oracleGeneral.zst,0.1,LOH_PARALLEL_SAFE=1 LOH_SKIP_PIP_INSTALL=1 LOH_SKIP_BUILD=1 LOH_DEBUG_LEVEL=1 CACHESIM_VERBOSE=0 CACHESIM_NUM_REQ=3000000 LOH_RL_ALGO=SAC LOH_ACTION_SCALE=1.0 LOH_SCORE_USE_COMPOUND=0 LOH_SCORE_USE_IRT=0 LOH_USE_SOFTMAX=1 LOH_USE_HEURISTIC_SIGNS=0 LOH_INCLUDE_HIT_MISS_FEATURES=0 LOH_INCLUDE_CACHE_FEATURES=0 LOH_INCLUDE_CANDIDATE_FEATURES=0 LOH_INCLUDE_TOPK_CANDIDATE_FEATURES=0 LOH_INCLUDE_AVGTOPK_CANDIDATE_FEATURES=0 LOH_INCLUDE_REQUEST=0 LOH_ENABLE_PENALTY=1 LOH_REWARD_USE_PENALTY=1 LOH_PENALTY_SCALE=log LOH_PENALTY_REWARD_FORMULA=centered LOH_REWARD_W_PENALTY=1.0 LOH_PENALTY_CUTOFF=0 LOH_PENALTY_DMAX=400000 LOH_PENALTY_EMPTY_AS_GOOD=1 LOH_PENALTY_REFINE_ON_LATE=1 LOH_PENALTY_NO_EVICT_REWARD=keep LOH_PENALTY_BASELINE_DECAY=0.99 LOH_SURVIVAL_BINS=64 LOH_SURVIVAL_QUANTILE=0.99 LOH_SURVIVAL_MINCOUNT=1000 LOH_PENALTY_NET_GOOD_SCALE=1.0 LOH_PENALTY_NET_PENALTY_SCALE=1.0 LOH_PENALTY_CUTOFF=0
91,1,9101,bestcfg_penalty_3t_3m_20260207_000001__wiki_2019t_091_r01,0,0.594331,0.491629,0.01,data/WikiCDN/wiki_2019t.oracleGeneral.zst,0.1,LOH_PARALLEL_SAFE=1 LOH_SKIP_PIP_INSTALL=1 LOH_SKIP_BUILD=1 LOH_DEBUG_LEVEL=1 CACHESIM_VERBOSE=0 CACHESIM_NUM_REQ=3000000 LOH_RL_ALGO=SAC LOH_ACTION_SCALE=1.0 LOH_SCORE_USE_COMPOUND=0 LOH_SCORE_USE_IRT=0 LOH_USE_SOFTMAX=1 LOH_USE_HEURISTIC_SIGNS=0 LOH_INCLUDE_HIT_MISS_FEATURES=0 LOH_INCLUDE_CACHE_FEATURES=0 LOH_INCLUDE_CANDIDATE_FEATURES=0 LOH_INCLUDE_TOPK_CANDIDATE_FEATURES=0 LOH_INCLUDE_AVGTOPK_CANDIDATE_FEATURES=0 LOH_INCLUDE_REQUEST=0 LOH_ENABLE_PENALTY=1 LOH_REWARD_USE_PENALTY=1 LOH_PENALTY_SCALE=log LOH_PENALTY_REWARD_FORMULA=centered LOH_REWARD_W_PENALTY=1.0 LOH_PENALTY_CUTOFF=0 LOH_PENALTY_DMAX=400000 LOH_PENALTY_EMPTY_AS_GOOD=1 LOH_PENALTY_REFINE_ON_LATE=1 LOH_PENALTY_NO_EVICT_REWARD=keep LOH_PENALTY_BASELINE_DECAY=0.99 LOH_SURVIVAL_BINS=64 LOH_SURVIVAL_QUANTILE=0.99 LOH_SURVIVAL_MINCOUNT=1000 LOH_PENALTY_NET_GOOD_SCALE=1.0 LOH_PENALTY_NET_PENALTY_SCALE=1.0 LOH_PENALTY_CUTOFF=500
92,1,9201,bestcfg_penalty_3t_3m_20260207_000001__wiki_2019t_092_r01,0,0.594420,0.491174,0.01,data/WikiCDN/wiki_2019t.oracleGeneral.zst,0.1,LOH_PARALLEL_SAFE=1 LOH_SKIP_PIP_INSTALL=1 LOH_SKIP_BUILD=1 LOH_DEBUG_LEVEL=1 CACHESIM_VERBOSE=0 CACHESIM_NUM_REQ=3000000 LOH_RL_ALGO=SAC LOH_ACTION_SCALE=1.0 LOH_SCORE_USE_COMPOUND=0 LOH_SCORE_USE_IRT=0 LOH_USE_SOFTMAX=1 LOH_USE_HEURISTIC_SIGNS=0 LOH_INCLUDE_HIT_MISS_FEATURES=0 LOH_INCLUDE_CACHE_FEATURES=0 LOH_INCLUDE_CANDIDATE_FEATURES=0 LOH_INCLUDE_TOPK_CANDIDATE_FEATURES=0 LOH_INCLUDE_AVGTOPK_CANDIDATE_FEATURES=0 LOH_INCLUDE_REQUEST=0 LOH_ENABLE_PENALTY=1 LOH_REWARD_USE_PENALTY=1 LOH_PENALTY_SCALE=log LOH_PENALTY_REWARD_FORMULA=centered LOH_REWARD_W_PENALTY=1.0 LOH_PENALTY_CUTOFF=0 LOH_PENALTY_DMAX=400000 LOH_PENALTY_EMPTY_AS_GOOD=1 LOH_PENALTY_REFINE_ON_LATE=1 LOH_PENALTY_NO_EVICT_REWARD=keep LOH_PENALTY_BASELINE_DECAY=0.99 LOH_SURVIVAL_BINS=64 LOH_SURVIVAL_QUANTILE=0.99 LOH_SURVIVAL_MINCOUNT=1000 LOH_PENALTY_NET_GOOD_SCALE=1.0 LOH_PENALTY_NET_PENALTY_SCALE=1.0 LOH_PENALTY_CUTOFF=2000
93,1,9301,bestcfg_penalty_3t_3m_20260207_000001__wiki_2019t_093_r01,0,0.594441,0.491494,0.01,data/WikiCDN/wiki_2019t.oracleGeneral.zst,0.1,LOH_PARALLEL_SAFE=1 LOH_SKIP_PIP_INSTALL=1 LOH_SKIP_BUILD=1 LOH_DEBUG_LEVEL=1 CACHESIM_VERBOSE=0 CACHESIM_NUM_REQ=3000000 LOH_RL_ALGO=SAC LOH_ACTION_SCALE=1.0 LOH_SCORE_USE_COMPOUND=0 LOH_SCORE_USE_IRT=0 LOH_USE_SOFTMAX=1 LOH_USE_HEURISTIC_SIGNS=0 LOH_INCLUDE_HIT_MISS_FEATURES=0 LOH_INCLUDE_CACHE_FEATURES=0 LOH_INCLUDE_CANDIDATE_FEATURES=0 LOH_INCLUDE_TOPK_CANDIDATE_FEATURES=0 LOH_INCLUDE_AVGTOPK_CANDIDATE_FEATURES=0 LOH_INCLUDE_REQUEST=0 LOH_ENABLE_PENALTY=1 LOH_REWARD_USE_PENALTY=1 LOH_PENALTY_SCALE=log LOH_PENALTY_REWARD_FORMULA=centered LOH_REWARD_W_PENALTY=1.0 LOH_PENALTY_CUTOFF=0 LOH_PENALTY_DMAX=400000 LOH_PENALTY_EMPTY_AS_GOOD=1 LOH_PENALTY_REFINE_ON_LATE=1 LOH_PENALTY_NO_EVICT_REWARD=keep LOH_PENALTY_BASELINE_DECAY=0.99 LOH_SURVIVAL_BINS=64 LOH_SURVIVAL_QUANTILE=0.99 LOH_SURVIVAL_MINCOUNT=1000 LOH_PENALTY_NET_GOOD_SCALE=1.0 LOH_PENALTY_NET_PENALTY_SCALE=1.0 LOH_PENALTY_CUTOFF=10000
94,1,9401,bestcfg_penalty_3t_3m_20260207_000001__wiki_2019t_094_r01,0,0.594282,0.490725,0.01,data/WikiCDN/wiki_2019t.oracleGeneral.zst,0.1,LOH_PARALLEL_SAFE=1 LOH_SKIP_PIP_INSTALL=1 LOH_SKIP_BUILD=1 LOH_DEBUG_LEVEL=1 CACHESIM_VERBOSE=0 CACHESIM_NUM_REQ=3000000 LOH_RL_ALGO=SAC LOH_ACTION_SCALE=1.0 LOH_SCORE_USE_COMPOUND=0 LOH_SCORE_USE_IRT=0 LOH_USE_SOFTMAX=1 LOH_USE_HEURISTIC_SIGNS=0 LOH_INCLUDE_HIT_MISS_FEATURES=0 LOH_INCLUDE_CACHE_FEATURES=0 LOH_INCLUDE_CANDIDATE_FEATURES=0 LOH_INCLUDE_TOPK_CANDIDATE_FEATURES=0 LOH_INCLUDE_AVGTOPK_CANDIDATE_FEATURES=0 LOH_INCLUDE_REQUEST=0 LOH_ENABLE_PENALTY=1 LOH_REWARD_USE_PENALTY=1 LOH_PENALTY_SCALE=log LOH_PENALTY_REWARD_FORMULA=centered LOH_REWARD_W_PENALTY=1.0 LOH_PENALTY_CUTOFF=0 LOH_PENALTY_DMAX=400000 LOH_PENALTY_EMPTY_AS_GOOD=1 LOH_PENALTY_REFINE_ON_LATE=1 LOH_PENALTY_NO_EVICT_REWARD=keep LOH_PENALTY_BASELINE_DECAY=0.99 LOH_SURVIVAL_BINS=64 LOH_SURVIVAL_QUANTILE=0.99 LOH_SURVIVAL_MINCOUNT=1000 LOH_PENALTY_NET_GOOD_SCALE=1.0 LOH_PENALTY_NET_PENALTY_SCALE=1.0 LOH_PENALTY_DMAX=50000
95,1,9501,bestcfg_penalty_3t_3m_20260207_000001__wiki_2019t_095_r01,0,0.594282,0.491547,0.01,data/WikiCDN/wiki_2019t.oracleGeneral.zst,0.1,LOH_PARALLEL_SAFE=1 LOH_SKIP_PIP_INSTALL=1 LOH_SKIP_BUILD=1 LOH_DEBUG_LEVEL=1 CACHESIM_VERBOSE=0 CACHESIM_NUM_REQ=3000000 LOH_RL_ALGO=SAC LOH_ACTION_SCALE=1.0 LOH_SCORE_USE_COMPOUND=0 LOH_SCORE_USE_IRT=0 LOH_USE_SOFTMAX=1 LOH_USE_HEURISTIC_SIGNS=0 LOH_INCLUDE_HIT_MISS_FEATURES=0 LOH_INCLUDE_CACHE_FEATURES=0 LOH_INCLUDE_CANDIDATE_FEATURES=0 LOH_INCLUDE_TOPK_CANDIDATE_FEATURES=0 LOH_INCLUDE_AVGTOPK_CANDIDATE_FEATURES=0 LOH_INCLUDE_REQUEST=0 LOH_ENABLE_PENALTY=1 LOH_REWARD_USE_PENALTY=1 LOH_PENALTY_SCALE=log LOH_PENALTY_REWARD_FORMULA=centered LOH_REWARD_W_PENALTY=1.0 LOH_PENALTY_CUTOFF=0 LOH_PENALTY_DMAX=400000 LOH_PENALTY_EMPTY_AS_GOOD=1 LOH_PENALTY_REFINE_ON_LATE=1 LOH_PENALTY_NO_EVICT_REWARD=keep LOH_PENALTY_BASELINE_DECAY=0.99 LOH_SURVIVAL_BINS=64 LOH_SURVIVAL_QUANTILE=0.99 LOH_SURVIVAL_MINCOUNT=1000 LOH_PENALTY_NET_GOOD_SCALE=1.0 LOH_PENALTY_NET_PENALTY_SCALE=1.0 LOH_PENALTY_DMAX=200000
96,1,9601,bestcfg_penalty_3t_3m_20260207_000001__wiki_2019t_096_r01,0,0.594209,0.491104,0.01,data/WikiCDN/wiki_2019t.oracleGeneral.zst,0.1,LOH_PARALLEL_SAFE=1 LOH_SKIP_PIP_INSTALL=1 LOH_SKIP_BUILD=1 LOH_DEBUG_LEVEL=1 CACHESIM_VERBOSE=0 CACHESIM_NUM_REQ=3000000 LOH_RL_ALGO=SAC LOH_ACTION_SCALE=1.0 LOH_SCORE_USE_COMPOUND=0 LOH_SCORE_USE_IRT=0 LOH_USE_SOFTMAX=1 LOH_USE_HEURISTIC_SIGNS=0 LOH_INCLUDE_HIT_MISS_FEATURES=0 LOH_INCLUDE_CACHE_FEATURES=0 LOH_INCLUDE_CANDIDATE_FEATURES=0 LOH_INCLUDE_TOPK_CANDIDATE_FEATURES=0 LOH_INCLUDE_AVGTOPK_CANDIDATE_FEATURES=0 LOH_INCLUDE_REQUEST=0 LOH_ENABLE_PENALTY=1 LOH_REWARD_USE_PENALTY=1 LOH_PENALTY_SCALE=log LOH_PENALTY_REWARD_FORMULA=centered LOH_REWARD_W_PENALTY=1.0 LOH_PENALTY_CUTOFF=0 LOH_PENALTY_DMAX=400000 LOH_PENALTY_EMPTY_AS_GOOD=1 LOH_PENALTY_REFINE_ON_LATE=1 LOH_PENALTY_NO_EVICT_REWARD=keep LOH_PENALTY_BASELINE_DECAY=0.99 LOH_SURVIVAL_BINS=64 LOH_SURVIVAL_QUANTILE=0.99 LOH_SURVIVAL_MINCOUNT=1000 LOH_PENALTY_NET_GOOD_SCALE=1.0 LOH_PENALTY_NET_PENALTY_SCALE=1.0 LOH_PENALTY_DMAX=400000
97,1,9701,bestcfg_penalty_3t_3m_20260207_000001__wiki_2019t_097_r01,0,0.594407,0.491248,0.01,data/WikiCDN/wiki_2019t.oracleGeneral.zst,0.1,LOH_PARALLEL_SAFE=1 LOH_SKIP_PIP_INSTALL=1 LOH_SKIP_BUILD=1 LOH_DEBUG_LEVEL=1 CACHESIM_VERBOSE=0 CACHESIM_NUM_REQ=3000000 LOH_RL_ALGO=SAC LOH_ACTION_SCALE=1.0 LOH_SCORE_USE_COMPOUND=0 LOH_SCORE_USE_IRT=0 LOH_USE_SOFTMAX=1 LOH_USE_HEURISTIC_SIGNS=0 LOH_INCLUDE_HIT_MISS_FEATURES=0 LOH_INCLUDE_CACHE_FEATURES=0 LOH_INCLUDE_CANDIDATE_FEATURES=0 LOH_INCLUDE_TOPK_CANDIDATE_FEATURES=0 LOH_INCLUDE_AVGTOPK_CANDIDATE_FEATURES=0 LOH_INCLUDE_REQUEST=0 LOH_ENABLE_PENALTY=1 LOH_REWARD_USE_PENALTY=1 LOH_PENALTY_SCALE=log LOH_PENALTY_REWARD_FORMULA=centered LOH_REWARD_W_PENALTY=1.0 LOH_PENALTY_CUTOFF=0 LOH_PENALTY_DMAX=400000 LOH_PENALTY_EMPTY_AS_GOOD=1 LOH_PENALTY_REFINE_ON_LATE=1 LOH_PENALTY_NO_EVICT_REWARD=keep LOH_PENALTY_BASELINE_DECAY=0.99 LOH_SURVIVAL_BINS=64 LOH_SURVIVAL_QUANTILE=0.99 LOH_SURVIVAL_MINCOUNT=1000 LOH_PENALTY_NET_GOOD_SCALE=1.0 LOH_PENALTY_NET_PENALTY_SCALE=1.0 LOH_PENALTY_EMPTY_AS_GOOD=0
98,1,9801,bestcfg_penalty_3t_3m_20260207_000001__wiki_2019t_098_r01,0,0.594388,0.491205,0.01,data/WikiCDN/wiki_2019t.oracleGeneral.zst,0.1,LOH_PARALLEL_SAFE=1 LOH_SKIP_PIP_INSTALL=1 LOH_SKIP_BUILD=1 LOH_DEBUG_LEVEL=1 CACHESIM_VERBOSE=0 CACHESIM_NUM_REQ=3000000 LOH_RL_ALGO=SAC LOH_ACTION_SCALE=1.0 LOH_SCORE_USE_COMPOUND=0 LOH_SCORE_USE_IRT=0 LOH_USE_SOFTMAX=1 LOH_USE_HEURISTIC_SIGNS=0 LOH_INCLUDE_HIT_MISS_FEATURES=0 LOH_INCLUDE_CACHE_FEATURES=0 LOH_INCLUDE_CANDIDATE_FEATURES=0 LOH_INCLUDE_TOPK_CANDIDATE_FEATURES=0 LOH_INCLUDE_AVGTOPK_CANDIDATE_FEATURES=0 LOH_INCLUDE_REQUEST=0 LOH_ENABLE_PENALTY=1 LOH_REWARD_USE_PENALTY=1 LOH_PENALTY_SCALE=log LOH_PENALTY_REWARD_FORMULA=centered LOH_REWARD_W_PENALTY=1.0 LOH_PENALTY_CUTOFF=0 LOH_PENALTY_DMAX=400000 LOH_PENALTY_EMPTY_AS_GOOD=1 LOH_PENALTY_REFINE_ON_LATE=1 LOH_PENALTY_NO_EVICT_REWARD=keep LOH_PENALTY_BASELINE_DECAY=0.99 LOH_SURVIVAL_BINS=64 LOH_SURVIVAL_QUANTILE=0.99 LOH_SURVIVAL_MINCOUNT=1000 LOH_PENALTY_NET_GOOD_SCALE=1.0 LOH_PENALTY_NET_PENALTY_SCALE=1.0 LOH_PENALTY_EMPTY_AS_GOOD=1
99,1,9901,bestcfg_penalty_3t_3m_20260207_000001__wiki_2019t_099_r01,0,0.594407,0.491249,0.01,data/WikiCDN/wiki_2019t.oracleGeneral.zst,0.1,LOH_PARALLEL_SAFE=1 LOH_SKIP_PIP_INSTALL=1 LOH_SKIP_BUILD=1 LOH_DEBUG_LEVEL=1 CACHESIM_VERBOSE=0 CACHESIM_NUM_REQ=3000000 LOH_RL_ALGO=SAC LOH_ACTION_SCALE=1.0 LOH_SCORE_USE_COMPOUND=0 LOH_SCORE_USE_IRT=0 LOH_USE_SOFTMAX=1 LOH_USE_HEURISTIC_SIGNS=0 LOH_INCLUDE_HIT_MISS_FEATURES=0 LOH_INCLUDE_CACHE_FEATURES=0 LOH_INCLUDE_CANDIDATE_FEATURES=0 LOH_INCLUDE_TOPK_CANDIDATE_FEATURES=0 LOH_INCLUDE_AVGTOPK_CANDIDATE_FEATURES=0 LOH_INCLUDE_REQUEST=0 LOH_ENABLE_PENALTY=1 LOH_REWARD_USE_PENALTY=1 LOH_PENALTY_SCALE=log LOH_PENALTY_REWARD_FORMULA=centered LOH_REWARD_W_PENALTY=1.0 LOH_PENALTY_CUTOFF=0 LOH_PENALTY_DMAX=400000 LOH_PENALTY_EMPTY_AS_GOOD=1 LOH_PENALTY_REFINE_ON_LATE=1 LOH_PENALTY_NO_EVICT_REWARD=keep LOH_PENALTY_BASELINE_DECAY=0.99 LOH_SURVIVAL_BINS=64 LOH_SURVIVAL_QUANTILE=0.99 LOH_SURVIVAL_MINCOUNT=1000 LOH_PENALTY_NET_GOOD_SCALE=1.0 LOH_PENALTY_NET_PENALTY_SCALE=1.0 LOH_PENALTY_REFINE_ON_LATE=0
100,1,10001,bestcfg_penalty_3t_3m_20260207_000001__wiki_2019t_100_r01,0,0.594052,0.491161,0.01,data/WikiCDN/wiki_2019t.oracleGeneral.zst,0.1,LOH_PARALLEL_SAFE=1 LOH_SKIP_PIP_INSTALL=1 LOH_SKIP_BUILD=1 LOH_DEBUG_LEVEL=1 CACHESIM_VERBOSE=0 CACHESIM_NUM_REQ=3000000 LOH_RL_ALGO=SAC LOH_ACTION_SCALE=1.0 LOH_SCORE_USE_COMPOUND=0 LOH_SCORE_USE_IRT=0 LOH_USE_SOFTMAX=1 LOH_USE_HEURISTIC_SIGNS=0 LOH_INCLUDE_HIT_MISS_FEATURES=0 LOH_INCLUDE_CACHE_FEATURES=0 LOH_INCLUDE_CANDIDATE_FEATURES=0 LOH_INCLUDE_TOPK_CANDIDATE_FEATURES=0 LOH_INCLUDE_AVGTOPK_CANDIDATE_FEATURES=0 LOH_INCLUDE_REQUEST=0 LOH_ENABLE_PENALTY=1 LOH_REWARD_USE_PENALTY=1 LOH_PENALTY_SCALE=log LOH_PENALTY_REWARD_FORMULA=centered LOH_REWARD_W_PENALTY=1.0 LOH_PENALTY_CUTOFF=0 LOH_PENALTY_DMAX=400000 LOH_PENALTY_EMPTY_AS_GOOD=1 LOH_PENALTY_REFINE_ON_LATE=1 LOH_PENALTY_NO_EVICT_REWARD=keep LOH_PENALTY_BASELINE_DECAY=0.99 LOH_SURVIVAL_BINS=64 LOH_SURVIVAL_QUANTILE=0.99 LOH_SURVIVAL_MINCOUNT=1000 LOH_PENALTY_NET_GOOD_SCALE=1.0 LOH_PENALTY_NET_PENALTY_SCALE=1.0 LOH_PENALTY_REFINE_ON_LATE=1
101,1,10101,bestcfg_penalty_3t_3m_20260207_000001__wiki_2019t_101_r01,0,0.594382,0.490920,0.01,data/WikiCDN/wiki_2019t.oracleGeneral.zst,0.1,LOH_PARALLEL_SAFE=1 LOH_SKIP_PIP_INSTALL=1 LOH_SKIP_BUILD=1 LOH_DEBUG_LEVEL=1 CACHESIM_VERBOSE=0 CACHESIM_NUM_REQ=3000000 LOH_RL_ALGO=SAC LOH_ACTION_SCALE=1.0 LOH_SCORE_USE_COMPOUND=0 LOH_SCORE_USE_IRT=0 LOH_USE_SOFTMAX=1 LOH_USE_HEURISTIC_SIGNS=0 LOH_INCLUDE_HIT_MISS_FEATURES=0 LOH_INCLUDE_CACHE_FEATURES=0 LOH_INCLUDE_CANDIDATE_FEATURES=0 LOH_INCLUDE_TOPK_CANDIDATE_FEATURES=0 LOH_INCLUDE_AVGTOPK_CANDIDATE_FEATURES=0 LOH_INCLUDE_REQUEST=0 LOH_ENABLE_PENALTY=1 LOH_REWARD_USE_PENALTY=1 LOH_PENALTY_SCALE=log LOH_PENALTY_REWARD_FORMULA=centered LOH_REWARD_W_PENALTY=1.0 LOH_PENALTY_CUTOFF=0 LOH_PENALTY_DMAX=400000 LOH_PENALTY_EMPTY_AS_GOOD=1 LOH_PENALTY_REFINE_ON_LATE=1 LOH_PENALTY_NO_EVICT_REWARD=keep LOH_PENALTY_BASELINE_DECAY=0.99 LOH_SURVIVAL_BINS=64 LOH_SURVIVAL_QUANTILE=0.99 LOH_SURVIVAL_MINCOUNT=1000 LOH_PENALTY_NET_GOOD_SCALE=1.0 LOH_PENALTY_NET_PENALTY_SCALE=1.0 LOH_PENALTY_NO_EVICT_REWARD=keep
102,1,10201,bestcfg_penalty_3t_3m_20260207_000001__wiki_2019t_102_r01,0,0.594441,0.491087,0.01,data/WikiCDN/wiki_2019t.oracleGeneral.zst,0.1,LOH_PARALLEL_SAFE=1 LOH_SKIP_PIP_INSTALL=1 LOH_SKIP_BUILD=1 LOH_DEBUG_LEVEL=1 CACHESIM_VERBOSE=0 CACHESIM_NUM_REQ=3000000 LOH_RL_ALGO=SAC LOH_ACTION_SCALE=1.0 LOH_SCORE_USE_COMPOUND=0 LOH_SCORE_USE_IRT=0 LOH_USE_SOFTMAX=1 LOH_USE_HEURISTIC_SIGNS=0 LOH_INCLUDE_HIT_MISS_FEATURES=0 LOH_INCLUDE_CACHE_FEATURES=0 LOH_INCLUDE_CANDIDATE_FEATURES=0 LOH_INCLUDE_TOPK_CANDIDATE_FEATURES=0 LOH_INCLUDE_AVGTOPK_CANDIDATE_FEATURES=0 LOH_INCLUDE_REQUEST=0 LOH_ENABLE_PENALTY=1 LOH_REWARD_USE_PENALTY=1 LOH_PENALTY_SCALE=log LOH_PENALTY_REWARD_FORMULA=centered LOH_REWARD_W_PENALTY=1.0 LOH_PENALTY_CUTOFF=0 LOH_PENALTY_DMAX=400000 LOH_PENALTY_EMPTY_AS_GOOD=1 LOH_PENALTY_REFINE_ON_LATE=1 LOH_PENALTY_NO_EVICT_REWARD=keep LOH_PENALTY_BASELINE_DECAY=0.99 LOH_SURVIVAL_BINS=64 LOH_SURVIVAL_QUANTILE=0.99 LOH_SURVIVAL_MINCOUNT=1000 LOH_PENALTY_NET_GOOD_SCALE=1.0 LOH_PENALTY_NET_PENALTY_SCALE=1.0 LOH_PENALTY_NO_EVICT_REWARD=zero
103,1,10301,bestcfg_penalty_3t_3m_20260207_000001__wiki_2019t_103_r01,0,0.594291,0.491457,0.01,data/WikiCDN/wiki_2019t.oracleGeneral.zst,0.1,LOH_PARALLEL_SAFE=1 LOH_SKIP_PIP_INSTALL=1 LOH_SKIP_BUILD=1 LOH_DEBUG_LEVEL=1 CACHESIM_VERBOSE=0 CACHESIM_NUM_REQ=3000000 LOH_RL_ALGO=SAC LOH_ACTION_SCALE=1.0 LOH_SCORE_USE_COMPOUND=0 LOH_SCORE_USE_IRT=0 LOH_USE_SOFTMAX=1 LOH_USE_HEURISTIC_SIGNS=0 LOH_INCLUDE_HIT_MISS_FEATURES=0 LOH_INCLUDE_CACHE_FEATURES=0 LOH_INCLUDE_CANDIDATE_FEATURES=0 LOH_INCLUDE_TOPK_CANDIDATE_FEATURES=0 LOH_INCLUDE_AVGTOPK_CANDIDATE_FEATURES=0 LOH_INCLUDE_REQUEST=0 LOH_ENABLE_PENALTY=1 LOH_REWARD_USE_PENALTY=1 LOH_PENALTY_SCALE=log LOH_PENALTY_REWARD_FORMULA=centered LOH_REWARD_W_PENALTY=1.0 LOH_PENALTY_CUTOFF=0 LOH_PENALTY_DMAX=400000 LOH_PENALTY_EMPTY_AS_GOOD=1 LOH_PENALTY_REFINE_ON_LATE=1 LOH_PENALTY_NO_EVICT_REWARD=keep LOH_PENALTY_BASELINE_DECAY=0.99 LOH_SURVIVAL_BINS=64 LOH_SURVIVAL_QUANTILE=0.99 LOH_SURVIVAL_MINCOUNT=1000 LOH_PENALTY_NET_GOOD_SCALE=1.0 LOH_PENALTY_NET_PENALTY_SCALE=1.0 LOH_PENALTY_BASELINE_DECAY=0.95
104,1,10401,bestcfg_penalty_3t_3m_20260207_000001__wiki_2019t_104_r01,0,0.594364,0.491545,0.01,data/WikiCDN/wiki_2019t.oracleGeneral.zst,0.1,LOH_PARALLEL_SAFE=1 LOH_SKIP_PIP_INSTALL=1 LOH_SKIP_BUILD=1 LOH_DEBUG_LEVEL=1 CACHESIM_VERBOSE=0 CACHESIM_NUM_REQ=3000000 LOH_RL_ALGO=SAC LOH_ACTION_SCALE=1.0 LOH_SCORE_USE_COMPOUND=0 LOH_SCORE_USE_IRT=0 LOH_USE_SOFTMAX=1 LOH_USE_HEURISTIC_SIGNS=0 LOH_INCLUDE_HIT_MISS_FEATURES=0 LOH_INCLUDE_CACHE_FEATURES=0 LOH_INCLUDE_CANDIDATE_FEATURES=0 LOH_INCLUDE_TOPK_CANDIDATE_FEATURES=0 LOH_INCLUDE_AVGTOPK_CANDIDATE_FEATURES=0 LOH_INCLUDE_REQUEST=0 LOH_ENABLE_PENALTY=1 LOH_REWARD_USE_PENALTY=1 LOH_PENALTY_SCALE=log LOH_PENALTY_REWARD_FORMULA=centered LOH_REWARD_W_PENALTY=1.0 LOH_PENALTY_CUTOFF=0 LOH_PENALTY_DMAX=400000 LOH_PENALTY_EMPTY_AS_GOOD=1 LOH_PENALTY_REFINE_ON_LATE=1 LOH_PENALTY_NO_EVICT_REWARD=keep LOH_PENALTY_BASELINE_DECAY=0.99 LOH_SURVIVAL_BINS=64 LOH_SURVIVAL_QUANTILE=0.99 LOH_SURVIVAL_MINCOUNT=1000 LOH_PENALTY_NET_GOOD_SCALE=1.0 LOH_PENALTY_NET_PENALTY_SCALE=1.0 LOH_PENALTY_BASELINE_DECAY=0.99
105,1,10501,bestcfg_penalty_3t_3m_20260207_000001__wiki_2019t_105_r01,0,0.594138,0.491427,0.01,data/WikiCDN/wiki_2019t.oracleGeneral.zst,0.1,LOH_PARALLEL_SAFE=1 LOH_SKIP_PIP_INSTALL=1 LOH_SKIP_BUILD=1 LOH_DEBUG_LEVEL=1 CACHESIM_VERBOSE=0 CACHESIM_NUM_REQ=3000000 LOH_RL_ALGO=SAC LOH_ACTION_SCALE=1.0 LOH_SCORE_USE_COMPOUND=0 LOH_SCORE_USE_IRT=0 LOH_USE_SOFTMAX=1 LOH_USE_HEURISTIC_SIGNS=0 LOH_INCLUDE_HIT_MISS_FEATURES=0 LOH_INCLUDE_CACHE_FEATURES=0 LOH_INCLUDE_CANDIDATE_FEATURES=0 LOH_INCLUDE_TOPK_CANDIDATE_FEATURES=0 LOH_INCLUDE_AVGTOPK_CANDIDATE_FEATURES=0 LOH_INCLUDE_REQUEST=0 LOH_ENABLE_PENALTY=1 LOH_REWARD_USE_PENALTY=1 LOH_PENALTY_SCALE=log LOH_PENALTY_REWARD_FORMULA=centered LOH_REWARD_W_PENALTY=1.0 LOH_PENALTY_CUTOFF=0 LOH_PENALTY_DMAX=400000 LOH_PENALTY_EMPTY_AS_GOOD=1 LOH_PENALTY_REFINE_ON_LATE=1 LOH_PENALTY_NO_EVICT_REWARD=keep LOH_PENALTY_BASELINE_DECAY=0.99 LOH_SURVIVAL_BINS=64 LOH_SURVIVAL_QUANTILE=0.99 LOH_SURVIVAL_MINCOUNT=1000 LOH_PENALTY_NET_GOOD_SCALE=1.0 LOH_PENALTY_NET_PENALTY_SCALE=1.0 LOH_PENALTY_BASELINE_DECAY=0.995
106,1,10601,bestcfg_penalty_3t_3m_20260207_000001__wiki_2019t_106_r01,0,0.594294,0.491328,0.01,data/WikiCDN/wiki_2019t.oracleGeneral.zst,0.1,LOH_PARALLEL_SAFE=1 LOH_SKIP_PIP_INSTALL=1 LOH_SKIP_BUILD=1 LOH_DEBUG_LEVEL=1 CACHESIM_VERBOSE=0 CACHESIM_NUM_REQ=3000000 LOH_RL_ALGO=SAC LOH_ACTION_SCALE=1.0 LOH_SCORE_USE_COMPOUND=0 LOH_SCORE_USE_IRT=0 LOH_USE_SOFTMAX=1 LOH_USE_HEURISTIC_SIGNS=0 LOH_INCLUDE_HIT_MISS_FEATURES=0 LOH_INCLUDE_CACHE_FEATURES=0 LOH_INCLUDE_CANDIDATE_FEATURES=0 LOH_INCLUDE_TOPK_CANDIDATE_FEATURES=0 LOH_INCLUDE_AVGTOPK_CANDIDATE_FEATURES=0 LOH_INCLUDE_REQUEST=0 LOH_ENABLE_PENALTY=1 LOH_REWARD_USE_PENALTY=1 LOH_PENALTY_SCALE=log LOH_PENALTY_REWARD_FORMULA=centered LOH_REWARD_W_PENALTY=1.0 LOH_PENALTY_CUTOFF=0 LOH_PENALTY_DMAX=400000 LOH_PENALTY_EMPTY_AS_GOOD=1 LOH_PENALTY_REFINE_ON_LATE=1 LOH_PENALTY_NO_EVICT_REWARD=keep LOH_PENALTY_BASELINE_DECAY=0.99 LOH_SURVIVAL_BINS=64 LOH_SURVIVAL_QUANTILE=0.99 LOH_SURVIVAL_MINCOUNT=1000 LOH_PENALTY_NET_GOOD_SCALE=1.0 LOH_PENALTY_NET_PENALTY_SCALE=1.0 LOH_PENALTY_SCALE=survival LOH_SURVIVAL_QUANTILE=0.95
107,1,10701,bestcfg_penalty_3t_3m_20260207_000001__wiki_2019t_107_r01,0,0.594355,0.491026,0.01,data/WikiCDN/wiki_2019t.oracleGeneral.zst,0.1,LOH_PARALLEL_SAFE=1 LOH_SKIP_PIP_INSTALL=1 LOH_SKIP_BUILD=1 LOH_DEBUG_LEVEL=1 CACHESIM_VERBOSE=0 CACHESIM_NUM_REQ=3000000 LOH_RL_ALGO=SAC LOH_ACTION_SCALE=1.0 LOH_SCORE_USE_COMPOUND=0 LOH_SCORE_USE_IRT=0 LOH_USE_SOFTMAX=1 LOH_USE_HEURISTIC_SIGNS=0 LOH_INCLUDE_HIT_MISS_FEATURES=0 LOH_INCLUDE_CACHE_FEATURES=0 LOH_INCLUDE_CANDIDATE_FEATURES=0 LOH_INCLUDE_TOPK_CANDIDATE_FEATURES=0 LOH_INCLUDE_AVGTOPK_CANDIDATE_FEATURES=0 LOH_INCLUDE_REQUEST=0 LOH_ENABLE_PENALTY=1 LOH_REWARD_USE_PENALTY=1 LOH_PENALTY_SCALE=log LOH_PENALTY_REWARD_FORMULA=centered LOH_REWARD_W_PENALTY=1.0 LOH_PENALTY_CUTOFF=0 LOH_PENALTY_DMAX=400000 LOH_PENALTY_EMPTY_AS_GOOD=1 LOH_PENALTY_REFINE_ON_LATE=1 LOH_PENALTY_NO_EVICT_REWARD=keep LOH_PENALTY_BASELINE_DECAY=0.99 LOH_SURVIVAL_BINS=64 LOH_SURVIVAL_QUANTILE=0.99 LOH_SURVIVAL_MINCOUNT=1000 LOH_PENALTY_NET_GOOD_SCALE=1.0 LOH_PENALTY_NET_PENALTY_SCALE=1.0 LOH_PENALTY_SCALE=survival LOH_SURVIVAL_QUANTILE=0.99
108,1,10801,bestcfg_penalty_3t_3m_20260207_000001__wiki_2019t_108_r01,0,0.594329,0.491591,0.01,data/WikiCDN/wiki_2019t.oracleGeneral.zst,0.1,LOH_PARALLEL_SAFE=1 LOH_SKIP_PIP_INSTALL=1 LOH_SKIP_BUILD=1 LOH_DEBUG_LEVEL=1 CACHESIM_VERBOSE=0 CACHESIM_NUM_REQ=3000000 LOH_RL_ALGO=SAC LOH_ACTION_SCALE=1.0 LOH_SCORE_USE_COMPOUND=0 LOH_SCORE_USE_IRT=0 LOH_USE_SOFTMAX=1 LOH_USE_HEURISTIC_SIGNS=0 LOH_INCLUDE_HIT_MISS_FEATURES=0 LOH_INCLUDE_CACHE_FEATURES=0 LOH_INCLUDE_CANDIDATE_FEATURES=0 LOH_INCLUDE_TOPK_CANDIDATE_FEATURES=0 LOH_INCLUDE_AVGTOPK_CANDIDATE_FEATURES=0 LOH_INCLUDE_REQUEST=0 LOH_ENABLE_PENALTY=1 LOH_REWARD_USE_PENALTY=1 LOH_PENALTY_SCALE=log LOH_PENALTY_REWARD_FORMULA=centered LOH_REWARD_W_PENALTY=1.0 LOH_PENALTY_CUTOFF=0 LOH_PENALTY_DMAX=400000 LOH_PENALTY_EMPTY_AS_GOOD=1 LOH_PENALTY_REFINE_ON_LATE=1 LOH_PENALTY_NO_EVICT_REWARD=keep LOH_PENALTY_BASELINE_DECAY=0.99 LOH_SURVIVAL_BINS=64 LOH_SURVIVAL_QUANTILE=0.99 LOH_SURVIVAL_MINCOUNT=1000 LOH_PENALTY_NET_GOOD_SCALE=1.0 LOH_PENALTY_NET_PENALTY_SCALE=1.0 LOH_PENALTY_SCALE=survival LOH_SURVIVAL_BINS=32
109,1,10901,bestcfg_penalty_3t_3m_20260207_000001__wiki_2019t_109_r01,0,0.594309,0.491132,0.01,data/WikiCDN/wiki_2019t.oracleGeneral.zst,0.1,LOH_PARALLEL_SAFE=1 LOH_SKIP_PIP_INSTALL=1 LOH_SKIP_BUILD=1 LOH_DEBUG_LEVEL=1 CACHESIM_VERBOSE=0 CACHESIM_NUM_REQ=3000000 LOH_RL_ALGO=SAC LOH_ACTION_SCALE=1.0 LOH_SCORE_USE_COMPOUND=0 LOH_SCORE_USE_IRT=0 LOH_USE_SOFTMAX=1 LOH_USE_HEURISTIC_SIGNS=0 LOH_INCLUDE_HIT_MISS_FEATURES=0 LOH_INCLUDE_CACHE_FEATURES=0 LOH_INCLUDE_CANDIDATE_FEATURES=0 LOH_INCLUDE_TOPK_CANDIDATE_FEATURES=0 LOH_INCLUDE_AVGTOPK_CANDIDATE_FEATURES=0 LOH_INCLUDE_REQUEST=0 LOH_ENABLE_PENALTY=1 LOH_REWARD_USE_PENALTY=1 LOH_PENALTY_SCALE=log LOH_PENALTY_REWARD_FORMULA=centered LOH_REWARD_W_PENALTY=1.0 LOH_PENALTY_CUTOFF=0 LOH_PENALTY_DMAX=400000 LOH_PENALTY_EMPTY_AS_GOOD=1 LOH_PENALTY_REFINE_ON_LATE=1 LOH_PENALTY_NO_EVICT_REWARD=keep LOH_PENALTY_BASELINE_DECAY=0.99 LOH_SURVIVAL_BINS=64 LOH_SURVIVAL_QUANTILE=0.99 LOH_SURVIVAL_MINCOUNT=1000 LOH_PENALTY_NET_GOOD_SCALE=1.0 LOH_PENALTY_NET_PENALTY_SCALE=1.0 LOH_PENALTY_SCALE=survival LOH_SURVIVAL_BINS=64
110,1,11001,bestcfg_penalty_3t_3m_20260207_000001__wiki_2019t_110_r01,0,0.594407,0.490982,0.01,data/WikiCDN/wiki_2019t.oracleGeneral.zst,0.1,LOH_PARALLEL_SAFE=1 LOH_SKIP_PIP_INSTALL=1 LOH_SKIP_BUILD=1 LOH_DEBUG_LEVEL=1 CACHESIM_VERBOSE=0 CACHESIM_NUM_REQ=3000000 LOH_RL_ALGO=SAC LOH_ACTION_SCALE=1.0 LOH_SCORE_USE_COMPOUND=0 LOH_SCORE_USE_IRT=0 LOH_USE_SOFTMAX=1 LOH_USE_HEURISTIC_SIGNS=0 LOH_INCLUDE_HIT_MISS_FEATURES=0 LOH_INCLUDE_CACHE_FEATURES=0 LOH_INCLUDE_CANDIDATE_FEATURES=0 LOH_INCLUDE_TOPK_CANDIDATE_FEATURES=0 LOH_INCLUDE_AVGTOPK_CANDIDATE_FEATURES=0 LOH_INCLUDE_REQUEST=0 LOH_ENABLE_PENALTY=1 LOH_REWARD_USE_PENALTY=1 LOH_PENALTY_SCALE=log LOH_PENALTY_REWARD_FORMULA=centered LOH_REWARD_W_PENALTY=1.0 LOH_PENALTY_CUTOFF=0 LOH_PENALTY_DMAX=400000 LOH_PENALTY_EMPTY_AS_GOOD=1 LOH_PENALTY_REFINE_ON_LATE=1 LOH_PENALTY_NO_EVICT_REWARD=keep LOH_PENALTY_BASELINE_DECAY=0.99 LOH_SURVIVAL_BINS=64 LOH_SURVIVAL_QUANTILE=0.99 LOH_SURVIVAL_MINCOUNT=1000 LOH_PENALTY_NET_GOOD_SCALE=1.0 LOH_PENALTY_NET_PENALTY_SCALE=1.0 LOH_PENALTY_SCALE=survival LOH_SURVIVAL_MINCOUNT=500
111,1,11101,bestcfg_penalty_3t_3m_20260207_000001__wiki_2019t_111_r01,0,0.594443,0.491311,0.01,data/WikiCDN/wiki_2019t.oracleGeneral.zst,0.1,LOH_PARALLEL_SAFE=1 LOH_SKIP_PIP_INSTALL=1 LOH_SKIP_BUILD=1 LOH_DEBUG_LEVEL=1 CACHESIM_VERBOSE=0 CACHESIM_NUM_REQ=3000000 LOH_RL_ALGO=SAC LOH_ACTION_SCALE=1.0 LOH_SCORE_USE_COMPOUND=0 LOH_SCORE_USE_IRT=0 LOH_USE_SOFTMAX=1 LOH_USE_HEURISTIC_SIGNS=0 LOH_INCLUDE_HIT_MISS_FEATURES=0 LOH_INCLUDE_CACHE_FEATURES=0 LOH_INCLUDE_CANDIDATE_FEATURES=0 LOH_INCLUDE_TOPK_CANDIDATE_FEATURES=0 LOH_INCLUDE_AVGTOPK_CANDIDATE_FEATURES=0 LOH_INCLUDE_REQUEST=0 LOH_ENABLE_PENALTY=1 LOH_REWARD_USE_PENALTY=1 LOH_PENALTY_SCALE=log LOH_PENALTY_REWARD_FORMULA=centered LOH_REWARD_W_PENALTY=1.0 LOH_PENALTY_CUTOFF=0 LOH_PENALTY_DMAX=400000 LOH_PENALTY_EMPTY_AS_GOOD=1 LOH_PENALTY_REFINE_ON_LATE=1 LOH_PENALTY_NO_EVICT_REWARD=keep LOH_PENALTY_BASELINE_DECAY=0.99 LOH_SURVIVAL_BINS=64 LOH_SURVIVAL_QUANTILE=0.99 LOH_SURVIVAL_MINCOUNT=1000 LOH_PENALTY_NET_GOOD_SCALE=1.0 LOH_PENALTY_NET_PENALTY_SCALE=1.0 LOH_PENALTY_SCALE=survival LOH_SURVIVAL_MINCOUNT=1000
112,1,11201,bestcfg_penalty_3t_3m_20260207_000001__wiki_2019t_112_r01,0,0.594420,0.490976,0.01,data/WikiCDN/wiki_2019t.oracleGeneral.zst,0.1,LOH_PARALLEL_SAFE=1 LOH_SKIP_PIP_INSTALL=1 LOH_SKIP_BUILD=1 LOH_DEBUG_LEVEL=1 CACHESIM_VERBOSE=0 CACHESIM_NUM_REQ=3000000 LOH_RL_ALGO=SAC LOH_ACTION_SCALE=1.0 LOH_SCORE_USE_COMPOUND=0 LOH_SCORE_USE_IRT=0 LOH_USE_SOFTMAX=1 LOH_USE_HEURISTIC_SIGNS=0 LOH_INCLUDE_HIT_MISS_FEATURES=0 LOH_INCLUDE_CACHE_FEATURES=0 LOH_INCLUDE_CANDIDATE_FEATURES=0 LOH_INCLUDE_TOPK_CANDIDATE_FEATURES=0 LOH_INCLUDE_AVGTOPK_CANDIDATE_FEATURES=0 LOH_INCLUDE_REQUEST=0 LOH_ENABLE_PENALTY=1 LOH_REWARD_USE_PENALTY=1 LOH_PENALTY_SCALE=log LOH_PENALTY_REWARD_FORMULA=centered LOH_REWARD_W_PENALTY=1.0 LOH_PENALTY_CUTOFF=0 LOH_PENALTY_DMAX=400000 LOH_PENALTY_EMPTY_AS_GOOD=1 LOH_PENALTY_REFINE_ON_LATE=1 LOH_PENALTY_NO_EVICT_REWARD=keep LOH_PENALTY_BASELINE_DECAY=0.99 LOH_SURVIVAL_BINS=64 LOH_SURVIVAL_QUANTILE=0.99 LOH_SURVIVAL_MINCOUNT=1000 LOH_PENALTY_NET_GOOD_SCALE=1.0 LOH_PENALTY_NET_PENALTY_SCALE=1.0 LOH_PENALTY_REWARD_FORMULA=net LOH_PENALTY_NET_GOOD_SCALE=0.5
113,1,11301,bestcfg_penalty_3t_3m_20260207_000001__wiki_2019t_113_r01,0,0.594597,0.490961,0.01,data/WikiCDN/wiki_2019t.oracleGeneral.zst,0.1,LOH_PARALLEL_SAFE=1 LOH_SKIP_PIP_INSTALL=1 LOH_SKIP_BUILD=1 LOH_DEBUG_LEVEL=1 CACHESIM_VERBOSE=0 CACHESIM_NUM_REQ=3000000 LOH_RL_ALGO=SAC LOH_ACTION_SCALE=1.0 LOH_SCORE_USE_COMPOUND=0 LOH_SCORE_USE_IRT=0 LOH_USE_SOFTMAX=1 LOH_USE_HEURISTIC_SIGNS=0 LOH_INCLUDE_HIT_MISS_FEATURES=0 LOH_INCLUDE_CACHE_FEATURES=0 LOH_INCLUDE_CANDIDATE_FEATURES=0 LOH_INCLUDE_TOPK_CANDIDATE_FEATURES=0 LOH_INCLUDE_AVGTOPK_CANDIDATE_FEATURES=0 LOH_INCLUDE_REQUEST=0 LOH_ENABLE_PENALTY=1 LOH_REWARD_USE_PENALTY=1 LOH_PENALTY_SCALE=log LOH_PENALTY_REWARD_FORMULA=centered LOH_REWARD_W_PENALTY=1.0 LOH_PENALTY_CUTOFF=0 LOH_PENALTY_DMAX=400000 LOH_PENALTY_EMPTY_AS_GOOD=1 LOH_PENALTY_REFINE_ON_LATE=1 LOH_PENALTY_NO_EVICT_REWARD=keep LOH_PENALTY_BASELINE_DECAY=0.99 LOH_SURVIVAL_BINS=64 LOH_SURVIVAL_QUANTILE=0.99 LOH_SURVIVAL_MINCOUNT=1000 LOH_PENALTY_NET_GOOD_SCALE=1.0 LOH_PENALTY_NET_PENALTY_SCALE=1.0 LOH_PENALTY_REWARD_FORMULA=net LOH_PENALTY_NET_GOOD_SCALE=1.0
114,1,11401,bestcfg_penalty_3t_3m_20260207_000001__wiki_2019t_114_r01,0,0.594301,0.491051,0.01,data/WikiCDN/wiki_2019t.oracleGeneral.zst,0.1,LOH_PARALLEL_SAFE=1 LOH_SKIP_PIP_INSTALL=1 LOH_SKIP_BUILD=1 LOH_DEBUG_LEVEL=1 CACHESIM_VERBOSE=0 CACHESIM_NUM_REQ=3000000 LOH_RL_ALGO=SAC LOH_ACTION_SCALE=1.0 LOH_SCORE_USE_COMPOUND=0 LOH_SCORE_USE_IRT=0 LOH_USE_SOFTMAX=1 LOH_USE_HEURISTIC_SIGNS=0 LOH_INCLUDE_HIT_MISS_FEATURES=0 LOH_INCLUDE_CACHE_FEATURES=0 LOH_INCLUDE_CANDIDATE_FEATURES=0 LOH_INCLUDE_TOPK_CANDIDATE_FEATURES=0 LOH_INCLUDE_AVGTOPK_CANDIDATE_FEATURES=0 LOH_INCLUDE_REQUEST=0 LOH_ENABLE_PENALTY=1 LOH_REWARD_USE_PENALTY=1 LOH_PENALTY_SCALE=log LOH_PENALTY_REWARD_FORMULA=centered LOH_REWARD_W_PENALTY=1.0 LOH_PENALTY_CUTOFF=0 LOH_PENALTY_DMAX=400000 LOH_PENALTY_EMPTY_AS_GOOD=1 LOH_PENALTY_REFINE_ON_LATE=1 LOH_PENALTY_NO_EVICT_REWARD=keep LOH_PENALTY_BASELINE_DECAY=0.99 LOH_SURVIVAL_BINS=64 LOH_SURVIVAL_QUANTILE=0.99 LOH_SURVIVAL_MINCOUNT=1000 LOH_PENALTY_NET_GOOD_SCALE=1.0 LOH_PENALTY_NET_PENALTY_SCALE=1.0 LOH_PENALTY_REWARD_FORMULA=net LOH_PENALTY_NET_GOOD_SCALE=2.0
115,1,11501,bestcfg_penalty_3t_3m_20260207_000001__wiki_2019t_115_r01,0,0.594320,0.490975,0.01,data/WikiCDN/wiki_2019t.oracleGeneral.zst,0.1,LOH_PARALLEL_SAFE=1 LOH_SKIP_PIP_INSTALL=1 LOH_SKIP_BUILD=1 LOH_DEBUG_LEVEL=1 CACHESIM_VERBOSE=0 CACHESIM_NUM_REQ=3000000 LOH_RL_ALGO=SAC LOH_ACTION_SCALE=1.0 LOH_SCORE_USE_COMPOUND=0 LOH_SCORE_USE_IRT=0 LOH_USE_SOFTMAX=1 LOH_USE_HEURISTIC_SIGNS=0 LOH_INCLUDE_HIT_MISS_FEATURES=0 LOH_INCLUDE_CACHE_FEATURES=0 LOH_INCLUDE_CANDIDATE_FEATURES=0 LOH_INCLUDE_TOPK_CANDIDATE_FEATURES=0 LOH_INCLUDE_AVGTOPK_CANDIDATE_FEATURES=0 LOH_INCLUDE_REQUEST=0 LOH_ENABLE_PENALTY=1 LOH_REWARD_USE_PENALTY=1 LOH_PENALTY_SCALE=log LOH_PENALTY_REWARD_FORMULA=centered LOH_REWARD_W_PENALTY=1.0 LOH_PENALTY_CUTOFF=0 LOH_PENALTY_DMAX=400000 LOH_PENALTY_EMPTY_AS_GOOD=1 LOH_PENALTY_REFINE_ON_LATE=1 LOH_PENALTY_NO_EVICT_REWARD=keep LOH_PENALTY_BASELINE_DECAY=0.99 LOH_SURVIVAL_BINS=64 LOH_SURVIVAL_QUANTILE=0.99 LOH_SURVIVAL_MINCOUNT=1000 LOH_PENALTY_NET_GOOD_SCALE=1.0 LOH_PENALTY_NET_PENALTY_SCALE=1.0 LOH_PENALTY_REWARD_FORMULA=net LOH_PENALTY_NET_PENALTY_SCALE=0.5
116,1,11601,bestcfg_penalty_3t_3m_20260207_000001__wiki_2019t_116_r01,0,0.594549,0.491060,0.01,data/WikiCDN/wiki_2019t.oracleGeneral.zst,0.1,LOH_PARALLEL_SAFE=1 LOH_SKIP_PIP_INSTALL=1 LOH_SKIP_BUILD=1 LOH_DEBUG_LEVEL=1 CACHESIM_VERBOSE=0 CACHESIM_NUM_REQ=3000000 LOH_RL_ALGO=SAC LOH_ACTION_SCALE=1.0 LOH_SCORE_USE_COMPOUND=0 LOH_SCORE_USE_IRT=0 LOH_USE_SOFTMAX=1 LOH_USE_HEURISTIC_SIGNS=0 LOH_INCLUDE_HIT_MISS_FEATURES=0 LOH_INCLUDE_CACHE_FEATURES=0 LOH_INCLUDE_CANDIDATE_FEATURES=0 LOH_INCLUDE_TOPK_CANDIDATE_FEATURES=0 LOH_INCLUDE_AVGTOPK_CANDIDATE_FEATURES=0 LOH_INCLUDE_REQUEST=0 LOH_ENABLE_PENALTY=1 LOH_REWARD_USE_PENALTY=1 LOH_PENALTY_SCALE=log LOH_PENALTY_REWARD_FORMULA=centered LOH_REWARD_W_PENALTY=1.0 LOH_PENALTY_CUTOFF=0 LOH_PENALTY_DMAX=400000 LOH_PENALTY_EMPTY_AS_GOOD=1 LOH_PENALTY_REFINE_ON_LATE=1 LOH_PENALTY_NO_EVICT_REWARD=keep LOH_PENALTY_BASELINE_DECAY=0.99 LOH_SURVIVAL_BINS=64 LOH_SURVIVAL_QUANTILE=0.99 LOH_SURVIVAL_MINCOUNT=1000 LOH_PENALTY_NET_GOOD_SCALE=1.0 LOH_PENALTY_NET_PENALTY_SCALE=1.0 LOH_PENALTY_REWARD_FORMULA=net LOH_PENALTY_NET_PENALTY_SCALE=1.0
117,1,11701,bestcfg_penalty_3t_3m_20260207_000001__wiki_2019t_117_r01,0,0.594278,0.491135,0.01,data/WikiCDN/wiki_2019t.oracleGeneral.zst,0.1,LOH_PARALLEL_SAFE=1 LOH_SKIP_PIP_INSTALL=1 LOH_SKIP_BUILD=1 LOH_DEBUG_LEVEL=1 CACHESIM_VERBOSE=0 CACHESIM_NUM_REQ=3000000 LOH_RL_ALGO=SAC LOH_ACTION_SCALE=1.0 LOH_SCORE_USE_COMPOUND=0 LOH_SCORE_USE_IRT=0 LOH_USE_SOFTMAX=1 LOH_USE_HEURISTIC_SIGNS=0 LOH_INCLUDE_HIT_MISS_FEATURES=0 LOH_INCLUDE_CACHE_FEATURES=0 LOH_INCLUDE_CANDIDATE_FEATURES=0 LOH_INCLUDE_TOPK_CANDIDATE_FEATURES=0 LOH_INCLUDE_AVGTOPK_CANDIDATE_FEATURES=0 LOH_INCLUDE_REQUEST=0 LOH_ENABLE_PENALTY=1 LOH_REWARD_USE_PENALTY=1 LOH_PENALTY_SCALE=log LOH_PENALTY_REWARD_FORMULA=centered LOH_REWARD_W_PENALTY=1.0 LOH_PENALTY_CUTOFF=0 LOH_PENALTY_DMAX=400000 LOH_PENALTY_EMPTY_AS_GOOD=1 LOH_PENALTY_REFINE_ON_LATE=1 LOH_PENALTY_NO_EVICT_REWARD=keep LOH_PENALTY_BASELINE_DECAY=0.99 LOH_SURVIVAL_BINS=64 LOH_SURVIVAL_QUANTILE=0.99 LOH_SURVIVAL_MINCOUNT=1000 LOH_PENALTY_NET_GOOD_SCALE=1.0 LOH_PENALTY_NET_PENALTY_SCALE=1.0 LOH_PENALTY_REWARD_FORMULA=net LOH_PENALTY_NET_PENALTY_SCALE=2.0
118,1,11801,bestcfg_penalty_3t_3m_20260207_000001__wiki_2019t_118_r01,0,0.594308,0.491592,0.01,data/WikiCDN/wiki_2019t.oracleGeneral.zst,0.1,LOH_PARALLEL_SAFE=1 LOH_SKIP_PIP_INSTALL=1 LOH_SKIP_BUILD=1 LOH_DEBUG_LEVEL=1 CACHESIM_VERBOSE=0 CACHESIM_NUM_REQ=3000000 LOH_RL_ALGO=SAC LOH_ACTION_SCALE=1.0 LOH_SCORE_USE_COMPOUND=0 LOH_SCORE_USE_IRT=0 LOH_USE_SOFTMAX=1 LOH_USE_HEURISTIC_SIGNS=0 LOH_INCLUDE_HIT_MISS_FEATURES=0 LOH_INCLUDE_CACHE_FEATURES=0 LOH_INCLUDE_CANDIDATE_FEATURES=0 LOH_INCLUDE_TOPK_CANDIDATE_FEATURES=0 LOH_INCLUDE_AVGTOPK_CANDIDATE_FEATURES=0 LOH_INCLUDE_REQUEST=0 LOH_ENABLE_PENALTY=1 LOH_REWARD_USE_PENALTY=1 LOH_PENALTY_SCALE=log LOH_PENALTY_REWARD_FORMULA=centered LOH_REWARD_W_PENALTY=1.0 LOH_PENALTY_CUTOFF=0 LOH_PENALTY_DMAX=400000 LOH_PENALTY_EMPTY_AS_GOOD=1 LOH_PENALTY_REFINE_ON_LATE=1 LOH_PENALTY_NO_EVICT_REWARD=keep LOH_PENALTY_BASELINE_DECAY=0.99 LOH_SURVIVAL_BINS=64 LOH_SURVIVAL_QUANTILE=0.99 LOH_SURVIVAL_MINCOUNT=1000 LOH_PENALTY_NET_GOOD_SCALE=1.0 LOH_PENALTY_NET_PENALTY_SCALE=1.0 LOH_PENALTY_REWARD_FORMULA=net2 LOH_PENALTY_NET_GOOD_SCALE=0.5
119,1,11901,bestcfg_penalty_3t_3m_20260207_000001__wiki_2019t_119_r01,0,0.594276,0.491247,0.01,data/WikiCDN/wiki_2019t.oracleGeneral.zst,0.1,LOH_PARALLEL_SAFE=1 LOH_SKIP_PIP_INSTALL=1 LOH_SKIP_BUILD=1 LOH_DEBUG_LEVEL=1 CACHESIM_VERBOSE=0 CACHESIM_NUM_REQ=3000000 LOH_RL_ALGO=SAC LOH_ACTION_SCALE=1.0 LOH_SCORE_USE_COMPOUND=0 LOH_SCORE_USE_IRT=0 LOH_USE_SOFTMAX=1 LOH_USE_HEURISTIC_SIGNS=0 LOH_INCLUDE_HIT_MISS_FEATURES=0 LOH_INCLUDE_CACHE_FEATURES=0 LOH_INCLUDE_CANDIDATE_FEATURES=0 LOH_INCLUDE_TOPK_CANDIDATE_FEATURES=0 LOH_INCLUDE_AVGTOPK_CANDIDATE_FEATURES=0 LOH_INCLUDE_REQUEST=0 LOH_ENABLE_PENALTY=1 LOH_REWARD_USE_PENALTY=1 LOH_PENALTY_SCALE=log LOH_PENALTY_REWARD_FORMULA=centered LOH_REWARD_W_PENALTY=1.0 LOH_PENALTY_CUTOFF=0 LOH_PENALTY_DMAX=400000 LOH_PENALTY_EMPTY_AS_GOOD=1 LOH_PENALTY_REFINE_ON_LATE=1 LOH_PENALTY_NO_EVICT_REWARD=keep LOH_PENALTY_BASELINE_DECAY=0.99 LOH_SURVIVAL_BINS=64 LOH_SURVIVAL_QUANTILE=0.99 LOH_SURVIVAL_MINCOUNT=1000 LOH_PENALTY_NET_GOOD_SCALE=1.0 LOH_PENALTY_NET_PENALTY_SCALE=1.0 LOH_PENALTY_REWARD_FORMULA=net2 LOH_PENALTY_NET_GOOD_SCALE=1.0
120,1,12001,bestcfg_penalty_3t_3m_20260207_000001__wiki_2019t_120_r01,0,0.594477,0.490828,0.01,data/WikiCDN/wiki_2019t.oracleGeneral.zst,0.1,LOH_PARALLEL_SAFE=1 LOH_SKIP_PIP_INSTALL=1 LOH_SKIP_BUILD=1 LOH_DEBUG_LEVEL=1 CACHESIM_VERBOSE=0 CACHESIM_NUM_REQ=3000000 LOH_RL_ALGO=SAC LOH_ACTION_SCALE=1.0 LOH_SCORE_USE_COMPOUND=0 LOH_SCORE_USE_IRT=0 LOH_USE_SOFTMAX=1 LOH_USE_HEURISTIC_SIGNS=0 LOH_INCLUDE_HIT_MISS_FEATURES=0 LOH_INCLUDE_CACHE_FEATURES=0 LOH_INCLUDE_CANDIDATE_FEATURES=0 LOH_INCLUDE_TOPK_CANDIDATE_FEATURES=0 LOH_INCLUDE_AVGTOPK_CANDIDATE_FEATURES=0 LOH_INCLUDE_REQUEST=0 LOH_ENABLE_PENALTY=1 LOH_REWARD_USE_PENALTY=1 LOH_PENALTY_SCALE=log LOH_PENALTY_REWARD_FORMULA=centered LOH_REWARD_W_PENALTY=1.0 LOH_PENALTY_CUTOFF=0 LOH_PENALTY_DMAX=400000 LOH_PENALTY_EMPTY_AS_GOOD=1 LOH_PENALTY_REFINE_ON_LATE=1 LOH_PENALTY_NO_EVICT_REWARD=keep LOH_PENALTY_BASELINE_DECAY=0.99 LOH_SURVIVAL_BINS=64 LOH_SURVIVAL_QUANTILE=0.99 LOH_SURVIVAL_MINCOUNT=1000 LOH_PENALTY_NET_GOOD_SCALE=1.0 LOH_PENALTY_NET_PENALTY_SCALE=1.0 LOH_PENALTY_REWARD_FORMULA=net2 LOH_PENALTY_NET_GOOD_SCALE=2.0
121,1,12101,bestcfg_penalty_3t_3m_20260207_000001__wiki_2019t_121_r01,0,0.594282,0.490948,0.01,data/WikiCDN/wiki_2019t.oracleGeneral.zst,0.1,LOH_PARALLEL_SAFE=1 LOH_SKIP_PIP_INSTALL=1 LOH_SKIP_BUILD=1 LOH_DEBUG_LEVEL=1 CACHESIM_VERBOSE=0 CACHESIM_NUM_REQ=3000000 LOH_RL_ALGO=SAC LOH_ACTION_SCALE=1.0 LOH_SCORE_USE_COMPOUND=0 LOH_SCORE_USE_IRT=0 LOH_USE_SOFTMAX=1 LOH_USE_HEURISTIC_SIGNS=0 LOH_INCLUDE_HIT_MISS_FEATURES=0 LOH_INCLUDE_CACHE_FEATURES=0 LOH_INCLUDE_CANDIDATE_FEATURES=0 LOH_INCLUDE_TOPK_CANDIDATE_FEATURES=0 LOH_INCLUDE_AVGTOPK_CANDIDATE_FEATURES=0 LOH_INCLUDE_REQUEST=0 LOH_ENABLE_PENALTY=1 LOH_REWARD_USE_PENALTY=1 LOH_PENALTY_SCALE=log LOH_PENALTY_REWARD_FORMULA=centered LOH_REWARD_W_PENALTY=1.0 LOH_PENALTY_CUTOFF=0 LOH_PENALTY_DMAX=400000 LOH_PENALTY_EMPTY_AS_GOOD=1 LOH_PENALTY_REFINE_ON_LATE=1 LOH_PENALTY_NO_EVICT_REWARD=keep LOH_PENALTY_BASELINE_DECAY=0.99 LOH_SURVIVAL_BINS=64 LOH_SURVIVAL_QUANTILE=0.99 LOH_SURVIVAL_MINCOUNT=1000 LOH_PENALTY_NET_GOOD_SCALE=1.0 LOH_PENALTY_NET_PENALTY_SCALE=1.0 LOH_PENALTY_REWARD_FORMULA=net2 LOH_PENALTY_NET_PENALTY_SCALE=0.5
122,1,12201,bestcfg_penalty_3t_3m_20260207_000001__wiki_2019t_122_r01,0,0.594139,0.491081,0.01,data/WikiCDN/wiki_2019t.oracleGeneral.zst,0.1,LOH_PARALLEL_SAFE=1 LOH_SKIP_PIP_INSTALL=1 LOH_SKIP_BUILD=1 LOH_DEBUG_LEVEL=1 CACHESIM_VERBOSE=0 CACHESIM_NUM_REQ=3000000 LOH_RL_ALGO=SAC LOH_ACTION_SCALE=1.0 LOH_SCORE_USE_COMPOUND=0 LOH_SCORE_USE_IRT=0 LOH_USE_SOFTMAX=1 LOH_USE_HEURISTIC_SIGNS=0 LOH_INCLUDE_HIT_MISS_FEATURES=0 LOH_INCLUDE_CACHE_FEATURES=0 LOH_INCLUDE_CANDIDATE_FEATURES=0 LOH_INCLUDE_TOPK_CANDIDATE_FEATURES=0 LOH_INCLUDE_AVGTOPK_CANDIDATE_FEATURES=0 LOH_INCLUDE_REQUEST=0 LOH_ENABLE_PENALTY=1 LOH_REWARD_USE_PENALTY=1 LOH_PENALTY_SCALE=log LOH_PENALTY_REWARD_FORMULA=centered LOH_REWARD_W_PENALTY=1.0 LOH_PENALTY_CUTOFF=0 LOH_PENALTY_DMAX=400000 LOH_PENALTY_EMPTY_AS_GOOD=1 LOH_PENALTY_REFINE_ON_LATE=1 LOH_PENALTY_NO_EVICT_REWARD=keep LOH_PENALTY_BASELINE_DECAY=0.99 LOH_SURVIVAL_BINS=64 LOH_SURVIVAL_QUANTILE=0.99 LOH_SURVIVAL_MINCOUNT=1000 LOH_PENALTY_NET_GOOD_SCALE=1.0 LOH_PENALTY_NET_PENALTY_SCALE=1.0 LOH_PENALTY_REWARD_FORMULA=net2 LOH_PENALTY_NET_PENALTY_SCALE=1.0
123,1,12301,bestcfg_penalty_3t_3m_20260207_000001__wiki_2019t_123_r01,0,0.594361,0.490361,0.01,data/WikiCDN/wiki_2019t.oracleGeneral.zst,0.1,LOH_PARALLEL_SAFE=1 LOH_SKIP_PIP_INSTALL=1 LOH_SKIP_BUILD=1 LOH_DEBUG_LEVEL=1 CACHESIM_VERBOSE=0 CACHESIM_NUM_REQ=3000000 LOH_RL_ALGO=SAC LOH_ACTION_SCALE=1.0 LOH_SCORE_USE_COMPOUND=0 LOH_SCORE_USE_IRT=0 LOH_USE_SOFTMAX=1 LOH_USE_HEURISTIC_SIGNS=0 LOH_INCLUDE_HIT_MISS_FEATURES=0 LOH_INCLUDE_CACHE_FEATURES=0 LOH_INCLUDE_CANDIDATE_FEATURES=0 LOH_INCLUDE_TOPK_CANDIDATE_FEATURES=0 LOH_INCLUDE_AVGTOPK_CANDIDATE_FEATURES=0 LOH_INCLUDE_REQUEST=0 LOH_ENABLE_PENALTY=1 LOH_REWARD_USE_PENALTY=1 LOH_PENALTY_SCALE=log LOH_PENALTY_REWARD_FORMULA=centered LOH_REWARD_W_PENALTY=1.0 LOH_PENALTY_CUTOFF=0 LOH_PENALTY_DMAX=400000 LOH_PENALTY_EMPTY_AS_GOOD=1 LOH_PENALTY_REFINE_ON_LATE=1 LOH_PENALTY_NO_EVICT_REWARD=keep LOH_PENALTY_BASELINE_DECAY=0.99 LOH_SURVIVAL_BINS=64 LOH_SURVIVAL_QUANTILE=0.99 LOH_SURVIVAL_MINCOUNT=1000 LOH_PENALTY_NET_GOOD_SCALE=1.0 LOH_PENALTY_NET_PENALTY_SCALE=1.0 LOH_PENALTY_REWARD_FORMULA=net2 LOH_PENALTY_NET_PENALTY_SCALE=2.0
