step,w0,w1,w2,w3,w4,w5,w6
1,0.08619709,0.10089484,0.20662199,0.16492938,0.08394216,0.35741457,0.0
2,0.12219743,0.12476454,0.26774418,0.16994908,0.17264052,0.14270426,0.0
3,0.18738545,0.2790464,0.21902324,0.10008968,0.08218602,0.13226914,0.0
4,0.11003406,0.11178438,0.24154532,0.2726877,0.14664982,0.11729874,0.0
5,0.10289157,0.19644217,0.23582679,0.07034442,0.3130686,0.08142644,0.0
6,0.059239,0.06658974,0.21858126,0.2892818,0.26774088,0.09856726,0.0
7,0.15747924,0.17663598,0.06018518,0.10735694,0.37940687,0.11893582,0.0
8,0.24003834,0.15858673,0.09186348,0.12161108,0.29556063,0.09233981,0.0
9,0.290104,0.07091492,0.2673175,0.08475806,0.05973822,0.22716726,0.0
10,0.07819325,0.11923359,0.1346554,0.33697662,0.05252606,0.278415,0.0
11,0.2887278,0.06018382,0.08725404,0.25184092,0.1994933,0.11250016,0.0
12,0.06986213,0.2527236,0.2641888,0.17794617,0.05769128,0.17758808,0.0
13,0.12437787,0.12575234,0.05411755,0.3491928,0.29108506,0.05547442,0.0
14,0.23687398,0.07772702,0.18825783,0.11795472,0.1334125,0.24577396,0.0
15,0.24050747,0.16460396,0.09855684,0.0412249,0.20973271,0.24537417,0.0
16,0.06349967,0.06347659,0.24538386,0.1906774,0.181709,0.25525346,0.0
17,0.17012654,0.07630558,0.27911514,0.06521355,0.18041337,0.22882578,0.0
18,0.24482365,0.19741346,0.14599918,0.06964679,0.11060785,0.23150906,0.0
19,0.2433353,0.17124367,0.08935287,0.12407504,0.23621899,0.13577415,0.0
20,0.12390882,0.1867281,0.12122793,0.17639585,0.14045314,0.25128618,0.0
21,0.21959168,0.22329795,0.08947164,0.07112026,0.15115894,0.24535963,0.0
22,0.17677672,0.1096957,0.29300523,0.1444582,0.10084681,0.17521733,0.0
23,0.17742836,0.07839949,0.17632046,0.11972899,0.23509395,0.21302879,0.0
24,0.07750098,0.05502973,0.38605964,0.15589567,0.1630357,0.16247824,0.0
25,0.21064703,0.15490477,0.17850226,0.09174155,0.2634863,0.10071808,0.0
26,0.12751812,0.3400949,0.06709763,0.20763353,0.19986494,0.05779082,0.0
27,0.11799771,0.3546174,0.167056,0.08209883,0.14874996,0.12948027,0.0
28,0.15061907,0.19220263,0.07110252,0.21208027,0.21034738,0.16364817,0.0
29,0.11383314,0.23101333,0.14419715,0.11243922,0.12208205,0.27643505,0.0
30,0.23577914,0.13742386,0.16114978,0.07012618,0.25676852,0.13875253,0.0
31,0.09028982,0.14872818,0.15031339,0.3363846,0.12177301,0.15251108,0.0
32,0.28811577,0.1461799,0.17693615,0.1790683,0.0548663,0.15483363,0.0
33,0.27136672,0.09293865,0.11143325,0.17399368,0.24988824,0.10037945,0.0
34,0.052561,0.13205886,0.13034803,0.2957722,0.22276235,0.16649748,0.0
35,0.17871334,0.3470626,0.06878641,0.1589192,0.18508917,0.06142925,0.0
36,0.21395366,0.19343778,0.21406208,0.17327875,0.05210429,0.1531634,0.0
37,0.14301401,0.1922347,0.05139498,0.17590563,0.13046634,0.30698436,0.0
38,0.06034352,0.10821659,0.14739074,0.282185,0.11310008,0.28876406,0.0
39,0.14168131,0.05366097,0.24490027,0.08806539,0.29321942,0.17847261,0.0
40,0.19522454,0.37401673,0.06433333,0.14794639,0.15582876,0.06265023,0.0
41,0.32253146,0.25680822,0.12718739,0.05056411,0.12978548,0.11312338,0.0
42,0.0852172,0.12325261,0.107879,0.07715197,0.40150705,0.20499212,0.0
43,0.20173839,0.08698122,0.07973112,0.1331355,0.20159745,0.29681635,0.0
44,0.1816863,0.25088775,0.09031902,0.21180665,0.08251508,0.18278523,0.0
45,0.17204426,0.15246408,0.1286717,0.12437639,0.15728691,0.2651567,0.0
46,0.23594555,0.14900015,0.04961231,0.10488906,0.20552167,0.25503126,0.0
47,0.15038688,0.09526653,0.06888391,0.10405209,0.4793631,0.10204747,0.0
48,0.13075307,0.35817727,0.06816702,0.06765655,0.10039443,0.2748516,0.0
49,0.20091398,0.2043269,0.1178252,0.14758955,0.18003517,0.14930916,0.0
50,0.18804844,0.2911931,0.15008959,0.08597966,0.09431795,0.1903713,0.0
51,0.17750004,0.18429108,0.1617876,0.22148268,0.154591,0.10034763,0.0
52,0.10038473,0.05116412,0.26444426,0.11636014,0.18336776,0.28427893,0.0
53,0.2365464,0.14637965,0.21360415,0.10184704,0.11629531,0.1853275,0.0
54,0.22484447,0.08397424,0.26822963,0.10866302,0.21684621,0.09744232,0.0
55,0.09759388,0.12199181,0.28460765,0.18987168,0.19490226,0.11103268,0.0
56,0.18062426,0.17374115,0.17203614,0.3064949,0.08796714,0.07913647,0.0
57,0.08745933,0.18134472,0.16647032,0.16037712,0.3006231,0.10372548,0.0
58,0.24684654,0.22232011,0.16215983,0.16987306,0.06240769,0.13639268,0.0
59,0.41238102,0.08781789,0.14414506,0.14814793,0.09648506,0.11102306,0.0
60,0.11211898,0.22756784,0.17777148,0.16527936,0.07496861,0.24229375,0.0
61,0.17214625,0.0543387,0.1790964,0.1788225,0.13463086,0.2809653,0.0
62,0.09570051,0.28199336,0.06323375,0.14217392,0.2689668,0.14793171,0.0
63,0.15331386,0.09705568,0.17870563,0.29079002,0.20711304,0.07302178,0.0
64,0.17426857,0.09774768,0.21130817,0.22991647,0.1985837,0.08817543,0.0
65,0.34940207,0.1331414,0.06214592,0.23880465,0.15864675,0.05785919,0.0
66,0.11707017,0.16859731,0.250094,0.14535525,0.16506591,0.15381736,0.0
67,0.07819191,0.08013756,0.14088424,0.33565274,0.29422888,0.07090466,0.0
68,0.07584923,0.08632036,0.30219862,0.15876833,0.19527411,0.1815894,0.0
69,0.04729389,0.19427298,0.08109774,0.18723044,0.23906946,0.25103545,0.0
70,0.05513545,0.27516076,0.0518235,0.20543955,0.20850326,0.20393741,0.0
71,0.09547575,0.09139526,0.13855587,0.23309,0.31792992,0.12355311,0.0
72,0.1839194,0.2764026,0.05522995,0.08344983,0.08530635,0.31569183,0.0
73,0.07128895,0.33615598,0.05776571,0.24152833,0.15292676,0.1403342,0.0
74,0.05851529,0.33547112,0.07402068,0.24715523,0.10467077,0.18016683,0.0
75,0.04682614,0.31174397,0.2414703,0.07458331,0.27154377,0.05383253,0.0
76,0.18920712,0.21584113,0.17853388,0.06180551,0.30973658,0.04487573,0.0
77,0.22552122,0.10442417,0.05415787,0.10162939,0.20759502,0.30667242,0.0
78,0.28527597,0.0792029,0.06939797,0.09046155,0.23947406,0.2361876,0.0
79,0.05721724,0.11513048,0.04617729,0.30402586,0.26084214,0.216607,0.0
80,0.19420934,0.26785988,0.10457625,0.18550265,0.10673048,0.1411214,0.0
81,0.12009192,0.27573138,0.30134076,0.09282356,0.09242412,0.11758825,0.0
82,0.28470176,0.08835354,0.12632477,0.19980372,0.07121009,0.22960614,0.0
83,0.07173464,0.15769087,0.05035102,0.31033587,0.09356524,0.31632242,0.0
84,0.12481394,0.2437335,0.10069647,0.1256365,0.08893343,0.31618625,0.0
85,0.11206909,0.28620335,0.17459483,0.08288325,0.11784747,0.22640194,0.0
86,0.13705918,0.13394795,0.18231326,0.2409603,0.14535514,0.16036403,0.0
87,0.06850161,0.13758999,0.3524365,0.1777426,0.11012585,0.15360345,0.0
88,0.31315494,0.11935053,0.07600003,0.1557641,0.13281672,0.20291354,0.0
89,0.08203502,0.09520151,0.33133042,0.08773538,0.19694586,0.20675176,0.0
90,0.10492668,0.22714397,0.20407382,0.06628174,0.21333107,0.18424267,0.0
91,0.11199389,0.07606297,0.33805966,0.17427441,0.2452993,0.05430967,0.0
92,0.13894351,0.1413188,0.1413855,0.17707872,0.29820052,0.10307299,0.0
93,0.16514364,0.27390814,0.33881164,0.06238053,0.06704836,0.09270776,0.0
94,0.20547889,0.13069245,0.17971162,0.1634704,0.22385725,0.09678937,0.0
95,0.21920706,0.10810173,0.21343902,0.07741354,0.11418077,0.2676579,0.0
96,0.11997096,0.20014739,0.15711005,0.24323884,0.14067009,0.13886261,0.0
97,0.17173558,0.06352093,0.18014427,0.2380633,0.11168741,0.23484854,0.0
98,0.16286746,0.19000104,0.0661051,0.08172498,0.15031698,0.34898442,0.0
99,0.09529804,0.19805701,0.42095163,0.10080037,0.11157002,0.07332301,0.0
100,0.07178655,0.2344983,0.23632842,0.16395305,0.15048856,0.14294508,0.0
101,0.21124788,0.21638273,0.24324092,0.10870641,0.12942871,0.09099327,0.0
102,0.18737744,0.08244916,0.26637903,0.12454052,0.10851621,0.23073773,0.0
103,0.21170034,0.17435978,0.07647064,0.05737035,0.32702202,0.15307689,0.0
104,0.15249264,0.35452446,0.24713312,0.09075163,0.07561655,0.07948168,0.0
105,0.09803054,0.13022146,0.21187177,0.15177704,0.10262292,0.30547622,0.0
106,0.0901081,0.40982032,0.10915149,0.13002174,0.1930607,0.0678376,0.0
107,0.3196992,0.14745536,0.18627629,0.10636421,0.13790695,0.10229801,0.0
108,0.18117858,0.10504743,0.32856333,0.22025605,0.10622609,0.05872862,0.0
109,0.20129623,0.09950723,0.24429108,0.11056426,0.18418919,0.16015205,0.0
110,0.10123145,0.19148135,0.2162106,0.22245608,0.15974931,0.10887115,0.0
111,0.12278508,0.2709088,0.25194475,0.11373847,0.06529464,0.17532833,0.0
112,0.26240137,0.13637902,0.17336185,0.07102818,0.14243968,0.21438998,0.0
113,0.08940024,0.26745993,0.15750901,0.23758012,0.17709315,0.07095763,0.0
114,0.11366498,0.11678817,0.15031974,0.22125903,0.22933628,0.16863176,0.0
115,0.12417037,0.23017766,0.16740684,0.1594636,0.23480695,0.08397467,0.0
116,0.23994564,0.04435636,0.2364422,0.17253244,0.21227267,0.09445073,0.0
117,0.26844797,0.24979399,0.16425522,0.08256408,0.14307515,0.09186358,0.0
118,0.23323546,0.09474939,0.21327744,0.08357026,0.2005973,0.1745701,0.0
119,0.14794973,0.10368224,0.08238515,0.26500076,0.3075537,0.09342849,0.0
120,0.23904628,0.22245781,0.18473978,0.13155313,0.14193,0.08027299,0.0
121,0.21853529,0.16439986,0.11210234,0.093725,0.2636871,0.1475504,0.0
122,0.11448561,0.1227922,0.18202998,0.07238165,0.24289949,0.2654111,0.0
123,0.3906324,0.06669709,0.10330297,0.10639638,0.18359293,0.14937824,0.0
124,0.13666002,0.19718634,0.16632739,0.14793238,0.05868877,0.2932051,0.0
125,0.08943076,0.08224775,0.06735706,0.24095862,0.25790405,0.26210177,0.0
126,0.15792221,0.05833592,0.0490304,0.33258563,0.32063088,0.08149497,0.0
127,0.12078058,0.0582079,0.29937285,0.08936861,0.3515373,0.08073268,0.0
128,0.0594786,0.12707585,0.08111584,0.301945,0.15519053,0.2751942,0.0
129,0.09315114,0.19793633,0.12478012,0.27536833,0.20599797,0.1027661,0.0
130,0.33950296,0.08827814,0.11148468,0.2506071,0.12979881,0.08032829,0.0
131,0.05109546,0.19187252,0.21180293,0.18208483,0.10453655,0.25860775,0.0
132,0.24248385,0.31881845,0.04649334,0.06283406,0.25723097,0.07213935,0.0
133,0.11160491,0.12559606,0.11610828,0.09502359,0.21705432,0.33461276,0.0
134,0.23702326,0.10171496,0.12576167,0.2299338,0.08144742,0.22411881,0.0
135,0.20288603,0.25513458,0.20690545,0.08548593,0.10451864,0.14506939,0.0
136,0.10413466,0.2272447,0.34052292,0.17578037,0.08802614,0.06429128,0.0
137,0.19134781,0.22235619,0.08523097,0.2623965,0.08531953,0.15334895,0.0
138,0.185947,0.1972552,0.20351626,0.07644042,0.245567,0.09127419,0.0
139,0.12228206,0.13800646,0.11605286,0.32056472,0.05101656,0.25207737,0.0
140,0.17236625,0.32721704,0.1845277,0.10309167,0.1466312,0.06616616,0.0
141,0.06483317,0.06152984,0.2856389,0.23790343,0.27908653,0.07100815,0.0
142,0.07698382,0.33127946,0.06402351,0.1581116,0.27836043,0.09124124,0.0
143,0.20423685,0.2606555,0.16791286,0.12764962,0.12443758,0.11510766,0.0
144,0.06349718,0.3280881,0.0908113,0.06400642,0.26053685,0.19306013,0.0
145,0.2989753,0.07689811,0.07781313,0.12700331,0.06741653,0.35189366,0.0
146,0.09694771,0.3450378,0.07365856,0.05700185,0.20306182,0.22429228,0.0
147,0.10712588,0.10572316,0.35312226,0.06056668,0.0583618,0.3151002,0.0
148,0.19599481,0.08146593,0.15870965,0.27852222,0.15245555,0.13285184,0.0
149,0.20057337,0.25607514,0.07745913,0.05972113,0.2456224,0.1605488,0.0
150,0.07335635,0.10432138,0.3358836,0.18140341,0.07402839,0.23100689,0.0
151,0.29954457,0.23791957,0.07521258,0.15516864,0.18216816,0.04998649,0.0
152,0.27076578,0.23659132,0.13665475,0.155377,0.06064034,0.13997073,0.0
153,0.23986278,0.16096406,0.06650373,0.23751172,0.17396776,0.12118988,0.0
154,0.2980282,0.23359208,0.17707027,0.06054098,0.14994568,0.08082288,0.0
155,0.16222063,0.08367293,0.07593545,0.19395545,0.11001951,0.37419602,0.0
156,0.17653246,0.34321734,0.20125927,0.13509752,0.07124914,0.07264417,0.0
157,0.3107502,0.14485593,0.04264409,0.11778488,0.13203532,0.25192964,0.0
158,0.25244194,0.13905697,0.12139268,0.15224938,0.10878401,0.22607505,0.0
159,0.12401666,0.10107788,0.12418967,0.32943743,0.16646412,0.15481412,0.0
160,0.24962902,0.06892271,0.11530442,0.19489609,0.3048797,0.06636811,0.0
161,0.12833516,0.1390982,0.1315818,0.06957414,0.19996557,0.33144513,0.0
162,0.06421688,0.19893186,0.08830242,0.10482911,0.1890305,0.35468918,0.0
163,0.32606462,0.0946795,0.14577764,0.14104424,0.21322268,0.07921132,0.0
164,0.25221264,0.19178627,0.2640127,0.09028307,0.13917804,0.06252727,0.0
165,0.06994244,0.34998146,0.09718102,0.11422941,0.23964666,0.12901907,0.0
166,0.05580209,0.2708971,0.14393291,0.2605901,0.1044213,0.16435649,0.0
167,0.09077077,0.17563407,0.08901321,0.34906077,0.13692512,0.15859617,0.0
168,0.06641363,0.17451833,0.133208,0.28042838,0.22708766,0.11834404,0.0
169,0.31820458,0.15334138,0.07518324,0.06897157,0.28641862,0.09788055,0.0
170,0.12364696,0.12238824,0.20117186,0.25368133,0.1542722,0.14483947,0.0
171,0.16124226,0.11313485,0.16575679,0.14176488,0.29677337,0.12132788,0.0
172,0.18611737,0.07812387,0.04863356,0.23493406,0.25528976,0.19690138,0.0
173,0.09339182,0.29669762,0.14189482,0.06729092,0.10222299,0.29850182,0.0
174,0.13066912,0.24356979,0.11261275,0.34551504,0.08994538,0.07768787,0.0
175,0.06458346,0.13550076,0.24639806,0.1298071,0.1950235,0.22868714,0.0
176,0.07492839,0.38630143,0.2416377,0.07827781,0.07840434,0.14045034,0.0
177,0.0497151,0.29684812,0.19889522,0.18299791,0.06834611,0.20319752,0.0
178,0.08518206,0.29875833,0.06688107,0.12127512,0.2856431,0.14226036,0.0
179,0.05265651,0.33488968,0.17256644,0.05845873,0.06060048,0.32082823,0.0
180,0.10239308,0.1759823,0.16539314,0.09455185,0.17903756,0.28264207,0.0
181,0.3480838,0.14672992,0.06130054,0.12930132,0.25049102,0.06409331,0.0
182,0.22912413,0.08980065,0.26421002,0.14109313,0.13904068,0.1367314,0.0
183,0.14165989,0.18913598,0.2008082,0.1336842,0.18065767,0.15405412,0.0
184,0.23178357,0.09305863,0.14388217,0.2087716,0.07398783,0.24851613,0.0
185,0.2033996,0.04190514,0.25973442,0.27475893,0.08376279,0.13643911,0.0
186,0.25878936,0.11075907,0.17201503,0.12841001,0.16949661,0.16052997,0.0
187,0.05115072,0.10923152,0.2764197,0.10553949,0.2830607,0.17459789,0.0
188,0.10881466,0.15220974,0.06609593,0.3309888,0.06091023,0.28098065,0.0
189,0.1106915,0.06513835,0.14048912,0.23969963,0.15728505,0.28669637,0.0
190,0.25649372,0.15525298,0.14676322,0.09028689,0.12688775,0.22431548,0.0
191,0.21413048,0.23124333,0.17979902,0.04014057,0.22624066,0.10844593,0.0
192,0.14559625,0.15937757,0.28660777,0.13740022,0.04525679,0.22576138,0.0
193,0.05846432,0.07540521,0.29984638,0.19232674,0.10537193,0.26858538,0.0
194,0.09931538,0.08895359,0.31483972,0.29628345,0.07094274,0.12966506,0.0
195,0.08416171,0.20141585,0.33118877,0.10205743,0.07175744,0.20941882,0.0
196,0.17519447,0.13820732,0.07912049,0.22800656,0.28377488,0.09569623,0.0
197,0.2520469,0.08496148,0.247486,0.08113863,0.13140678,0.20296024,0.0
198,0.25421357,0.14766878,0.28539258,0.05194937,0.1652117,0.09556402,0.0
199,0.05810784,0.06601472,0.2194568,0.23750107,0.06894467,0.3499749,0.0
200,0.11948222,0.11401134,0.15239705,0.14714557,0.29797164,0.16899227,0.0
201,0.0858652,0.16811539,0.07217966,0.16887182,0.08033396,0.42463395,0.0
202,0.09741496,0.12038526,0.13557965,0.09029531,0.21929367,0.33703116,0.0
203,0.21392325,0.06918895,0.06992346,0.19934297,0.09146459,0.35615686,0.0
204,0.14277677,0.2453501,0.09889603,0.15930736,0.18765496,0.1660148,0.0
205,0.14569485,0.12084952,0.34153432,0.08957512,0.17094803,0.1313982,0.0
206,0.07120728,0.17800063,0.27914995,0.10675544,0.11550581,0.24938092,0.0
207,0.06677747,0.4424008,0.20795707,0.08817907,0.11194978,0.08273569,0.0
208,0.08638164,0.21521918,0.28668073,0.2670564,0.05108798,0.09357407,0.0
209,0.10186928,0.08442823,0.13986702,0.15136133,0.31583723,0.20663688,0.0
210,0.08880764,0.10612556,0.32622543,0.2292861,0.19755316,0.0520021,0.0
211,0.15586253,0.24811704,0.0687134,0.30892506,0.08668554,0.1316964,0.0
212,0.15723251,0.22491589,0.05766458,0.20616426,0.12957595,0.22444677,0.0
213,0.06686641,0.15863869,0.05771607,0.28756535,0.33245587,0.09675755,0.0
214,0.15176773,0.06866295,0.15920709,0.2269799,0.27423042,0.11915185,0.0
215,0.19423917,0.04900858,0.20371103,0.19029863,0.14345498,0.2192876,0.0
216,0.06650806,0.3251952,0.2656644,0.06672884,0.1912006,0.08470279,0.0
217,0.31031877,0.064713,0.18636358,0.08173627,0.20790938,0.14895889,0.0
218,0.16053224,0.23368977,0.12310788,0.09376194,0.10974126,0.27916697,0.0
219,0.30192286,0.0813885,0.16194211,0.16629,0.05544099,0.23301554,0.0
220,0.17004536,0.18767452,0.08359768,0.05179204,0.25332874,0.25356174,0.0
221,0.06217385,0.14790545,0.09853405,0.34860837,0.27508837,0.06768996,0.0
222,0.1802368,0.08089229,0.10117461,0.32301685,0.09111077,0.22356862,0.0
223,0.06451729,0.21105553,0.16755652,0.1086311,0.28244984,0.16578974,0.0
224,0.2984105,0.2662245,0.10668584,0.04441116,0.06375086,0.22051725,0.0
225,0.26064834,0.1081591,0.15234832,0.0728258,0.22145838,0.18456008,0.0
226,0.16915932,0.0924367,0.22589394,0.17194284,0.22395428,0.11661288,0.0
227,0.05522091,0.16515183,0.31614834,0.08330186,0.06515837,0.31501865,0.0
228,0.1524012,0.10818215,0.1324039,0.09711882,0.24814016,0.26175374,0.0
229,0.07601298,0.2607062,0.22207274,0.22052631,0.15577598,0.06490572,0.0
230,0.17407224,0.0546664,0.18259977,0.12671757,0.2215488,0.2403952,0.0
231,0.1387625,0.09643216,0.13353327,0.23996702,0.3078845,0.08342054,0.0
232,0.23254898,0.09472484,0.18934558,0.11886881,0.28690943,0.07760238,0.0
233,0.06473023,0.17886765,0.39274895,0.10873392,0.0843859,0.17053327,0.0
234,0.28181037,0.06632395,0.08539569,0.06949604,0.26361102,0.23336302,0.0
235,0.27472934,0.08449726,0.13435231,0.32728788,0.10088672,0.0782465,0.0
236,0.12813361,0.12305124,0.16279298,0.26111332,0.22319399,0.10171486,0.0
237,0.33434305,0.1056423,0.15804346,0.16248168,0.19148447,0.04800501,0.0
238,0.11802634,0.16352038,0.20181601,0.14843848,0.07684443,0.29135436,0.0
239,0.08730748,0.26945496,0.20484316,0.1614902,0.15076497,0.12613915,0.0
240,0.24066266,0.18938474,0.06954088,0.21025579,0.23786226,0.05229364,0.0
241,0.12865412,0.16759363,0.14113638,0.08425978,0.2952624,0.18309371,0.0
242,0.27278945,0.21639992,0.18424411,0.07333474,0.15597945,0.09725242,0.0
243,0.10320938,0.14314795,0.17972891,0.16204579,0.30759463,0.10427331,0.0
244,0.08905485,0.0967686,0.21791282,0.17101769,0.22108713,0.20415893,0.0
245,0.08323157,0.29590908,0.14846168,0.09809057,0.13895215,0.23535496,0.0
246,0.10981885,0.2390962,0.1226619,0.21760584,0.23976208,0.07105508,0.0
247,0.08031175,0.22496116,0.08718865,0.21983847,0.19228315,0.19541676,0.0
248,0.07647638,0.08463453,0.17487036,0.21803968,0.13202232,0.31395677,0.0
249,0.1385565,0.2657338,0.18674508,0.18229021,0.08118318,0.14549129,0.0
250,0.16840325,0.14455004,0.17367837,0.11392715,0.1303666,0.26907456,0.0
251,0.09787682,0.078519,0.13725416,0.29740393,0.07929344,0.3096526,0.0
252,0.17013869,0.08247641,0.14541773,0.29963556,0.06020752,0.24212402,0.0
253,0.06695767,0.26524943,0.16343343,0.10116874,0.34889495,0.0542957,0.0
254,0.11540891,0.25712737,0.05788686,0.08307162,0.36561736,0.12088783,0.0
255,0.23704444,0.2382004,0.14181413,0.10680212,0.2068372,0.06930181,0.0
256,0.1012807,0.31236765,0.29646233,0.11978374,0.06915469,0.10095099,0.0
257,0.14241575,0.27143264,0.09603278,0.12577814,0.07362661,0.29071406,0.0
258,0.23816967,0.22977205,0.06055484,0.20761974,0.06140728,0.20247655,0.0
259,0.21814087,0.257682,0.05891076,0.09343376,0.2507654,0.12106718,0.0
260,0.1283129,0.2988971,0.16821593,0.09807278,0.17250782,0.13399346,0.0
261,0.09617104,0.10264569,0.13424651,0.07237902,0.25313738,0.34142038,0.0
262,0.35521078,0.14201279,0.12086653,0.1171421,0.1374427,0.12732512,0.0
263,0.21414031,0.17201947,0.16690248,0.3343906,0.05059187,0.0619553,0.0
264,0.11996998,0.1124845,0.09039199,0.21623455,0.3166115,0.14430751,0.0
265,0.27825716,0.13188341,0.16488464,0.11126681,0.18542206,0.12828587,0.0
266,0.06679961,0.390054,0.11510704,0.09609894,0.15366139,0.17827904,0.0
267,0.1427196,0.10261727,0.10453875,0.3192675,0.2501952,0.08066168,0.0
268,0.17951456,0.05895072,0.08287188,0.20691174,0.15287335,0.31887773,0.0
269,0.07962316,0.0822529,0.22127259,0.29674506,0.21434222,0.10576408,0.0
270,0.07283701,0.25345448,0.12215257,0.16233215,0.09255502,0.2966688,0.0
271,0.10480709,0.12591192,0.259499,0.25228742,0.10081912,0.15667537,0.0
272,0.1595351,0.12450626,0.17230585,0.18567751,0.2591195,0.0988557,0.0
273,0.22034132,0.0698802,0.13771293,0.09183606,0.23153631,0.24869324,0.0
274,0.11530861,0.09093966,0.20482653,0.3172814,0.08694556,0.18469822,0.0
275,0.31231517,0.05677026,0.14034273,0.09574215,0.25068808,0.14414163,0.0
276,0.14059913,0.2901055,0.27679098,0.10005314,0.09529014,0.09716117,0.0
277,0.17651233,0.23966928,0.15815674,0.17205493,0.15553917,0.09806753,0.0
278,0.34749705,0.0920414,0.08710831,0.14456181,0.23607877,0.09271272,0.0
279,0.2409941,0.23955227,0.3093985,0.06286106,0.09443345,0.05276057,0.0
280,0.20676246,0.08474081,0.3575891,0.06485056,0.21479851,0.07125861,0.0
281,0.05820896,0.32935414,0.05470906,0.06822146,0.31911278,0.17039365,0.0
282,0.11124934,0.10457891,0.17149772,0.24932264,0.22689043,0.13646093,0.0
283,0.3375124,0.0675541,0.23349853,0.19655836,0.07362512,0.09125153,0.0
284,0.11262641,0.08240098,0.07706604,0.1525822,0.32536095,0.24996348,0.0
285,0.15442798,0.21741566,0.1900265,0.23357867,0.0959123,0.1086389,0.0
286,0.23360324,0.09750406,0.06351809,0.21866688,0.22652134,0.16018637,0.0
287,0.2549307,0.04811671,0.23544084,0.06967562,0.17169258,0.22014344,0.0
288,0.10614981,0.10011237,0.19319306,0.292248,0.24688564,0.06141103,0.0
289,0.08485083,0.21941584,0.27146208,0.12340464,0.09129947,0.20956717,0.0
290,0.08455172,0.21662305,0.21935616,0.09835101,0.23443238,0.14668564,0.0
291,0.20858893,0.16329345,0.1791913,0.06508444,0.25887948,0.12496237,0.0
292,0.15776351,0.1452496,0.06765637,0.19001432,0.24661453,0.19270168,0.0
293,0.3283611,0.28888118,0.08098769,0.06933862,0.11796733,0.11446405,0.0
294,0.30600104,0.18228728,0.09294294,0.13420558,0.10126928,0.18329394,0.0
295,0.18315394,0.08621378,0.10663814,0.4298457,0.12460437,0.06954405,0.0
296,0.11281302,0.37534845,0.08898274,0.18959814,0.08703709,0.14622045,0.0
297,0.081713,0.17369916,0.18229501,0.3864336,0.08401722,0.09184197,0.0
298,0.24055605,0.06197795,0.0765418,0.27164415,0.27678007,0.07249995,0.0
299,0.28480566,0.16572613,0.10661313,0.07484671,0.32010183,0.04790658,0.0
300,0.14895995,0.2118341,0.07182459,0.36636445,0.13661675,0.06440013,0.0
301,0.18834174,0.13551287,0.13881317,0.20591341,0.07416064,0.25725824,0.0
302,0.16453204,0.17520773,0.18328871,0.10965656,0.22817296,0.13914202,0.0
303,0.0485432,0.19600347,0.1505808,0.07066941,0.32224646,0.2119567,0.0
304,0.16525164,0.19561566,0.15088099,0.1219395,0.07738122,0.28893095,0.0
305,0.19512425,0.10182329,0.07471275,0.2760138,0.24438499,0.10794096,0.0
306,0.05746859,0.06207876,0.23226212,0.27857864,0.23941775,0.1301941,0.0
307,0.12679394,0.13643283,0.15121303,0.12376159,0.21556653,0.24623208,0.0
308,0.2500303,0.1522538,0.12244043,0.21473362,0.19742265,0.06311922,0.0
309,0.12952882,0.13685197,0.359375,0.11418849,0.19577794,0.06427778,0.0
310,0.31542125,0.09221079,0.05715019,0.07298473,0.18124676,0.28098628,0.0
311,0.0963632,0.2509448,0.22319028,0.2542929,0.10600604,0.06920273,0.0
312,0.08028584,0.32937992,0.2188216,0.11348448,0.1659499,0.09207832,0.0
313,0.25474915,0.14821354,0.05413333,0.23816513,0.08854761,0.21619125,0.0
314,0.27507553,0.06550998,0.06655402,0.08633209,0.3272863,0.17924204,0.0
315,0.06473425,0.14784938,0.13595703,0.15495831,0.2440168,0.2524842,0.0
316,0.20328918,0.08791184,0.21978825,0.30626902,0.0859194,0.09682234,0.0
317,0.072465,0.14481458,0.10629515,0.1075087,0.32685274,0.24206384,0.0
318,0.12791361,0.14594537,0.10252671,0.0935812,0.13915926,0.39087394,0.0
319,0.05426936,0.07596015,0.11535264,0.0517634,0.37247732,0.33017707,0.0
320,0.09929883,0.21630463,0.17675364,0.09158494,0.29528436,0.12077353,0.0
321,0.12067825,0.24480096,0.27434188,0.08937249,0.07720053,0.19360597,0.0
322,0.18588752,0.08707617,0.31725177,0.13210364,0.17160933,0.10607146,0.0
323,0.15247141,0.26699516,0.17519237,0.17613633,0.11877881,0.11042591,0.0
324,0.08609504,0.07204081,0.11402764,0.11660906,0.23148619,0.37974128,0.0
325,0.1581521,0.0697036,0.17178938,0.0474274,0.33698303,0.21594453,0.0
326,0.29737213,0.12156398,0.2563976,0.08049206,0.10927468,0.13489951,0.0
327,0.13350564,0.09850981,0.16118498,0.34332588,0.11065232,0.15282138,0.0
328,0.04112739,0.19160879,0.25901917,0.16804424,0.05493996,0.28526053,0.0
329,0.06822001,0.10336567,0.11265133,0.11223516,0.2898887,0.3136391,0.0
330,0.3980551,0.13657169,0.14820977,0.15737347,0.09533496,0.06445503,0.0
331,0.14643727,0.27250287,0.19535205,0.10996288,0.19643317,0.07931182,0.0
332,0.21548688,0.0727389,0.10510392,0.20575413,0.23886201,0.16205423,0.0
333,0.17500928,0.24395011,0.06587083,0.1927895,0.09900115,0.22337914,0.0
334,0.29310164,0.17351413,0.05429519,0.18207617,0.15399203,0.14302082,0.0
335,0.23157455,0.36365876,0.131117,0.12006754,0.07770342,0.07587882,0.0
336,0.19063601,0.1941387,0.27595428,0.08243357,0.18779784,0.06903964,0.0
337,0.11745327,0.11811699,0.3432325,0.06769209,0.10906494,0.24444018,0.0
338,0.05082823,0.23082572,0.3047489,0.15533754,0.15481207,0.10344763,0.0
339,0.2525057,0.08102531,0.29391208,0.08030453,0.09356567,0.19868672,0.0
340,0.40242884,0.18728909,0.08017481,0.05835856,0.05664916,0.21509956,0.0
341,0.34151328,0.05448144,0.22009128,0.25450426,0.07412594,0.05528379,0.0
342,0.098248,0.156198,0.30610844,0.1803468,0.08141289,0.17768589,0.0
343,0.07952007,0.22473738,0.08050544,0.35926008,0.16408184,0.0918952,0.0
344,0.06182731,0.09733611,0.12761807,0.30915323,0.30876216,0.09530307,0.0
345,0.11406885,0.34278372,0.07006932,0.08727232,0.30943504,0.07637077,0.0
346,0.24971022,0.06983495,0.06441543,0.11660652,0.32276484,0.17666811,0.0
347,0.08814036,0.07634487,0.27929074,0.26829448,0.12445279,0.1634768,0.0
348,0.1246894,0.06995887,0.07164137,0.2955216,0.3057302,0.13245851,0.0
349,0.07815035,0.4096844,0.0933101,0.12189836,0.10208076,0.19487616,0.0
350,0.07738505,0.22888274,0.16859849,0.10717075,0.11667407,0.30128887,0.0
351,0.09489207,0.14131999,0.24900648,0.10380315,0.34002253,0.07095578,0.0
352,0.2935872,0.12305696,0.13214934,0.254997,0.123777,0.07243245,0.0
353,0.0690193,0.3258533,0.05887114,0.27595115,0.08307657,0.1872286,0.0
354,0.06302692,0.10741284,0.08284833,0.38412952,0.20541665,0.15716577,0.0
355,0.10124077,0.31585562,0.27469906,0.14048827,0.11481435,0.052902,0.0
356,0.08234383,0.18295917,0.11082281,0.32352504,0.2001155,0.10023358,0.0
357,0.03962332,0.20658329,0.20362109,0.19462387,0.23953241,0.11601601,0.0
358,0.39824873,0.26150468,0.12299965,0.07575635,0.07548882,0.06600177,0.0
359,0.13932563,0.22541292,0.32313293,0.08064567,0.15246628,0.07901663,0.0
360,0.16715454,0.14253022,0.18519175,0.21133049,0.09904313,0.19474986,0.0
361,0.1713533,0.14924589,0.07359017,0.11618274,0.1292882,0.36033967,0.0
362,0.25691035,0.1896819,0.05880806,0.09579515,0.08497547,0.31382906,0.0
363,0.13343383,0.12374719,0.22048919,0.32387954,0.13417307,0.06427705,0.0
364,0.24065134,0.12771624,0.13739643,0.19170953,0.10944394,0.19308245,0.0
365,0.06657071,0.2487756,0.07598022,0.07851511,0.1937594,0.33639893,0.0
366,0.22136328,0.17430688,0.18600532,0.12704982,0.17529899,0.11597571,0.0
367,0.14503077,0.26350477,0.15493795,0.27797568,0.06942712,0.08912373,0.0
368,0.2580576,0.07788716,0.2738804,0.09485103,0.16951784,0.125806,0.0
369,0.14546311,0.22795737,0.1693141,0.09008962,0.137186,0.22998977,0.0
370,0.1016262,0.2676045,0.09694225,0.26786536,0.05840106,0.20756061,0.0
371,0.10232623,0.13318464,0.3587349,0.17041782,0.11809408,0.11724239,0.0
372,0.32864055,0.14122455,0.15552664,0.11144406,0.18907386,0.07409028,0.0
373,0.1846653,0.24231626,0.12966254,0.11082738,0.20216453,0.13036396,0.0
374,0.25475988,0.2660214,0.0818482,0.20327002,0.12583657,0.0682639,0.0
375,0.12473502,0.23345314,0.10676865,0.25356957,0.13169211,0.14978154,0.0
376,0.09930176,0.07557724,0.38816208,0.09511797,0.13619632,0.20564465,0.0
377,0.24588546,0.08436367,0.31852242,0.07719772,0.15335576,0.12067491,0.0
378,0.21240887,0.13060004,0.23956458,0.19109765,0.10285649,0.12347239,0.0
379,0.11437221,0.14472756,0.14660887,0.12605368,0.31906822,0.1491695,0.0
380,0.06032455,0.28521496,0.22708687,0.20818228,0.08126599,0.13792545,0.0
381,0.27952316,0.19974793,0.09562418,0.08076311,0.06398454,0.28035718,0.0
382,0.08706436,0.10168114,0.18558383,0.29470068,0.12968703,0.20128298,0.0
383,0.10677706,0.33447346,0.14726782,0.14225331,0.10708019,0.16214812,0.0
384,0.08143701,0.12129612,0.2734519,0.24066383,0.09564972,0.18750145,0.0
385,0.12139129,0.09673465,0.122004,0.11127629,0.07286259,0.4757312,0.0
386,0.24247058,0.11092397,0.12298097,0.19333594,0.27649996,0.05378864,0.0
387,0.11936944,0.26794323,0.18475121,0.08820063,0.22776528,0.11197021,0.0
388,0.06076488,0.30833027,0.1323547,0.25516608,0.05333952,0.19004457,0.0
389,0.17696095,0.15012154,0.06751768,0.40115544,0.08363631,0.12060808,0.0
390,0.27951267,0.11304061,0.16698202,0.19171913,0.12352134,0.12522423,0.0
391,0.0691248,0.26198298,0.09413587,0.17589405,0.14444007,0.25442225,0.0
392,0.10354602,0.26939467,0.24984829,0.08363564,0.11384375,0.17973167,0.0
393,0.06194882,0.12134299,0.31348565,0.06519661,0.30733556,0.13069035,0.0
394,0.22937696,0.1507475,0.06722102,0.18440837,0.24410583,0.12414031,0.0
395,0.07191562,0.35821822,0.1711847,0.18405682,0.14734012,0.06728452,0.0
396,0.19845459,0.15832387,0.08012793,0.21654592,0.15589191,0.19065578,0.0
397,0.21000381,0.23149763,0.34130868,0.05015728,0.05926371,0.10776891,0.0
398,0.06598154,0.24810158,0.08191313,0.23833035,0.18063681,0.18503667,0.0
399,0.1957512,0.30531007,0.05146217,0.06449754,0.22002405,0.16295491,0.0
400,0.1008076,0.09392659,0.08273399,0.38621783,0.12718351,0.20913044,0.0
401,0.23146139,0.17632702,0.07707221,0.30021748,0.06682018,0.14810173,0.0
402,0.16886902,0.08038248,0.32494882,0.07505532,0.291878,0.0588663,0.0
403,0.10300907,0.12014756,0.29070693,0.16111174,0.09551445,0.22951019,0.0
404,0.11361529,0.18635829,0.11523435,0.09848244,0.08296026,0.40334934,0.0
405,0.25852868,0.09747362,0.07148349,0.1621763,0.13069415,0.2796437,0.0
406,0.07261826,0.08685012,0.22712728,0.15558665,0.34579152,0.11202622,0.0
407,0.10708644,0.3005612,0.13445902,0.27018532,0.12991913,0.05778892,0.0
408,0.05154547,0.07765786,0.2921781,0.22362556,0.2563709,0.09862215,0.0
409,0.09213351,0.12942941,0.33758447,0.10480999,0.23100637,0.10503619,0.0
410,0.05171193,0.1792662,0.21537834,0.1399624,0.24745165,0.1662294,0.0
411,0.15571098,0.21891704,0.04833046,0.2717993,0.2275428,0.07769942,0.0
412,0.11207536,0.1422783,0.1612163,0.26542124,0.13278696,0.18622182,0.0
413,0.07137799,0.3625618,0.18196294,0.10800926,0.19971728,0.07637075,0.0
414,0.20592855,0.0908343,0.15123905,0.07129347,0.3503842,0.13032034,0.0
415,0.11001987,0.22169296,0.05487741,0.34167558,0.1053187,0.1664156,0.0
416,0.35219732,0.07932547,0.11312867,0.20700993,0.07719061,0.171148,0.0
417,0.19849563,0.07492655,0.07490117,0.09701695,0.31387526,0.2407845,0.0
418,0.4376589,0.08410475,0.10009965,0.18668993,0.09230165,0.09914505,0.0
419,0.3147229,0.07363378,0.1885487,0.06492095,0.1031427,0.25503096,0.0
420,0.05988346,0.23796485,0.27896753,0.2790584,0.0831477,0.06097804,0.0
421,0.18662943,0.34114414,0.10143062,0.09515591,0.12512563,0.15051426,0.0
422,0.13075475,0.07016992,0.14520034,0.31571224,0.2874436,0.05071916,0.0
423,0.12600356,0.10327112,0.22423975,0.21437444,0.19598849,0.1361227,0.0
424,0.10694777,0.2658133,0.07913707,0.08128621,0.20884937,0.25796637,0.0
425,0.09608183,0.13007157,0.23199971,0.3072422,0.06598239,0.16862226,0.0
426,0.313508,0.11204055,0.09466692,0.1934478,0.19392824,0.0924084,0.0
427,0.04369273,0.05510956,0.2025411,0.28604862,0.14767818,0.26492977,0.0
428,0.341064,0.12844506,0.2234208,0.11963721,0.09919612,0.08823674,0.0
429,0.17280574,0.20127323,0.13026078,0.1824559,0.22564352,0.08756088,0.0
430,0.09541114,0.25939864,0.08674996,0.10861625,0.27414888,0.17567511,0.0
431,0.1499227,0.18287887,0.28020838,0.2461163,0.09438434,0.04648938,0.0
432,0.1660467,0.11192357,0.08863109,0.10164686,0.17126267,0.36048913,0.0
433,0.09393572,0.22713973,0.2758515,0.10529955,0.17245202,0.12532158,0.0
434,0.18211076,0.07598125,0.2563008,0.10299408,0.17179763,0.21081547,0.0
435,0.06566718,0.23113245,0.13419339,0.3840511,0.0556442,0.12931174,0.0
436,0.08272918,0.18996823,0.29331973,0.07255537,0.17778039,0.18364705,0.0
437,0.09021001,0.264974,0.1279054,0.05608686,0.24670424,0.21411945,0.0
438,0.12590472,0.15314843,0.09820557,0.4094314,0.09653513,0.11677479,0.0
439,0.09035312,0.14017858,0.12156203,0.11886198,0.1537887,0.37525558,0.0
440,0.15764143,0.12387888,0.0961476,0.14169444,0.27656758,0.20407012,0.0
441,0.16555895,0.13059999,0.2372199,0.22207367,0.19574434,0.04880311,0.0
442,0.05873528,0.10653444,0.14258921,0.18925732,0.23381457,0.26906916,0.0
443,0.2751632,0.15381485,0.1847396,0.24136181,0.09132,0.05360048,0.0
444,0.11748377,0.17185536,0.27289996,0.17471185,0.16347924,0.09956983,0.0
445,0.06543627,0.14968927,0.14262414,0.15437841,0.16114,0.3267319,0.0
446,0.31583786,0.07993956,0.13206582,0.26464158,0.12911882,0.07839639,0.0
447,0.23849332,0.09838954,0.23645018,0.11120431,0.06356294,0.25189972,0.0
448,0.26138633,0.08844514,0.1957355,0.26557314,0.09758379,0.0912761,0.0
449,0.24475922,0.13792054,0.16991921,0.20298423,0.18081638,0.06360049,0.0
450,0.06791071,0.16072871,0.14383742,0.07648185,0.27012476,0.28091657,0.0
451,0.09370992,0.1769182,0.07596184,0.27690643,0.3084015,0.06810208,0.0
452,0.09366268,0.207085,0.09457793,0.1239651,0.3776899,0.10301937,0.0
453,0.21360897,0.06429374,0.14218706,0.23036775,0.11697583,0.23256667,0.0
454,0.05210418,0.2857201,0.15692678,0.11391076,0.21462879,0.17670937,0.0
455,0.20327623,0.12373055,0.32420176,0.08413002,0.09657189,0.16808948,0.0
456,0.13340345,0.08313183,0.3039597,0.21294945,0.0700645,0.196491,0.0
457,0.19832624,0.19489272,0.18700166,0.22811987,0.1213562,0.0703033,0.0
458,0.11938643,0.08991726,0.36195126,0.20529203,0.09804737,0.12540562,0.0
459,0.21117592,0.12021639,0.21655905,0.17905316,0.12482286,0.14817265,0.0
460,0.09459132,0.13257605,0.09710486,0.47975707,0.09316219,0.10280841,0.0
461,0.13798606,0.07167222,0.09841976,0.11155002,0.30354482,0.2768271,0.0
462,0.11312104,0.10216603,0.14964607,0.19144043,0.17250355,0.27112287,0.0
463,0.06764897,0.1840467,0.06593968,0.27703008,0.28202292,0.12331165,0.0
464,0.16212863,0.08492239,0.24304003,0.11007904,0.23564199,0.16418792,0.0
465,0.2580647,0.13829742,0.08581807,0.12741603,0.2910295,0.09937429,0.0
466,0.26071224,0.1433494,0.10947068,0.12315052,0.18352628,0.17979081,0.0
467,0.06576537,0.22685476,0.17068537,0.33882844,0.1263482,0.07151794,0.0
468,0.13800594,0.1629229,0.4087013,0.11734164,0.07356846,0.09945972,0.0
469,0.20011036,0.16870444,0.1166638,0.24087587,0.09728907,0.1763566,0.0
470,0.06210181,0.09389813,0.20330451,0.20214997,0.06207959,0.376466,0.0
471,0.22706193,0.11007255,0.06829613,0.18397897,0.3013601,0.1092303,0.0
472,0.44715112,0.09825078,0.14742197,0.07709447,0.14828286,0.08179871,0.0
473,0.2675562,0.07190414,0.4115878,0.08923611,0.07160261,0.08811319,0.0
474,0.04482227,0.04812543,0.3114049,0.22552955,0.19677456,0.17334326,0.0
475,0.11883989,0.082844,0.3042064,0.10018813,0.2471813,0.14674023,0.0
476,0.14885418,0.10072728,0.08884244,0.20013063,0.21751441,0.24393101,0.0
477,0.08841017,0.231885,0.13888006,0.08063371,0.21546784,0.2447232,0.0
478,0.13831817,0.06583829,0.21412884,0.19615334,0.24313273,0.14242865,0.0
479,0.08434068,0.2879601,0.11176795,0.30084014,0.04648213,0.16860904,0.0
480,0.31219327,0.24538356,0.18607932,0.05072735,0.08964236,0.11597419,0.0
481,0.06539094,0.12019337,0.42215902,0.05933394,0.2461482,0.0867745,0.0
482,0.0666706,0.30136317,0.25530508,0.07770926,0.1907946,0.1081573,0.0
483,0.23187785,0.17120107,0.17169449,0.06861354,0.1141663,0.24244681,0.0
484,0.31478813,0.18387006,0.10908765,0.16756123,0.14242288,0.08227009,0.0
485,0.17490259,0.26693004,0.06105309,0.18929887,0.22297567,0.08483966,0.0
486,0.12768029,0.36499888,0.09117649,0.21779534,0.07088106,0.12746789,0.0
487,0.11957282,0.25243625,0.09784152,0.28225735,0.07453768,0.17335439,0.0
488,0.07692403,0.0730316,0.21629179,0.24808277,0.10806853,0.27760124,0.0
489,0.0873061,0.11475029,0.1645614,0.1223981,0.2381102,0.2728739,0.0
490,0.20740615,0.3036864,0.20624545,0.09968738,0.10696709,0.07600752,0.0
491,0.07861276,0.18345636,0.08798349,0.08969215,0.4272148,0.13304049,0.0
492,0.17096196,0.09157556,0.11376067,0.273869,0.27194092,0.07789192,0.0
493,0.12360795,0.31661543,0.1268974,0.11493968,0.06712697,0.25081265,0.0
494,0.06064325,0.06635167,0.25202492,0.27027568,0.12004888,0.23065569,0.0
495,0.22360979,0.328197,0.07752056,0.19076297,0.07255568,0.10735396,0.0
496,0.06676795,0.26665774,0.24161512,0.20444116,0.07574456,0.14477347,0.0
497,0.2665865,0.2597239,0.06170935,0.13009043,0.1708606,0.11102917,0.0
498,0.09403989,0.13220887,0.20588772,0.07275438,0.27875978,0.21634926,0.0
499,0.09806071,0.21054994,0.10574862,0.08480358,0.2608762,0.23996083,0.0
500,0.05607253,0.07030804,0.05416129,0.16075952,0.32026035,0.33843827,0.0
501,0.1456721,0.17807418,0.277279,0.21992041,0.08307717,0.09597715,0.0
502,0.13496597,0.04521002,0.26315308,0.15415023,0.2406725,0.16184819,0.0
503,0.09642172,0.29896843,0.10163293,0.2304505,0.11986727,0.15265906,0.0
504,0.10316318,0.27939972,0.08361335,0.19064511,0.20393795,0.13924067,0.0
505,0.16052328,0.10876258,0.19744343,0.1870778,0.27536222,0.07083069,0.0
506,0.23875569,0.05780564,0.08619217,0.28267306,0.21076065,0.12381278,0.0
507,0.16364929,0.11737283,0.12338454,0.09068837,0.1074093,0.39749572,0.0
508,0.15939277,0.27011988,0.16129433,0.08623316,0.09802671,0.22493316,0.0
509,0.19369765,0.0920368,0.204312,0.30986175,0.10888246,0.0912094,0.0
510,0.28243396,0.1985843,0.08762036,0.04375963,0.07503613,0.31256565,0.0
511,0.05202463,0.15637027,0.19712938,0.15292093,0.21906777,0.22248697,0.0
512,0.04748718,0.16873012,0.15895134,0.16039422,0.31696784,0.14746931,0.0
513,0.23114873,0.21424052,0.14938362,0.24520247,0.09224307,0.06778158,0.0
514,0.19733989,0.06942903,0.41321123,0.17910148,0.06040955,0.08050883,0.0
515,0.24721995,0.21112928,0.21052825,0.13895047,0.13110937,0.06106265,0.0
516,0.07059617,0.32741377,0.34190795,0.13856538,0.05575702,0.06575977,0.0
517,0.2888173,0.09096082,0.11369707,0.1513097,0.30488196,0.05033322,0.0
518,0.22620003,0.17245048,0.14076447,0.10152991,0.11518846,0.24386662,0.0
519,0.1155852,0.1229244,0.35237983,0.15289657,0.11258013,0.14363398,0.0
520,0.1682161,0.10539318,0.15106466,0.26618457,0.16178904,0.14735237,0.0
521,0.08299229,0.1591742,0.10716902,0.280333,0.29695544,0.07337605,0.0
522,0.16419634,0.23062642,0.18793234,0.19304383,0.05658597,0.16761507,0.0
523,0.10669495,0.11835301,0.11247682,0.35017344,0.17666869,0.13563304,0.0
524,0.16475672,0.19222611,0.37998027,0.11136942,0.07803947,0.07362795,0.0
525,0.19252218,0.09028765,0.10638302,0.2510076,0.19997688,0.15982267,0.0
526,0.3551258,0.10978153,0.13822658,0.11288954,0.18345466,0.10052186,0.0
527,0.14285742,0.12079548,0.21856198,0.23359056,0.215663,0.06853148,0.0
528,0.09058009,0.29380995,0.10761718,0.20650266,0.18887028,0.11261979,0.0
529,0.09867261,0.15772107,0.31796607,0.04785397,0.29106793,0.08671837,0.0
530,0.08357457,0.3504165,0.102475,0.15572245,0.09712736,0.2106841,0.0
531,0.31373906,0.21802057,0.05477899,0.25712687,0.10688573,0.04944881,0.0
532,0.10221558,0.15078,0.23661754,0.23919415,0.10541163,0.1657811,0.0
533,0.18284848,0.10609408,0.14256601,0.07311296,0.22698973,0.2683887,0.0
534,0.24720019,0.04884434,0.07138427,0.23931798,0.18185355,0.21139972,0.0
535,0.14182998,0.09632708,0.1099025,0.2413587,0.09019466,0.32038707,0.0
536,0.27966776,0.11572447,0.26036602,0.15582299,0.09325963,0.0951591,0.0
537,0.2920087,0.19863325,0.06855033,0.30705935,0.05060254,0.08314583,0.0
538,0.06717904,0.20323637,0.24008414,0.23345132,0.05526461,0.20078456,0.0
539,0.27166423,0.25031647,0.14023417,0.0835254,0.13152878,0.12273102,0.0
540,0.1840984,0.24207337,0.33371148,0.09839528,0.07881978,0.06290171,0.0
541,0.08883047,0.08079059,0.29528078,0.10203772,0.3327188,0.10034163,0.0
542,0.17930819,0.11955159,0.08353827,0.16602717,0.25490436,0.19667041,0.0
543,0.09843736,0.32564735,0.15262192,0.19754215,0.09714149,0.12860972,0.0
544,0.11078333,0.23795414,0.22554298,0.13418727,0.09178163,0.1997506,0.0
545,0.04684406,0.12413321,0.26185817,0.20177293,0.10465141,0.26074028,0.0
546,0.24454048,0.11009461,0.21702886,0.12396809,0.19847001,0.10589796,0.0
547,0.22845273,0.113846,0.03800292,0.2563191,0.09761018,0.26576906,0.0
548,0.13236168,0.21441358,0.0826828,0.10114161,0.20092633,0.26847404,0.0
549,0.2733754,0.07897946,0.09795002,0.30593506,0.11334829,0.13041173,0.0
550,0.1389239,0.1190102,0.10672893,0.09700199,0.40773585,0.13059914,0.0
551,0.22975606,0.2776089,0.09964298,0.25256714,0.09882022,0.04160461,0.0
552,0.2198426,0.25036156,0.22630063,0.13020752,0.05649332,0.11679433,0.0
553,0.06875903,0.2836162,0.15515745,0.07073608,0.29316607,0.12856509,0.0
554,0.12001526,0.13066633,0.19214386,0.23329835,0.20756483,0.11631133,0.0
555,0.05228729,0.11065007,0.2864952,0.20285028,0.12584747,0.22186972,0.0
556,0.20564443,0.15327932,0.17230436,0.17529444,0.10103665,0.19244078,0.0
557,0.14753823,0.21782883,0.06944799,0.3557608,0.05932182,0.15010227,0.0
558,0.10428387,0.13318683,0.2628592,0.14556459,0.19443314,0.15967233,0.0
559,0.08336572,0.07909198,0.09486948,0.07291554,0.32712588,0.34263137,0.0
560,0.11531293,0.20238169,0.14496487,0.15761046,0.07870241,0.3010276,0.0
561,0.10919093,0.08018533,0.08536723,0.48197445,0.09593309,0.147349,0.0
562,0.07616244,0.05952502,0.2019684,0.32802883,0.08130462,0.25301072,0.0
563,0.23243916,0.14252496,0.09664889,0.28350982,0.07022523,0.17465186,0.0
564,0.060942,0.21326391,0.13789743,0.09556551,0.16071253,0.3316186,0.0
565,0.23440418,0.08360253,0.17695741,0.10505861,0.12399694,0.27598035,0.0
566,0.17268354,0.22029634,0.0894867,0.27234557,0.1143167,0.13087116,0.0
567,0.2897136,0.19386391,0.04693897,0.23689757,0.12381173,0.10877421,0.0
568,0.2355425,0.15303478,0.16711785,0.13520654,0.21278061,0.09631775,0.0
569,0.08443876,0.11000751,0.083519,0.26016355,0.0640284,0.39784274,0.0
570,0.28977916,0.08720843,0.20894219,0.11834605,0.07922932,0.2164948,0.0
571,0.07843268,0.06400986,0.26117122,0.15679994,0.21227783,0.22730848,0.0
572,0.10437283,0.16134676,0.19966505,0.14194143,0.10259454,0.29007944,0.0
573,0.21663728,0.18942723,0.10406818,0.10606584,0.06201814,0.32178333,0.0
574,0.28373376,0.09977287,0.10405941,0.08891513,0.26706195,0.15645692,0.0
575,0.06048927,0.0871591,0.18629949,0.39412808,0.06694005,0.204984,0.0
576,0.19307284,0.18290505,0.23534091,0.07351409,0.16393149,0.15123571,0.0
577,0.19254325,0.15339594,0.16963342,0.2891439,0.10393251,0.09135096,0.0
578,0.07241926,0.30488455,0.23281188,0.18254946,0.05411526,0.15321966,0.0
579,0.20849605,0.3805625,0.07480117,0.10039233,0.08770864,0.14803927,0.0
580,0.12445631,0.10007814,0.20581791,0.11350685,0.3036312,0.15250967,0.0
581,0.21333759,0.09717995,0.20043987,0.11287723,0.09107158,0.28509375,0.0
582,0.18159665,0.19316246,0.11033425,0.25344053,0.15741806,0.10404807,0.0
583,0.17745164,0.11302656,0.24042822,0.08259465,0.20783144,0.17866759,0.0
584,0.2032724,0.17456727,0.10047435,0.09834109,0.3209169,0.10242806,0.0
585,0.07511165,0.09216915,0.21680208,0.12324847,0.19113608,0.3015325,0.0
586,0.25499034,0.11910363,0.25534612,0.14064687,0.05594667,0.17396647,0.0
587,0.3109917,0.1016022,0.22417453,0.14804548,0.10493508,0.11025091,0.0
588,0.13296255,0.16760838,0.08408292,0.22616112,0.1200101,0.26917487,0.0
589,0.08335864,0.24182276,0.09563631,0.32766145,0.1920407,0.05948007,0.0
590,0.16832863,0.26883283,0.06749097,0.2726164,0.04381214,0.17891908,0.0
591,0.1132141,0.39410135,0.13215183,0.18104051,0.09306953,0.08642267,0.0
592,0.15524983,0.30589563,0.06653573,0.10322046,0.20326725,0.16583118,0.0
593,0.071858,0.16381386,0.2260521,0.17349373,0.16865773,0.19612458,0.0
594,0.16908349,0.2397409,0.14485425,0.09363283,0.08825798,0.26443052,0.0
595,0.32846344,0.16795157,0.10187553,0.06489103,0.07077873,0.26603967,0.0
596,0.15221807,0.14220826,0.18122257,0.16951327,0.14889069,0.20594712,0.0
597,0.22296388,0.14210983,0.27178502,0.1018522,0.0793967,0.18189245,0.0
598,0.05620893,0.23199841,0.23989493,0.11445652,0.10443123,0.25301,0.0
599,0.09657843,0.1452502,0.07418562,0.1471666,0.23075792,0.30606118,0.0
600,0.11061762,0.173496,0.31526065,0.09421212,0.19917288,0.10724079,0.0
601,0.07855549,0.13668582,0.10765431,0.11455655,0.48226717,0.08028063,0.0
602,0.19674645,0.12499321,0.209613,0.2524447,0.11028071,0.1059219,0.0
603,0.25718278,0.15717931,0.17131326,0.16724361,0.12242334,0.12465765,0.0
604,0.10449088,0.11135523,0.10428059,0.21814951,0.30625153,0.15547217,0.0
605,0.16439804,0.10168705,0.12777385,0.16556802,0.3514898,0.08908325,0.0
606,0.12708223,0.2489547,0.14230931,0.21228372,0.14822362,0.12114647,0.0
607,0.05676132,0.24390504,0.1718732,0.1892086,0.27630913,0.06194274,0.0
608,0.1587928,0.15325226,0.1300589,0.28053403,0.14268252,0.13467939,0.0
609,0.05901296,0.05097767,0.23448704,0.15649849,0.31530517,0.18371864,0.0
610,0.26832077,0.23715022,0.07047267,0.25169873,0.10344486,0.06891273,0.0
611,0.13141489,0.08171248,0.08228476,0.09259293,0.08627709,0.5257179,0.0
612,0.22201955,0.17241026,0.1994606,0.08988507,0.05695957,0.25926492,0.0
613,0.13570495,0.12304982,0.1001084,0.06375719,0.29530725,0.2820724,0.0
614,0.29038128,0.12629643,0.3499685,0.08368124,0.07304672,0.07662589,0.0
615,0.16360378,0.38772395,0.07594495,0.07633243,0.0744204,0.22197446,0.0
616,0.0889828,0.06866278,0.34031895,0.07084447,0.22785527,0.20333572,0.0
617,0.3175015,0.05694023,0.16657333,0.2001933,0.10548222,0.15330936,0.0
618,0.3072688,0.06824331,0.09915988,0.16560985,0.09284534,0.26687285,0.0
619,0.22035833,0.10867413,0.19093698,0.14842114,0.09392854,0.23768087,0.0
620,0.26313534,0.08981412,0.25867602,0.16021968,0.1683551,0.05979981,0.0
621,0.23241147,0.23353082,0.1191193,0.12269259,0.07184776,0.22039807,0.0
622,0.11473643,0.09233561,0.09981284,0.16398975,0.44145232,0.08767296,0.0
623,0.09429347,0.20412241,0.4145685,0.1171345,0.08310907,0.08677211,0.0
624,0.34578753,0.1531166,0.29075605,0.06788193,0.06910256,0.0733555,0.0
625,0.0934175,0.20097823,0.14378992,0.13639145,0.08675914,0.33866376,0.0
626,0.2983847,0.1941438,0.06329273,0.07254346,0.08192838,0.28970692,0.0
627,0.15078025,0.22297414,0.2355922,0.11571657,0.17051318,0.10442361,0.0
628,0.20911925,0.05507155,0.25077096,0.22008969,0.07785835,0.18709031,0.0
629,0.10813779,0.07852451,0.15281703,0.1910287,0.18026996,0.28922206,0.0
630,0.05832112,0.18994074,0.05758594,0.0786946,0.36766618,0.24779141,0.0
631,0.10064325,0.057598,0.1482061,0.20482102,0.20066063,0.28807098,0.0
632,0.29330546,0.05304918,0.06600183,0.12989919,0.31823626,0.13950801,0.0
633,0.18103074,0.11471614,0.18660383,0.3102796,0.07842346,0.12894627,0.0
634,0.10164078,0.17754208,0.10763996,0.27603295,0.0843996,0.25274464,0.0
635,0.09924922,0.15622592,0.10828314,0.1712948,0.30739945,0.1575475,0.0
636,0.27776238,0.23956348,0.04114522,0.15896328,0.13271281,0.14985298,0.0
637,0.10994932,0.13293825,0.2335567,0.18006046,0.09991957,0.24357568,0.0
638,0.15839502,0.06677502,0.17354144,0.28242007,0.22531864,0.09354985,0.0
639,0.26372048,0.09977168,0.22946712,0.07955179,0.09467805,0.23281087,0.0
640,0.2522446,0.28119114,0.05190454,0.09276158,0.10876299,0.21313515,0.0
641,0.10029051,0.09610503,0.21280845,0.13247806,0.3985891,0.05972895,0.0
642,0.16069928,0.13780482,0.10582549,0.1996264,0.13633868,0.2597053,0.0
643,0.11069065,0.11715545,0.1837788,0.2772359,0.22104761,0.09009162,0.0
644,0.19401075,0.16606614,0.07662892,0.240068,0.13763325,0.18559298,0.0
645,0.35192284,0.18096787,0.20573178,0.10825189,0.09509183,0.05803385,0.0
646,0.06451032,0.26078728,0.31870443,0.13618085,0.14126675,0.07855023,0.0
647,0.14477761,0.07039914,0.08715888,0.3146141,0.07093797,0.3121123,0.0
648,0.23426712,0.19258879,0.05358272,0.14706935,0.1799842,0.19250779,0.0
649,0.12822244,0.108101,0.10216644,0.20370129,0.3599318,0.09787701,0.0
650,0.18623911,0.12605603,0.1985054,0.18008699,0.07843536,0.23067719,0.0
651,0.23499773,0.24106012,0.05336461,0.18116155,0.05647827,0.23293762,0.0
652,0.39463145,0.21734945,0.08150878,0.06709878,0.07986636,0.15954514,0.0
653,0.18128577,0.24527663,0.19593641,0.07125842,0.10036318,0.20587961,0.0
654,0.15983889,0.11840653,0.21819991,0.22408436,0.15901145,0.12045891,0.0
655,0.19512033,0.12625618,0.33055308,0.09441934,0.15390567,0.09974544,0.0
656,0.27478296,0.10571089,0.15224473,0.16688366,0.19137059,0.10900708,0.0
657,0.16771577,0.11590446,0.1281598,0.19800891,0.2088858,0.18132533,0.0
658,0.42619756,0.078407,0.07198684,0.08111536,0.24372087,0.09857231,0.0
659,0.10312039,0.25346622,0.18956439,0.08526812,0.29756445,0.07101647,0.0
660,0.10450325,0.19374229,0.24581231,0.08224127,0.10852101,0.26517984,0.0
661,0.12801293,0.2041693,0.24426173,0.17072065,0.12292745,0.12990798,0.0
662,0.08468816,0.23745559,0.20588173,0.18945046,0.12928903,0.153235,0.0
663,0.28929138,0.07693959,0.12165202,0.11176228,0.28275856,0.1175962,0.0
664,0.11178129,0.09603228,0.15835032,0.18718117,0.31233883,0.13431618,0.0
665,0.2729758,0.12597477,0.07025947,0.12489144,0.26359746,0.1423011,0.0
666,0.10597076,0.06839442,0.23958045,0.20935108,0.13263714,0.24406615,0.0
667,0.05439108,0.05972111,0.10593069,0.14127237,0.29554424,0.34314057,0.0
668,0.3421832,0.22851478,0.0689726,0.21853569,0.06652984,0.07526389,0.0
669,0.23286185,0.0666393,0.26184523,0.18830158,0.10511135,0.1452407,0.0
670,0.07265206,0.04601511,0.21682146,0.1515493,0.26858526,0.24437676,0.0
671,0.05951224,0.33899176,0.08644176,0.1278134,0.22358614,0.1636547,0.0
672,0.10080323,0.05386962,0.33485386,0.12200733,0.06919717,0.31926888,0.0
673,0.08860607,0.08185572,0.1345549,0.16657595,0.23007984,0.2983275,0.0
674,0.37458545,0.11097491,0.08131616,0.12490153,0.20460282,0.10361912,0.0
675,0.14732245,0.3297486,0.0703376,0.13237242,0.13920671,0.18101221,0.0
676,0.20035848,0.14710332,0.25107655,0.08430801,0.19080919,0.12634446,0.0
677,0.09569063,0.09487007,0.09241931,0.09815304,0.12793283,0.49093407,0.0
678,0.1696741,0.2691451,0.17974687,0.13006555,0.07930762,0.17206077,0.0
679,0.10044239,0.1987301,0.14682491,0.19999526,0.10506956,0.24893776,0.0
680,0.31442332,0.10388091,0.07480207,0.17740615,0.2656445,0.06384312,0.0
681,0.20726486,0.05774495,0.19037616,0.1610359,0.12343303,0.26014513,0.0
682,0.29733682,0.05388031,0.07404247,0.21074799,0.1219087,0.24208382,0.0
683,0.09842262,0.20801258,0.26721746,0.25980124,0.04485884,0.12168732,0.0
684,0.07717106,0.23608468,0.10062647,0.16160758,0.32458523,0.09992491,0.0
685,0.08580678,0.21746558,0.20680827,0.09185998,0.08619428,0.31186518,0.0
686,0.2904182,0.05142182,0.28703257,0.1220559,0.20111321,0.04795827,0.0
687,0.24696709,0.11518196,0.2532229,0.1696018,0.08901659,0.12600969,0.0
688,0.30496165,0.13875899,0.1709184,0.21306986,0.09894994,0.07334125,0.0
689,0.10036675,0.23944712,0.27165863,0.18633127,0.09625021,0.10594597,0.0
690,0.24541676,0.05912827,0.16849251,0.31188577,0.07854788,0.13652878,0.0
691,0.2672444,0.07289071,0.17307179,0.13438594,0.05119438,0.30121273,0.0
692,0.16598682,0.15726961,0.14681439,0.15718573,0.09147605,0.28126743,0.0
693,0.27254984,0.09902175,0.09709816,0.22836564,0.22446303,0.07850158,0.0
694,0.14430138,0.14007422,0.28336602,0.2612997,0.0805711,0.09038752,0.0
695,0.26317635,0.04375496,0.20117009,0.19688892,0.22417526,0.07083444,0.0
696,0.10073622,0.22120757,0.07679114,0.09051193,0.21518035,0.29557273,0.0
697,0.2892945,0.35117492,0.05847555,0.13988523,0.10747967,0.05369008,0.0
698,0.10844859,0.14903305,0.11797463,0.28578722,0.16148399,0.17727248,0.0
699,0.11197675,0.1743678,0.2385596,0.1901459,0.18504038,0.09990951,0.0
700,0.28891677,0.09902089,0.06550928,0.15045829,0.29341742,0.10267738,0.0
701,0.19161583,0.08697987,0.12813886,0.26507536,0.2627854,0.06540459,0.0
702,0.14743885,0.08527956,0.21870697,0.13269995,0.20211643,0.21375827,0.0
703,0.08913226,0.08819824,0.1382183,0.2351211,0.31885168,0.13047838,0.0
704,0.16769125,0.31119666,0.09942273,0.0849283,0.23340176,0.10335929,0.0
705,0.2903841,0.05381747,0.0428178,0.28770566,0.22641417,0.09886071,0.0
706,0.2485822,0.22364746,0.04911453,0.1384265,0.29008108,0.05014816,0.0
707,0.09666223,0.21319075,0.27478725,0.17410155,0.06807549,0.17318286,0.0
708,0.1464191,0.21264176,0.05959319,0.08784342,0.2872891,0.20621344,0.0
709,0.1871575,0.17730065,0.26958358,0.10949418,0.15023002,0.10623407,0.0
710,0.0759147,0.05779051,0.3398263,0.1172547,0.05504258,0.3541713,0.0
711,0.10713606,0.14253971,0.13143297,0.19008403,0.08378656,0.34502068,0.0
712,0.29498044,0.07840722,0.25985703,0.0713635,0.17458199,0.12080975,0.0
713,0.09576592,0.15522733,0.30851233,0.09814775,0.2232388,0.11910783,0.0
714,0.3396539,0.0882009,0.24860306,0.06655151,0.09389219,0.16309841,0.0
715,0.28087172,0.22660361,0.17224005,0.1213718,0.14446703,0.05444589,0.0
716,0.07235669,0.18491344,0.08028023,0.280404,0.2716229,0.11042265,0.0
717,0.1548078,0.07723795,0.29155228,0.0792634,0.06877267,0.32836586,0.0
718,0.0906772,0.36679012,0.33970287,0.08639292,0.05624521,0.06019161,0.0
719,0.10851595,0.19346957,0.08917064,0.06816082,0.2143425,0.32634044,0.0
720,0.13438955,0.07109655,0.11269917,0.22773194,0.07663304,0.37744975,0.0
721,0.07701394,0.2991172,0.17199755,0.09295618,0.15271713,0.20619798,0.0
722,0.33572164,0.11000346,0.1271098,0.12380335,0.23680368,0.06655817,0.0
723,0.15391819,0.24386194,0.23676118,0.102892,0.11185565,0.15071113,0.0
724,0.08005141,0.13691452,0.09383322,0.27787465,0.17991047,0.23141575,0.0
725,0.14923693,0.07328066,0.20434129,0.26777816,0.20582093,0.09954196,0.0
726,0.21237928,0.09926458,0.05782568,0.21227434,0.14003663,0.27821943,0.0
727,0.23372072,0.05331624,0.21162964,0.0942346,0.16161942,0.24547945,0.0
728,0.19828823,0.20079821,0.18745242,0.0635704,0.23227286,0.11761784,0.0
729,0.10304939,0.2003497,0.0944056,0.20986488,0.24191244,0.15041806,0.0
730,0.24811488,0.28194228,0.06424242,0.20436159,0.08515613,0.11618272,0.0
731,0.26984838,0.27967998,0.07850968,0.16127343,0.08557193,0.12511663,0.0
732,0.12423105,0.11153468,0.20608696,0.15337045,0.2279947,0.17678209,0.0
733,0.0718032,0.17313446,0.09448835,0.19050741,0.32595125,0.14411525,0.0
734,0.06551266,0.06453404,0.0970889,0.14789167,0.28803456,0.3369382,0.0
735,0.19207355,0.26022884,0.10150155,0.09091478,0.15158743,0.2036938,0.0
736,0.2878253,0.17700805,0.11484831,0.11959054,0.05493325,0.24579461,0.0
737,0.2170312,0.15820608,0.18929161,0.25934732,0.05784497,0.11827883,0.0
738,0.08910663,0.10581045,0.31719244,0.26587856,0.14118001,0.08083189,0.0
739,0.17792408,0.07538491,0.10956555,0.3931812,0.1617856,0.08215868,0.0
740,0.07968149,0.12419987,0.25609273,0.14103682,0.311149,0.08784004,0.0
741,0.06169666,0.08877491,0.1132931,0.15099451,0.33900473,0.24623607,0.0
742,0.15497562,0.0416928,0.26456854,0.10094795,0.23421685,0.20359819,0.0
743,0.14555168,0.19984034,0.08445398,0.23006202,0.14891352,0.1911784,0.0
744,0.07455065,0.23461907,0.07569437,0.37653443,0.1747428,0.06385875,0.0
745,0.08027484,0.09967784,0.32907277,0.11094204,0.0748814,0.30515113,0.0
746,0.41055238,0.14863335,0.1279611,0.07640467,0.10189461,0.13455388,0.0
747,0.32527363,0.1155515,0.15833895,0.08440822,0.09754722,0.21888053,0.0
748,0.12854165,0.3811857,0.11530231,0.08867904,0.18609618,0.10019514,0.0
749,0.24166141,0.06397625,0.0797191,0.07598967,0.26688522,0.27176833,0.0
750,0.23760146,0.08637262,0.08729386,0.08236378,0.15502946,0.3513389,0.0
751,0.26629236,0.31686553,0.08836479,0.06958875,0.06110038,0.19778827,0.0
752,0.0941462,0.3089895,0.1124808,0.08261361,0.3127992,0.08897074,0.0
753,0.05657199,0.12490597,0.11363149,0.090563,0.3509481,0.26337945,0.0
754,0.4898943,0.08114059,0.10032149,0.09532529,0.11830093,0.11501739,0.0
755,0.13787757,0.29699343,0.10965233,0.11099943,0.06962751,0.27484965,0.0
756,0.06322849,0.32206523,0.14266464,0.14371541,0.09472483,0.23360142,0.0
757,0.26975277,0.28416133,0.05356757,0.18132731,0.06124314,0.14994799,0.0
758,0.26159364,0.24167073,0.08090187,0.11515139,0.13426022,0.16642214,0.0
759,0.11284237,0.08661847,0.20258239,0.33608687,0.06759739,0.19427247,0.0
760,0.32929358,0.15723594,0.13563251,0.09853151,0.05044046,0.22886604,0.0
761,0.2670943,0.13867196,0.05703149,0.13246907,0.12740502,0.27732825,0.0
762,0.14059213,0.09512638,0.3735739,0.18644568,0.13641791,0.067844,0.0
763,0.05754797,0.28636158,0.06742204,0.08654828,0.22490272,0.27721754,0.0
764,0.16357842,0.09220093,0.30016345,0.27402794,0.09146845,0.07856085,0.0
765,0.18115227,0.3373227,0.13127309,0.11876503,0.12101837,0.11046853,0.0
766,0.12275653,0.06399677,0.19264726,0.16382909,0.32129875,0.13547152,0.0
767,0.28969797,0.1242188,0.19218417,0.14109339,0.14939253,0.10341314,0.0
768,0.167283,0.22388339,0.10937185,0.19869752,0.12336012,0.17740408,0.0
769,0.21052726,0.10395033,0.09454587,0.08008067,0.14796649,0.3629294,0.0
770,0.18041964,0.14659737,0.26715806,0.11816947,0.08581559,0.20183985,0.0
771,0.10090402,0.08064111,0.2649159,0.07906327,0.11506412,0.35941157,0.0
772,0.10425706,0.22814575,0.18433566,0.3501934,0.07216242,0.06090571,0.0
773,0.06510001,0.25826222,0.18642963,0.13683294,0.15533786,0.19803737,0.0
774,0.04798957,0.16927637,0.08749487,0.32916364,0.18829593,0.17777969,0.0
775,0.18779,0.1554849,0.32491288,0.06793934,0.08377875,0.18009402,0.0
776,0.3097682,0.13838509,0.08036528,0.10696592,0.11849003,0.24602553,0.0
777,0.26154366,0.06740393,0.07512269,0.09603833,0.3495079,0.15038347,0.0
778,0.15638757,0.10326948,0.19505884,0.24185212,0.19665194,0.10678003,0.0
779,0.12462697,0.18083759,0.27011973,0.14989078,0.13749424,0.13703065,0.0
780,0.05596726,0.14591222,0.07001743,0.21629708,0.19067608,0.32113,0.0
781,0.39715552,0.08560245,0.10780834,0.24839722,0.07546563,0.08557077,0.0
782,0.05999422,0.2995093,0.14689204,0.09301595,0.21639648,0.18419209,0.0
783,0.04689079,0.20644547,0.2235685,0.06529508,0.25462666,0.20317355,0.0
784,0.06071975,0.04888841,0.29243416,0.25962034,0.18338633,0.15495113,0.0
785,0.29052553,0.06328435,0.16589497,0.05613353,0.2656787,0.15848294,0.0
786,0.31924286,0.08682661,0.3198865,0.10230695,0.07087862,0.10085838,0.0
787,0.10410414,0.17323929,0.10091619,0.10990656,0.31429863,0.19753522,0.0
788,0.17509404,0.27037412,0.2042323,0.17533249,0.0586561,0.11631095,0.0
789,0.08969934,0.13674273,0.15532343,0.26105174,0.17518525,0.18199752,0.0
790,0.15644003,0.2994069,0.23608422,0.15184888,0.06273331,0.09348663,0.0
791,0.08571468,0.06829619,0.33593857,0.33507484,0.11455394,0.06042177,0.0
792,0.22461773,0.09873338,0.19948009,0.25148645,0.14293048,0.0827519,0.0
793,0.05885264,0.09737647,0.12659742,0.2574098,0.2749088,0.18485479,0.0
794,0.256935,0.04887835,0.13418756,0.26786718,0.22855824,0.06357365,0.0
795,0.29540154,0.0791987,0.17665556,0.14728287,0.24384816,0.05761313,0.0
796,0.18741108,0.11118502,0.22257912,0.11705986,0.10791406,0.25385088,0.0
797,0.2564731,0.05684684,0.12129465,0.24724758,0.23192969,0.08620823,0.0
798,0.07375745,0.1168824,0.21318723,0.35699165,0.17250684,0.06667446,0.0
799,0.294697,0.12433024,0.0631645,0.2427276,0.15621482,0.11886583,0.0
800,0.2702234,0.06366354,0.05293645,0.26249626,0.14047633,0.21020405,0.0
801,0.15337697,0.13059956,0.1699193,0.20796542,0.28672206,0.05141667,0.0
802,0.25106284,0.19500415,0.19086744,0.1789369,0.08951913,0.09460948,0.0
803,0.11103024,0.2996687,0.24379052,0.08860926,0.10585365,0.15104763,0.0
804,0.35199398,0.10186744,0.08538052,0.08580824,0.2507239,0.12422592,0.0
805,0.14414912,0.13050066,0.14928462,0.40033692,0.05498525,0.12074339,0.0
806,0.13682742,0.09170081,0.05999266,0.415448,0.06524406,0.23078701,0.0
807,0.11184589,0.22711249,0.19863479,0.2075658,0.13045329,0.12438775,0.0
808,0.27647954,0.13284844,0.29681697,0.12849271,0.07325048,0.092112,0.0
809,0.20622571,0.21125431,0.1792623,0.26784563,0.08618373,0.0492283,0.0
810,0.05145361,0.22040452,0.19894241,0.23121628,0.21705037,0.0809328,0.0
811,0.35617355,0.08446172,0.11015488,0.07459714,0.12144878,0.25316396,0.0
812,0.10926859,0.0507782,0.08902606,0.09025427,0.3254848,0.33518815,0.0
813,0.07689442,0.21678166,0.31916067,0.10515591,0.18293445,0.0990729,0.0
814,0.10138828,0.22094665,0.18891862,0.14541253,0.09617414,0.24715978,0.0
815,0.16741721,0.2991423,0.06731661,0.15835658,0.14768344,0.16008386,0.0
816,0.09618296,0.18262367,0.27002946,0.13901728,0.11895072,0.19319586,0.0
817,0.131479,0.13454777,0.19348308,0.24725668,0.17181665,0.1214169,0.0
818,0.13022928,0.08486158,0.06053704,0.29233244,0.37203872,0.0600009,0.0
819,0.0905978,0.4319988,0.09002415,0.12927414,0.15883677,0.09926842,0.0
820,0.0630637,0.2707232,0.12742989,0.30968225,0.14019966,0.08890129,0.0
821,0.3287945,0.06045225,0.23418479,0.15050924,0.12646347,0.09959568,0.0
822,0.14049113,0.22517289,0.07145548,0.10128855,0.25714242,0.20444946,0.0
823,0.21507333,0.15694864,0.12841463,0.15344837,0.26315153,0.08296351,0.0
824,0.29830453,0.11717103,0.08885071,0.21365027,0.06603961,0.21598385,0.0
825,0.3775669,0.2319983,0.11475919,0.07874811,0.06603616,0.13089125,0.0
826,0.05133903,0.29092568,0.05906934,0.23586081,0.06390265,0.29890254,0.0
827,0.27441856,0.12596291,0.17223117,0.06371425,0.26061654,0.10305651,0.0
828,0.09321948,0.36134973,0.10320975,0.09413381,0.27464265,0.07344467,0.0
829,0.3643804,0.09943264,0.1322777,0.10156049,0.24103275,0.06131609,0.0
830,0.11823206,0.3157074,0.36362407,0.07237381,0.06906957,0.06099317,0.0
831,0.1396732,0.14175817,0.25428596,0.33941814,0.06559686,0.0592677,0.0
832,0.34794217,0.06064909,0.1057345,0.05650398,0.23392771,0.19524257,0.0
833,0.0470398,0.05865269,0.1912722,0.19307446,0.2489465,0.2610144,0.0
834,0.04099128,0.23134914,0.05606065,0.24970953,0.21670912,0.2051803,0.0
835,0.09118456,0.2493166,0.04698886,0.188723,0.21681881,0.20696816,0.0
836,0.0924665,0.35063785,0.09031481,0.19102815,0.18366417,0.09188852,0.0
837,0.17767687,0.23264048,0.09797716,0.14787547,0.16697001,0.17686008,0.0
838,0.06599171,0.11259235,0.22288889,0.27554464,0.10637198,0.21661049,0.0
839,0.14024676,0.09796119,0.06218835,0.10526626,0.23977534,0.35456207,0.0
840,0.06933145,0.23766892,0.24843775,0.16690832,0.05139515,0.22625835,0.0
841,0.13983043,0.08899754,0.21328558,0.2738062,0.22853439,0.05554586,0.0
842,0.09913076,0.29762354,0.05077215,0.19407803,0.11645749,0.24193813,0.0
843,0.35996398,0.09841724,0.22105087,0.13288312,0.1259552,0.06172952,0.0
844,0.05312894,0.25117233,0.29815447,0.04815369,0.13095458,0.218436,0.0
845,0.31429154,0.08309131,0.16027042,0.11074988,0.26812774,0.06346911,0.0
846,0.18576969,0.24402343,0.25198612,0.10349134,0.153844,0.06088544,0.0
847,0.30264428,0.18085183,0.21978678,0.12352177,0.08378392,0.08941133,0.0
848,0.09964478,0.35400185,0.14089358,0.12139363,0.1239595,0.16010651,0.0
849,0.14268264,0.20679477,0.2422308,0.07808659,0.06986484,0.2603404,0.0
850,0.22705837,0.05807937,0.07617237,0.2483235,0.27344117,0.11692521,0.0
851,0.15580134,0.19502817,0.18721321,0.16738431,0.06679218,0.22778082,0.0
852,0.097852,0.07774872,0.13629489,0.19438507,0.32161927,0.17210001,0.0
853,0.2881601,0.08459399,0.19028398,0.07702561,0.2625788,0.09735752,0.0
854,0.10705961,0.23903815,0.11550789,0.38220838,0.08393529,0.07225067,0.0
855,0.15690991,0.12939557,0.10707041,0.2548404,0.0520362,0.2997475,0.0
856,0.0667944,0.11090251,0.26822543,0.247773,0.13011022,0.17619441,0.0
857,0.29173502,0.22777915,0.05434649,0.05925648,0.27218664,0.09469622,0.0
858,0.05332036,0.09706283,0.27692026,0.12496104,0.22295213,0.22478344,0.0
859,0.10776107,0.13737084,0.15677787,0.10542595,0.1721236,0.3205407,0.0
860,0.20062865,0.07397876,0.10216396,0.19360797,0.22096132,0.20865938,0.0
861,0.09030321,0.17976135,0.20707674,0.23763493,0.09167971,0.19354409,0.0
862,0.14196597,0.20126182,0.09195434,0.10210414,0.2817011,0.18101268,0.0
863,0.2526642,0.13462849,0.20391922,0.07636009,0.11801773,0.21441033,0.0
864,0.08746844,0.1903966,0.14609633,0.09698904,0.3196506,0.1593989,0.0
865,0.23961747,0.0944002,0.22154409,0.14627483,0.18420486,0.11395852,0.0
866,0.13712944,0.06417518,0.27259395,0.22549522,0.19162321,0.10898292,0.0
867,0.3941609,0.05999609,0.15706237,0.15719233,0.09440494,0.13718334,0.0
868,0.29270196,0.14943904,0.1395059,0.15126555,0.12280048,0.14428705,0.0
869,0.2650968,0.06300095,0.07597465,0.19802709,0.13768515,0.26021528,0.0
870,0.29210225,0.1055872,0.11233333,0.14842273,0.10011221,0.2414423,0.0
871,0.20200509,0.0998093,0.08628322,0.09598528,0.12248344,0.3934337,0.0
872,0.13715376,0.14009358,0.20281518,0.13207555,0.1616538,0.2262081,0.0
873,0.30812955,0.22311458,0.09927105,0.13602151,0.06628696,0.16717635,0.0
874,0.23284596,0.13533309,0.23638386,0.09007946,0.16491176,0.14044587,0.0
875,0.26631436,0.0741865,0.07826114,0.2607315,0.2106209,0.10988563,0.0
876,0.26624674,0.08143722,0.10796512,0.23484024,0.08452462,0.22498597,0.0
877,0.06129142,0.28366375,0.10508087,0.08641794,0.158207,0.30533898,0.0
878,0.10873916,0.09704085,0.35081235,0.12644285,0.15168999,0.16527481,0.0
879,0.2672482,0.19745718,0.15374286,0.05120918,0.27906293,0.05127964,0.0
880,0.283251,0.2596182,0.07698741,0.10823128,0.13865489,0.13325721,0.0
881,0.2403007,0.14072639,0.1295971,0.05072453,0.31190202,0.12674926,0.0
882,0.08477363,0.15743633,0.15061459,0.24130529,0.22169182,0.14417835,0.0
883,0.24605805,0.09763926,0.07899297,0.14175835,0.23124754,0.20430385,0.0
884,0.2701804,0.15877515,0.06562655,0.21751463,0.14349842,0.14440489,0.0
885,0.12500103,0.26354632,0.06046312,0.14063981,0.06551787,0.34483188,0.0
886,0.10264205,0.09187727,0.22678195,0.12530278,0.34509057,0.10830532,0.0
887,0.17066246,0.24593526,0.13623765,0.24671775,0.08017056,0.12027635,0.0
888,0.17627823,0.08554302,0.072342,0.3411606,0.15303968,0.17163649,0.0
889,0.19212534,0.1425439,0.13236651,0.31243843,0.06569048,0.15483531,0.0
890,0.19873472,0.18919109,0.13793738,0.18306491,0.11972187,0.17135006,0.0
891,0.08207914,0.10976385,0.53625417,0.08629246,0.08133642,0.104274,0.0
892,0.0892137,0.34212682,0.276422,0.09661961,0.06946147,0.12615646,0.0
893,0.08174146,0.13110913,0.10725188,0.11990606,0.34291333,0.21707816,0.0
894,0.23858821,0.08620053,0.07230774,0.18999451,0.18137948,0.23152947,0.0
895,0.13174818,0.24813764,0.12321081,0.2763995,0.1271769,0.09332694,0.0
896,0.19749007,0.15613294,0.08529509,0.28998005,0.14504819,0.1260536,0.0
897,0.22849853,0.07082892,0.26226327,0.30046633,0.08461034,0.05333265,0.0
898,0.28142077,0.29252803,0.12978156,0.08801068,0.07904287,0.12921599,0.0
899,0.16141127,0.09608718,0.33975995,0.21363783,0.11018192,0.07892187,0.0
900,0.2561624,0.28797838,0.19401339,0.06268257,0.10222564,0.09693768,0.0
901,0.22586761,0.06150297,0.07373238,0.21947877,0.2605084,0.15890984,0.0
902,0.20426558,0.26961008,0.0584621,0.06769879,0.05344288,0.34652054,0.0
903,0.20074971,0.2743434,0.2754127,0.06806985,0.0949078,0.0865166,0.0
904,0.14257152,0.14386496,0.07133041,0.26964986,0.07922257,0.29336062,0.0
905,0.20787303,0.15974279,0.0786183,0.19942167,0.2036781,0.15066612,0.0
906,0.07710151,0.15122283,0.1941205,0.09899477,0.40420824,0.07435218,0.0
907,0.21742043,0.23559603,0.10923956,0.14492331,0.20049663,0.09232402,0.0
908,0.23376559,0.08020039,0.29040182,0.05798855,0.14013289,0.19751073,0.0
909,0.29589257,0.24055551,0.07023438,0.07113353,0.20958532,0.11259869,0.0
910,0.17191564,0.21080987,0.12057067,0.05521752,0.14104533,0.30044094,0.0
911,0.22258699,0.23771833,0.11666954,0.21370724,0.14007616,0.06924176,0.0
912,0.15479167,0.37493157,0.08722975,0.13870902,0.07001252,0.1743255,0.0
913,0.21720195,0.09804447,0.17033479,0.16446291,0.28391844,0.06603736,0.0
914,0.08531719,0.27255237,0.19950096,0.08175763,0.21802351,0.14284833,0.0
915,0.13562162,0.08977901,0.13840847,0.20641486,0.0755737,0.35420233,0.0
916,0.08073552,0.25585037,0.29312328,0.1829479,0.06280814,0.1245349,0.0
917,0.06714117,0.16290414,0.12872559,0.24226008,0.31636706,0.08260198,0.0
918,0.06237581,0.35252288,0.06271426,0.13371737,0.21646872,0.17220087,0.0
919,0.13906021,0.18645161,0.18484853,0.23882791,0.06092903,0.1898827,0.0
920,0.12987745,0.18531938,0.25424135,0.20620556,0.11546934,0.10888687,0.0
921,0.1677199,0.07574009,0.37801316,0.11588896,0.11175504,0.15088288,0.0
922,0.05237621,0.11799486,0.19039983,0.15298177,0.33990818,0.14633913,0.0
923,0.11263867,0.18141572,0.09200412,0.09706461,0.41205305,0.10482382,0.0
924,0.09991701,0.16262604,0.17213032,0.15382329,0.172236,0.23926735,0.0
925,0.06884348,0.06893705,0.13817509,0.3285077,0.24853003,0.14700674,0.0
926,0.20266655,0.353904,0.12986723,0.10044231,0.11399247,0.09912747,0.0
927,0.09295882,0.0908218,0.39121374,0.1481349,0.20223361,0.07463716,0.0
928,0.2857292,0.085348,0.14222854,0.17182079,0.07811256,0.23676087,0.0
929,0.3252577,0.27303025,0.16758128,0.05533816,0.10689706,0.07189558,0.0
930,0.11235877,0.20175788,0.19705494,0.07589766,0.10065264,0.3122781,0.0
931,0.13224068,0.16913517,0.21652576,0.18084475,0.11459929,0.18665439,0.0
932,0.2681945,0.1843913,0.16539218,0.24115218,0.04108973,0.09978013,0.0
933,0.31901875,0.07244435,0.08925433,0.32678485,0.12130706,0.07119066,0.0
934,0.14754085,0.23387231,0.18193041,0.1156303,0.19839226,0.12263379,0.0
935,0.06841478,0.23780124,0.31439978,0.16870052,0.11043447,0.10024925,0.0
936,0.07088743,0.0866469,0.27981418,0.11115138,0.25569767,0.19580245,0.0
937,0.22405851,0.26089856,0.07015265,0.11634661,0.11636997,0.21217372,0.0
938,0.13243788,0.40264443,0.06915825,0.06433852,0.16225778,0.1691632,0.0
939,0.07189403,0.24338704,0.08019346,0.15474933,0.27613884,0.1736373,0.0
940,0.13419671,0.10878697,0.08225058,0.08873485,0.33188525,0.25414565,0.0
941,0.07726171,0.20076859,0.21475033,0.33899188,0.07044404,0.09778342,0.0
942,0.24889365,0.04964674,0.32605428,0.08203268,0.09080959,0.20256303,0.0
943,0.16886583,0.15041381,0.18009958,0.20744985,0.1620462,0.13112482,0.0
944,0.10459442,0.26697034,0.07553948,0.19428104,0.2323863,0.12622842,0.0
945,0.16654184,0.19294915,0.2960653,0.20317315,0.09229124,0.04897923,0.0
946,0.28913617,0.18380903,0.23293824,0.09353586,0.11887236,0.0817084,0.0
947,0.14020766,0.1566958,0.28509724,0.17059831,0.1070429,0.14035808,0.0
948,0.22861667,0.23735693,0.05639625,0.1260058,0.28320584,0.06841853,0.0
949,0.14345905,0.11617796,0.06556916,0.1388351,0.32779488,0.20816381,0.0
950,0.1439525,0.13456573,0.14914277,0.24452825,0.16750748,0.1603033,0.0
951,0.26151058,0.05159077,0.13079935,0.23042274,0.06236693,0.26330966,0.0
952,0.13198149,0.22599694,0.09668553,0.10814245,0.22811498,0.20907861,0.0
953,0.1998565,0.20020957,0.19970113,0.18247488,0.0691563,0.14860168,0.0
954,0.26548976,0.15772049,0.09844156,0.23100765,0.08073562,0.16660495,0.0
955,0.13553542,0.1461771,0.12224995,0.34437862,0.11992623,0.13173272,0.0
956,0.14163643,0.06654707,0.23949777,0.3567394,0.07058464,0.1249947,0.0
957,0.11124808,0.17811327,0.2333678,0.15884197,0.19056198,0.12786691,0.0
958,0.09803054,0.09961393,0.11525644,0.26226425,0.18119363,0.24364117,0.0
959,0.32570282,0.0663448,0.19551352,0.18739182,0.08515105,0.13989599,0.0
960,0.08763538,0.2839165,0.15398687,0.05714132,0.3312382,0.08608174,0.0
961,0.13466486,0.27374798,0.1572978,0.15221582,0.14772691,0.13434654,0.0
962,0.14959988,0.22076392,0.07662673,0.05333117,0.25731567,0.24236259,0.0
963,0.13231054,0.24152379,0.15095356,0.11472065,0.23900802,0.12148345,0.0
964,0.12078905,0.08525491,0.38055614,0.2521584,0.08462825,0.07661327,0.0
965,0.10363755,0.07042946,0.17126949,0.1503224,0.3862391,0.11810205,0.0
966,0.18619746,0.24575561,0.29336154,0.07183636,0.14165781,0.0611912,0.0
967,0.30777863,0.15146431,0.14518127,0.09143878,0.1378357,0.16630125,0.0
968,0.27295637,0.14396968,0.27018958,0.12043374,0.06315715,0.12929338,0.0
969,0.07912309,0.07933085,0.26403058,0.21150462,0.2521785,0.11383229,0.0
970,0.13448362,0.22196412,0.14129394,0.13285266,0.12539645,0.24400918,0.0
971,0.07919503,0.1582753,0.16261788,0.27340877,0.10784647,0.21865647,0.0
972,0.14901897,0.2042732,0.08241817,0.2781798,0.05372883,0.23238102,0.0
973,0.07990036,0.23160149,0.12853046,0.29126635,0.05105113,0.21765026,0.0
974,0.13934384,0.13777155,0.3508782,0.21339692,0.07987127,0.07873823,0.0
975,0.32304576,0.15094873,0.05542947,0.2623765,0.15062222,0.05757736,0.0
976,0.140751,0.12329014,0.09377922,0.4091867,0.10507806,0.12791488,0.0
977,0.11241885,0.05595578,0.30326667,0.29008597,0.07078078,0.16749191,0.0
978,0.314767,0.21599878,0.19331893,0.07546286,0.10995261,0.09049983,0.0
979,0.07087331,0.13906954,0.19240539,0.19068746,0.25481316,0.15215118,0.0
980,0.222298,0.17394656,0.11322811,0.28149757,0.09176669,0.11726309,0.0
981,0.0770174,0.33477974,0.18621096,0.11970735,0.06551769,0.2167669,0.0
982,0.11108782,0.08299266,0.19220617,0.17735435,0.3723823,0.06397664,0.0
983,0.07579452,0.18328485,0.21597639,0.08064219,0.35390252,0.09039962,0.0
984,0.23347232,0.29971185,0.23933119,0.08563077,0.06599636,0.07585745,0.0
985,0.11798836,0.07652932,0.11533043,0.11730634,0.28748658,0.28535897,0.0
986,0.22866617,0.36916232,0.14026868,0.09297738,0.08338661,0.08553881,0.0
987,0.22217569,0.11453191,0.27971965,0.2179039,0.09879851,0.06687029,0.0
988,0.15326083,0.20401302,0.32424888,0.07695457,0.13504547,0.10647719,0.0
989,0.16919485,0.2812954,0.14075819,0.14858198,0.09946217,0.16070744,0.0
990,0.10303347,0.23968816,0.09759035,0.11901137,0.19781154,0.2428651,0.0
991,0.08318306,0.24453646,0.20979238,0.21362682,0.07910281,0.1697585,0.0
992,0.09410509,0.05750521,0.30326602,0.2528522,0.11516063,0.17711084,0.0
993,0.14562869,0.13787295,0.10293144,0.21767487,0.1774142,0.21847785,0.0
994,0.08130156,0.18085073,0.18345295,0.21316698,0.23028713,0.11094056,0.0
995,0.2362685,0.15571094,0.11908276,0.29833528,0.11338495,0.07721756,0.0
996,0.287494,0.13257524,0.06415568,0.0812413,0.38108906,0.05344467,0.0
997,0.25881466,0.2633304,0.09864022,0.1501085,0.04101975,0.18808652,0.0
998,0.14519304,0.13884689,0.32060516,0.22356954,0.08614136,0.0856441,0.0
999,0.22516893,0.22873464,0.11745916,0.21612634,0.17475331,0.0377577,0.0
1000,0.14241424,0.09798478,0.06123294,0.09615614,0.41979074,0.1824212,0.0
1001,0.1590338,0.09393332,0.3323966,0.12908037,0.11095572,0.17460014,0.0
1002,0.14614633,0.17178187,0.20255654,0.1179692,0.07303543,0.28851065,0.0
1003,0.11070926,0.15575491,0.08579255,0.24160789,0.07250921,0.33362618,0.0
1004,0.217628,0.04973244,0.26502383,0.27624145,0.04869789,0.14267641,0.0
1005,0.05995448,0.36492023,0.23603354,0.09685362,0.07417033,0.16806778,0.0
1006,0.08372189,0.10661645,0.06276775,0.25210926,0.24836081,0.24642383,0.0
1007,0.13698412,0.1847064,0.07178532,0.23759288,0.2786466,0.0902847,0.0
1008,0.16981606,0.12496653,0.26015458,0.06567327,0.12699652,0.2523931,0.0
1009,0.23035297,0.21768798,0.07614537,0.15423687,0.06339169,0.2581851,0.0
1010,0.15415958,0.2740901,0.05243426,0.12828481,0.05204732,0.33898395,0.0
1011,0.21437614,0.22701113,0.03786855,0.12455191,0.21978441,0.17640787,0.0
1012,0.14586614,0.21820074,0.12430792,0.24084873,0.08731766,0.18345879,0.0
1013,0.12477765,0.10380775,0.22549519,0.14809501,0.27022913,0.12759526,0.0
1014,0.13980411,0.09856005,0.16236681,0.32770896,0.12507196,0.14648817,0.0
1015,0.04893145,0.08495814,0.19343138,0.17053458,0.19432488,0.30781958,0.0
1016,0.08778115,0.34636298,0.22992665,0.0735007,0.13758308,0.12484537,0.0
1017,0.11777917,0.06816039,0.22195399,0.4218062,0.08591336,0.08438694,0.0
1018,0.21702078,0.36314088,0.10539179,0.05116257,0.14553408,0.11774997,0.0
1019,0.08806412,0.09921523,0.21082173,0.25245273,0.16448992,0.18495628,0.0
1020,0.11421315,0.12703995,0.1027693,0.11463273,0.3109688,0.2303761,0.0
1021,0.16497064,0.08790722,0.09339847,0.12984398,0.43394375,0.0899359,0.0
1022,0.2900943,0.06553266,0.14076345,0.14198954,0.28664657,0.07497354,0.0
1023,0.09475173,0.32828707,0.28959754,0.07739664,0.09718716,0.11277976,0.0
1024,0.16994743,0.07010754,0.08596118,0.30507714,0.10194222,0.26696455,0.0
1025,0.4146568,0.08945327,0.07624701,0.12066236,0.1043782,0.19460231,0.0
1026,0.1544756,0.3107963,0.14052655,0.10142391,0.18583357,0.10694403,0.0
1027,0.14343843,0.17261964,0.18197195,0.16511586,0.193281,0.14357306,0.0
1028,0.30371362,0.11377993,0.1171372,0.12425329,0.2602568,0.08085915,0.0
1029,0.38433668,0.19316298,0.15817526,0.08905152,0.06562472,0.10964879,0.0
1030,0.13759746,0.11248159,0.11365385,0.14636435,0.16379333,0.32610947,0.0
1031,0.12482964,0.13729134,0.11689748,0.22818385,0.30233157,0.09046616,0.0
1032,0.05465707,0.05252851,0.14125137,0.25943857,0.23808171,0.25404274,0.0
1033,0.07209356,0.09601817,0.08689784,0.26465914,0.37517565,0.10515566,0.0
1034,0.07843115,0.08318783,0.09434669,0.2943375,0.31912473,0.13057216,0.0
1035,0.0614178,0.19157307,0.1429033,0.09472899,0.18118514,0.3281916,0.0
1036,0.07481274,0.28431395,0.12319863,0.12871164,0.2969768,0.09198618,0.0
1037,0.33467445,0.12852654,0.14979085,0.09826994,0.18727943,0.1014588,0.0
1038,0.22223736,0.22495991,0.07303734,0.07235628,0.13556528,0.2718438,0.0
1039,0.11034056,0.07784709,0.08032362,0.39336103,0.24658555,0.09154218,0.0
1040,0.26647416,0.11588908,0.11170433,0.125662,0.14242053,0.23784988,0.0
1041,0.27172187,0.16186033,0.21527533,0.04628406,0.23983014,0.06502821,0.0
1042,0.09238651,0.16952989,0.21713887,0.15884529,0.27263987,0.08945956,0.0
1043,0.1291902,0.09363024,0.23012555,0.13809577,0.35060716,0.05835108,0.0
1044,0.09445807,0.1574993,0.09524851,0.13439593,0.10570549,0.4126926,0.0
1045,0.0639189,0.07596788,0.07358705,0.37555227,0.22329979,0.18767415,0.0
1046,0.14784901,0.13032487,0.15750006,0.11954958,0.19001162,0.25476485,0.0
1047,0.06032357,0.128537,0.26053792,0.18100886,0.13519855,0.23439401,0.0
1048,0.19688727,0.2588417,0.28781173,0.06279724,0.11907982,0.07458229,0.0
1049,0.1207808,0.22275299,0.0930698,0.18502615,0.26174316,0.11662707,0.0
1050,0.27459943,0.17141367,0.14324553,0.287283,0.06527154,0.05818683,0.0
1051,0.25408956,0.09759949,0.28482175,0.0766065,0.1336497,0.15323302,0.0
1052,0.05438342,0.26385325,0.16556957,0.24338691,0.09484784,0.17795902,0.0
1053,0.1559725,0.19514868,0.11639241,0.25872374,0.07308641,0.20067625,0.0
1054,0.11561317,0.28149828,0.05555324,0.07814173,0.12183055,0.34736302,0.0
1055,0.07270898,0.10151689,0.21240555,0.14522077,0.14460325,0.32354453,0.0
1056,0.29471514,0.2507369,0.09467795,0.14232478,0.08461007,0.13293518,0.0
1057,0.38946483,0.15345371,0.1020112,0.08748116,0.16963962,0.09794948,0.0
1058,0.19854407,0.1299509,0.12062917,0.0743361,0.06646945,0.4100703,0.0
1059,0.10480043,0.27643296,0.264173,0.05660848,0.208427,0.08955809,0.0
1060,0.08612568,0.24400179,0.07321034,0.2713694,0.15605472,0.16923805,0.0
1061,0.27696052,0.20606634,0.11932258,0.22495365,0.06770154,0.10499541,0.0
1062,0.21053974,0.08035801,0.06553046,0.25814927,0.28061646,0.10480601,0.0
1063,0.05177291,0.11478812,0.21532957,0.1597275,0.14600375,0.31237814,0.0
1064,0.26935732,0.23274891,0.07307456,0.09679515,0.06997907,0.25804502,0.0
1065,0.18645024,0.12551904,0.10760547,0.23884854,0.07775816,0.26381853,0.0
1066,0.08785869,0.18378146,0.28042957,0.10740544,0.16082247,0.17970242,0.0
1067,0.13920052,0.08639492,0.08243573,0.27955857,0.21710119,0.19530906,0.0
1068,0.16003516,0.371133,0.14118621,0.14609726,0.070572,0.11097643,0.0
1069,0.07563592,0.16834268,0.269963,0.18482506,0.25320405,0.0480293,0.0
1070,0.09628931,0.06900185,0.22501957,0.2919227,0.08755764,0.23020892,0.0
1071,0.04700661,0.16833581,0.16760726,0.16689688,0.23963957,0.21051393,0.0
1072,0.05487032,0.08993064,0.1275858,0.26118326,0.221279,0.24515098,0.0
1073,0.26973274,0.13071191,0.21010749,0.21040401,0.10383656,0.0752073,0.0
1074,0.07011437,0.34395576,0.09262062,0.08678205,0.1212843,0.28524297,0.0
1075,0.06828001,0.27077755,0.19710103,0.2406232,0.06664123,0.15657696,0.0
1076,0.17641413,0.24591944,0.15932342,0.08442158,0.25332117,0.08060024,0.0
1077,0.14648937,0.13324834,0.22218809,0.12740251,0.16034289,0.21032877,0.0
1078,0.06129752,0.08187289,0.15916128,0.15200612,0.290915,0.2547471,0.0
1079,0.1245614,0.31334993,0.09127741,0.17102528,0.0949217,0.20486428,0.0
1080,0.32829705,0.1274768,0.14834787,0.13288324,0.11640117,0.14659385,0.0
1081,0.20900388,0.20594148,0.10332967,0.15688539,0.19342522,0.13141449,0.0
1082,0.07916406,0.13554096,0.37421104,0.079305,0.17277238,0.1590066,0.0
1083,0.16898012,0.16266651,0.18060315,0.3017967,0.11711232,0.06884125,0.0
1084,0.0579571,0.09786449,0.32723767,0.24465351,0.06937639,0.20291087,0.0
1085,0.16704328,0.09062545,0.20830105,0.13929577,0.3181597,0.07657485,0.0
1086,0.18566759,0.11550231,0.24900798,0.17970085,0.06016177,0.20995949,0.0
1087,0.07337942,0.35427454,0.18022232,0.15524928,0.13652477,0.10034971,0.0
1088,0.09107126,0.25341663,0.10624768,0.22389686,0.17725459,0.14811295,0.0
1089,0.25564638,0.13301204,0.12457848,0.24532901,0.1694084,0.0720257,0.0
1090,0.14218494,0.25901094,0.23309535,0.22884409,0.08450808,0.05235659,0.0
1091,0.0788957,0.37347335,0.09231669,0.18408832,0.07208637,0.19913958,0.0
1092,0.29532164,0.36942706,0.06992461,0.07203624,0.0744914,0.11879911,0.0
1093,0.26591948,0.19810937,0.10330072,0.06711619,0.28856638,0.07698786,0.0
1094,0.12061409,0.15570672,0.171332,0.2923643,0.08852476,0.1714581,0.0
1095,0.147681,0.09024756,0.09039594,0.08940819,0.24817413,0.3340932,0.0
1096,0.11001839,0.1739598,0.09942088,0.3660715,0.12861487,0.12191452,0.0
1097,0.16219153,0.34214935,0.06984138,0.25280267,0.08121472,0.09180044,0.0
1098,0.1896945,0.12618159,0.23377591,0.09686812,0.16561523,0.18786469,0.0
1099,0.21489696,0.19642304,0.22509918,0.09081563,0.10377285,0.16899236,0.0
1100,0.08114804,0.10354546,0.10456065,0.29481512,0.28067902,0.13525161,0.0
1101,0.21779087,0.11256547,0.09488472,0.14771615,0.12752502,0.29951772,0.0
1102,0.08086675,0.17574051,0.22543553,0.17356037,0.26125062,0.08314624,0.0
1103,0.30716327,0.05169014,0.12917982,0.25576648,0.15550582,0.10069446,0.0
1104,0.13598314,0.19660395,0.1966994,0.12917435,0.11850502,0.22303413,0.0
1105,0.3104879,0.13770707,0.19944355,0.05680486,0.21512483,0.08043179,0.0
1106,0.31318188,0.10528633,0.11823674,0.15389134,0.22938816,0.08001554,0.0
1107,0.3125094,0.14727217,0.08923519,0.18385737,0.12248702,0.14463884,0.0
1108,0.3012948,0.2725184,0.06475478,0.05734795,0.10189646,0.20218748,0.0
1109,0.11447942,0.10476706,0.26503557,0.26543805,0.17453088,0.07574902,0.0
1110,0.11148927,0.27389604,0.03984059,0.05680992,0.24738346,0.2705807,0.0
1111,0.05657075,0.12042582,0.24801174,0.2652738,0.25830755,0.0514104,0.0
1112,0.20864382,0.14600527,0.11922465,0.25830674,0.11716846,0.15065095,0.0
1113,0.09484042,0.24194516,0.05298418,0.14439797,0.26384807,0.20198424,0.0
1114,0.24513789,0.28437954,0.07329941,0.15474549,0.1643555,0.07808217,0.0
1115,0.06909596,0.22414574,0.25176302,0.22344658,0.11934119,0.11220744,0.0
1116,0.05551772,0.1061304,0.19888954,0.24021167,0.28667012,0.11258055,0.0
1117,0.11678801,0.21824284,0.29248542,0.11907104,0.08449205,0.16892068,0.0
1118,0.2729795,0.09098737,0.26640067,0.1459974,0.13222854,0.09140652,0.0
1119,0.10062817,0.21881996,0.11748473,0.22532184,0.18412365,0.15362164,0.0
1120,0.10384346,0.09353935,0.10260729,0.30065933,0.09495033,0.30440018,0.0
1121,0.06782914,0.16263168,0.2986209,0.11130128,0.05506611,0.30455083,0.0
1122,0.25349978,0.06802945,0.13185452,0.14824386,0.15372106,0.2446513,0.0
1123,0.2619878,0.0760004,0.14369485,0.19373867,0.2707677,0.05381053,0.0
1124,0.21260849,0.0663579,0.2275389,0.06877912,0.06928176,0.35543376,0.0
1125,0.36974287,0.12205655,0.14121915,0.0853379,0.19293846,0.0887051,0.0
1126,0.30602685,0.16436738,0.08442025,0.1516332,0.24407026,0.04948214,0.0
1127,0.12558308,0.18067843,0.3289747,0.15400265,0.10749628,0.10326485,0.0
1128,0.1372588,0.0755819,0.38712612,0.10360547,0.14790411,0.14852358,0.0
1129,0.2692017,0.10585691,0.07872479,0.30572662,0.1188872,0.12160274,0.0
1130,0.09223527,0.23745519,0.2836755,0.07351689,0.0558528,0.25726432,0.0
1131,0.13689288,0.08873198,0.08796825,0.20249626,0.36667335,0.11723723,0.0
1132,0.1088364,0.15200743,0.43888178,0.10041904,0.09607401,0.10378134,0.0
1133,0.16724384,0.12368593,0.16836707,0.2959589,0.140633,0.10411119,0.0
1134,0.1674516,0.11503348,0.23409235,0.05622729,0.20398605,0.22320916,0.0
1135,0.14628406,0.08249414,0.18705402,0.28284785,0.18996051,0.11135938,0.0
1136,0.22187579,0.13340545,0.23155122,0.11761598,0.12898655,0.16656502,0.0
1137,0.11105996,0.3558975,0.12572269,0.07642022,0.0699244,0.26097515,0.0
1138,0.06989774,0.37478977,0.15781672,0.17692813,0.08004881,0.14051875,0.0
1139,0.1760482,0.15510646,0.13376184,0.2927226,0.06811313,0.17424786,0.0
1140,0.10453313,0.19379365,0.30756563,0.24656986,0.08928474,0.05825299,0.0
1141,0.431161,0.09364267,0.2170877,0.09021132,0.07297605,0.09492122,0.0
1142,0.13875642,0.23088248,0.12827681,0.20709644,0.15345865,0.14152919,0.0
1143,0.18640047,0.12831861,0.2418882,0.16279499,0.10973202,0.1708658,0.0
1144,0.06080928,0.20581153,0.22279266,0.11265202,0.13058558,0.267349,0.0
1145,0.1613286,0.23505645,0.03367071,0.2256633,0.16036,0.18392096,0.0
1146,0.23247288,0.09951209,0.20807037,0.15262869,0.07618399,0.23113199,0.0
1147,0.12675495,0.25487742,0.09804373,0.0858364,0.3339387,0.1005488,0.0
1148,0.21388578,0.09324962,0.15947092,0.18249966,0.30016875,0.05072526,0.0
1149,0.10490801,0.05555807,0.29750863,0.05659458,0.2984696,0.18696107,0.0
1150,0.21559416,0.16487263,0.3106243,0.06962478,0.10013522,0.13914895,0.0
1151,0.12806903,0.11382753,0.19217466,0.06784891,0.1324724,0.36560744,0.0
1152,0.18090387,0.06010393,0.26622972,0.19976829,0.09252426,0.20046997,0.0
1153,0.09745911,0.11121918,0.07812604,0.23093957,0.2582593,0.22399682,0.0
1154,0.07820623,0.09216318,0.38233984,0.1245376,0.08849812,0.23425491,0.0
1155,0.09837077,0.16701332,0.08370824,0.1639307,0.4057039,0.08127307,0.0
1156,0.13616543,0.1909481,0.21086876,0.30848464,0.05779565,0.09573745,0.0
1157,0.25141534,0.11986997,0.05336102,0.20732808,0.2863649,0.0816607,0.0
1158,0.25227964,0.09959187,0.08982435,0.25363278,0.22300713,0.08166423,0.0
1159,0.31551117,0.13078171,0.08084902,0.08038542,0.21720742,0.17526534,0.0
1160,0.20459633,0.08463982,0.08510812,0.26075193,0.0711024,0.2938014,0.0
1161,0.26002157,0.16887563,0.11089077,0.04880813,0.3010925,0.11031131,0.0
1162,0.06128296,0.05220756,0.14547186,0.09268377,0.32562292,0.3227309,0.0
1163,0.1558218,0.20786364,0.34795138,0.11725348,0.06407894,0.10703071,0.0
1164,0.22507803,0.15155923,0.11163671,0.13491854,0.3184789,0.05832849,0.0
1165,0.1123389,0.05856707,0.3358168,0.09920289,0.20037083,0.19370358,0.0
1166,0.29035053,0.09994476,0.12602669,0.14656787,0.08515154,0.2519585,0.0
1167,0.173223,0.11507432,0.24321164,0.06590232,0.20928949,0.19329922,0.0
1168,0.09253398,0.19766185,0.0622838,0.40988442,0.11143687,0.12619911,0.0
1169,0.07553318,0.13426483,0.07281665,0.1556491,0.32030648,0.24142973,0.0
1170,0.26232925,0.09388673,0.25126722,0.17486736,0.06888069,0.14876875,0.0
1171,0.15532964,0.2191582,0.1967276,0.14851001,0.19351469,0.08675985,0.0
1172,0.35974735,0.06136936,0.3394871,0.10112292,0.07556787,0.06270541,0.0
1173,0.20037581,0.06152529,0.28238,0.09689431,0.25988933,0.09893519,0.0
1174,0.2584772,0.24064457,0.07970133,0.1146739,0.07001632,0.23648664,0.0
1175,0.28786638,0.11575036,0.11615556,0.16217911,0.18060908,0.13743949,0.0
1176,0.19887067,0.20736818,0.11260889,0.10349022,0.30152485,0.07613721,0.0
1177,0.32235202,0.12190193,0.07300729,0.30148685,0.07632137,0.10493048,0.0
1178,0.0789221,0.2059382,0.24616683,0.12941726,0.21483082,0.12472473,0.0
1179,0.23504926,0.06696226,0.18932404,0.28973526,0.09326518,0.12566398,0.0
1180,0.06247757,0.08382242,0.25451726,0.08929341,0.19367094,0.31621847,0.0
1181,0.23968998,0.08957065,0.19867824,0.16266212,0.06958896,0.23981002,0.0
1182,0.44341972,0.11063029,0.0918126,0.07528607,0.21371181,0.0651395,0.0
1183,0.2757483,0.22394119,0.1257092,0.04753213,0.22765818,0.09941112,0.0
1184,0.39274496,0.07511445,0.11644986,0.14238796,0.1926653,0.08063751,0.0
1185,0.14162378,0.19096126,0.31925705,0.08805426,0.17068659,0.08941705,0.0
1186,0.0595891,0.23903504,0.19695193,0.05176226,0.25971833,0.19294332,0.0
1187,0.26386693,0.09477271,0.13467276,0.37253192,0.06202318,0.07213253,0.0
1188,0.11187243,0.16123535,0.18196182,0.26573572,0.22229412,0.05690051,0.0
1189,0.15868603,0.05052064,0.27898088,0.07085436,0.22164303,0.21931507,0.0
1190,0.24175109,0.27446112,0.0794248,0.05634023,0.11439751,0.2336253,0.0
1191,0.22539316,0.1275856,0.13988042,0.22529031,0.09935094,0.18249953,0.0
1192,0.13687716,0.07081669,0.23670024,0.27318388,0.19771154,0.08471043,0.0
1193,0.16937564,0.39554626,0.08327614,0.07981252,0.16685882,0.10513063,0.0
1194,0.14121099,0.20421629,0.18118641,0.1785154,0.05672915,0.23814178,0.0
1195,0.14352797,0.31914526,0.1163103,0.08817266,0.14017174,0.19267212,0.0
1196,0.17771304,0.26437682,0.20610541,0.20435461,0.08552117,0.06192888,0.0
1197,0.26587352,0.16022569,0.19653824,0.09581078,0.15560965,0.12594216,0.0
1198,0.1388439,0.0560674,0.30141452,0.09349046,0.32782084,0.0823629,0.0
1199,0.25987247,0.05708366,0.18101236,0.24876182,0.11472959,0.13854018,0.0
1200,0.33775848,0.05667648,0.12620744,0.26497716,0.15663469,0.05774584,0.0
1201,0.21441433,0.17614955,0.08123301,0.28540078,0.13914728,0.103655,0.0
1202,0.11748781,0.06197378,0.23424804,0.1447377,0.322765,0.11878767,0.0
1203,0.16365936,0.2698376,0.24315186,0.11932287,0.10100415,0.10302422,0.0
1204,0.12681775,0.11258361,0.11629985,0.1691761,0.36689544,0.10822714,0.0
1205,0.08240396,0.08089666,0.23383737,0.16655916,0.22654721,0.20975563,0.0
1206,0.20694192,0.24586785,0.23811121,0.05876385,0.06145361,0.18886147,0.0
1207,0.1294881,0.1603931,0.22528528,0.17831159,0.18529323,0.12122875,0.0
1208,0.06654602,0.39860475,0.11850625,0.12229213,0.0960799,0.19797094,0.0
1209,0.15660283,0.07091937,0.07960512,0.30790514,0.09565767,0.28930986,0.0
1210,0.0723481,0.10856837,0.151561,0.12317596,0.26702583,0.27732077,0.0
1211,0.1096018,0.09050887,0.08276688,0.15740561,0.3479758,0.21174107,0.0
1212,0.07169028,0.18307954,0.13414165,0.13516657,0.21620195,0.25972,0.0
1213,0.12783904,0.07412422,0.25045246,0.29449314,0.16969608,0.08339508,0.0
1214,0.19198364,0.10129193,0.25366014,0.23377481,0.13613941,0.0831501,0.0
1215,0.15983611,0.25313693,0.10322008,0.06825662,0.29974237,0.11580794,0.0
1216,0.14361502,0.2172568,0.16756503,0.1971408,0.03478894,0.23963332,0.0
1217,0.11130866,0.1117862,0.12071126,0.29817253,0.20981939,0.14820191,0.0
1218,0.09068255,0.06619722,0.21108684,0.06453518,0.24379742,0.32370085,0.0
1219,0.07975595,0.1450586,0.0915377,0.12646393,0.28854877,0.26863512,0.0
1220,0.06437724,0.1006738,0.33869824,0.19754732,0.10119211,0.19751118,0.0
1221,0.09556312,0.07003176,0.07987349,0.38119504,0.2617214,0.11161514,0.0
1222,0.34470645,0.07322547,0.07614454,0.10265083,0.26593423,0.1373385,0.0
1223,0.10785392,0.06453047,0.16437672,0.06238531,0.2714505,0.32940307,0.0
1224,0.07204644,0.04907534,0.25496998,0.2813442,0.07322104,0.26934293,0.0
1225,0.22862956,0.29224226,0.19352958,0.07797866,0.14873701,0.05888306,0.0
1226,0.18192759,0.3021328,0.12090936,0.07626548,0.08282256,0.23594226,0.0
1227,0.23198657,0.13929488,0.07357445,0.07038678,0.24766226,0.2370951,0.0
1228,0.08760976,0.13617662,0.13110968,0.37486392,0.17415243,0.09608759,0.0
1229,0.10933659,0.2652911,0.27591193,0.18559642,0.09538795,0.06847594,0.0
1230,0.11970145,0.20719674,0.15609126,0.07866452,0.25913143,0.17921458,0.0
1231,0.11763874,0.0654825,0.20019118,0.1191228,0.23204345,0.26552135,0.0
1232,0.10373604,0.06559941,0.06247181,0.32700893,0.11439864,0.3267851,0.0
1233,0.1980462,0.3365949,0.21744055,0.08989873,0.07754183,0.08047777,0.0
1234,0.0459093,0.08463236,0.2624145,0.24907808,0.04607137,0.31189436,0.0
1235,0.17860655,0.07343429,0.200968,0.34493896,0.09339087,0.10866132,0.0
1236,0.22705258,0.19967067,0.07617174,0.16946447,0.25012648,0.0775141,0.0
1237,0.11138268,0.11862633,0.11657675,0.09788058,0.23465128,0.32088232,0.0
1238,0.25776482,0.09638228,0.08480075,0.0863701,0.23529467,0.23938736,0.0
1239,0.18217427,0.16410568,0.3183309,0.07322181,0.10573865,0.15642874,0.0
1240,0.10786812,0.40663296,0.25066417,0.06383717,0.10689553,0.06410208,0.0
1241,0.16556263,0.2553104,0.27840042,0.09408645,0.13154867,0.07509143,0.0
1242,0.18920903,0.161832,0.20372057,0.27014482,0.07945464,0.09563904,0.0
1243,0.20047793,0.07257743,0.08121226,0.08013954,0.24019483,0.325398,0.0
1244,0.23992358,0.11269064,0.04703634,0.23925497,0.07260027,0.28849417,0.0
1245,0.11879187,0.07853261,0.10516886,0.1969275,0.26554695,0.23503223,0.0
1246,0.17049432,0.28036633,0.24907845,0.06874446,0.06926315,0.16205323,0.0
1247,0.28409913,0.05331082,0.07186154,0.0532006,0.26883507,0.26869276,0.0
1248,0.4024255,0.09483588,0.09535759,0.09944716,0.08672901,0.22120486,0.0
1249,0.07663304,0.11235532,0.24912035,0.24766724,0.09256312,0.22166094,0.0
1250,0.07626805,0.06571879,0.10677922,0.18723351,0.20913184,0.35486862,0.0
1251,0.21924022,0.08959407,0.085077,0.23327261,0.06736088,0.3054552,0.0
1252,0.14365567,0.08402321,0.14288408,0.11685593,0.20546171,0.3071194,0.0
1253,0.06098118,0.05364596,0.1506551,0.38711113,0.26559696,0.08200973,0.0
1254,0.25424433,0.2085106,0.2153346,0.13163345,0.1042661,0.0860109,0.0
1255,0.05392418,0.15953666,0.34239218,0.22645012,0.07058215,0.14711475,0.0
1256,0.18036404,0.1642357,0.15611687,0.2385311,0.06916809,0.19158429,0.0
1257,0.33347037,0.16920787,0.05340647,0.0849933,0.12424169,0.23468032,0.0
1258,0.13031976,0.11077096,0.2603291,0.22436793,0.22404005,0.05017224,0.0
1259,0.23486957,0.09410828,0.09266736,0.13619082,0.31351823,0.12864569,0.0
1260,0.06077667,0.10958998,0.17564206,0.3065379,0.08655369,0.26089975,0.0
1261,0.06775872,0.39198288,0.0652384,0.06370255,0.142216,0.26910147,0.0
1262,0.14282136,0.21264772,0.32018736,0.06611647,0.07165843,0.18656856,0.0
1263,0.10744391,0.13581564,0.21673375,0.13010132,0.17982267,0.23008272,0.0
1264,0.09028347,0.13695377,0.20334892,0.12974563,0.17796321,0.26170498,0.0
1265,0.05840283,0.2699332,0.11822697,0.10528019,0.35227308,0.09588377,0.0
1266,0.19484672,0.31112036,0.16724037,0.13152547,0.1099231,0.08534405,0.0
1267,0.23338711,0.10227851,0.15514983,0.07870819,0.3021184,0.12835805,0.0
1268,0.1024278,0.2975387,0.1320211,0.27922073,0.11850386,0.07028776,0.0
1269,0.23908646,0.12499804,0.10055017,0.2334998,0.08142263,0.22044283,0.0
1270,0.11832938,0.36209947,0.14727266,0.12419388,0.16008817,0.08801639,0.0
1271,0.11745288,0.2682987,0.07697762,0.19437695,0.05646411,0.28642982,0.0
1272,0.24657118,0.2270194,0.04195104,0.16196603,0.22885463,0.09363773,0.0
1273,0.10413999,0.14681433,0.2955804,0.15440273,0.21939045,0.0796722,0.0
1274,0.32495072,0.342605,0.09141636,0.1362222,0.05743768,0.04736811,0.0
1275,0.15942898,0.09409441,0.08226439,0.32795188,0.08868209,0.24757828,0.0
1276,0.13365957,0.1898495,0.07816093,0.32640037,0.16460873,0.10732093,0.0
1277,0.05988086,0.1565083,0.19364382,0.25997326,0.22137617,0.1086176,0.0
1278,0.22110957,0.10473701,0.07968839,0.3252841,0.10371808,0.16546276,0.0
1279,0.273156,0.16596581,0.06653384,0.25493833,0.11038782,0.12901814,0.0
1280,0.19257028,0.20784052,0.13211742,0.1701401,0.13508378,0.16224784,0.0
1281,0.3294628,0.14434443,0.09201752,0.10204709,0.16015358,0.17197454,0.0
1282,0.10132714,0.38029727,0.14602633,0.08817576,0.1898832,0.09429034,0.0
1283,0.20939477,0.05720425,0.09021693,0.14363043,0.38087025,0.11868343,0.0
1284,0.2752746,0.06452116,0.06637643,0.06931875,0.23237236,0.2921367,0.0
1285,0.2319472,0.28133458,0.09988663,0.10602654,0.09186201,0.18894306,0.0
1286,0.15266044,0.19070737,0.30611542,0.12362988,0.12434974,0.10253716,0.0
1287,0.17727087,0.12422846,0.11548578,0.10022547,0.08817272,0.39461666,0.0
1288,0.0731449,0.37911037,0.05997971,0.06951386,0.15570901,0.2625421,0.0
1289,0.18712758,0.13560264,0.14081691,0.11162015,0.12355039,0.30128232,0.0
1290,0.09221667,0.08393615,0.364413,0.28638497,0.08598211,0.087067,0.0
1291,0.26762027,0.12727074,0.11374249,0.07248007,0.20697469,0.21191165,0.0
1292,0.23562106,0.16113131,0.08625204,0.19825017,0.26377344,0.05497202,0.0
1293,0.11693321,0.10897017,0.37141147,0.17272624,0.15292762,0.07703128,0.0
1294,0.28314856,0.22864906,0.0653993,0.05289092,0.3044669,0.06544524,0.0
1295,0.24892348,0.06795473,0.24112771,0.06767417,0.18434261,0.18997741,0.0
1296,0.11012195,0.08822814,0.222872,0.08983992,0.22116466,0.26777336,0.0
1297,0.06271396,0.13661452,0.23832324,0.22659905,0.270026,0.06572322,0.0
1298,0.14401232,0.18285444,0.18293025,0.13464737,0.13752049,0.21803516,0.0
1299,0.10517034,0.15872988,0.35388362,0.09033065,0.19863133,0.09325417,0.0
1300,0.21314855,0.12303542,0.08852639,0.176227,0.16564086,0.23342185,0.0
1301,0.05409456,0.16198047,0.26109692,0.31377092,0.07259712,0.13646002,0.0
1302,0.35506865,0.09154654,0.06400411,0.37822944,0.05524683,0.05590446,0.0
1303,0.18713458,0.14475949,0.15856433,0.21931565,0.10228829,0.18793759,0.0
1304,0.10570287,0.28762114,0.08574641,0.24504471,0.12128824,0.15459661,0.0
1305,0.28474617,0.07530432,0.14396551,0.06480007,0.31656915,0.11461475,0.0
1306,0.08615733,0.28927952,0.09095028,0.11552308,0.33124962,0.0868402,0.0
1307,0.23715709,0.12796363,0.18046296,0.11384013,0.07719709,0.26337916,0.0
1308,0.10525095,0.09025133,0.40325624,0.09272808,0.17007226,0.13844107,0.0
1309,0.08036517,0.09931977,0.36484364,0.09337725,0.23623605,0.12585822,0.0
1310,0.1998652,0.25940675,0.06524738,0.2336883,0.09180878,0.14998348,0.0
1311,0.25892884,0.13651109,0.1121391,0.26615444,0.14925227,0.07701436,0.0
1312,0.12458293,0.08941758,0.09100658,0.2737366,0.2540356,0.16722071,0.0
1313,0.04710954,0.18899336,0.2727025,0.1849801,0.10578537,0.20042922,0.0
1314,0.05902896,0.14860293,0.26574385,0.1397477,0.33236194,0.05451459,0.0
1315,0.15686125,0.06618235,0.38831586,0.0893419,0.06587113,0.23342751,0.0
1316,0.09788051,0.1587922,0.11486833,0.2760212,0.22106926,0.13136852,0.0
1317,0.2915463,0.0636639,0.12647186,0.13608405,0.31093603,0.07129791,0.0
1318,0.3026788,0.09515556,0.27031672,0.05128254,0.1637959,0.11677048,0.0
1319,0.0966635,0.05684189,0.28719953,0.11782464,0.06705677,0.37441367,0.0
1320,0.30843472,0.05864096,0.05780141,0.16812943,0.30304235,0.1039511,0.0
1321,0.06665923,0.2410363,0.26960534,0.17756851,0.04151744,0.20361312,0.0
1322,0.15807758,0.13163027,0.11791953,0.25192836,0.04526204,0.2951823,0.0
1323,0.05814691,0.10075839,0.17754835,0.20191067,0.17680982,0.28482586,0.0
1324,0.33537498,0.26435092,0.1372964,0.05107251,0.06352331,0.14838196,0.0
1325,0.21816419,0.05729195,0.04478501,0.1727461,0.22377236,0.28324035,0.0
1326,0.21627967,0.11021133,0.08428589,0.25913218,0.05992787,0.2701631,0.0
1327,0.07480314,0.06150551,0.38687733,0.14012419,0.22694266,0.10974716,0.0
1328,0.16167744,0.23824124,0.19798967,0.10882472,0.24683118,0.04643578,0.0
1329,0.18872595,0.09417006,0.2369181,0.10246398,0.12897886,0.24874309,0.0
1330,0.09085395,0.11113249,0.3072003,0.06593914,0.22460915,0.20026502,0.0
1331,0.05684698,0.20877053,0.16805528,0.06539056,0.19028668,0.31064996,0.0
1332,0.1172463,0.15942337,0.0934641,0.09153499,0.44051713,0.09781407,0.0
1333,0.10235521,0.15400335,0.27568978,0.07272242,0.25360644,0.14162278,0.0
1334,0.10394762,0.09547129,0.27008328,0.08272725,0.22944796,0.21832265,0.0
1335,0.08903798,0.17950468,0.20221797,0.14540093,0.29952028,0.08431817,0.0
1336,0.28377125,0.04941393,0.29984716,0.10729256,0.1263984,0.13327679,0.0
1337,0.19818611,0.13182841,0.17074926,0.14303666,0.09398913,0.26221043,0.0
1338,0.18832847,0.13073856,0.11891416,0.3368211,0.05625607,0.1689416,0.0
1339,0.12232792,0.32015938,0.0872495,0.33573484,0.07245964,0.06206871,0.0
1340,0.0421226,0.23307706,0.07062927,0.16479237,0.29761297,0.1917658,0.0
1341,0.22685206,0.12101006,0.28771898,0.06141363,0.11198477,0.19102053,0.0
1342,0.08694094,0.21115264,0.17088853,0.22117244,0.22811155,0.0817338,0.0
1343,0.16757427,0.20965846,0.18552901,0.13997726,0.22578275,0.07147821,0.0
1344,0.2296376,0.12091496,0.12230742,0.10053907,0.3560764,0.0705246,0.0
1345,0.11422139,0.08820991,0.33484253,0.09886339,0.18763071,0.17623204,0.0
1346,0.13031675,0.13235489,0.13046111,0.18319401,0.25297728,0.17069595,0.0
1347,0.3213717,0.16675739,0.0992212,0.24054396,0.11635903,0.05574679,0.0
1348,0.21919739,0.13903703,0.07688219,0.20920418,0.12413949,0.23153971,0.0
1349,0.22418348,0.29386637,0.07364442,0.2109348,0.09890624,0.09846471,0.0
1350,0.10068613,0.2636866,0.08500571,0.22617073,0.13918033,0.18527044,0.0
1351,0.11779954,0.36530107,0.20681325,0.11886606,0.12717287,0.06404723,0.0
1352,0.26381204,0.09711136,0.37509277,0.0658346,0.06036277,0.13778657,0.0
1353,0.13962375,0.3086141,0.06159342,0.05622949,0.26897958,0.16495961,0.0
1354,0.20761207,0.06242438,0.10639491,0.06806029,0.23418301,0.3213253,0.0
1355,0.43040937,0.17918715,0.06728652,0.06761862,0.11246838,0.14303003,0.0
1356,0.31789914,0.28233266,0.05864788,0.05618545,0.16818671,0.11674815,0.0
1357,0.23789176,0.14590238,0.15784721,0.15949942,0.08617032,0.2126889,0.0
1358,0.22491565,0.14209826,0.2592102,0.22027436,0.08852864,0.06497282,0.0
1359,0.09876148,0.28587198,0.32273427,0.07307118,0.0815786,0.13798255,0.0
1360,0.25731963,0.21837483,0.08082529,0.08908211,0.19467555,0.15972261,0.0
1361,0.34766543,0.09771938,0.11216188,0.26988724,0.09084771,0.08171825,0.0
1362,0.10758225,0.09173657,0.2517978,0.12127839,0.24362499,0.18398006,0.0
1363,0.05269538,0.20311625,0.09146024,0.13142993,0.20732796,0.31397033,0.0
1364,0.33907223,0.156855,0.24839154,0.06446512,0.06758734,0.12362876,0.0
1365,0.18404402,0.17398682,0.10437178,0.15037383,0.14030264,0.24692093,0.0
1366,0.16930874,0.24826998,0.28630567,0.08744483,0.11024459,0.09842619,0.0
1367,0.09225573,0.06523522,0.26316792,0.08964885,0.2252072,0.26448512,0.0
1368,0.16689643,0.10585787,0.0798087,0.12232387,0.38640594,0.13870718,0.0
1369,0.22889802,0.19779964,0.05038935,0.3251079,0.14027451,0.05753057,0.0
1370,0.06206987,0.08634531,0.17155665,0.10160885,0.22672959,0.3516897,0.0
1371,0.27484235,0.06782509,0.0842035,0.15288444,0.2765361,0.14370851,0.0
1372,0.27740008,0.05604759,0.05278801,0.18428695,0.2636689,0.16580851,0.0
1373,0.1821506,0.12624742,0.11310093,0.20049416,0.24639438,0.13161257,0.0
1374,0.1574183,0.15310334,0.4094748,0.08900969,0.11894707,0.07204678,0.0
1375,0.1963465,0.09561997,0.13130341,0.2871432,0.23686345,0.05272354,0.0
1376,0.05651017,0.13438322,0.22745568,0.16198269,0.17655776,0.24311046,0.0
1377,0.2523402,0.05822205,0.11374456,0.10964385,0.12791003,0.33813933,0.0
1378,0.13003619,0.1431472,0.297414,0.11918543,0.21424538,0.09597184,0.0
1379,0.25383103,0.05464125,0.10267606,0.21571381,0.262197,0.11094083,0.0
1380,0.21379256,0.07758941,0.12199852,0.08180644,0.0866149,0.41819814,0.0
1381,0.34602556,0.13787521,0.26015073,0.09108936,0.07973509,0.08512406,0.0
1382,0.18380299,0.04487268,0.22045973,0.11229198,0.24092111,0.19765152,0.0
1383,0.25071833,0.05102583,0.21494256,0.15281948,0.17221527,0.15827852,0.0
1384,0.12356824,0.25907207,0.34187737,0.07218439,0.10577818,0.09751978,0.0
1385,0.10008273,0.11507236,0.2892641,0.15729848,0.0928691,0.24541315,0.0
1386,0.06647022,0.11567778,0.20284173,0.1102806,0.2105004,0.2942292,0.0
1387,0.28396904,0.05667704,0.14434466,0.06659979,0.10264576,0.34576377,0.0
1388,0.06693679,0.09353443,0.18043476,0.34549868,0.20108703,0.11250825,0.0
1389,0.06832708,0.31076482,0.28456253,0.10729229,0.09750838,0.13154487,0.0
1390,0.08871394,0.24608846,0.07571691,0.08276777,0.10051121,0.40620166,0.0
1391,0.26675376,0.21925135,0.1789482,0.12393782,0.09362423,0.1174846,0.0
1392,0.21589133,0.17520851,0.3242755,0.17464307,0.0567446,0.05323695,0.0
1393,0.19271983,0.24842371,0.14551581,0.14859246,0.07196067,0.1927875,0.0
1394,0.04561798,0.20316121,0.10930702,0.26066566,0.10122047,0.28002772,0.0
1395,0.26374587,0.12543184,0.2927704,0.08111539,0.07789439,0.15904212,0.0
1396,0.06015588,0.09539516,0.23450935,0.22400227,0.26907513,0.11686221,0.0
1397,0.05310008,0.2523444,0.2618449,0.06683417,0.20629306,0.15958343,0.0
1398,0.0913613,0.16349794,0.18032022,0.09397469,0.13790996,0.3329359,0.0
1399,0.17849834,0.12208971,0.23706569,0.21299104,0.06124642,0.18810885,0.0
1400,0.1790906,0.1716851,0.27074504,0.09094373,0.09308061,0.19445492,0.0
1401,0.15388587,0.236142,0.21209313,0.22512595,0.12172819,0.05102493,0.0
1402,0.08319131,0.1648393,0.11242991,0.12490062,0.21940902,0.29522982,0.0
1403,0.1729188,0.1691251,0.11084826,0.07892407,0.2437889,0.22439498,0.0
1404,0.10448081,0.3159554,0.07407264,0.18943472,0.2637306,0.05232582,0.0
1405,0.19238523,0.17155975,0.07923321,0.17702596,0.29649314,0.08330272,0.0
1406,0.36837593,0.06123025,0.22969054,0.06309975,0.07603633,0.20156717,0.0
1407,0.06406694,0.0805345,0.23276691,0.06823382,0.19030532,0.36409247,0.0
1408,0.18283994,0.2726403,0.13110298,0.11619142,0.1312314,0.16599405,0.0
1409,0.05619787,0.2530596,0.06643879,0.11437355,0.2765476,0.23338261,0.0
1410,0.27290028,0.1543817,0.21669547,0.08762194,0.0543285,0.214072,0.0
1411,0.12086966,0.09233022,0.23262797,0.15113172,0.11923906,0.28380138,0.0
1412,0.39064923,0.10127296,0.07484866,0.08255989,0.07061838,0.28005084,0.0
1413,0.20672028,0.08020701,0.13439763,0.11036961,0.38196418,0.08634134,0.0
1414,0.07871187,0.18556085,0.20660666,0.15741764,0.18834919,0.18335375,0.0
1415,0.05834703,0.21567664,0.26477617,0.05767718,0.18643717,0.21708584,0.0
1416,0.10069647,0.24735858,0.09575206,0.23289753,0.12416524,0.1991301,0.0
1417,0.14843133,0.04500914,0.14044066,0.2403425,0.20503554,0.22074085,0.0
1418,0.27908316,0.0599978,0.25873655,0.04862608,0.2833787,0.07017767,0.0
1419,0.06821679,0.09674215,0.13045451,0.16443199,0.24785726,0.29229736,0.0
1420,0.10830409,0.22256027,0.06402707,0.19543967,0.21094617,0.19872272,0.0
1421,0.24015011,0.11474077,0.09423195,0.28131154,0.11302835,0.15653726,0.0
1422,0.06420132,0.1674875,0.21462107,0.27233112,0.16048375,0.12087528,0.0
1423,0.07346821,0.19359995,0.27465698,0.05023665,0.1483375,0.2597007,0.0
1424,0.31978193,0.0841252,0.24441688,0.16094892,0.10432499,0.08640199,0.0
1425,0.07884797,0.16300498,0.3207352,0.13162003,0.20152456,0.10426726,0.0
1426,0.16375397,0.06571709,0.38308644,0.24038146,0.0795659,0.06749511,0.0
1427,0.33420923,0.10885066,0.16360556,0.08798921,0.21523252,0.09011291,0.0
1428,0.1678413,0.10261802,0.1639038,0.29932812,0.09236015,0.17394866,0.0
1429,0.06657932,0.16690192,0.41302863,0.12897907,0.08780432,0.13670671,0.0
1430,0.18014938,0.10381413,0.11121744,0.10524224,0.10410295,0.3954739,0.0
1431,0.08899008,0.08317949,0.34170002,0.20286773,0.13215794,0.15110476,0.0
1432,0.10204399,0.18745373,0.21354257,0.04797287,0.21222901,0.2367578,0.0
1433,0.10712153,0.08774431,0.33766416,0.10472617,0.19205496,0.17068888,0.0
1434,0.06218562,0.14418365,0.25706637,0.20672637,0.0627557,0.26708227,0.0
1435,0.29359633,0.07928205,0.30772755,0.11204815,0.04883262,0.15851334,0.0
1436,0.25732887,0.13344963,0.18790612,0.10788523,0.04538916,0.26804104,0.0
1437,0.22387628,0.10590384,0.18894623,0.26504186,0.11316708,0.10306467,0.0
1438,0.3070384,0.14219023,0.06788923,0.09229528,0.20333923,0.1872476,0.0
1439,0.11083464,0.09224746,0.08377448,0.07028989,0.2154079,0.42744565,0.0
1440,0.21969709,0.11856966,0.16192673,0.15729663,0.24475075,0.09775916,0.0
1441,0.15049486,0.30215806,0.1727903,0.08299708,0.12926306,0.16229662,0.0
1442,0.15492198,0.20892476,0.15660615,0.07603031,0.3240756,0.07944121,0.0
1443,0.07751346,0.06441672,0.18103324,0.34808686,0.190924,0.13802566,0.0
1444,0.3273963,0.08709901,0.09054112,0.0706927,0.08310124,0.34116957,0.0
1445,0.12996522,0.09855654,0.2208867,0.08537008,0.3427955,0.12242594,0.0
1446,0.27475935,0.09017455,0.14252709,0.22035086,0.10363943,0.16854872,0.0
1447,0.10440418,0.09282943,0.28598058,0.2501766,0.11387549,0.15273368,0.0
1448,0.09165554,0.17593788,0.29868752,0.12473051,0.08839966,0.2205888,0.0
1449,0.21579725,0.1534759,0.10335221,0.15317026,0.20355238,0.17065197,0.0
1450,0.12591645,0.23566309,0.07355721,0.07998181,0.22388478,0.26099673,0.0
1451,0.25603458,0.2953717,0.09629931,0.09185371,0.1410977,0.11934298,0.0
1452,0.11057089,0.1393014,0.14763536,0.12640627,0.28115276,0.19493331,0.0
1453,0.06576309,0.08633418,0.17211586,0.19939868,0.14226227,0.33412594,0.0
1454,0.18286678,0.33072454,0.09227373,0.08787826,0.2180813,0.08817548,0.0
1455,0.13185005,0.19829637,0.18330474,0.18785487,0.0949908,0.20370321,0.0
1456,0.33678257,0.12479818,0.08982986,0.1848539,0.1077444,0.15599117,0.0
1457,0.04750549,0.20072214,0.06931302,0.08227758,0.2815382,0.31864363,0.0
1458,0.05739195,0.19687994,0.23333573,0.12173273,0.31023434,0.08042535,0.0
1459,0.12642291,0.2607496,0.22253028,0.13787234,0.1268878,0.12553707,0.0
1460,0.19918603,0.07386155,0.077239,0.43450925,0.0650754,0.15012874,0.0
1461,0.06953554,0.23910253,0.15741147,0.07248356,0.37768152,0.08378533,0.0
1462,0.25000164,0.07284135,0.11299299,0.18066037,0.14194652,0.24155712,0.0
1463,0.06931149,0.18383792,0.13306555,0.06304063,0.2779428,0.27280164,0.0
1464,0.21940264,0.22693025,0.29237258,0.06284063,0.07724546,0.12120844,0.0
1465,0.17039354,0.31609255,0.17825538,0.11621115,0.13623144,0.08281594,0.0
1466,0.10868452,0.30928358,0.23405929,0.13630916,0.13289072,0.07877265,0.0
1467,0.12175924,0.05079845,0.28589392,0.04387615,0.22718135,0.27049094,0.0
1468,0.19802248,0.07511767,0.13666557,0.13517381,0.27093485,0.18408568,0.0
1469,0.3345556,0.10855608,0.08204271,0.1251423,0.08450965,0.26519373,0.0
1470,0.3090124,0.12993294,0.06131932,0.14515573,0.17534526,0.17923428,0.0
1471,0.11261792,0.14203101,0.22790873,0.06249528,0.14246397,0.31248316,0.0
1472,0.05579409,0.29182747,0.23777786,0.15283076,0.06837945,0.19339043,0.0
1473,0.21057096,0.05223104,0.25117943,0.22655809,0.03687909,0.2225814,0.0
1474,0.06973203,0.08150578,0.30941573,0.05727738,0.3701221,0.11194696,0.0
1475,0.09223598,0.11721062,0.18534443,0.22483143,0.18449883,0.19587868,0.0
1476,0.14420018,0.10038534,0.1844073,0.20926511,0.15976758,0.20197453,0.0
1477,0.280499,0.07284912,0.30808055,0.09567913,0.16451284,0.07837936,0.0
1478,0.17079827,0.11156044,0.09310205,0.11813542,0.25879538,0.24760841,0.0
1479,0.09653698,0.08346301,0.38334352,0.15175126,0.13579947,0.1491058,0.0
1480,0.14579618,0.24316257,0.13952667,0.07088763,0.17099282,0.22963414,0.0
1481,0.12109356,0.39633313,0.10360534,0.11286889,0.09785084,0.16824822,0.0
1482,0.21740799,0.1555119,0.19124486,0.21153452,0.10801712,0.11628363,0.0
1483,0.16094816,0.19880587,0.20837261,0.11822063,0.25805476,0.055598,0.0
1484,0.05779459,0.23680069,0.24228728,0.07507179,0.22132245,0.16672316,0.0
1485,0.25296468,0.062478,0.09369864,0.14581047,0.3235187,0.12152956,0.0
1486,0.12979214,0.20645395,0.24431653,0.24211526,0.10105607,0.07626615,0.0
1487,0.16839388,0.11661535,0.16435604,0.17149383,0.12363816,0.2555028,0.0
1488,0.24360102,0.13703154,0.12751631,0.09622657,0.09093599,0.30468848,0.0
1489,0.11034868,0.13407505,0.3040234,0.15228096,0.20628572,0.09298612,0.0
1490,0.05838799,0.12723102,0.16772592,0.27910018,0.2511958,0.11635917,0.0
1491,0.22062068,0.17186528,0.3350634,0.09519302,0.0966097,0.08064784,0.0
1492,0.11135498,0.06969086,0.2764555,0.05571245,0.21525942,0.27152687,0.0
1493,0.18950486,0.09731504,0.36010385,0.1593261,0.12447549,0.06927469,0.0
1494,0.11699953,0.2594327,0.1619063,0.08573356,0.25640914,0.11951879,0.0
1495,0.23903514,0.08336047,0.21543315,0.08278521,0.09813774,0.28124833,0.0
1496,0.16828445,0.17906238,0.09076321,0.19270055,0.12423926,0.2449501,0.0
1497,0.4147856,0.15050697,0.14511845,0.07664733,0.11206079,0.10088084,0.0
1498,0.32659313,0.22378501,0.05189648,0.07658791,0.21998183,0.10115563,0.0
1499,0.26055977,0.11845493,0.06611155,0.3357414,0.09984416,0.11928825,0.0
1500,0.09620874,0.17479804,0.13383688,0.10810509,0.23309746,0.25395375,0.0
1501,0.13860305,0.06575461,0.2537339,0.3782409,0.07707974,0.08658785,0.0
1502,0.20868777,0.07366695,0.08879551,0.22552927,0.14597194,0.25734854,0.0
1503,0.192493,0.07417195,0.2739243,0.2035835,0.18009926,0.07572799,0.0
1504,0.10619591,0.23963116,0.08189958,0.10474794,0.13364136,0.33388403,0.0
1505,0.08708236,0.25905117,0.09229189,0.15169607,0.3152311,0.09464748,0.0
1506,0.10352325,0.09368946,0.08609914,0.14435066,0.2581686,0.31416893,0.0
1507,0.31015122,0.1865072,0.09458295,0.0592909,0.08303495,0.2664328,0.0
1508,0.13423829,0.38564777,0.08143496,0.16941032,0.11937688,0.10989179,0.0
1509,0.07839825,0.36379567,0.07704513,0.11990941,0.20376632,0.15708521,0.0
1510,0.05672117,0.20628019,0.09061792,0.26276344,0.27863026,0.10498704,0.0
1511,0.05491211,0.16255075,0.11985648,0.26165774,0.18709588,0.21392702,0.0
1512,0.0494885,0.16138224,0.05962276,0.27347127,0.30365992,0.15237528,0.0
1513,0.09209722,0.32308498,0.14956193,0.10750429,0.1677859,0.15996568,0.0
1514,0.28242573,0.2558867,0.11655579,0.1504546,0.08311697,0.11156019,0.0
1515,0.17456704,0.0724315,0.15522406,0.31088704,0.06735272,0.21953763,0.0
1516,0.21180354,0.11519227,0.10615796,0.14644027,0.20943809,0.21096791,0.0
1517,0.24742293,0.20376664,0.05667259,0.3097296,0.11191867,0.07048962,0.0
1518,0.24404773,0.1472416,0.10008911,0.11332837,0.28333673,0.11195642,0.0
1519,0.19139911,0.17608339,0.2808142,0.05552604,0.05068832,0.24548899,0.0
1520,0.07388799,0.18529314,0.1537311,0.06748177,0.2980469,0.22155905,0.0
1521,0.11422765,0.255789,0.06919729,0.22775294,0.10287789,0.23015517,0.0
1522,0.42388582,0.20531431,0.06232144,0.07314429,0.12059668,0.11473737,0.0
1523,0.14423002,0.1268137,0.24889445,0.08095639,0.21962672,0.17947875,0.0
1524,0.15921052,0.3303782,0.10405904,0.05678248,0.10050508,0.24906467,0.0
1525,0.09098852,0.08702208,0.1411153,0.20396475,0.15072727,0.3261821,0.0
1526,0.08891882,0.21405564,0.08060413,0.26755962,0.2679756,0.08088624,0.0
1527,0.13461335,0.16082858,0.16449864,0.14328928,0.2714299,0.12534018,0.0
1528,0.07637712,0.3451925,0.2133129,0.09381005,0.07087804,0.20042945,0.0
1529,0.12971945,0.27341163,0.04653532,0.28464508,0.15685323,0.10883524,0.0
1530,0.11818539,0.12128993,0.22307871,0.33804655,0.09066501,0.10873435,0.0
1531,0.06360474,0.12461478,0.12035232,0.24680164,0.12540431,0.31922215,0.0
1532,0.17671376,0.17886582,0.06720346,0.24634267,0.07498875,0.25588554,0.0
1533,0.14803225,0.2531993,0.22828582,0.16510534,0.11452837,0.09084889,0.0
1534,0.14842977,0.23474139,0.08574665,0.26441354,0.21849896,0.04816973,0.0
1535,0.14591879,0.0471682,0.2676583,0.05006672,0.3208209,0.16836701,0.0
1536,0.09541081,0.10064267,0.18570589,0.21429569,0.06737829,0.33656672,0.0
1537,0.12009166,0.08562533,0.15729891,0.17125607,0.18121701,0.28451103,0.0
1538,0.15304957,0.0804687,0.30660743,0.14116988,0.10201376,0.2166906,0.0
1539,0.20739925,0.33906642,0.07650186,0.1151924,0.0877285,0.17411159,0.0
1540,0.21325031,0.17312774,0.19799715,0.24754807,0.0590888,0.10898787,0.0
1541,0.13169768,0.27240086,0.13085656,0.07751907,0.18105315,0.2064727,0.0
1542,0.31148955,0.04717003,0.11479452,0.24936555,0.13546559,0.14171478,0.0
1543,0.07179386,0.2114607,0.12423,0.22723144,0.277147,0.08813699,0.0
1544,0.07523824,0.38432965,0.06247556,0.08673625,0.17585137,0.2153689,0.0
1545,0.06828935,0.08977069,0.07159195,0.34980687,0.19727112,0.22327003,0.0
1546,0.10821602,0.08723769,0.147883,0.17890903,0.2887402,0.18901414,0.0
1547,0.09099223,0.15637824,0.04488419,0.28186554,0.30466673,0.12121305,0.0
1548,0.11343368,0.13232946,0.33646134,0.09290334,0.2188424,0.10602981,0.0
1549,0.14395772,0.4110134,0.12216742,0.12628508,0.08481676,0.11175965,0.0
1550,0.27396974,0.27977324,0.13244514,0.11369582,0.13722348,0.06289257,0.0
1551,0.08159514,0.2013104,0.113553,0.28584462,0.26527435,0.05242242,0.0
1552,0.08550365,0.1760116,0.25891462,0.08066396,0.06177925,0.33712688,0.0
1553,0.19633067,0.09130996,0.10813061,0.2967538,0.13479032,0.17268457,0.0
1554,0.21532303,0.05911102,0.13986535,0.06049197,0.12744951,0.39775914,0.0
1555,0.21679989,0.08001512,0.07568263,0.11634111,0.2552798,0.2558815,0.0
1556,0.34215632,0.14116399,0.13499846,0.14822485,0.1437007,0.08975565,0.0
1557,0.30789483,0.11766624,0.24370755,0.06859542,0.06015715,0.2019788,0.0
1558,0.10867631,0.09180927,0.06219966,0.3585961,0.1897335,0.18898517,0.0
1559,0.08848678,0.13533431,0.31988364,0.09786689,0.25135717,0.10707127,0.0
1560,0.06928571,0.18091914,0.34193027,0.21670038,0.11944204,0.07172236,0.0
1561,0.20345639,0.23853213,0.09367719,0.05736652,0.18228488,0.22468288,0.0
1562,0.24818675,0.0464304,0.32697523,0.06045806,0.14618093,0.1717686,0.0
1563,0.21463557,0.07937301,0.20917092,0.18083192,0.07036509,0.24562348,0.0
1564,0.09717377,0.09720472,0.18898065,0.30206165,0.12648056,0.18809864,0.0
1565,0.16646926,0.06171422,0.41977087,0.12350751,0.09946639,0.12907168,0.0
1566,0.0999203,0.19652379,0.1000364,0.18847485,0.23605372,0.17899098,0.0
1567,0.23185244,0.06921642,0.18491149,0.08472131,0.23565063,0.19364777,0.0
1568,0.1157242,0.20657757,0.05923113,0.20344473,0.26349387,0.15152843,0.0
1569,0.19944772,0.34624127,0.21415488,0.05464363,0.05920578,0.12630674,0.0
1570,0.07739651,0.2799424,0.14333344,0.18612327,0.25336704,0.05983731,0.0
1571,0.22086157,0.08163602,0.07675724,0.3102059,0.23440726,0.07613209,0.0
1572,0.07267973,0.28181088,0.11241494,0.04418019,0.29541355,0.1935007,0.0
1573,0.0700674,0.17826094,0.12836356,0.15425552,0.07847837,0.39057422,0.0
1574,0.11549369,0.34503624,0.13018823,0.06054128,0.15258487,0.19615567,0.0
1575,0.28298303,0.17578599,0.13725708,0.15489459,0.10506304,0.14401624,0.0
1576,0.10684954,0.17141123,0.16083539,0.18096939,0.1745526,0.20538183,0.0
1577,0.3900869,0.15475543,0.08414217,0.18774888,0.09202583,0.0912408,0.0
1578,0.12963715,0.07096738,0.13882539,0.26263976,0.06856842,0.32936195,0.0
1579,0.11620104,0.22123657,0.18211561,0.23734328,0.12126423,0.12183924,0.0
1580,0.06535622,0.26410046,0.31180024,0.15762855,0.12091217,0.08020236,0.0
1581,0.06624126,0.21436232,0.2049702,0.13194843,0.28167,0.10080787,0.0
1582,0.07126932,0.20595688,0.30893496,0.1741698,0.1767081,0.06296103,0.0
1583,0.21955259,0.07222068,0.13201271,0.05977605,0.1567796,0.35965842,0.0
1584,0.17860898,0.25845313,0.0967595,0.0850062,0.0740611,0.30711102,0.0
1585,0.13356167,0.23283018,0.08798871,0.23846792,0.07082408,0.23632741,0.0
1586,0.17109299,0.116612,0.25918898,0.20330492,0.13335837,0.11644267,0.0
1587,0.14805469,0.08236487,0.1326727,0.17082779,0.3260038,0.14007616,0.0
1588,0.19019377,0.17472202,0.07355778,0.29716852,0.15160298,0.11275494,0.0
1589,0.22936,0.13644095,0.07452492,0.11424156,0.30467993,0.14075263,0.0
1590,0.06027271,0.12752843,0.35122296,0.13574088,0.11193129,0.2133037,0.0
1591,0.1739315,0.2400417,0.09088602,0.2210604,0.21796228,0.05611811,0.0
1592,0.10668197,0.11176084,0.27278578,0.11430044,0.19067849,0.20379247,0.0
1593,0.10315077,0.19789413,0.11735527,0.16576117,0.085929,0.32990968,0.0
1594,0.10747233,0.07866383,0.2656036,0.07915228,0.2436772,0.22543076,0.0
1595,0.04932031,0.21360035,0.2398607,0.08244596,0.29952398,0.11524875,0.0
1596,0.2902258,0.13917392,0.24602632,0.20944114,0.05720789,0.05792492,0.0
1597,0.23510163,0.28418475,0.07025949,0.08208829,0.12086522,0.20750062,0.0
1598,0.09337726,0.12916307,0.12712193,0.2240579,0.29908258,0.12719727,0.0
1599,0.18846561,0.20988087,0.18991879,0.07480224,0.05843122,0.27850127,0.0
1600,0.19776392,0.0586455,0.26300713,0.12806669,0.30414546,0.0483713,0.0
1601,0.10317884,0.22479588,0.21857256,0.1609432,0.2377712,0.05473825,0.0
1602,0.24422146,0.18668413,0.07390887,0.16538174,0.24840318,0.08140069,0.0
1603,0.17134866,0.07786026,0.13094884,0.2125056,0.21482976,0.19250686,0.0
1604,0.2406111,0.12412201,0.20853877,0.17736104,0.11492806,0.13443898,0.0
1605,0.42176658,0.11632978,0.06576327,0.09787326,0.19644143,0.10182571,0.0
1606,0.12504806,0.13485903,0.14696898,0.06259746,0.34324014,0.18728633,0.0
1607,0.06820928,0.06291451,0.39328825,0.10185869,0.10070086,0.2730284,0.0
1608,0.1503625,0.08806375,0.10594032,0.1346979,0.45365334,0.06728215,0.0
1609,0.14659622,0.07075454,0.20452172,0.08488392,0.3140156,0.1792279,0.0
1610,0.23913655,0.09132477,0.14805543,0.06186979,0.34803542,0.11157802,0.0
1611,0.17062303,0.26522177,0.15862824,0.10200575,0.16108549,0.14243574,0.0
1612,0.1386406,0.07617661,0.24918246,0.226711,0.07237595,0.2369134,0.0
1613,0.25523135,0.11336613,0.17691478,0.17549272,0.08375517,0.19523987,0.0
1614,0.11220924,0.06125236,0.0859337,0.39563805,0.18286881,0.16209787,0.0
1615,0.11500386,0.09328533,0.18377373,0.37918824,0.06226402,0.16648485,0.0
1616,0.2078447,0.2538978,0.06685595,0.23190229,0.13911289,0.10038643,0.0
1617,0.08962107,0.04531571,0.28951555,0.08892047,0.24600944,0.24061775,0.0
1618,0.14247106,0.18985844,0.08798555,0.26229882,0.16338187,0.1540043,0.0
1619,0.09660075,0.08277256,0.15062517,0.39826983,0.11958248,0.1521491,0.0
1620,0.0538738,0.2036202,0.10747485,0.06633501,0.26687226,0.30182388,0.0
1621,0.25854754,0.2320439,0.21863377,0.06492721,0.07731064,0.14853698,0.0
1622,0.14530578,0.20214334,0.08138341,0.35222673,0.13410668,0.08483393,0.0
1623,0.09497096,0.17944121,0.11367917,0.25632846,0.18443312,0.17114712,0.0
1624,0.11111573,0.29937336,0.21496247,0.11611644,0.16552226,0.09290969,0.0
1625,0.12118885,0.16636255,0.17884015,0.1897631,0.10693662,0.23690875,0.0
1626,0.12606217,0.19341578,0.07720145,0.0772659,0.27860445,0.24745022,0.0
1627,0.15551978,0.06872816,0.28056756,0.07464612,0.1283778,0.29216057,0.0
1628,0.19663827,0.23356725,0.07913633,0.0750302,0.34137058,0.07425739,0.0
1629,0.16311361,0.21706122,0.07768682,0.2906733,0.13561368,0.11585147,0.0
1630,0.10898075,0.13704294,0.43486643,0.0983168,0.12348291,0.09731024,0.0
1631,0.1806592,0.07512181,0.08083741,0.07744989,0.27542934,0.31050232,0.0
1632,0.07932193,0.15587395,0.21881919,0.34815454,0.06780648,0.13002393,0.0
1633,0.13291936,0.21891998,0.3326326,0.14433861,0.05493987,0.11624961,0.0
1634,0.07207814,0.3173429,0.14835231,0.07263379,0.25803295,0.13155991,0.0
1635,0.10960164,0.13307692,0.09650074,0.07914957,0.4107986,0.17087248,0.0
1636,0.16631804,0.26069194,0.11846475,0.14883338,0.13270846,0.17298344,0.0
1637,0.13660216,0.1428833,0.17546192,0.19638528,0.22716029,0.12150698,0.0
1638,0.06949831,0.14822821,0.23261018,0.16806814,0.19758822,0.18400693,0.0
1639,0.23231252,0.0746941,0.4134807,0.07615642,0.11567545,0.08768082,0.0
1640,0.0886629,0.1313842,0.31337667,0.06503339,0.05581054,0.3457323,0.0
1641,0.16077736,0.14995454,0.18189654,0.06710857,0.13946597,0.30079705,0.0
1642,0.18737736,0.1274012,0.06349734,0.17030822,0.20806685,0.243349,0.0
1643,0.17705041,0.2566732,0.22221811,0.14270535,0.15139529,0.04995771,0.0
1644,0.17063943,0.14310858,0.11821362,0.30486843,0.138932,0.12423798,0.0
1645,0.05900118,0.15796249,0.09419885,0.3258701,0.09112983,0.27183753,0.0
1646,0.26626524,0.06391804,0.16655456,0.10829734,0.05636214,0.3386027,0.0
1647,0.3320295,0.11679956,0.16691929,0.16451691,0.08960112,0.13013366,0.0
1648,0.11839323,0.10640345,0.14821398,0.07785137,0.20711012,0.34202784,0.0
1649,0.16606297,0.34932727,0.10112007,0.12742972,0.15673946,0.0993205,0.0
1650,0.2045722,0.26519355,0.0804776,0.20610048,0.08170653,0.1619496,0.0
1651,0.22289221,0.10930329,0.11361644,0.38721898,0.09795383,0.0690153,0.0
1652,0.10643213,0.38509202,0.16352192,0.19670665,0.0726822,0.07556509,0.0
1653,0.12377613,0.0784317,0.11078575,0.35790312,0.20084149,0.12826183,0.0
1654,0.1553804,0.09234085,0.10634208,0.17272805,0.39538997,0.07781865,0.0
1655,0.17829312,0.19827282,0.09208011,0.18002667,0.09374915,0.2575781,0.0
1656,0.19412796,0.21955174,0.04026841,0.2596745,0.14397813,0.14239927,0.0
1657,0.24285297,0.06681688,0.07189761,0.21518826,0.3224364,0.08080786,0.0
1658,0.35446417,0.08853415,0.0893556,0.31114972,0.09607586,0.06042041,0.0
1659,0.09294752,0.14971937,0.13552986,0.11126743,0.41262308,0.09791275,0.0
1660,0.09476957,0.22610404,0.09740059,0.19724584,0.1963917,0.18808831,0.0
1661,0.16457368,0.1389974,0.2633319,0.28178427,0.10142092,0.04989183,0.0
1662,0.08330496,0.32574967,0.266527,0.09759816,0.15334792,0.07347233,0.0
1663,0.06361032,0.28087857,0.2807727,0.12835108,0.0800314,0.16635597,0.0
1664,0.08269613,0.36417118,0.31216234,0.0943962,0.07639375,0.07018044,0.0
1665,0.0669784,0.08353704,0.22779346,0.05390893,0.22812581,0.33965632,0.0
1666,0.16910164,0.14138758,0.20452671,0.26951364,0.13429974,0.0811707,0.0
1667,0.30045676,0.04890168,0.04731471,0.31915107,0.14803636,0.13613932,0.0
1668,0.15266295,0.12984508,0.24206772,0.16511528,0.15846103,0.1518479,0.0
1669,0.15659332,0.1941508,0.18323785,0.20496857,0.11684882,0.14420067,0.0
1670,0.13333635,0.08596353,0.3343395,0.17974332,0.04964782,0.21696949,0.0
1671,0.06847024,0.10722463,0.34069285,0.07593882,0.3449425,0.06273091,0.0
1672,0.08327913,0.16119635,0.06787408,0.1633154,0.09837371,0.42596132,0.0
1673,0.10769749,0.373792,0.11478012,0.06750499,0.11663283,0.2195926,0.0
1674,0.24623385,0.20733938,0.17580916,0.09367786,0.09074608,0.18619372,0.0
1675,0.17239815,0.05757701,0.10370538,0.13265678,0.387998,0.14566466,0.0
1676,0.23876247,0.19893189,0.18119887,0.07878484,0.12349238,0.17882954,0.0
1677,0.1789486,0.08533265,0.32300702,0.08560652,0.24745819,0.07964701,0.0
1678,0.10484327,0.1904544,0.25659534,0.25543544,0.05251077,0.14016077,0.0
1679,0.11680476,0.13958006,0.30104545,0.22115026,0.12981416,0.09160529,0.0
1680,0.16041462,0.28479695,0.2129282,0.11166491,0.11858615,0.11160915,0.0
1681,0.11653113,0.33651096,0.15754783,0.04999022,0.28610438,0.0533154,0.0
1682,0.22917086,0.23797718,0.21740976,0.13005483,0.12362407,0.06176328,0.0
1683,0.14973243,0.15623547,0.21145773,0.22047171,0.11714536,0.14495727,0.0
1684,0.33466306,0.15491149,0.13784055,0.19804819,0.07501143,0.0995253,0.0
1685,0.37174356,0.12604113,0.09487352,0.0852577,0.21804062,0.10404351,0.0
1686,0.20071822,0.29208425,0.09067026,0.0672788,0.23798577,0.11126257,0.0
1687,0.1693571,0.07419214,0.37832347,0.2458366,0.06673016,0.06556047,0.0
1688,0.18956695,0.20533961,0.0888913,0.06153767,0.26052803,0.19413647,0.0
1689,0.12078809,0.1661361,0.09755,0.14965689,0.17092119,0.29494768,0.0
1690,0.0865466,0.11664635,0.12430579,0.15648648,0.17761356,0.33840123,0.0
1691,0.2773453,0.14702877,0.14182733,0.12216821,0.2305978,0.08103263,0.0
1692,0.2854236,0.052268,0.18180373,0.12345073,0.058065,0.29898903,0.0
1693,0.11460229,0.05964021,0.14124872,0.18679602,0.4013532,0.09635948,0.0
1694,0.06959458,0.2000178,0.07393602,0.21117927,0.2918592,0.15341318,0.0
1695,0.09607439,0.32377756,0.11732135,0.09523396,0.21822608,0.14936669,0.0
1696,0.19500352,0.20132446,0.2089047,0.26978165,0.05089711,0.0740886,0.0
1697,0.13620949,0.09024324,0.10761126,0.41994008,0.12984264,0.11615325,0.0
1698,0.10612882,0.11251203,0.2752398,0.08745898,0.06460878,0.35405165,0.0
1699,0.08392905,0.31110916,0.11994461,0.17680377,0.10737747,0.20083588,0.0
1700,0.1934033,0.22392388,0.06807731,0.18155903,0.23261583,0.10042069,0.0
1701,0.32854125,0.10865628,0.16574514,0.09912146,0.13237652,0.16555935,0.0
1702,0.22283635,0.08278126,0.07268129,0.10033769,0.24301048,0.27835292,0.0
1703,0.09932252,0.45034495,0.14296594,0.09204876,0.12087423,0.09444356,0.0
1704,0.28010234,0.17373386,0.19331549,0.05514047,0.08595525,0.21175256,0.0
1705,0.1061488,0.18712063,0.15741149,0.08908485,0.2070919,0.25314233,0.0
1706,0.19884396,0.07066586,0.13090658,0.3366389,0.14360233,0.11934226,0.0
1707,0.22950475,0.0929192,0.08516781,0.15676214,0.33498603,0.10066006,0.0
1708,0.09676328,0.06229728,0.21793732,0.18743226,0.27027094,0.16529894,0.0
1709,0.24181998,0.14302167,0.11476098,0.2963049,0.08127696,0.12281539,0.0
1710,0.17209707,0.08799022,0.10458637,0.22653687,0.1829602,0.22582927,0.0
1711,0.087361,0.22591233,0.3757469,0.06062098,0.10076014,0.14959867,0.0
1712,0.15339783,0.21608022,0.16074853,0.2329487,0.05380554,0.18301916,0.0
1713,0.0632565,0.15083453,0.08869282,0.36661234,0.1004662,0.23013759,0.0
1714,0.1802477,0.18402831,0.15585902,0.11488239,0.06303776,0.3019448,0.0
1715,0.06075655,0.08025369,0.3601163,0.14061432,0.30160177,0.05665737,0.0
1716,0.25477776,0.19779654,0.13258873,0.14450286,0.21104439,0.05928971,0.0
1717,0.13008809,0.15115228,0.09938704,0.1370284,0.14772208,0.33462206,0.0
1718,0.09847306,0.26587015,0.09732714,0.11637115,0.25241795,0.16954054,0.0
1719,0.1406223,0.11212539,0.11538637,0.1379139,0.12288978,0.37106225,0.0
1720,0.3971707,0.07339104,0.1044333,0.1778982,0.13959771,0.10750895,0.0
1721,0.05244959,0.2155248,0.21882966,0.13029632,0.1611221,0.22177753,0.0
1722,0.20082742,0.07533132,0.12347364,0.15423523,0.22256656,0.22356585,0.0
1723,0.10489881,0.2352625,0.3538753,0.14420627,0.09021233,0.07154483,0.0
1724,0.20130996,0.08723216,0.06320089,0.2820651,0.1787903,0.18740161,0.0
1725,0.08146217,0.06837337,0.06880642,0.31789255,0.19252242,0.27094305,0.0
1726,0.05769518,0.1746474,0.24231713,0.10245345,0.205901,0.21698588,0.0
1727,0.25429803,0.06924631,0.2135369,0.13000067,0.05587031,0.27704775,0.0
1728,0.12108351,0.30857766,0.09673212,0.18900229,0.1248608,0.15974364,0.0
1729,0.13789052,0.2988137,0.10285237,0.12932019,0.26136762,0.06975572,0.0
1730,0.22236328,0.1178839,0.22341082,0.11176628,0.17838033,0.14619532,0.0
1731,0.19764219,0.09267044,0.33399373,0.12670219,0.05316145,0.19582997,0.0
1732,0.19181973,0.18466641,0.05046123,0.13962634,0.3430832,0.09034313,0.0
1733,0.09650044,0.05893191,0.3073124,0.28622448,0.15087242,0.10015837,0.0
1734,0.11764024,0.17760228,0.14862311,0.27045995,0.24489506,0.04077943,0.0
1735,0.3347917,0.16392699,0.21571125,0.08424218,0.11134982,0.08997812,0.0
1736,0.25173596,0.07919671,0.06667607,0.3076252,0.16153438,0.1332317,0.0
1737,0.11762153,0.16801724,0.24628058,0.24527013,0.11838567,0.10442489,0.0
1738,0.1928033,0.13020195,0.3184212,0.08379068,0.08298002,0.19180284,0.0
1739,0.15365979,0.08504456,0.14218965,0.27556473,0.09598451,0.24755679,0.0
1740,0.05578191,0.07153523,0.33686575,0.05430529,0.28679943,0.19471234,0.0
1741,0.24242212,0.13467033,0.10998627,0.16149172,0.26011452,0.09131502,0.0
1742,0.11603273,0.12749258,0.12046571,0.3733759,0.09058835,0.1720447,0.0
1743,0.0795038,0.26996765,0.4030872,0.08347471,0.07942411,0.08454254,0.0
1744,0.15294413,0.2924407,0.2847978,0.06934443,0.1086065,0.09186645,0.0
1745,0.17175093,0.20833066,0.11462707,0.23048955,0.15926816,0.11553365,0.0
1746,0.28740558,0.08397573,0.06575006,0.22755526,0.11510707,0.2202064,0.0
1747,0.16952726,0.08495093,0.22119473,0.14866467,0.13315202,0.24251036,0.0
1748,0.19236568,0.20614766,0.19968303,0.13319649,0.13266028,0.13594694,0.0
1749,0.2294212,0.2370582,0.11495782,0.08354967,0.25316694,0.0818461,0.0
1750,0.0685537,0.12411832,0.2799881,0.28158662,0.14600785,0.09974542,0.0
1751,0.15279773,0.04975895,0.09661489,0.28624564,0.18124358,0.23333918,0.0
1752,0.13817845,0.04440956,0.26029128,0.27455923,0.04036322,0.24219824,0.0
1753,0.077049,0.2163943,0.13290972,0.15344143,0.14572038,0.2744852,0.0
1754,0.14498252,0.24738687,0.05851424,0.09790999,0.19994432,0.2512621,0.0
1755,0.1912434,0.05884453,0.19162384,0.2738318,0.19847248,0.08598395,0.0
1756,0.12090188,0.08044775,0.15347266,0.19144356,0.20762493,0.24610925,0.0
1757,0.14467366,0.17602168,0.26432288,0.10876051,0.10099795,0.20522337,0.0
1758,0.20007065,0.19198452,0.11068659,0.09623228,0.1715352,0.22949076,0.0
1759,0.09062798,0.25179133,0.18154733,0.09372906,0.10366879,0.2786355,0.0
1760,0.17845756,0.12318908,0.20174004,0.2626381,0.12186641,0.11210883,0.0
1761,0.09810872,0.24969308,0.07428148,0.21829303,0.25008214,0.10954151,0.0
1762,0.35658854,0.12581217,0.23656103,0.08625393,0.06793443,0.12684989,0.0
1763,0.21892466,0.0739342,0.11806421,0.12237304,0.18508556,0.2816183,0.0
1764,0.1430085,0.23885317,0.24493587,0.11607323,0.17391813,0.08321112,0.0
1765,0.1598424,0.26685458,0.1690537,0.17784326,0.08816541,0.13824067,0.0
1766,0.44355124,0.13926329,0.155439,0.07158657,0.11671098,0.07344884,0.0
1767,0.3334068,0.17211288,0.14714994,0.09490427,0.15874602,0.09368005,0.0
1768,0.06869096,0.24531323,0.12713762,0.09224787,0.1143378,0.35227257,0.0
1769,0.11714177,0.11751379,0.05606066,0.20720993,0.24989004,0.2521837,0.0
1770,0.05546122,0.31029204,0.08748923,0.105904,0.37114495,0.06970863,0.0
1771,0.19097926,0.2551971,0.10428666,0.10787129,0.0731493,0.26851633,0.0
1772,0.1589687,0.1724678,0.25536945,0.07789234,0.24993509,0.08536659,0.0
1773,0.07443025,0.07601096,0.21510316,0.08277883,0.48256296,0.0691138,0.0
1774,0.09575207,0.25493732,0.24166952,0.15234326,0.09045867,0.1648392,0.0
1775,0.33801213,0.09900516,0.12391361,0.09276871,0.28622416,0.06007622,0.0
1776,0.06813061,0.09243125,0.28300974,0.23284148,0.08839061,0.23519637,0.0
1777,0.4323061,0.12454085,0.07340899,0.18251295,0.10573962,0.08149141,0.0
1778,0.10457833,0.10938333,0.14102215,0.3647803,0.16971073,0.11052519,0.0
1779,0.35667002,0.25970483,0.0979986,0.10178837,0.07101943,0.11281868,0.0
1780,0.21019088,0.17532393,0.20636953,0.06839805,0.11748663,0.22223099,0.0
1781,0.06465866,0.18824066,0.21458992,0.17849736,0.28946173,0.0645516,0.0
1782,0.1787833,0.2835487,0.05888744,0.15993679,0.22486573,0.09397804,0.0
1783,0.3025651,0.06616768,0.06822178,0.11107275,0.35661077,0.09536189,0.0
1784,0.05427317,0.06856132,0.0967444,0.27442822,0.22169468,0.28429818,0.0
1785,0.07663644,0.28399667,0.10784444,0.14694096,0.12881844,0.25576305,0.0
1786,0.1597825,0.08507852,0.14271457,0.08907514,0.11754376,0.40580547,0.0
1787,0.06415573,0.29890412,0.2778899,0.19242519,0.08629964,0.08032534,0.0
1788,0.15835689,0.35654694,0.19526197,0.09526072,0.09993628,0.09463724,0.0
1789,0.17297664,0.14376344,0.16007267,0.14405818,0.15189411,0.22723494,0.0
1790,0.29010403,0.08551418,0.11658793,0.22528033,0.16780743,0.11470608,0.0
1791,0.06985939,0.2228559,0.18424231,0.18393531,0.09075115,0.24835595,0.0
1792,0.12968351,0.12084825,0.09317549,0.25686717,0.08874202,0.31068358,0.0
1793,0.27903202,0.25016814,0.05639302,0.21608065,0.14345008,0.05487609,0.0
1794,0.35570863,0.30528668,0.06346451,0.07791363,0.07590337,0.12172329,0.0
1795,0.13984263,0.13987634,0.23075977,0.19222757,0.2014787,0.09581488,0.0
1796,0.18005937,0.06618711,0.14900346,0.33257517,0.12939864,0.14277627,0.0
1797,0.06529758,0.14564988,0.21847083,0.19234833,0.08577326,0.29246005,0.0
1798,0.25019568,0.19355732,0.22749655,0.09313092,0.07960524,0.1560143,0.0
1799,0.2368055,0.09320167,0.26530817,0.153336,0.13025902,0.12108959,0.0
1800,0.2379678,0.2329304,0.07073599,0.21933179,0.17452201,0.06451196,0.0
1801,0.15826859,0.19006403,0.07502799,0.11441775,0.37120008,0.09102155,0.0
1802,0.15712106,0.17237128,0.13527593,0.10058546,0.185061,0.24958527,0.0
1803,0.31222185,0.06271265,0.2889607,0.12721448,0.09290116,0.11598919,0.0
1804,0.15938875,0.10444467,0.18868956,0.17088315,0.23066919,0.1459247,0.0
1805,0.07692616,0.15571187,0.05774633,0.10220788,0.22387116,0.38353664,0.0
1806,0.11523912,0.24966024,0.12271969,0.233585,0.169612,0.10918392,0.0
1807,0.09377906,0.24675128,0.1922481,0.1839083,0.1647322,0.11858108,0.0
1808,0.16913356,0.23355818,0.16819432,0.09969748,0.17296056,0.15645589,0.0
1809,0.11945765,0.1901172,0.24920505,0.0991122,0.1252124,0.21689552,0.0
1810,0.13085869,0.272288,0.0884387,0.2760433,0.07452595,0.15784538,0.0
1811,0.07958146,0.25619668,0.04876017,0.3403883,0.17321956,0.10185374,0.0
1812,0.23988883,0.27020082,0.04488846,0.05816839,0.22887908,0.15797439,0.0
1813,0.08969109,0.28675386,0.18686327,0.09584026,0.1743452,0.16650629,0.0
1814,0.11594461,0.09837015,0.3464708,0.17265548,0.17576572,0.09079314,0.0
1815,0.39357,0.08640976,0.08019824,0.2821438,0.10089733,0.05678093,0.0
1816,0.32730728,0.14435741,0.17239155,0.22830077,0.07890517,0.0487379,0.0
1817,0.10138351,0.17306525,0.17153879,0.06153884,0.20323476,0.28923884,0.0
1818,0.05172897,0.21369983,0.26218033,0.04956954,0.18773161,0.23508975,0.0
1819,0.11050607,0.2106469,0.3011527,0.19150071,0.06944302,0.11675051,0.0
1820,0.2394316,0.19692247,0.2681597,0.07243413,0.04765924,0.1753929,0.0
1821,0.29973558,0.06958108,0.10045171,0.07355178,0.15062669,0.30605316,0.0
1822,0.19056925,0.24585436,0.08140065,0.08597624,0.31123686,0.08496258,0.0
1823,0.08830415,0.15135242,0.17481683,0.13202716,0.33070725,0.12279221,0.0
1824,0.08633087,0.21841836,0.4344562,0.06923831,0.11899301,0.07256318,0.0
1825,0.31065744,0.28756848,0.08548634,0.17036453,0.0584071,0.08751616,0.0
1826,0.05602232,0.18138382,0.16773312,0.28703195,0.22347173,0.08435707,0.0
1827,0.18042487,0.12712547,0.08417156,0.40539035,0.09014189,0.11274583,0.0
1828,0.30804893,0.07722998,0.31967878,0.07997586,0.08960053,0.12546587,0.0
1829,0.15693747,0.06929757,0.27077615,0.14077711,0.10967444,0.25253737,0.0
1830,0.07054309,0.32794988,0.08616652,0.11374296,0.15523668,0.24636094,0.0
1831,0.17312792,0.20649344,0.06598981,0.24600959,0.168662,0.13971725,0.0
1832,0.3406336,0.0555569,0.1282202,0.10374147,0.16694912,0.20489864,0.0
1833,0.07218143,0.30793306,0.2849085,0.08631931,0.19287299,0.05578472,0.0
1834,0.2748396,0.07089043,0.20427258,0.08167493,0.21738526,0.15093717,0.0
1835,0.04793124,0.31988975,0.11538222,0.3323812,0.07547944,0.1089361,0.0
1836,0.24706498,0.12095469,0.08725747,0.05666663,0.16256376,0.3254925,0.0
1837,0.17146385,0.10972106,0.14255317,0.06274237,0.2494196,0.26409996,0.0
1838,0.22462943,0.09977034,0.27768987,0.06507989,0.1757237,0.15710676,0.0
1839,0.17873849,0.1273321,0.06289116,0.17377463,0.2873177,0.1699459,0.0
1840,0.07534012,0.33923626,0.26992393,0.08715085,0.14760444,0.08074425,0.0
1841,0.23407267,0.13797906,0.06686452,0.07715641,0.26638973,0.2175376,0.0
1842,0.09881137,0.1181981,0.31810647,0.14822073,0.18918176,0.12748154,0.0
1843,0.17168432,0.1407774,0.29477128,0.21449351,0.10788933,0.07038403,0.0
1844,0.11590845,0.10788237,0.08828685,0.1900177,0.11609589,0.38180873,0.0
1845,0.18881947,0.22354697,0.20031504,0.23345329,0.04337317,0.11049205,0.0
1846,0.13030206,0.28284678,0.13776197,0.05533664,0.08002702,0.31372562,0.0
1847,0.06948869,0.23936237,0.19103587,0.2838096,0.06929778,0.14700566,0.0
1848,0.2668852,0.1267253,0.27557567,0.04122884,0.17988697,0.10969806,0.0
1849,0.12705249,0.20763826,0.26749495,0.08404639,0.12492202,0.18884587,0.0
1850,0.14586653,0.16870232,0.16524786,0.12656632,0.08590651,0.30771047,0.0
1851,0.32342637,0.05291855,0.11179195,0.31667534,0.14632401,0.04886374,0.0
1852,0.31255618,0.08494729,0.06986012,0.17209117,0.2795368,0.08100837,0.0
1853,0.07088219,0.35660633,0.15034465,0.0929409,0.22695315,0.10227267,0.0
1854,0.22753914,0.1772302,0.16762628,0.06391149,0.21090235,0.15279056,0.0
1855,0.34515473,0.05037727,0.10268961,0.22416846,0.06740208,0.21020788,0.0
1856,0.14212014,0.2611783,0.11956365,0.18162724,0.1547339,0.14077674,0.0
1857,0.27560106,0.3511949,0.08400574,0.06779284,0.1659934,0.05541198,0.0
1858,0.2921343,0.04996241,0.08742061,0.08569608,0.18119656,0.30359003,0.0
1859,0.2530207,0.21496987,0.05041589,0.1155787,0.13744901,0.22856581,0.0
1860,0.11765729,0.13947248,0.31153205,0.10344302,0.07906982,0.24882528,0.0
1861,0.11662821,0.11610458,0.13839859,0.25163665,0.15191005,0.22532187,0.0
1862,0.09473238,0.15544029,0.30760896,0.08905204,0.16988839,0.18327788,0.0
1863,0.1382327,0.18012863,0.15396191,0.07570638,0.35327244,0.09869796,0.0
1864,0.22429965,0.0456763,0.12181146,0.06197313,0.29966843,0.24657091,0.0
1865,0.2298015,0.20568097,0.1882563,0.25241643,0.0606068,0.06323808,0.0
1866,0.12997597,0.15134427,0.28324473,0.18352869,0.1543873,0.09751899,0.0
1867,0.15818629,0.08857914,0.35885596,0.09144416,0.24867731,0.05425713,0.0
1868,0.04508708,0.13375098,0.14993228,0.21844508,0.2400302,0.21275443,0.0
1869,0.10449006,0.21905266,0.13224974,0.08756436,0.06180179,0.39484137,0.0
1870,0.09783203,0.14232157,0.06275572,0.13175657,0.3596835,0.20565057,0.0
1871,0.11163767,0.37917814,0.09570403,0.08976232,0.12459571,0.19912212,0.0
1872,0.09668991,0.19321072,0.07336036,0.12797484,0.37260166,0.13616247,0.0
1873,0.2880084,0.19177,0.19282258,0.07843687,0.16867411,0.0802881,0.0
1874,0.1798299,0.30395663,0.06561537,0.07970457,0.2742495,0.09664399,0.0
1875,0.06634355,0.24863367,0.13899727,0.26242688,0.06309124,0.22050734,0.0
1876,0.2695686,0.13003151,0.11377502,0.1099202,0.27114406,0.10556065,0.0
1877,0.24961495,0.17913407,0.08465034,0.13778892,0.13457383,0.21423784,0.0
1878,0.19223946,0.08341597,0.28190732,0.12966363,0.09404176,0.21873184,0.0
1879,0.09402841,0.2827984,0.09295446,0.17041932,0.0878868,0.27191254,0.0
1880,0.05171313,0.22449389,0.06172714,0.3230691,0.07776494,0.26123178,0.0
1881,0.1878069,0.12972674,0.19988139,0.23945881,0.04130969,0.20181644,0.0
1882,0.15256986,0.3642684,0.15688315,0.1464204,0.09663469,0.08322346,0.0
1883,0.3425937,0.08480539,0.12724014,0.14036208,0.08035148,0.22464721,0.0
1884,0.20113625,0.2559311,0.04101213,0.14564228,0.22286032,0.13341802,0.0
1885,0.2594333,0.1550997,0.11807725,0.12592399,0.23788422,0.10358161,0.0
1886,0.08527211,0.0788228,0.3184364,0.09692591,0.08632237,0.3342205,0.0
1887,0.12344128,0.2951648,0.10724328,0.2841977,0.08607434,0.10387869,0.0
1888,0.08623254,0.30623543,0.27479059,0.08286275,0.19710079,0.05277793,0.0
1889,0.108872,0.13906318,0.14113553,0.22171576,0.28500795,0.1042056,0.0
1890,0.20663424,0.14712495,0.08687752,0.25865915,0.10401193,0.19669224,0.0
1891,0.10459023,0.1059795,0.3020247,0.0843998,0.05334677,0.34965903,0.0
1892,0.20674586,0.28270867,0.13290097,0.10624122,0.12738049,0.14402282,0.0
1893,0.07031584,0.14450663,0.2056938,0.10917911,0.20736925,0.26293537,0.0
1894,0.29709807,0.20597422,0.04392213,0.0691787,0.23240516,0.15142173,0.0
1895,0.3114575,0.16769412,0.26999933,0.04865033,0.05694451,0.14525428,0.0
1896,0.1836498,0.2482686,0.06095264,0.2918092,0.06909217,0.14622752,0.0
1897,0.07271791,0.05412759,0.22311893,0.3725644,0.15727925,0.1201919,0.0
1898,0.2082584,0.12880234,0.277904,0.09450205,0.19260383,0.09792933,0.0
1899,0.13321592,0.17814271,0.06720527,0.1260293,0.3621355,0.13327129,0.0
1900,0.08206497,0.16055948,0.18443143,0.15212095,0.32980254,0.09102059,0.0
1901,0.14217259,0.1639752,0.14522126,0.15506248,0.2699267,0.12364177,0.0
1902,0.10776459,0.07057755,0.22856423,0.09442209,0.12087191,0.37779966,0.0
1903,0.26842082,0.26918298,0.16165718,0.06698088,0.0797356,0.15402262,0.0
1904,0.129913,0.13624384,0.09598558,0.13443789,0.20224464,0.30117503,0.0
1905,0.32286352,0.2056797,0.11782036,0.13046746,0.16197085,0.06119804,0.0
1906,0.15851022,0.13719766,0.22203684,0.09997116,0.2511749,0.13110921,0.0
1907,0.10743546,0.27681068,0.20064256,0.18820144,0.15451151,0.07239827,0.0
1908,0.08119867,0.09276131,0.11379128,0.3627777,0.16202171,0.18744929,0.0
1909,0.14094312,0.07480302,0.064034,0.32243642,0.10555376,0.29222965,0.0
1910,0.22006834,0.10984171,0.0990239,0.15057231,0.20722234,0.21327141,0.0
1911,0.16467197,0.10859931,0.1133811,0.07152263,0.30836698,0.233458,0.0
1912,0.1209213,0.35012847,0.20241384,0.07043944,0.07099469,0.18510225,0.0
1913,0.10596038,0.16297174,0.16942993,0.25687075,0.15212072,0.15264648,0.0
1914,0.18712346,0.3050253,0.13024132,0.07545607,0.111538,0.1906158,0.0
1915,0.25218526,0.13722351,0.10142437,0.07978942,0.25808227,0.17129509,0.0
1916,0.17513236,0.11743081,0.31227884,0.22161238,0.06883308,0.10471261,0.0
1917,0.05537767,0.09990982,0.2432234,0.06950653,0.31412333,0.21785925,0.0
1918,0.20709586,0.07773014,0.1817452,0.05970357,0.19291441,0.28081074,0.0
1919,0.19680507,0.14993398,0.26185158,0.09327359,0.21231088,0.08582489,0.0
1920,0.18610078,0.10267431,0.0953803,0.12658653,0.29797676,0.19128132,0.0
1921,0.27656886,0.22811878,0.22966234,0.10108812,0.08127283,0.08328903,0.0
1922,0.08455168,0.2892144,0.19904411,0.13967545,0.06878665,0.2187277,0.0
1923,0.22447425,0.1986286,0.2554004,0.06270672,0.11727773,0.14151229,0.0
1924,0.16386198,0.14202745,0.10693914,0.10895879,0.33500218,0.1432105,0.0
1925,0.19854145,0.15682946,0.09708655,0.16835392,0.17475699,0.20443162,0.0
1926,0.07739994,0.09280854,0.27643117,0.14479406,0.30077472,0.10779156,0.0
1927,0.3189074,0.05750423,0.11612488,0.21699436,0.05432241,0.23614663,0.0
1928,0.17901498,0.16998015,0.18873931,0.19476177,0.17499915,0.09250467,0.0
1929,0.06006003,0.25915372,0.34386367,0.04803397,0.10663649,0.18225203,0.0
1930,0.39675233,0.06859482,0.16598928,0.12248018,0.1648022,0.08138124,0.0
1931,0.25492463,0.1647855,0.09455284,0.22819854,0.15654196,0.10099643,0.0
1932,0.13285328,0.26394117,0.1854916,0.25631565,0.09112968,0.07026864,0.0
1933,0.05771966,0.2575979,0.18813463,0.3234351,0.07183865,0.1012741,0.0
1934,0.26250282,0.10442887,0.30283692,0.08206993,0.19726807,0.05089334,0.0
1935,0.12783733,0.11639383,0.16999203,0.12949523,0.3639682,0.09231342,0.0
1936,0.19624941,0.08723611,0.2694633,0.11988898,0.27702585,0.0501364,0.0
1937,0.2920673,0.12243145,0.06565234,0.29572675,0.13503268,0.08908944,0.0
1938,0.11850698,0.24126135,0.06465459,0.22808719,0.10757484,0.23991501,0.0
1939,0.12673442,0.18964417,0.10174201,0.33422363,0.12727462,0.12038115,0.0
1940,0.18077643,0.16195172,0.3665617,0.13239697,0.06514041,0.09317271,0.0
1941,0.15646774,0.10796142,0.09713499,0.16049027,0.08167088,0.39627472,0.0
1942,0.23414393,0.19718207,0.13093726,0.1910424,0.06408517,0.18260914,0.0
1943,0.23641413,0.15632482,0.24771053,0.10738236,0.14711136,0.10505676,0.0
1944,0.23040748,0.07957549,0.09650134,0.08368693,0.3498029,0.1600259,0.0
1945,0.17857574,0.26185685,0.10831578,0.10743503,0.17787445,0.16594225,0.0
1946,0.31220245,0.10402645,0.20447606,0.0666465,0.11964446,0.19300412,0.0
1947,0.34505293,0.12083335,0.06675543,0.13901617,0.13478228,0.19355989,0.0
1948,0.29891366,0.21688847,0.09271743,0.15108566,0.07585452,0.16454022,0.0
1949,0.26689643,0.10882504,0.35936862,0.09247719,0.08935523,0.08307749,0.0
1950,0.11562958,0.09850171,0.2891099,0.26093736,0.09520755,0.14061388,0.0
1951,0.18649475,0.24218036,0.09539527,0.28405648,0.04686685,0.1450062,0.0
1952,0.30600113,0.09561568,0.0800027,0.2851428,0.12241235,0.11082529,0.0
1953,0.20243683,0.11439396,0.2851927,0.0761622,0.16673069,0.1550836,0.0
1954,0.06340455,0.0624256,0.35985985,0.15120639,0.0793146,0.28378898,0.0
1955,0.07387876,0.228067,0.31257418,0.05881657,0.11729187,0.2093717,0.0
1956,0.06279174,0.10665689,0.22426952,0.26210293,0.07538723,0.26879165,0.0
1957,0.23399007,0.22925721,0.17941386,0.08804137,0.10473502,0.1645624,0.0
1958,0.29383478,0.1313404,0.06270224,0.18015708,0.12686685,0.20509866,0.0
1959,0.13752417,0.12867182,0.14026777,0.07105284,0.3129779,0.20950542,0.0
1960,0.11989345,0.12156647,0.19746126,0.2886848,0.17652948,0.09586455,0.0
1961,0.07594632,0.25859228,0.3262191,0.14393526,0.099144,0.09616305,0.0
1962,0.20508917,0.18582743,0.19150272,0.10301321,0.12480505,0.1897624,0.0
1963,0.15679105,0.21526515,0.13716951,0.09981407,0.28845048,0.10250975,0.0
1964,0.05210035,0.10860473,0.26975992,0.11224507,0.14287329,0.31441668,0.0
1965,0.06589232,0.24664113,0.33341488,0.08752605,0.08432358,0.18220204,0.0
1966,0.1792528,0.18625665,0.13245548,0.10647346,0.3165285,0.07903309,0.0
1967,0.11172446,0.06016861,0.31512973,0.10840458,0.06303892,0.3415337,0.0
1968,0.06258378,0.09142187,0.07904901,0.3185107,0.37461904,0.07381557,0.0
1969,0.12060725,0.18190417,0.09742375,0.18814431,0.26228946,0.14963108,0.0
1970,0.18655899,0.13855712,0.0722718,0.29857656,0.13774642,0.16628905,0.0
1971,0.08322136,0.12706968,0.22523393,0.11073141,0.26437518,0.18936844,0.0
1972,0.2818584,0.19954747,0.04922019,0.23256984,0.04948822,0.18731582,0.0
1973,0.11586039,0.20839149,0.04908562,0.11678858,0.28125232,0.22862159,0.0
1974,0.06898411,0.26885617,0.24040236,0.13694707,0.08921367,0.19559672,0.0
1975,0.08649013,0.22460587,0.2496074,0.17284921,0.18305694,0.08339047,0.0
1976,0.22148629,0.27963343,0.05926549,0.0710224,0.3035695,0.06502289,0.0
1977,0.36799064,0.0727873,0.28908387,0.0861135,0.07630213,0.10772256,0.0
1978,0.26663527,0.19083877,0.07269376,0.07259741,0.25825307,0.13898164,0.0
1979,0.17034064,0.23749845,0.09181722,0.07850323,0.23958018,0.18226033,0.0
1980,0.08344059,0.14758615,0.10028952,0.06718367,0.3333145,0.26818556,0.0
1981,0.40559578,0.09340351,0.14289519,0.07387904,0.13092685,0.1532996,0.0
1982,0.07599075,0.23543227,0.06682238,0.1019342,0.18137519,0.3384452,0.0
1983,0.10120109,0.17153192,0.36039627,0.1157153,0.15199864,0.09915687,0.0
1984,0.17750123,0.123151,0.27689674,0.27461055,0.08247885,0.06536163,0.0
1985,0.35008323,0.07271276,0.11576664,0.310893,0.07217899,0.07836541,0.0
1986,0.17879213,0.14931759,0.10541628,0.09337808,0.21593362,0.25716227,0.0
1987,0.23533915,0.07551636,0.05184423,0.28141472,0.2721991,0.08368649,0.0
1988,0.07878591,0.18851656,0.17343287,0.32277617,0.11181592,0.12467261,0.0
1989,0.17314097,0.04395729,0.30001435,0.16527353,0.14294198,0.17467186,0.0
1990,0.12421999,0.26177976,0.10332354,0.14642116,0.27166414,0.09259138,0.0
1991,0.09548538,0.13259329,0.11979955,0.46304595,0.10126271,0.08781309,0.0
1992,0.13499084,0.12497783,0.24653871,0.13633636,0.19423625,0.16292004,0.0
1993,0.15914856,0.12253483,0.14914778,0.0895489,0.40204802,0.07757191,0.0
1994,0.19342268,0.15278894,0.24476552,0.18642588,0.06550341,0.15709358,0.0
1995,0.08360482,0.14016572,0.11223836,0.19051583,0.15842673,0.31504858,0.0
1996,0.12479834,0.20385893,0.13360964,0.13527057,0.31614655,0.086316,0.0
1997,0.07617871,0.3359776,0.1549954,0.19541135,0.16596472,0.07147209,0.0
1998,0.15945733,0.30124867,0.0689054,0.18669014,0.17494677,0.10875169,0.0
1999,0.08071973,0.16914132,0.2270207,0.12216963,0.09091982,0.31002888,0.0
2000,0.38367924,0.10144296,0.080571,0.10109673,0.21590579,0.11730421,0.0
2001,0.07189334,0.16393468,0.10638058,0.35170415,0.12982169,0.17626551,0.0
2002,0.07828423,0.13431466,0.09006246,0.47121033,0.11460339,0.11152487,0.0
2003,0.1527896,0.12505256,0.07938165,0.2116632,0.29189208,0.13922082,0.0
2004,0.09436072,0.24259935,0.12444907,0.25913963,0.23070635,0.04874491,0.0
2005,0.09066673,0.18002221,0.29513583,0.08076856,0.24836057,0.1050461,0.0
2006,0.1080331,0.12107342,0.10468957,0.43339866,0.10377612,0.12902915,0.0
2007,0.13392575,0.30970818,0.0723693,0.28759706,0.06373547,0.13266434,0.0
2008,0.15476413,0.22765893,0.19386707,0.13404268,0.05835026,0.23131691,0.0
2009,0.1317619,0.23150198,0.10933053,0.27358472,0.1234783,0.13034256,0.0
2010,0.17575528,0.07499659,0.31193736,0.09485535,0.14277233,0.19968316,0.0
2011,0.13805102,0.19763896,0.05374358,0.19408236,0.2693591,0.14712495,0.0
2012,0.28210258,0.04771909,0.11624347,0.06082908,0.21324986,0.27985588,0.0
2013,0.20326445,0.26300207,0.08191647,0.2230877,0.09721322,0.13151601,0.0
2014,0.09471846,0.25149262,0.201818,0.07428698,0.10587811,0.2718057,0.0
2015,0.14623545,0.21135022,0.13604628,0.11447776,0.15947323,0.23241705,0.0
2016,0.08345135,0.2275129,0.14227208,0.32680804,0.15107389,0.06888172,0.0
2017,0.05410729,0.09649042,0.18698643,0.27196804,0.12704551,0.26340225,0.0
2018,0.09990532,0.19086279,0.19831768,0.3046783,0.13208874,0.07414719,0.0
2019,0.1828982,0.06682292,0.29036328,0.11067984,0.0711481,0.2780876,0.0
2020,0.17543751,0.06557975,0.28577298,0.31602746,0.0603072,0.09687514,0.0
2021,0.11897589,0.2575135,0.05387419,0.05278455,0.25877878,0.25807312,0.0
2022,0.28893456,0.24877326,0.09338232,0.10082108,0.21233892,0.05574995,0.0
2023,0.28018376,0.36042017,0.07174991,0.05765668,0.05629408,0.17369537,0.0
2024,0.04447393,0.15738048,0.27605292,0.0910505,0.26334795,0.16769423,0.0
2025,0.10206983,0.22057739,0.22827522,0.03824264,0.266237,0.14459781,0.0
2026,0.07959531,0.31695175,0.17765385,0.21364745,0.12051573,0.0916359,0.0
2027,0.18032119,0.07557612,0.327915,0.1579938,0.14257234,0.11562153,0.0
2028,0.23028822,0.04477553,0.25769708,0.22483021,0.18169023,0.06071865,0.0
2029,0.13080817,0.15469615,0.05228421,0.34173736,0.15028982,0.17018424,0.0
2030,0.19581106,0.30716476,0.18495718,0.08785284,0.08672868,0.13748546,0.0
2031,0.10806149,0.26762542,0.12791918,0.06730346,0.1056361,0.32345432,0.0
2032,0.25506908,0.03690914,0.22279666,0.24269158,0.1570368,0.08549666,0.0
2033,0.21311134,0.29774323,0.09818436,0.2668511,0.05138102,0.07272884,0.0
2034,0.05475575,0.17641215,0.07808914,0.17357323,0.23799986,0.2791699,0.0
2035,0.0917372,0.11424729,0.09735178,0.50621724,0.09655774,0.09388885,0.0
2036,0.08016638,0.13941802,0.05221008,0.05662025,0.3731622,0.29842308,0.0
2037,0.0510838,0.2427719,0.19975118,0.20384437,0.06075123,0.24179746,0.0
2038,0.07305671,0.139866,0.09056406,0.35263255,0.23174872,0.11213197,0.0
2039,0.11228699,0.16439602,0.11721987,0.13117917,0.27512804,0.19978993,0.0
2040,0.10363141,0.0993087,0.31031942,0.08024867,0.27708226,0.12940949,0.0
2041,0.18512687,0.1795139,0.2415944,0.13418877,0.11214635,0.14742973,0.0
2042,0.04487807,0.05739173,0.2472238,0.21862714,0.20625284,0.22562641,0.0
2043,0.1282316,0.21344018,0.17296371,0.06428652,0.17706119,0.24401681,0.0
2044,0.14846589,0.21890816,0.13324407,0.18011773,0.15218829,0.16707593,0.0
2045,0.19591703,0.11135226,0.1310582,0.1549486,0.06586715,0.3408568,0.0
2046,0.07095847,0.13709386,0.09839986,0.06519745,0.29942408,0.32892632,0.0
2047,0.09146128,0.1807922,0.08864754,0.10024847,0.2867691,0.2520814,0.0
2048,0.07229085,0.06436805,0.0905725,0.3022991,0.25911692,0.21135256,0.0
2049,0.07486235,0.12395021,0.14440103,0.31985044,0.11124544,0.2256906,0.0
2050,0.17852932,0.08010864,0.18663287,0.2880496,0.13638104,0.13029847,0.0
2051,0.27205688,0.27687588,0.10747357,0.1214529,0.09578352,0.12635726,0.0
2052,0.16802233,0.19665672,0.22378731,0.1813949,0.1246755,0.10546325,0.0
2053,0.16633485,0.069108,0.21401021,0.3114044,0.173719,0.06542362,0.0
2054,0.17677166,0.10656126,0.23236272,0.30075857,0.0815203,0.10202551,0.0
2055,0.05194944,0.05711279,0.17211579,0.04783211,0.33367735,0.33731255,0.0
2056,0.40677553,0.06152208,0.17544085,0.1817104,0.11424721,0.06030383,0.0
2057,0.10603019,0.07440348,0.13610739,0.23028141,0.16532125,0.2878563,0.0
2058,0.24572642,0.29163077,0.07711724,0.10756952,0.09783841,0.18011762,0.0
2059,0.25231808,0.13472694,0.0892909,0.09043898,0.20346673,0.22975838,0.0
2060,0.13421646,0.16173491,0.3047173,0.13530354,0.0774659,0.18656178,0.0
2061,0.41951296,0.07973724,0.1845875,0.07574636,0.11693759,0.12347843,0.0
2062,0.18600331,0.2085881,0.12063286,0.1745871,0.23405777,0.07613084,0.0
2063,0.15194362,0.12758572,0.30847993,0.08182856,0.2633573,0.06680484,0.0
2064,0.11314686,0.24767688,0.16671734,0.2021755,0.12470782,0.14557555,0.0
2065,0.09966999,0.4354713,0.08405802,0.11189249,0.10577179,0.16313648,0.0
2066,0.06646065,0.09580666,0.10587972,0.33208528,0.273598,0.12616976,0.0
2067,0.14167117,0.13570154,0.09002806,0.25865215,0.1731494,0.20079763,0.0
2068,0.16084966,0.26086152,0.13286164,0.10802834,0.10348393,0.233915,0.0
2069,0.08025411,0.09566592,0.24383967,0.16227175,0.2562854,0.16168307,0.0
2070,0.19468784,0.04431074,0.06711996,0.25863108,0.28821865,0.14703184,0.0
2071,0.08561256,0.1497284,0.14722046,0.19870609,0.30435255,0.11437993,0.0
2072,0.39141208,0.13673659,0.13404857,0.05635089,0.19927122,0.08218065,0.0
2073,0.06652007,0.12494058,0.1201921,0.42162463,0.19619745,0.07052523,0.0
2074,0.13674,0.15862545,0.09132566,0.40797895,0.10019603,0.10513395,0.0
2075,0.22998299,0.10457317,0.22079532,0.24708977,0.07181168,0.12574708,0.0
2076,0.11223179,0.19667314,0.20042406,0.11730842,0.23561303,0.13774964,0.0
2077,0.22091222,0.18464383,0.07598212,0.0582954,0.17806506,0.2821014,0.0
2078,0.12607656,0.09289997,0.11636368,0.15126354,0.38836047,0.1250358,0.0
2079,0.13208616,0.13597612,0.2330409,0.06644926,0.13176084,0.30068675,0.0
2080,0.21602142,0.22469723,0.07578622,0.11590083,0.11498959,0.2526047,0.0
2081,0.2674437,0.16193451,0.3026361,0.06282298,0.12860364,0.07655913,0.0
2082,0.09752701,0.20513217,0.08597891,0.09762631,0.4080833,0.10565232,0.0
2083,0.09356669,0.09263299,0.11599009,0.24960572,0.24704875,0.2011557,0.0
2084,0.06368022,0.06384303,0.22589368,0.2568946,0.27094042,0.11874807,0.0
2085,0.1862722,0.23337185,0.07620854,0.05697125,0.20945147,0.2377247,0.0
2086,0.5049531,0.08444916,0.09101351,0.11479543,0.08799288,0.11679597,0.0
2087,0.25611526,0.14136842,0.06580491,0.08617882,0.33283487,0.11769775,0.0
2088,0.12792264,0.05001293,0.07314252,0.27784687,0.35444635,0.11662877,0.0
2089,0.13359433,0.25630102,0.10742506,0.10451357,0.06138649,0.33677953,0.0
2090,0.05130744,0.13029678,0.1426008,0.28445342,0.18016782,0.21117373,0.0
2091,0.09159648,0.10687418,0.29912055,0.2462279,0.11867503,0.13750592,0.0
2092,0.21256912,0.07009131,0.1765802,0.19703677,0.22916315,0.11455934,0.0
2093,0.15453687,0.11632908,0.28084886,0.25098696,0.0857449,0.11155338,0.0
2094,0.1722265,0.09965491,0.20084612,0.2578112,0.13586153,0.13359979,0.0
2095,0.25052345,0.2443075,0.12456703,0.06938781,0.15871209,0.15250215,0.0
2096,0.31556365,0.13035025,0.11059651,0.22739457,0.08322883,0.13286622,0.0
2097,0.14632414,0.09274762,0.26457292,0.06803317,0.28281185,0.14551035,0.0
2098,0.13826218,0.2317284,0.08529186,0.23759319,0.23957478,0.06754961,0.0
2099,0.2010286,0.1649595,0.19023803,0.04400557,0.16762884,0.23213948,0.0
2100,0.22891797,0.06491107,0.23383392,0.2328248,0.14589335,0.09361889,0.0
2101,0.16105238,0.11279308,0.25739393,0.11657298,0.25093597,0.10125167,0.0
2102,0.3524829,0.1261618,0.10299782,0.09142549,0.22939892,0.09753305,0.0
2103,0.24566734,0.11788249,0.30207017,0.12621373,0.12385108,0.08431516,0.0
2104,0.07989675,0.18427105,0.18125133,0.05322392,0.2636171,0.2377398,0.0
2105,0.11547502,0.22026178,0.08033824,0.09832425,0.10850237,0.37709832,0.0
2106,0.05700884,0.2450639,0.29488322,0.06938373,0.10690167,0.22675863,0.0
2107,0.16633265,0.18207492,0.20950092,0.06499255,0.18172033,0.19537866,0.0
2108,0.25970864,0.16251671,0.06643611,0.17138734,0.21735261,0.12259867,0.0
2109,0.08803078,0.17596804,0.08205674,0.15125646,0.26020643,0.24248154,0.0
2110,0.24790283,0.10698132,0.13212194,0.08513933,0.25710753,0.17074707,0.0
2111,0.17576554,0.10882372,0.21538708,0.07353092,0.29638493,0.13010783,0.0
2112,0.13365328,0.26198232,0.20872109,0.1040986,0.19190037,0.09964438,0.0
2113,0.12719572,0.1051711,0.21141404,0.2056664,0.1555924,0.1949604,0.0
2114,0.26094654,0.07731733,0.14641841,0.17168233,0.06433588,0.27929947,0.0
2115,0.28116176,0.13155483,0.04901507,0.21612623,0.19070527,0.13143682,0.0
2116,0.35029685,0.12392312,0.12766969,0.1328435,0.09474928,0.1705176,0.0
2117,0.172243,0.32260942,0.14655721,0.10998158,0.0629779,0.18563089,0.0
2118,0.09222652,0.05391004,0.21047069,0.16462865,0.35353476,0.12522933,0.0
2119,0.2352417,0.28355837,0.10866223,0.05104479,0.26923764,0.05225524,0.0
2120,0.23447275,0.15894239,0.23375347,0.07395367,0.17098995,0.12788774,0.0
2121,0.2969415,0.13909464,0.08564396,0.2229583,0.1137167,0.1416448,0.0
2122,0.10846278,0.12303282,0.3085308,0.11255941,0.20696029,0.14045402,0.0
2123,0.09235342,0.40711164,0.14646234,0.11003647,0.11596489,0.12807117,0.0
2124,0.24731517,0.23954025,0.15109505,0.22039917,0.09417855,0.04747183,0.0
2125,0.13453129,0.12353862,0.13580677,0.41477764,0.09341764,0.09792797,0.0
2126,0.1449423,0.11913598,0.12507623,0.12555097,0.23400764,0.2512869,0.0
2127,0.281806,0.05755427,0.15963125,0.08594567,0.15468787,0.26037496,0.0
2128,0.22995308,0.17047383,0.30488104,0.0986768,0.10377806,0.09223709,0.0
2129,0.11781967,0.23871747,0.20970765,0.19642155,0.10253779,0.134796,0.0
2130,0.18594952,0.09192342,0.40401492,0.15171216,0.08907913,0.07732085,0.0
2131,0.17401727,0.31086403,0.10319861,0.16047037,0.09802046,0.15342925,0.0
2132,0.05574143,0.25165382,0.15816797,0.09390023,0.23367336,0.20686324,0.0
2133,0.08833051,0.2469405,0.23802805,0.08288829,0.25855255,0.08526014,0.0
2134,0.23262255,0.18236539,0.23175487,0.17983131,0.06050803,0.11291788,0.0
2135,0.06012391,0.2798478,0.22553192,0.11187034,0.1470772,0.17554884,0.0
2136,0.07215061,0.21443531,0.06616444,0.10680623,0.36144283,0.1790006,0.0
2137,0.22343178,0.04249536,0.29073036,0.09327793,0.11599462,0.23406994,0.0
2138,0.16631684,0.3170793,0.07066184,0.06552895,0.3170949,0.06331822,0.0
2139,0.12988219,0.3996254,0.08953337,0.17813216,0.0691639,0.13366301,0.0
2140,0.24859124,0.06606602,0.36418384,0.08788425,0.10877638,0.12449827,0.0
2141,0.261022,0.21352868,0.08841646,0.06050549,0.16162519,0.21490212,0.0
2142,0.11885206,0.376922,0.11455315,0.19277984,0.06675946,0.13013351,0.0
2143,0.08847894,0.10516731,0.11336125,0.35343307,0.1243216,0.21523783,0.0
2144,0.15938957,0.1301419,0.36948967,0.05441989,0.0513266,0.23523241,0.0
2145,0.17698488,0.18119287,0.08987893,0.16257736,0.31368953,0.07567646,0.0
2146,0.27059606,0.11062757,0.17371501,0.13132256,0.08503941,0.22869939,0.0
2147,0.15453334,0.10012848,0.18780772,0.12303966,0.27199414,0.1624967,0.0
2148,0.09470507,0.10949139,0.29011866,0.05185213,0.27214155,0.18169126,0.0
2149,0.09530652,0.11516432,0.24802983,0.20436236,0.2503223,0.08681458,0.0
2150,0.21630405,0.05794695,0.18880692,0.07920491,0.20942801,0.24830915,0.0
2151,0.22737052,0.3754783,0.11244775,0.06849626,0.10231601,0.11389115,0.0
2152,0.11042233,0.15638267,0.14679721,0.13052298,0.14203298,0.31384182,0.0
2153,0.29479176,0.09574383,0.28941178,0.18063366,0.07493908,0.06447991,0.0
2154,0.07054745,0.17102033,0.12838407,0.05969927,0.28505448,0.2852944,0.0
2155,0.2451526,0.27195537,0.26850352,0.09405231,0.06574042,0.05459578,0.0
2156,0.17188615,0.13396129,0.17350516,0.19378385,0.24796051,0.07890312,0.0
2157,0.24196221,0.05801512,0.11723149,0.25790706,0.1570398,0.1678443,0.0
2158,0.13262805,0.13505054,0.06902537,0.27581644,0.11076876,0.27671078,0.0
2159,0.09652438,0.20047693,0.13321048,0.30920312,0.16757235,0.09301282,0.0
2160,0.19024006,0.09426975,0.09594368,0.07057608,0.29041898,0.25855145,0.0
2161,0.08329759,0.08867191,0.26012594,0.15754461,0.13069732,0.27966264,0.0
2162,0.17449638,0.14115052,0.05486805,0.07150641,0.24022484,0.31775376,0.0
2163,0.11541835,0.2031271,0.16470483,0.07308773,0.17979604,0.26386604,0.0
2164,0.10267357,0.12868163,0.23291816,0.29311684,0.06423145,0.17837827,0.0
2165,0.08021466,0.22863886,0.12565173,0.06560133,0.22531585,0.2745776,0.0
2166,0.06687208,0.16613832,0.20787157,0.08529902,0.20037344,0.27344555,0.0
2167,0.31420767,0.07121056,0.24619897,0.09010724,0.05877158,0.21950401,0.0
2168,0.16713537,0.05193746,0.1836189,0.06826866,0.270749,0.2582905,0.0
2169,0.07892147,0.2412797,0.08652866,0.13286869,0.33473974,0.1256617,0.0
2170,0.16464461,0.06154301,0.3830605,0.08512385,0.09987007,0.20575802,0.0
2171,0.25300235,0.3598674,0.0728776,0.17805725,0.07647803,0.05971741,0.0
2172,0.10999512,0.32116562,0.2059281,0.07549208,0.17982908,0.10758996,0.0
2173,0.16615406,0.09789986,0.28730348,0.07157463,0.07170101,0.305367,0.0
2174,0.06102782,0.13549706,0.07311331,0.10685105,0.3748645,0.24864629,0.0
2175,0.28320912,0.09712285,0.14883326,0.06111541,0.29038137,0.11933794,0.0
2176,0.03608752,0.2589343,0.25326797,0.21208446,0.10945777,0.13016796,0.0
2177,0.14176014,0.20387687,0.23643503,0.08734752,0.16112362,0.16945681,0.0
2178,0.17325197,0.07159799,0.19915734,0.39293915,0.07048047,0.09257307,0.0
2179,0.20720093,0.07912228,0.10271198,0.18345423,0.12259783,0.3049128,0.0
2180,0.14065294,0.24911258,0.06161065,0.2881307,0.07518546,0.18530765,0.0
2181,0.05160715,0.09810045,0.05589882,0.12083785,0.35290858,0.32064712,0.0
2182,0.21055816,0.08522666,0.19109927,0.18926178,0.08789805,0.23595612,0.0
2183,0.11313926,0.19052702,0.14909606,0.07893601,0.11607634,0.35222527,0.0
2184,0.11042617,0.39885128,0.16365379,0.16155335,0.09082337,0.07469209,0.0
2185,0.10593583,0.16245005,0.26227933,0.10438076,0.27027377,0.09468035,0.0
2186,0.06531654,0.24862066,0.23172377,0.1083698,0.15262368,0.19334552,0.0
2187,0.09285308,0.24000089,0.20595242,0.08141318,0.12279515,0.2569852,0.0
2188,0.07070657,0.35731825,0.06779965,0.09602121,0.19353117,0.21462305,0.0
2189,0.05287033,0.06247873,0.21545723,0.284535,0.2891171,0.09554155,0.0
2190,0.16030821,0.18143952,0.12381622,0.14942428,0.16045238,0.22455934,0.0
2191,0.15039518,0.08762788,0.22847946,0.2907978,0.16209768,0.08060199,0.0
2192,0.19751465,0.22538184,0.05848363,0.34310022,0.09925727,0.07626244,0.0
2193,0.21791069,0.10065155,0.16493586,0.08193155,0.20486142,0.22970898,0.0
2194,0.3842034,0.08825044,0.08155575,0.0884199,0.25565192,0.1019186,0.0
2195,0.13472223,0.2775335,0.18273239,0.09655123,0.13298567,0.17547502,0.0
2196,0.06751154,0.18439777,0.2001393,0.2228632,0.1848811,0.14020708,0.0
2197,0.07404226,0.21871719,0.32922047,0.07785185,0.1536486,0.14651966,0.0
2198,0.07376211,0.15160695,0.30100343,0.12584637,0.17188083,0.17590038,0.0
2199,0.08053431,0.13477677,0.33584145,0.19224642,0.15281294,0.10378809,0.0
2200,0.22217984,0.09411412,0.05957278,0.34498405,0.176039,0.10311016,0.0
2201,0.08931152,0.22484902,0.26530695,0.04588022,0.13531022,0.23934206,0.0
2202,0.11865409,0.20520945,0.08682442,0.34558898,0.12636521,0.11735783,0.0
2203,0.29026708,0.07752639,0.05241699,0.05290318,0.28343737,0.24344906,0.0
2204,0.08004849,0.25175935,0.05934193,0.06922188,0.43734646,0.10228179,0.0
2205,0.23805913,0.09754485,0.35942155,0.12027738,0.07105191,0.11364517,0.0
2206,0.29208678,0.1826959,0.2594267,0.06596696,0.0642894,0.13553427,0.0
2207,0.25044695,0.207494,0.2155352,0.14184563,0.08162531,0.10305291,0.0
2208,0.0946746,0.16040465,0.24436627,0.29544628,0.12650798,0.07860019,0.0
2209,0.11751264,0.15119489,0.24045528,0.07697386,0.08729219,0.32657117,0.0
2210,0.16684952,0.18456204,0.15302004,0.08140144,0.19343641,0.22073048,0.0
2211,0.06419938,0.23341757,0.06423753,0.36678228,0.19059901,0.0807642,0.0
2212,0.3036432,0.04845599,0.24225318,0.20768723,0.1370195,0.06094083,0.0
2213,0.13892932,0.23067412,0.2464365,0.16456968,0.11103205,0.10835838,0.0
2214,0.17445108,0.14465706,0.10975269,0.32591143,0.06992607,0.17530163,0.0
2215,0.06317998,0.07589291,0.2950276,0.04985456,0.18356082,0.3324841,0.0
2216,0.10980777,0.16416807,0.0919272,0.14254151,0.09315336,0.39840204,0.0
2217,0.11823013,0.2186014,0.08444459,0.11140543,0.18612036,0.28119808,0.0
2218,0.1486361,0.23614919,0.09597047,0.17560206,0.1855494,0.15809274,0.0
2219,0.09520106,0.21699087,0.20248172,0.1251286,0.22879969,0.1313981,0.0
2220,0.11140551,0.09991113,0.07765748,0.08092517,0.31305638,0.31704435,0.0
2221,0.06206959,0.10712501,0.14805979,0.15348144,0.42451233,0.10475194,0.0
2222,0.06137385,0.33365193,0.14006756,0.29506487,0.0638742,0.10596757,0.0
2223,0.19308147,0.06802171,0.06576531,0.34608293,0.2612037,0.06584487,0.0
2224,0.12831663,0.29533967,0.24220608,0.0597805,0.19380936,0.08054777,0.0
2225,0.23603657,0.24820541,0.11957469,0.15323195,0.06371334,0.1792381,0.0
2226,0.06852757,0.08048182,0.08160812,0.10781378,0.33647263,0.32509604,0.0
2227,0.3441528,0.29984164,0.06835347,0.14279677,0.05759845,0.08725689,0.0
2228,0.1273179,0.1807563,0.27673566,0.1197668,0.16015716,0.13526614,0.0
2229,0.14255252,0.08241279,0.14621991,0.31624213,0.12713249,0.18544015,0.0
2230,0.19737574,0.06387325,0.19843595,0.06613397,0.29886162,0.17531946,0.0
2231,0.11448326,0.11949707,0.18489215,0.18827127,0.13367382,0.2591825,0.0
2232,0.08668215,0.16265298,0.19935441,0.28472045,0.04486246,0.22172754,0.0
2233,0.34813616,0.26984435,0.11523839,0.09174528,0.09989958,0.07513639,0.0
2234,0.07732517,0.29681957,0.0916824,0.16909029,0.11915345,0.24592914,0.0
2235,0.18829821,0.28602067,0.09411202,0.07381564,0.15526348,0.20249,0.0
2236,0.23164013,0.2567603,0.16117296,0.06046875,0.1543961,0.13556182,0.0
2237,0.08050872,0.09779079,0.08159726,0.3516589,0.23198308,0.15646124,0.0
2238,0.16512215,0.1015031,0.22212769,0.2469653,0.17386943,0.09041233,0.0
2239,0.2017175,0.23961098,0.09320184,0.08601424,0.19037803,0.18907747,0.0
2240,0.03987246,0.22418489,0.24631086,0.13065708,0.23859182,0.12038293,0.0
2241,0.21153991,0.22585844,0.05558344,0.14952861,0.2871276,0.07036199,0.0
2242,0.25816095,0.2056812,0.08564762,0.23371863,0.12628636,0.09050512,0.0
2243,0.26325563,0.15802608,0.1697611,0.18821596,0.15325639,0.06748481,0.0
2244,0.11501242,0.28456327,0.2324196,0.10858598,0.1575687,0.10185001,0.0
2245,0.05908186,0.08258512,0.1228731,0.3212942,0.15917777,0.254988,0.0
2246,0.32486305,0.07483254,0.10396013,0.1165321,0.0926988,0.28711334,0.0
2247,0.10986339,0.07359235,0.18109204,0.39090842,0.13175723,0.11278655,0.0
2248,0.16989242,0.17331146,0.11176483,0.19556554,0.17485213,0.17461354,0.0
2249,0.09771889,0.33550695,0.10520107,0.19695194,0.0949572,0.16966398,0.0
2250,0.07614844,0.14184897,0.2159824,0.14363985,0.17391387,0.24846642,0.0
2251,0.25063446,0.15178046,0.116089,0.2333274,0.11744673,0.13072199,0.0
2252,0.15997413,0.2762514,0.13225313,0.12921987,0.08346581,0.21883556,0.0
2253,0.22863431,0.18679899,0.06012149,0.1757284,0.26567727,0.08303956,0.0
2254,0.0778338,0.25797006,0.11290643,0.13769452,0.15876256,0.25483263,0.0
2255,0.06480756,0.19665627,0.06171082,0.18419187,0.28850806,0.20412545,0.0
2256,0.10889978,0.1004741,0.24127261,0.29775733,0.11286462,0.13873161,0.0
2257,0.10247087,0.1698419,0.17794919,0.10285714,0.35131028,0.09557059,0.0
2258,0.16085592,0.16497213,0.1894513,0.09971006,0.2046986,0.1803119,0.0
2259,0.07097734,0.2535904,0.095903,0.12904915,0.25376055,0.1967195,0.0
2260,0.4406244,0.06491172,0.13101842,0.11170946,0.06832283,0.18341321,0.0
2261,0.24923515,0.06393065,0.09310935,0.20506698,0.31590974,0.07274812,0.0
2262,0.10947555,0.21280546,0.08245815,0.30089584,0.23697408,0.05739087,0.0
2263,0.19478011,0.06477839,0.15233065,0.09844127,0.34232795,0.14734171,0.0
2264,0.16056398,0.22906394,0.10183721,0.07087461,0.26877636,0.16888393,0.0
2265,0.20802304,0.27256754,0.1262872,0.06597327,0.21861002,0.10853902,0.0
2266,0.23820248,0.0408642,0.11065293,0.22496428,0.12829338,0.25702265,0.0
2267,0.06768469,0.24468832,0.11284625,0.14534608,0.25712577,0.17230886,0.0
2268,0.18493842,0.13655093,0.31426242,0.12536015,0.11398888,0.12489918,0.0
2269,0.16454506,0.13321891,0.24622425,0.23405793,0.1444956,0.07745827,0.0
2270,0.22274958,0.18166588,0.09495302,0.11600341,0.07311936,0.31150877,0.0
2271,0.35076058,0.06208958,0.10607822,0.12958662,0.08552294,0.26596212,0.0
2272,0.28627083,0.12658611,0.13125737,0.17058326,0.18520315,0.10009924,0.0
2273,0.06621519,0.0755766,0.37160766,0.17437935,0.24519256,0.06702872,0.0
2274,0.08540269,0.35373113,0.0665158,0.08442599,0.25998455,0.14993982,0.0
2275,0.10675447,0.2628611,0.2203596,0.05506857,0.17372966,0.18122658,0.0
2276,0.08902295,0.13912949,0.23554374,0.10374971,0.35591832,0.07663577,0.0
2277,0.13996397,0.05842143,0.2857706,0.11541498,0.26838246,0.13204658,0.0
2278,0.15417369,0.10316522,0.08237413,0.39900646,0.07700726,0.18427333,0.0
2279,0.13286076,0.32901993,0.08674425,0.06279077,0.25908408,0.12950024,0.0
2280,0.11551048,0.24749707,0.05607721,0.17468743,0.28986925,0.11635859,0.0
2281,0.11136338,0.1764992,0.10152209,0.11524685,0.34516266,0.15020578,0.0
2282,0.1645263,0.22493489,0.27005807,0.04757152,0.25101036,0.04189889,0.0
2283,0.16209632,0.07974789,0.22944535,0.1333135,0.23517902,0.16021787,0.0
2284,0.1454263,0.12639461,0.36422718,0.15335979,0.06595068,0.1446415,0.0
2285,0.18424477,0.18617402,0.16461654,0.12106243,0.2304185,0.11348369,0.0
2286,0.07097439,0.208653,0.23638411,0.21652092,0.20696428,0.06050341,0.0
2287,0.2517997,0.1175295,0.1431939,0.07633325,0.19420004,0.21694358,0.0
2288,0.14581776,0.11772852,0.09250709,0.09820863,0.3974472,0.14829089,0.0
2289,0.08824228,0.3359013,0.3036124,0.1064656,0.06627939,0.09949905,0.0
2290,0.29397172,0.08982482,0.06466847,0.34670857,0.11964057,0.08518592,0.0
2291,0.09397843,0.1657017,0.27462915,0.2880688,0.07555564,0.10206626,0.0
2292,0.15644434,0.1094083,0.29250112,0.23369734,0.13229203,0.07565691,0.0
2293,0.09869335,0.20406839,0.25567713,0.18804331,0.16517381,0.0883441,0.0
2294,0.26854545,0.06553117,0.3260797,0.12112129,0.09071094,0.12801152,0.0
2295,0.16364579,0.22331668,0.21261758,0.10911518,0.16987427,0.12143052,0.0
2296,0.23246226,0.14913705,0.26473895,0.16044547,0.11267021,0.08054608,0.0
2297,0.04873038,0.24171016,0.20095123,0.27518228,0.04667876,0.1867472,0.0
2298,0.18206687,0.13354981,0.08329418,0.10225436,0.41296092,0.08587389,0.0
2299,0.33181295,0.15521537,0.07109817,0.17315449,0.05677729,0.21194175,0.0
2300,0.22368264,0.27980837,0.20395097,0.17324103,0.07677509,0.04254196,0.0
2301,0.24219285,0.10167366,0.16011064,0.25568283,0.1291209,0.11121906,0.0
2302,0.11058399,0.08071828,0.24742757,0.11168195,0.19749431,0.25209388,0.0
2303,0.17188053,0.15507889,0.2628824,0.06797086,0.21508601,0.1271013,0.0
2304,0.20699959,0.07550723,0.16112114,0.20995316,0.07156,0.2748589,0.0
2305,0.10656703,0.22241482,0.09664667,0.18171112,0.27422625,0.11843406,0.0
2306,0.2189319,0.0596745,0.2446056,0.09525833,0.2326422,0.14888741,0.0
2307,0.07452386,0.2341681,0.25160304,0.1506265,0.12466671,0.16441184,0.0
2308,0.05674757,0.3644275,0.20372942,0.22327155,0.06935591,0.08246806,0.0
2309,0.2134183,0.07241412,0.1960029,0.20781927,0.21494195,0.09540356,0.0
2310,0.10215367,0.25375777,0.16312392,0.0908957,0.23421785,0.15585107,0.0
2311,0.08260253,0.47571948,0.10516976,0.12692858,0.10675447,0.10282509,0.0
2312,0.21211517,0.09238327,0.09033415,0.08617884,0.0979413,0.4210473,0.0
2313,0.28519487,0.04484709,0.11998924,0.27566433,0.21878612,0.05551837,0.0
2314,0.3287746,0.11780793,0.18268603,0.21876739,0.06104415,0.09091985,0.0
2315,0.24309488,0.06249931,0.15534386,0.2978048,0.16518386,0.07607333,0.0
2316,0.11232718,0.2932411,0.1893376,0.23669909,0.08165553,0.08673942,0.0
2317,0.13966818,0.09021006,0.23083518,0.24575998,0.15443137,0.1390952,0.0
2318,0.10310239,0.238858,0.24291717,0.20070364,0.15903173,0.05538701,0.0
2319,0.20134404,0.10603653,0.12339516,0.1535065,0.29132974,0.12438802,0.0
2320,0.2333998,0.19577108,0.29806656,0.06613381,0.10332607,0.10330269,0.0
2321,0.09273459,0.2442084,0.09421915,0.23738581,0.19066766,0.14078437,0.0
2322,0.12046958,0.3433857,0.06719586,0.2122225,0.18427701,0.0724494,0.0
2323,0.28604123,0.2341679,0.17002198,0.10764801,0.1124444,0.08967648,0.0
2324,0.28970617,0.05721992,0.17110175,0.07694776,0.20755708,0.19746728,0.0
2325,0.14720196,0.30688748,0.0821379,0.07684023,0.10236524,0.28456724,0.0
2326,0.09176254,0.20365846,0.07524972,0.17679086,0.06646731,0.38607112,0.0
2327,0.10671036,0.07890986,0.21083972,0.27176598,0.18757376,0.14420034,0.0
2328,0.10425789,0.25806698,0.22751233,0.15264463,0.15315463,0.10436355,0.0
2329,0.38971853,0.20805155,0.11806216,0.07005652,0.07644339,0.13766782,0.0
2330,0.06863838,0.24843769,0.09674617,0.21770783,0.26410374,0.10436623,0.0
2331,0.04717465,0.17882971,0.19011217,0.08581641,0.20021899,0.29784796,0.0
2332,0.15742321,0.20671113,0.1103902,0.18170473,0.247224,0.0965468,0.0
2333,0.08799189,0.2097121,0.2859362,0.15563275,0.20491579,0.05581122,0.0
2334,0.08654038,0.16387288,0.10656112,0.21563756,0.16245784,0.26493025,0.0
2335,0.06033767,0.10345658,0.17481181,0.40385756,0.09189881,0.16563752,0.0
2336,0.16059701,0.1596849,0.14473522,0.10809207,0.06113726,0.3657535,0.0
2337,0.12331609,0.24718311,0.1435822,0.11469066,0.18861566,0.1826123,0.0
2338,0.13327135,0.18425733,0.39459667,0.08905782,0.07625052,0.12256635,0.0
2339,0.05715193,0.32263073,0.28270474,0.05251266,0.20562653,0.07937339,0.0
2340,0.23505063,0.15808329,0.17869543,0.07938989,0.24541196,0.10336877,0.0
2341,0.06255192,0.19886367,0.09148823,0.09310311,0.2147924,0.33920068,0.0
2342,0.08751944,0.5020073,0.08616856,0.13605295,0.10057326,0.08767857,0.0
2343,0.15387942,0.1720298,0.24216655,0.32954407,0.04977075,0.05260949,0.0
2344,0.12175524,0.1595496,0.18312795,0.1066597,0.34020987,0.08869768,0.0
2345,0.0966777,0.10666211,0.19492297,0.2901008,0.08643485,0.22520152,0.0
2346,0.21793154,0.13476692,0.11022417,0.26260114,0.06003891,0.21443735,0.0
2347,0.23873419,0.15945448,0.12060825,0.11242004,0.10556522,0.26321784,0.0
2348,0.13312443,0.14067945,0.21166383,0.1488901,0.23479646,0.13084577,0.0
2349,0.17192721,0.16825281,0.18571962,0.08601756,0.19753063,0.19055216,0.0
2350,0.17852242,0.11852813,0.0731115,0.18694666,0.09586458,0.34702665,0.0
2351,0.12041834,0.07979999,0.35472608,0.12897865,0.06279175,0.2532852,0.0
2352,0.13491529,0.16577658,0.35336304,0.09600075,0.10366888,0.14627545,0.0
2353,0.20531431,0.26077494,0.07586309,0.20716977,0.12381298,0.12706494,0.0
2354,0.22025163,0.19167086,0.14142439,0.2420526,0.08144598,0.12315449,0.0
2355,0.08447895,0.05663258,0.34605402,0.11578097,0.22972149,0.1673321,0.0
2356,0.13482763,0.15577564,0.06479863,0.11395156,0.13959232,0.39105424,0.0
2357,0.05795081,0.13522217,0.16479033,0.29013297,0.26748955,0.08441418,0.0
2358,0.14906,0.15140836,0.06443274,0.30137366,0.150691,0.18303426,0.0
2359,0.06929577,0.21244155,0.10348997,0.0750246,0.20124684,0.3385013,0.0
2360,0.04615604,0.32188877,0.17254534,0.19932312,0.13942775,0.12065904,0.0
2361,0.05362504,0.20342535,0.16885181,0.13823086,0.28673917,0.14912784,0.0
2362,0.28559425,0.04932811,0.25328904,0.12202158,0.1616613,0.12810582,0.0
2363,0.1517891,0.25649574,0.28410578,0.18589628,0.05385255,0.06786054,0.0
2364,0.26845187,0.09597387,0.11862588,0.1284388,0.1316248,0.25688472,0.0
2365,0.3274493,0.14253655,0.09132185,0.09773351,0.138926,0.20203283,0.0
2366,0.06710368,0.06546944,0.35469455,0.11364375,0.33769244,0.06139617,0.0
2367,0.19319318,0.14444901,0.16016163,0.285814,0.11179786,0.10458431,0.0
2368,0.2746104,0.1642895,0.26963335,0.19275539,0.05552746,0.04318389,0.0
2369,0.12098747,0.13875893,0.2290484,0.14695746,0.23783314,0.12641461,0.0
2370,0.2760853,0.1194066,0.09204074,0.29239964,0.15488519,0.06518256,0.0
2371,0.26674002,0.06610471,0.16055143,0.21538714,0.09086549,0.20035125,0.0
2372,0.10820442,0.3621745,0.14462209,0.09090629,0.10394623,0.19014639,0.0
2373,0.12803625,0.05800341,0.2627569,0.28442213,0.11009461,0.15668674,0.0
2374,0.3187128,0.1589892,0.1171288,0.1385445,0.06080434,0.20582041,0.0
2375,0.07433098,0.14981113,0.16193296,0.24348348,0.22694759,0.14349388,0.0
2376,0.34545526,0.13339588,0.13626498,0.10265363,0.21872284,0.06350742,0.0
2377,0.12074612,0.13670516,0.10934819,0.07582629,0.12058124,0.43679297,0.0
2378,0.08791357,0.25301793,0.1469156,0.13965805,0.15805337,0.21444142,0.0
2379,0.16529888,0.0874578,0.08279026,0.22715749,0.21136677,0.22592881,0.0
2380,0.26327324,0.08566368,0.09504583,0.06489699,0.3115966,0.1795237,0.0
2381,0.23076452,0.11601683,0.13406448,0.15430726,0.09502517,0.26982173,0.0
2382,0.22860394,0.16433713,0.23725659,0.1094814,0.18769574,0.07262523,0.0
2383,0.2637518,0.27255067,0.10203233,0.11848814,0.15618809,0.08698899,0.0
2384,0.11958954,0.07633796,0.21966976,0.19204445,0.28504425,0.10731405,0.0
2385,0.06568471,0.07472622,0.33679557,0.08958476,0.35742578,0.07578295,0.0
2386,0.20980956,0.24570751,0.153058,0.12010718,0.10519344,0.16612431,0.0
2387,0.12624297,0.1546658,0.27508125,0.15671039,0.23609221,0.05120742,0.0
2388,0.12150238,0.07469446,0.16997954,0.18722336,0.06663089,0.37996945,0.0
2389,0.34624344,0.07637852,0.11089529,0.13309033,0.0480844,0.28530803,0.0
2390,0.3022448,0.08857447,0.05041331,0.18227479,0.25090945,0.12558316,0.0
2391,0.16606596,0.2016993,0.11259722,0.07929304,0.10645833,0.3338862,0.0
2392,0.20455405,0.10588886,0.15576243,0.2596089,0.10043742,0.1737484,0.0
2393,0.12136577,0.16198896,0.12911434,0.4234301,0.08247212,0.08162877,0.0
2394,0.25566286,0.07044607,0.13282667,0.05330722,0.31260514,0.17515199,0.0
2395,0.26572528,0.09761321,0.29260805,0.10206661,0.04502428,0.19696255,0.0
2396,0.22485885,0.11777236,0.2495815,0.08212704,0.11848536,0.20717494,0.0
2397,0.08136653,0.07488429,0.12922059,0.1293626,0.31129876,0.27386722,0.0
2398,0.34885934,0.11388315,0.08731087,0.14066504,0.18021621,0.12906533,0.0
2399,0.1958985,0.12507412,0.06063242,0.33559716,0.08474755,0.1980502,0.0
2400,0.1081461,0.22291876,0.123852,0.103697,0.3265039,0.11488231,0.0
2401,0.15629333,0.13311666,0.16412364,0.25402802,0.24767928,0.04475904,0.0
2402,0.21300827,0.2626712,0.10713727,0.13704371,0.19188575,0.08825378,0.0
2403,0.05380268,0.17080435,0.2076334,0.15954606,0.20362909,0.20458446,0.0
2404,0.07691782,0.31376737,0.16442953,0.13132834,0.13645549,0.17710151,0.0
2405,0.14401314,0.11795358,0.12818861,0.05896556,0.31460163,0.2362775,0.0
2406,0.20520322,0.24631324,0.09634051,0.06492826,0.31118906,0.07602578,0.0
2407,0.34649053,0.13245921,0.10135151,0.09767248,0.11936767,0.20265862,0.0
2408,0.1030879,0.05523438,0.06090601,0.1064067,0.34689167,0.3274734,0.0
2409,0.3007761,0.09555095,0.156403,0.13275994,0.12745668,0.18705343,0.0
2410,0.32936507,0.06264687,0.18770178,0.1732322,0.06310683,0.18394718,0.0
2411,0.2733415,0.04373731,0.06146402,0.21216977,0.16804059,0.2412469,0.0
2412,0.1640865,0.33535329,0.19692814,0.0946122,0.09269676,0.11632307,0.0
2413,0.07562535,0.17101134,0.20383422,0.08524863,0.38858294,0.07569751,0.0
2414,0.08087099,0.08019551,0.06904975,0.12025519,0.31728226,0.3323463,0.0
2415,0.05349632,0.30684265,0.3272989,0.15619512,0.10023794,0.05592896,0.0
2416,0.14710319,0.27320606,0.15381955,0.22896239,0.08580984,0.11109897,0.0
2417,0.17196386,0.2408624,0.17963469,0.11783839,0.08989117,0.19980948,0.0
2418,0.16004992,0.22018555,0.08492506,0.14874847,0.31951985,0.06657108,0.0
2419,0.30045113,0.08369255,0.16211273,0.19751754,0.11914873,0.13707729,0.0
2420,0.41330147,0.09420505,0.06126447,0.07835061,0.12646191,0.22641645,0.0
2421,0.10097304,0.17564486,0.22148903,0.08287717,0.20079063,0.21822518,0.0
2422,0.10381522,0.30802542,0.10754968,0.24183281,0.0541073,0.1846696,0.0
2423,0.07302614,0.32827452,0.09990881,0.05545504,0.32900554,0.11433002,0.0
2424,0.10094904,0.09861701,0.06783611,0.2868136,0.21491192,0.23087233,0.0
2425,0.26064777,0.13799214,0.09170211,0.16683255,0.1712945,0.17153087,0.0
2426,0.1491864,0.0857984,0.2673323,0.14656772,0.20849852,0.14261667,0.0
2427,0.10862335,0.16006324,0.19704917,0.17097355,0.20902744,0.15426335,0.0
2428,0.20040567,0.05542659,0.06141585,0.3084905,0.30312997,0.07113143,0.0
2429,0.21262686,0.08218627,0.07053653,0.1301847,0.3082151,0.19625057,0.0
2430,0.05645158,0.09502281,0.37101293,0.07501247,0.30922672,0.09327352,0.0
2431,0.44807723,0.0821472,0.17652696,0.06875672,0.07220112,0.15229084,0.0
2432,0.04346218,0.14977214,0.20726573,0.23534304,0.14881882,0.21533811,0.0
2433,0.13286461,0.17118405,0.06562341,0.15204455,0.37209028,0.10619312,0.0
2434,0.11338976,0.19069932,0.17904022,0.28637832,0.13532415,0.0951682,0.0
2435,0.07521245,0.13646361,0.12400654,0.14478855,0.39898714,0.12054166,0.0
2436,0.15090813,0.33288404,0.24839258,0.0857461,0.08743864,0.09463045,0.0
2437,0.13131584,0.0989602,0.31428924,0.19802402,0.1807305,0.07668021,0.0
2438,0.21681657,0.15131167,0.1956097,0.13046485,0.14108452,0.16471264,0.0
2439,0.29877898,0.15306735,0.25117505,0.06313801,0.17717451,0.05666609,0.0
2440,0.33250162,0.11815015,0.06654773,0.04943483,0.32310325,0.11026241,0.0
2441,0.09688251,0.23803551,0.36253086,0.09348169,0.1004443,0.10862515,0.0
2442,0.08793394,0.15127553,0.08864646,0.15807073,0.13833505,0.37573826,0.0
2443,0.17898011,0.26007715,0.08765514,0.13733937,0.07649978,0.2594484,0.0
2444,0.08355642,0.0579282,0.24740553,0.2013132,0.35222024,0.05757645,0.0
2445,0.08382077,0.1352371,0.22498433,0.07172605,0.12889333,0.35533842,0.0
2446,0.1954253,0.1104674,0.08932332,0.13636908,0.1983664,0.27004853,0.0
2447,0.1752799,0.2761734,0.20388198,0.0823844,0.1798912,0.08238912,0.0
2448,0.08940017,0.19200961,0.08269537,0.20690067,0.20907448,0.21991967,0.0
2449,0.16991052,0.13455041,0.26357394,0.1428393,0.1730915,0.11603437,0.0
2450,0.09860098,0.12966695,0.35494423,0.22940357,0.0964426,0.09094155,0.0
2451,0.24706186,0.22267896,0.07988987,0.20264909,0.1755977,0.07212246,0.0
2452,0.11978682,0.21786614,0.15686275,0.16772188,0.1921708,0.14559153,0.0
2453,0.33366048,0.09713191,0.23414767,0.0681606,0.16724995,0.09964935,0.0
2454,0.31024572,0.08480897,0.20076855,0.10751551,0.18403612,0.11262518,0.0
2455,0.14524856,0.14879037,0.06839041,0.37174752,0.16408078,0.10174236,0.0
2456,0.0624069,0.17624632,0.15897869,0.15802324,0.3121144,0.13223048,0.0
2457,0.08244973,0.3290424,0.12058108,0.23647021,0.1536774,0.07777914,0.0
2458,0.09084988,0.2787057,0.06078177,0.12728031,0.30037537,0.14200702,0.0
2459,0.076179,0.07747998,0.07464641,0.2782257,0.15882362,0.33464527,0.0
2460,0.2518018,0.12339378,0.20198178,0.11699569,0.07290176,0.23292516,0.0
2461,0.07874192,0.25460583,0.13739203,0.08266777,0.35109115,0.09550124,0.0
2462,0.29233772,0.12895502,0.13577402,0.25397015,0.05659918,0.13236393,0.0
2463,0.304257,0.05857686,0.33984864,0.14119501,0.10315345,0.05296915,0.0
2464,0.05848774,0.1736275,0.20821267,0.27494347,0.10300054,0.18172811,0.0
2465,0.06214679,0.2304482,0.17188662,0.08153497,0.27886605,0.1751173,0.0
2466,0.09876699,0.12676989,0.10502361,0.18615243,0.385326,0.09796111,0.0
2467,0.06422525,0.17526625,0.16577122,0.12812072,0.28242514,0.18419151,0.0
2468,0.18582079,0.08023325,0.1904019,0.24534504,0.0585575,0.23964146,0.0
2469,0.09253147,0.12996793,0.06229451,0.34613705,0.2257605,0.14330852,0.0
2470,0.1595399,0.13136931,0.24146862,0.11826561,0.28685886,0.0624978,0.0
2471,0.10459062,0.30162627,0.29466885,0.06966428,0.1256244,0.10382555,0.0
2472,0.13860424,0.30023354,0.17780446,0.06918597,0.10665038,0.2075214,0.0
2473,0.2750407,0.17926374,0.20519741,0.04393759,0.09350506,0.20305538,0.0
2474,0.20805086,0.19341737,0.06771765,0.12357093,0.26472092,0.14252223,0.0
2475,0.06509488,0.19132882,0.26779237,0.0722826,0.24474241,0.15875883,0.0
2476,0.07768994,0.25477722,0.06621369,0.11745913,0.30974028,0.17411977,0.0
2477,0.07532002,0.19416949,0.28730488,0.19293289,0.11606284,0.13420987,0.0
2478,0.08771423,0.15578124,0.23646021,0.31363305,0.09477644,0.11163483,0.0
2479,0.08504538,0.29232943,0.10475595,0.08986967,0.18654773,0.24145193,0.0
2480,0.18703221,0.12838602,0.15093727,0.16748066,0.20784384,0.15832007,0.0
2481,0.31116116,0.1956003,0.09203213,0.1104004,0.11286707,0.17793892,0.0
2482,0.05105704,0.22771725,0.21319048,0.08019937,0.17403628,0.25379965,0.0
2483,0.05829102,0.34960982,0.06970817,0.2905599,0.15140508,0.08042605,0.0
2484,0.3242335,0.06007392,0.21543707,0.12960477,0.19006497,0.08058573,0.0
2485,0.13474911,0.21276261,0.12145407,0.22200394,0.17137766,0.13765258,0.0
2486,0.12895542,0.25890923,0.10186946,0.23988982,0.06935497,0.20102103,0.0
2487,0.23324364,0.11105508,0.05745653,0.1131619,0.37258634,0.1124965,0.0
2488,0.104253,0.28594133,0.10189385,0.19535914,0.06972567,0.24282704,0.0
2489,0.21554032,0.09691285,0.1967474,0.23872162,0.176933,0.07514478,0.0
2490,0.2218564,0.08912684,0.09686869,0.1623381,0.34909704,0.08071296,0.0
2491,0.23881693,0.18551838,0.3018115,0.12602833,0.05703472,0.09079014,0.0
2492,0.14158505,0.06798795,0.15477778,0.18515117,0.16739349,0.2831046,0.0
2493,0.13871513,0.14565325,0.19226559,0.32595658,0.10929513,0.08811433,0.0
2494,0.07406966,0.21674584,0.27371645,0.092414,0.23228273,0.11077132,0.0
2495,0.28394547,0.18596601,0.17794973,0.06382982,0.17301168,0.11529725,0.0
2496,0.10651736,0.06265376,0.35427338,0.30585733,0.08572351,0.08497468,0.0
2497,0.19585904,0.069515,0.23343846,0.05531586,0.27017856,0.17569302,0.0
2498,0.22474633,0.09858971,0.06905217,0.06550695,0.2878977,0.2542071,0.0
2499,0.05856343,0.06870558,0.14377062,0.17880668,0.21279788,0.3373558,0.0
2500,0.09029014,0.05745827,0.30565846,0.20448351,0.13487062,0.20723903,0.0
2501,0.28912354,0.06260286,0.04698755,0.1987777,0.28628603,0.11622242,0.0
2502,0.07207777,0.2608303,0.07144061,0.15320729,0.17284976,0.26959428,0.0
2503,0.20564495,0.08858197,0.19959845,0.2399531,0.06703316,0.19918837,0.0
2504,0.26424867,0.17241697,0.16937254,0.14643076,0.19689038,0.05064071,0.0
2505,0.23183468,0.07956623,0.2888395,0.12946448,0.14171125,0.12858388,0.0
2506,0.14481029,0.0738284,0.3948875,0.13198377,0.10033987,0.15415014,0.0
2507,0.06234164,0.10590062,0.13238369,0.29158127,0.10323889,0.30455393,0.0
2508,0.13250881,0.12366552,0.10982709,0.30715087,0.10052992,0.22631782,0.0
2509,0.09640468,0.21781704,0.11535235,0.24756587,0.06477054,0.2580895,0.0
2510,0.1184055,0.23782212,0.15027568,0.09333779,0.22102402,0.17913495,0.0
2511,0.10007327,0.15086521,0.071763,0.22525406,0.20103468,0.25100973,0.0
2512,0.11559302,0.09134236,0.23251438,0.36137938,0.07838255,0.12078826,0.0
2513,0.10709544,0.1929087,0.23299783,0.30692273,0.10179647,0.05827884,0.0
2514,0.11573549,0.3683139,0.05393623,0.12930733,0.22116476,0.11154228,0.0
2515,0.28449348,0.1414824,0.12124533,0.05900785,0.0720837,0.32168725,0.0
2516,0.18299462,0.36371565,0.18852745,0.07997436,0.09863579,0.0861522,0.0
2517,0.1634137,0.06585739,0.17211339,0.04533842,0.28262788,0.2706492,0.0
2518,0.27842125,0.09199528,0.06082226,0.14191116,0.06572035,0.36112976,0.0
2519,0.18949242,0.16969311,0.17448665,0.12829135,0.17383417,0.16420232,0.0
2520,0.07356523,0.21812454,0.0666506,0.37502062,0.07797415,0.18866487,0.0
2521,0.19570762,0.08160354,0.19614041,0.2227862,0.17347951,0.13028277,0.0
2522,0.15320557,0.28779405,0.11935709,0.06559776,0.18115999,0.19288552,0.0
2523,0.3706355,0.1791913,0.05999045,0.18034375,0.06435113,0.14548793,0.0
2524,0.18881005,0.20260458,0.20809802,0.19995268,0.04706532,0.15346935,0.0
2525,0.13982587,0.0800148,0.08028059,0.45958716,0.13958505,0.10070658,0.0
2526,0.06044359,0.04678248,0.30152783,0.19827892,0.18167043,0.21129672,0.0
2527,0.2523787,0.22826503,0.06246236,0.06072601,0.31592688,0.08024094,0.0
2528,0.22240098,0.13309577,0.28535813,0.07803981,0.05773656,0.22336878,0.0
2529,0.16288994,0.04406026,0.27729827,0.22755054,0.22131866,0.06688242,0.0
2530,0.21900693,0.29100856,0.14097455,0.06579643,0.15842526,0.12478834,0.0
2531,0.31329137,0.08594026,0.23845576,0.04794756,0.23977488,0.07459014,0.0
2532,0.3441116,0.15205464,0.12427934,0.12056532,0.18826836,0.07072076,0.0
2533,0.2559542,0.08734451,0.130999,0.34196135,0.08603201,0.09770901,0.0
2534,0.25163877,0.17776442,0.15122056,0.2207779,0.08918766,0.10941078,0.0
2535,0.08127113,0.04714163,0.27641535,0.12352949,0.27865833,0.19298415,0.0
2536,0.16302596,0.06733263,0.16275492,0.28046262,0.07710045,0.2493234,0.0
2537,0.20280953,0.09047537,0.29907537,0.12656122,0.19577461,0.08530381,0.0
2538,0.09368044,0.29187465,0.1337023,0.15387027,0.13368613,0.19318625,0.0
2539,0.1914439,0.2163864,0.10118312,0.06985146,0.14299801,0.27813712,0.0
2540,0.22699311,0.10296465,0.24821796,0.12235367,0.10692661,0.19254401,0.0
2541,0.22138548,0.07632721,0.06028794,0.1370155,0.30712703,0.19785683,0.0
2542,0.17038064,0.10678321,0.11506549,0.08058178,0.3458071,0.18138182,0.0
2543,0.23496243,0.14734727,0.19411385,0.11621762,0.1219412,0.18541762,0.0
2544,0.26238793,0.0516264,0.13473336,0.14595868,0.27729052,0.12800312,0.0
2545,0.17270572,0.17786469,0.24346203,0.04386513,0.18824711,0.1738553,0.0
2546,0.09916522,0.16680604,0.24657205,0.16618747,0.10306899,0.21820016,0.0
2547,0.39548796,0.20825998,0.15152736,0.06640456,0.06717469,0.11114546,0.0
2548,0.11424318,0.12550795,0.08235402,0.11103532,0.2788315,0.28802806,0.0
2549,0.05509742,0.25319314,0.1151101,0.25272036,0.07797208,0.24590689,0.0
2550,0.0886118,0.11226965,0.10782937,0.29159167,0.2762531,0.12344447,0.0
2551,0.23075655,0.06557193,0.30557546,0.15439273,0.12197758,0.12172575,0.0
2552,0.09789408,0.09182265,0.32970357,0.07986312,0.09846091,0.30225563,0.0
2553,0.0628188,0.28292838,0.23071812,0.1492919,0.22041667,0.05382606,0.0
2554,0.19574372,0.11622535,0.32902664,0.08899058,0.08373314,0.18628049,0.0
2555,0.05553867,0.19366251,0.3460869,0.08702188,0.15255341,0.16513658,0.0
2556,0.06885713,0.15232636,0.15074946,0.07093729,0.3671162,0.19001353,0.0
2557,0.15582857,0.1427663,0.30506137,0.16141501,0.08674693,0.1481818,0.0
2558,0.0885639,0.28474516,0.10772324,0.19718812,0.2335095,0.0882701,0.0
2559,0.08482218,0.1646973,0.1646379,0.1293257,0.24895377,0.20756313,0.0
2560,0.15723158,0.11133628,0.10747851,0.08016776,0.28637782,0.25740805,0.0
2561,0.2372174,0.18218999,0.15277891,0.07550474,0.21793002,0.13437892,0.0
2562,0.17249256,0.15487053,0.11268449,0.17829756,0.21565644,0.16599838,0.0
2563,0.09484149,0.22143872,0.22597495,0.04300401,0.15969348,0.2550474,0.0
2564,0.20684639,0.32928923,0.09616812,0.10254844,0.09508125,0.17006657,0.0
2565,0.10204426,0.10141311,0.18208763,0.06877448,0.37336347,0.17231695,0.0
2566,0.07511922,0.2140614,0.08632446,0.2280513,0.05988698,0.33655667,0.0
2567,0.11193182,0.25387222,0.11685732,0.32866263,0.10189583,0.08678024,0.0
2568,0.12405765,0.11088069,0.3439163,0.17391723,0.12396763,0.12326062,0.0
2569,0.36138052,0.0765771,0.09024396,0.06121999,0.0890803,0.3214982,0.0
2570,0.17468107,0.15446869,0.22887142,0.16721827,0.15766084,0.11709972,0.0
2571,0.1296376,0.06297411,0.12971067,0.2652036,0.23530574,0.17716835,0.0
2572,0.16505706,0.06425441,0.12803353,0.4038445,0.06731363,0.17149691,0.0
2573,0.07643007,0.12657793,0.37424317,0.13301292,0.21178928,0.07794673,0.0
2574,0.23081852,0.12865064,0.17853032,0.14982782,0.14611872,0.1660539,0.0
2575,0.11567076,0.10786124,0.22878306,0.22139934,0.07727318,0.24901243,0.0
2576,0.12592387,0.09318206,0.12443642,0.1009339,0.20892511,0.34659865,0.0
2577,0.25828162,0.08947337,0.12043526,0.04920018,0.19422847,0.2883811,0.0
2578,0.06711362,0.14704019,0.20876224,0.19804837,0.19296128,0.1860743,0.0
2579,0.16329436,0.25967205,0.09889323,0.1231442,0.2534551,0.10154099,0.0
2580,0.31126037,0.19449532,0.10621367,0.14255759,0.15737098,0.08810197,0.0
2581,0.24245027,0.2164943,0.17043728,0.25778517,0.05034819,0.06248488,0.0
2582,0.1713313,0.3196051,0.08535352,0.09936242,0.13671371,0.18763389,0.0
2583,0.27035627,0.09140883,0.06165935,0.09137805,0.27998656,0.20521097,0.0
2584,0.3684898,0.0865244,0.05559825,0.15880185,0.2623859,0.06819979,0.0
2585,0.09588504,0.06763662,0.28736168,0.21729031,0.1081495,0.22367679,0.0
2586,0.05277342,0.23886104,0.2916135,0.15571503,0.19322741,0.06780951,0.0
2587,0.24656309,0.3533955,0.10362482,0.13540128,0.08914288,0.07187247,0.0
2588,0.10976009,0.25453803,0.22485828,0.21744314,0.05664152,0.13675901,0.0
2589,0.2270535,0.11870001,0.05273185,0.0582596,0.34509236,0.1981627,0.0
2590,0.16703844,0.17930433,0.10645602,0.0799803,0.28270775,0.18451324,0.0
2591,0.08734,0.23581421,0.10006605,0.23191279,0.07807041,0.2667965,0.0
2592,0.3361329,0.30928135,0.0640226,0.07251606,0.14458221,0.07346486,0.0
2593,0.10157947,0.3055308,0.06405103,0.12970619,0.0554223,0.3437102,0.0
2594,0.09011944,0.10778114,0.26335046,0.35028222,0.09792871,0.09053804,0.0
2595,0.11533511,0.1150758,0.11393487,0.34786633,0.2362557,0.07153217,0.0
2596,0.2763762,0.13661897,0.39567652,0.07032549,0.06297869,0.05802415,0.0
2597,0.24352992,0.06948332,0.0766283,0.2221992,0.1639601,0.22419915,0.0
2598,0.2965362,0.2788112,0.05679051,0.21934934,0.04747937,0.10103346,0.0
2599,0.41913864,0.09394927,0.0901926,0.12931888,0.13140564,0.13599503,0.0
2600,0.12052258,0.11533581,0.23181704,0.18049768,0.17391612,0.17791086,0.0
2601,0.3012237,0.10792802,0.1282389,0.17694435,0.17335923,0.1123058,0.0
2602,0.15625288,0.16604348,0.26033658,0.22867405,0.05684758,0.13184544,0.0
2603,0.08354551,0.20768291,0.15114224,0.32107994,0.05731275,0.17923667,0.0
2604,0.09698418,0.0919079,0.17753224,0.12632543,0.32790756,0.17934266,0.0
2605,0.27679208,0.17254385,0.18938324,0.05836557,0.098931,0.20398417,0.0
2606,0.21642484,0.2900408,0.08411868,0.14114566,0.05063948,0.21763052,0.0
2607,0.03407972,0.19799346,0.1895582,0.23076874,0.11689536,0.23070455,0.0
2608,0.13374552,0.10031705,0.25862116,0.19008027,0.17908275,0.13815331,0.0
2609,0.0528271,0.28182054,0.1603962,0.04994654,0.30115378,0.15385592,0.0
2610,0.11871729,0.05776205,0.28584078,0.29429123,0.05923084,0.18415779,0.0
2611,0.15670586,0.05749347,0.25913176,0.24506414,0.23103829,0.05056645,0.0
2612,0.1056263,0.19180162,0.07093075,0.08203585,0.20436148,0.34524402,0.0
2613,0.1151369,0.26094472,0.11216795,0.2745864,0.12503186,0.11213223,0.0
2614,0.25014162,0.07810778,0.18621911,0.2734533,0.07803617,0.13404201,0.0
2615,0.08389295,0.28374666,0.13324896,0.2702068,0.05225523,0.17664942,0.0
2616,0.16974711,0.08870053,0.18595113,0.17581321,0.04796951,0.3318185,0.0
2617,0.08329428,0.07207376,0.09322514,0.07623266,0.21315263,0.46202147,0.0
2618,0.11066715,0.19424522,0.13441494,0.25637752,0.18903019,0.115265,0.0
2619,0.27272266,0.14644307,0.11602041,0.2023644,0.07865231,0.18379714,0.0
2620,0.16340142,0.3487966,0.06537894,0.17595144,0.17020698,0.07626462,0.0
2621,0.15944576,0.09856758,0.40536785,0.07494511,0.08913273,0.17254093,0.0
2622,0.12204969,0.20924968,0.14678746,0.18884102,0.04960141,0.28347066,0.0
2623,0.23308511,0.17045821,0.11099074,0.15213548,0.08202804,0.25130236,0.0
2624,0.16762829,0.06874884,0.3053646,0.27508026,0.07135484,0.11182313,0.0
2625,0.09724016,0.21390219,0.07035317,0.0627108,0.27282912,0.28296456,0.0
2626,0.11052837,0.24781965,0.15784222,0.08138242,0.13161188,0.2708154,0.0
2627,0.185072,0.18779333,0.11211447,0.11746233,0.16171598,0.23584189,0.0
2628,0.06512953,0.20285742,0.09726971,0.2520031,0.12244412,0.26029605,0.0
2629,0.3311566,0.07463419,0.05025369,0.1434555,0.34559545,0.05490449,0.0
2630,0.21915765,0.17561142,0.10671202,0.14608602,0.29472792,0.05770491,0.0
2631,0.27125382,0.09017249,0.0635612,0.13620108,0.10285866,0.33595267,0.0
2632,0.04288818,0.22984008,0.25903907,0.05789332,0.14721486,0.26312447,0.0
2633,0.06504644,0.23949069,0.18252154,0.14336538,0.19658169,0.17299424,0.0
2634,0.10933752,0.09529156,0.15131132,0.234308,0.11167374,0.2980778,0.0
2635,0.07465238,0.2942066,0.11633062,0.10653626,0.34246403,0.0658101,0.0
2636,0.24919662,0.23426944,0.06082053,0.06947248,0.15644117,0.22979976,0.0
2637,0.14727704,0.2643419,0.07897083,0.19269927,0.24771237,0.06899858,0.0
2638,0.33996174,0.21566759,0.07289325,0.08080492,0.19162773,0.09904479,0.0
2639,0.30617276,0.05938951,0.05342628,0.32113385,0.10039788,0.1594798,0.0
2640,0.16393961,0.15787774,0.21147619,0.04455996,0.19596478,0.22618169,0.0
2641,0.08381842,0.17400216,0.0519418,0.20659743,0.28972355,0.1939167,0.0
2642,0.08407806,0.33808953,0.06095206,0.11557339,0.27824566,0.1230612,0.0
2643,0.2489112,0.18046384,0.06698743,0.12289505,0.25469846,0.12604406,0.0
2644,0.30203152,0.05548839,0.12595895,0.06246237,0.27595326,0.17810546,0.0
2645,0.07928919,0.2225646,0.08925666,0.11216852,0.0871856,0.40953544,0.0
2646,0.21378034,0.30157903,0.1852395,0.12195203,0.07759555,0.09985358,0.0
2647,0.21401861,0.08226736,0.07296131,0.09785269,0.09171011,0.44118994,0.0
2648,0.20216034,0.14136091,0.14328225,0.05576994,0.2194357,0.23799093,0.0
2649,0.27532607,0.0597918,0.1545039,0.28602713,0.08881185,0.1355392,0.0
2650,0.3536503,0.09685059,0.08099234,0.27459767,0.12910056,0.06480852,0.0
2651,0.24029258,0.12217894,0.10595256,0.11445347,0.06700739,0.35011506,0.0
2652,0.05064094,0.082297,0.24755257,0.19699454,0.23222785,0.19028707,0.0
2653,0.08075702,0.10971685,0.04466444,0.21693787,0.29677558,0.25114825,0.0
2654,0.07109384,0.17257392,0.3754251,0.11434875,0.07188454,0.19467384,0.0
2655,0.1574288,0.22345215,0.14532329,0.12168314,0.13479728,0.21731538,0.0
2656,0.20294245,0.11008268,0.26295123,0.10752369,0.17017442,0.14632551,0.0
2657,0.07872026,0.09246641,0.13240062,0.3821355,0.15665515,0.15762207,0.0
2658,0.13418348,0.13884155,0.14124306,0.21780664,0.10592998,0.2619953,0.0
2659,0.19578993,0.15782811,0.29718515,0.11994295,0.09149596,0.13775787,0.0
2660,0.12355399,0.21195129,0.14732815,0.10912539,0.1474137,0.26062748,0.0
2661,0.19098374,0.10428581,0.17803477,0.21144325,0.15449044,0.16076195,0.0
2662,0.13464376,0.13243267,0.14983793,0.1727605,0.2849796,0.12534554,0.0
2663,0.08126014,0.2919758,0.26034975,0.08983724,0.19141227,0.08516485,0.0
2664,0.05794553,0.30705586,0.10977069,0.21383576,0.07137834,0.24001375,0.0
2665,0.15172334,0.06529315,0.2305091,0.12275732,0.2973027,0.13241439,0.0
2666,0.07391297,0.17697307,0.1289256,0.20823278,0.07557947,0.33637607,0.0
2667,0.13311212,0.08814091,0.15029776,0.20732528,0.23847376,0.18265024,0.0
2668,0.10101872,0.2449207,0.33176613,0.09182776,0.12059386,0.10987283,0.0
2669,0.19359255,0.19807553,0.08674143,0.22892223,0.11273029,0.17993793,0.0
2670,0.32430163,0.07321102,0.06948684,0.17222828,0.26879218,0.09198005,0.0
2671,0.21542078,0.0630066,0.07191975,0.19400199,0.23191242,0.22373843,0.0
2672,0.339419,0.1309737,0.14525717,0.06347925,0.17520152,0.14566928,0.0
2673,0.08888716,0.1943749,0.04886536,0.29359272,0.31841192,0.05586787,0.0
2674,0.14720821,0.1774522,0.36979908,0.16263919,0.08070569,0.06219568,0.0
2675,0.1470191,0.08283854,0.37386033,0.23519345,0.06051929,0.10056922,0.0
2676,0.06320589,0.06558954,0.29473603,0.1783096,0.20920755,0.1889514,0.0
2677,0.1648263,0.32962042,0.07630868,0.13791296,0.10359386,0.1877378,0.0
2678,0.21344721,0.18919045,0.05547904,0.15793891,0.14057323,0.24337108,0.0
2679,0.11931232,0.10938153,0.22088933,0.18226048,0.11663602,0.2515203,0.0
2680,0.17391472,0.24339475,0.20089622,0.15798639,0.08776444,0.13604347,0.0
2681,0.08631188,0.0735775,0.31784138,0.13643207,0.191471,0.19436623,0.0
2682,0.11444779,0.07711622,0.16840026,0.19086502,0.293628,0.15554272,0.0
2683,0.14508772,0.20760357,0.06895349,0.06934063,0.4138361,0.09517861,0.0
2684,0.2988,0.24596404,0.07124155,0.12410738,0.11643279,0.14345433,0.0
2685,0.2645844,0.0676107,0.06057471,0.15516667,0.30916572,0.14289783,0.0
2686,0.23532939,0.17551085,0.20525,0.166883,0.06880865,0.1482181,0.0
2687,0.06789637,0.1003447,0.29402548,0.28036767,0.20497215,0.05239363,0.0
2688,0.26833457,0.05195344,0.05178755,0.21152718,0.23289154,0.18350573,0.0
2689,0.09952667,0.45147604,0.08851752,0.13732252,0.09430058,0.12885667,0.0
2690,0.2600259,0.2829729,0.14163986,0.10172883,0.15095489,0.06267764,0.0
2691,0.33782914,0.31899896,0.11896789,0.11718721,0.0529614,0.05405533,0.0
2692,0.15567306,0.07931716,0.2260553,0.14744435,0.14863667,0.24287345,0.0
2693,0.0640054,0.13875821,0.35042956,0.15431629,0.11348765,0.17900287,0.0
2694,0.3233414,0.16152711,0.05875982,0.18046767,0.16621214,0.109692,0.0
2695,0.09091765,0.06200548,0.22700384,0.0536329,0.20367679,0.36276335,0.0
2696,0.05959236,0.13796611,0.09514738,0.238163,0.368825,0.10030617,0.0
2697,0.0646341,0.302006,0.22512427,0.1763465,0.15831359,0.07357547,0.0
2698,0.24388361,0.12776272,0.20570773,0.25163877,0.0863503,0.08465693,0.0
2699,0.15742044,0.10368838,0.19790658,0.1213917,0.11185373,0.30773917,0.0
2700,0.15477633,0.13096054,0.23668678,0.05923759,0.11542353,0.3029152,0.0
2701,0.09696586,0.04598793,0.20597117,0.18883583,0.26443145,0.1978078,0.0
2702,0.34075338,0.08478814,0.20251349,0.15327385,0.08219596,0.13647512,0.0
2703,0.09505477,0.28167382,0.07172157,0.21503176,0.13954672,0.19697136,0.0
2704,0.1955928,0.2057615,0.1926623,0.17531498,0.16676383,0.06390457,0.0
2705,0.27041858,0.21265386,0.25181255,0.0501998,0.07520954,0.13970564,0.0
2706,0.32299444,0.11242001,0.2074506,0.10329228,0.090781,0.16306171,0.0
2707,0.10639222,0.15460648,0.11954827,0.15794213,0.14940888,0.31210202,0.0
2708,0.09622161,0.2852557,0.19434495,0.2155073,0.05894279,0.14972767,0.0
2709,0.13936216,0.38278854,0.11493858,0.09796344,0.17440462,0.09054261,0.0
2710,0.06424434,0.05681966,0.27691653,0.28346488,0.20151632,0.11703815,0.0
2711,0.12923723,0.05115293,0.10371304,0.08534266,0.33719277,0.29336137,0.0
2712,0.26204905,0.27491015,0.20167176,0.06078078,0.13695274,0.06363553,0.0
2713,0.23242389,0.146909,0.06027502,0.08698785,0.06396635,0.40943795,0.0
2714,0.21246415,0.1763454,0.21235447,0.04772026,0.21552242,0.13559322,0.0
2715,0.0951608,0.31185204,0.06082426,0.2138795,0.1701814,0.14810207,0.0
2716,0.08930738,0.12792726,0.20373629,0.2113473,0.12483745,0.24284437,0.0
2717,0.0767555,0.23253718,0.10775108,0.2142422,0.2955052,0.07320891,0.0
2718,0.07821508,0.13635772,0.13489178,0.18985724,0.3356094,0.12506881,0.0
2719,0.26206425,0.06524784,0.11265715,0.16821164,0.254503,0.13731621,0.0
2720,0.09418884,0.13655324,0.35386783,0.12438114,0.15746522,0.13354366,0.0
2721,0.13576779,0.13092184,0.14029805,0.14526705,0.3533339,0.0944114,0.0
2722,0.29760334,0.09547963,0.052716,0.18697353,0.24086256,0.12636498,0.0
2723,0.08073918,0.1494878,0.19754846,0.14751557,0.3223218,0.10238712,0.0
2724,0.05814459,0.10695775,0.13836539,0.3159619,0.28419074,0.09637971,0.0
2725,0.08631892,0.10933229,0.11456786,0.18039092,0.14255522,0.36683476,0.0
2726,0.19516872,0.05501185,0.15399957,0.36931467,0.0591611,0.16734414,0.0
2727,0.35339734,0.06967925,0.08395024,0.1917331,0.10513774,0.1961023,0.0
2728,0.09388798,0.15014856,0.23177549,0.217795,0.09489977,0.21149321,0.0
2729,0.08506931,0.36797604,0.08693261,0.08571367,0.30785576,0.06645259,0.0
2730,0.2884861,0.19826116,0.05785831,0.07895084,0.23453267,0.14191101,0.0
2731,0.1447204,0.29650632,0.07779398,0.09755329,0.31555006,0.06787596,0.0
2732,0.18375075,0.13512231,0.07885359,0.33906096,0.05036565,0.21284667,0.0
2733,0.18677148,0.0652665,0.12930301,0.19519703,0.18409027,0.23937173,0.0
2734,0.21592121,0.1543468,0.16028237,0.09567217,0.12410048,0.24967691,0.0
2735,0.26409277,0.28979358,0.05560842,0.07709751,0.15135461,0.16205317,0.0
2736,0.16351964,0.06791611,0.24093005,0.23530206,0.08142085,0.2109114,0.0
2737,0.2622696,0.08272097,0.05775725,0.1942826,0.17100203,0.23196764,0.0
2738,0.32609162,0.18943001,0.16700317,0.10069125,0.09519757,0.12158632,0.0
2739,0.18559107,0.0807735,0.3018703,0.12177719,0.1058465,0.2041414,0.0
2740,0.0757615,0.30046523,0.16628103,0.07255199,0.2149337,0.17000657,0.0
2741,0.10723738,0.16047025,0.16356508,0.19564584,0.10948227,0.2635992,0.0
2742,0.32715818,0.06272418,0.34528047,0.08065904,0.11045498,0.07372313,0.0
2743,0.09705444,0.12968525,0.34265265,0.16825621,0.17370038,0.08865107,0.0
2744,0.08741468,0.19173492,0.32996178,0.18785217,0.08959385,0.11344258,0.0
2745,0.10598368,0.08618901,0.15329638,0.25326675,0.2507766,0.1504875,0.0
2746,0.16077399,0.06204916,0.23408376,0.34612298,0.10850883,0.08846138,0.0
2747,0.15213232,0.19982201,0.0831776,0.2063883,0.12629282,0.232187,0.0
2748,0.24492072,0.23262426,0.05919387,0.23263611,0.08968243,0.1409426,0.0
2749,0.27286124,0.31061533,0.17161193,0.1440493,0.05256662,0.04829559,0.0
2750,0.21371895,0.24117923,0.19494946,0.10343532,0.10427891,0.1424381,0.0
2751,0.15416326,0.24225065,0.07137124,0.1261502,0.2349916,0.171073,0.0
2752,0.21158127,0.07630773,0.07746624,0.24886169,0.1575626,0.2282205,0.0
2753,0.11456849,0.25163782,0.1049029,0.09540397,0.19550042,0.23798642,0.0
2754,0.25846866,0.1890942,0.17623158,0.06079954,0.10545694,0.209949,0.0
2755,0.318445,0.05789758,0.10867772,0.0606937,0.2437509,0.21053515,0.0
2756,0.32537526,0.32538077,0.0793874,0.12827674,0.04996015,0.09161965,0.0
2757,0.0890353,0.08102553,0.27862364,0.34708774,0.08063156,0.12359621,0.0
2758,0.31803706,0.10115362,0.06041813,0.11335059,0.21556793,0.19147268,0.0
2759,0.27509955,0.08328473,0.09317082,0.13052048,0.11778863,0.30013582,0.0
2760,0.15414394,0.07080661,0.06405168,0.17001814,0.17653476,0.36444485,0.0
2761,0.15758649,0.0965906,0.20235685,0.21493515,0.09424214,0.2342888,0.0
2762,0.06747039,0.12081883,0.11006049,0.13569583,0.13979799,0.42615646,0.0
2763,0.11161225,0.20724085,0.15423483,0.13990894,0.21759658,0.16940661,0.0
2764,0.10869218,0.06189601,0.14636385,0.22727445,0.2106578,0.2451157,0.0
2765,0.24099058,0.08773223,0.15691456,0.05193044,0.25416413,0.20826803,0.0
2766,0.08429085,0.12846643,0.11154293,0.39948004,0.18999682,0.08622297,0.0
2767,0.1380949,0.25101644,0.04189491,0.25177994,0.08607791,0.23113587,0.0
2768,0.05894467,0.07558581,0.25790298,0.3919401,0.11161397,0.10401245,0.0
2769,0.09743169,0.10044806,0.3484347,0.23283537,0.1462291,0.07462107,0.0
2770,0.16958874,0.26435414,0.2550418,0.11274946,0.09734318,0.10092268,0.0
2771,0.19349867,0.15595192,0.18373935,0.23634236,0.09841894,0.13204876,0.0
2772,0.11003726,0.06640173,0.26421627,0.14947963,0.24285,0.1670151,0.0
2773,0.05945833,0.18896808,0.13983065,0.09789711,0.19532092,0.31852493,0.0
2774,0.10989471,0.298127,0.06959004,0.23660658,0.05240663,0.23337504,0.0
2775,0.05418048,0.36078048,0.20298402,0.07288708,0.23095158,0.07821638,0.0
2776,0.25927046,0.06674445,0.22162993,0.15385288,0.20788431,0.09061797,0.0
2777,0.05949501,0.10448692,0.11305361,0.17206687,0.27279097,0.27810663,0.0
2778,0.16735883,0.09789047,0.262376,0.08296508,0.15109722,0.23831229,0.0
2779,0.077725,0.17719738,0.1673899,0.17727725,0.12979785,0.27061257,0.0
2780,0.24197724,0.06524906,0.19274263,0.06280413,0.17144936,0.26577765,0.0
2781,0.0671255,0.16772717,0.35263136,0.13504042,0.11021311,0.16726246,0.0
2782,0.16756462,0.06357405,0.1831408,0.20086235,0.31439748,0.07046068,0.0
2783,0.20003799,0.20184804,0.26011416,0.07941078,0.05604862,0.20254035,0.0
2784,0.07008027,0.06792505,0.2604386,0.20041831,0.20576265,0.19537514,0.0
2785,0.28670532,0.11648768,0.17367536,0.10988328,0.09590738,0.21734098,0.0
2786,0.2994325,0.24582468,0.20749018,0.0689152,0.1043915,0.07394594,0.0
2787,0.22153054,0.15274902,0.08656012,0.12063704,0.22383387,0.1946894,0.0
2788,0.09318496,0.08223382,0.05653914,0.10558425,0.32479912,0.33765867,0.0
2789,0.05376965,0.37306437,0.28026944,0.10588264,0.05243843,0.13457546,0.0
2790,0.11048771,0.460762,0.12538733,0.07433163,0.11722014,0.11181118,0.0
2791,0.11256955,0.17747554,0.13140216,0.09772221,0.170033,0.3107975,0.0
2792,0.10516185,0.1747366,0.27002022,0.2029422,0.15183677,0.09530246,0.0
2793,0.07933366,0.0656263,0.26872316,0.07103583,0.2549929,0.2602882,0.0
2794,0.14866152,0.21487398,0.1833686,0.12866963,0.16851197,0.15591428,0.0
2795,0.28093255,0.08671472,0.12191916,0.26427707,0.12197892,0.1241776,0.0
2796,0.33446732,0.09532689,0.18436362,0.07124863,0.145761,0.1688325,0.0
2797,0.11259285,0.29243112,0.07836532,0.08142099,0.2203925,0.21479723,0.0
2798,0.1037752,0.13241257,0.13368177,0.20840572,0.19085728,0.23086743,0.0
2799,0.30158195,0.1767215,0.11234898,0.15473995,0.0950022,0.15960549,0.0
2800,0.1379165,0.24861889,0.12214048,0.11412875,0.30166575,0.07552954,0.0
2801,0.15685527,0.18930618,0.06985604,0.26701754,0.2223781,0.09458681,0.0
2802,0.33445108,0.18571588,0.14876096,0.04988052,0.2104867,0.07070489,0.0
2803,0.07766437,0.10200379,0.07134078,0.07617684,0.23935609,0.4334581,0.0
2804,0.13858245,0.11356073,0.28915977,0.09516788,0.1932269,0.1703023,0.0
2805,0.0547279,0.18953504,0.07115414,0.24391568,0.18535087,0.25531632,0.0
2806,0.04291762,0.21456045,0.21068406,0.07206164,0.24855757,0.21121868,0.0
2807,0.11563075,0.23789926,0.24482505,0.14889391,0.10859131,0.14415975,0.0
2808,0.11560951,0.13545221,0.23920578,0.27314663,0.1266436,0.10994235,0.0
2809,0.3133536,0.15379606,0.17583619,0.08289158,0.18891203,0.08521051,0.0
2810,0.06481677,0.2645907,0.14610767,0.2893693,0.07952534,0.15559028,0.0
2811,0.16369207,0.17671481,0.11860194,0.24430709,0.16542636,0.13125777,0.0
2812,0.0934573,0.087051,0.1015043,0.12841415,0.41442624,0.175147,0.0
2813,0.3593402,0.05917701,0.21556403,0.20708905,0.05891473,0.09991496,0.0
2814,0.13273196,0.28003806,0.15736091,0.2642911,0.09408395,0.07149404,0.0
2815,0.08148149,0.07818174,0.11807383,0.20678553,0.17506963,0.34040767,0.0
2816,0.13225761,0.12771508,0.26323524,0.1772256,0.06774167,0.23182474,0.0
2817,0.12834275,0.0618372,0.11707797,0.22525276,0.28580102,0.18168834,0.0
2818,0.3441761,0.06453867,0.13677984,0.32788563,0.06395283,0.06266695,0.0
2819,0.11343753,0.10325573,0.12037043,0.09697852,0.17718208,0.38877574,0.0
2820,0.09252205,0.18394257,0.0941896,0.40617642,0.1595473,0.06362202,0.0
2821,0.05045789,0.12653375,0.18428914,0.06596676,0.31515086,0.25760162,0.0
2822,0.15774974,0.22828682,0.23655018,0.06806196,0.1820842,0.12726706,0.0
2823,0.08445524,0.13849062,0.21216373,0.09346167,0.0829713,0.38845748,0.0
2824,0.29323825,0.09191626,0.06467336,0.11695169,0.29802486,0.1351956,0.0
2825,0.07299479,0.09842964,0.25109008,0.35724178,0.14634515,0.07389855,0.0
2826,0.10779411,0.16822217,0.2806809,0.1616205,0.16634016,0.11534219,0.0
2827,0.19785391,0.19613229,0.12460537,0.07997993,0.18273373,0.21869472,0.0
2828,0.19205388,0.09544975,0.27908033,0.20855658,0.09764941,0.12721002,0.0
2829,0.22569486,0.10651476,0.1291747,0.18978462,0.21284117,0.13598983,0.0
2830,0.11682484,0.08780143,0.20300043,0.24827737,0.1393527,0.20474328,0.0
2831,0.20342386,0.30758896,0.09859536,0.14003444,0.11155745,0.1387999,0.0
2832,0.12099717,0.08479565,0.34097278,0.09241473,0.28319642,0.07762332,0.0
2833,0.07270495,0.07750632,0.23172463,0.2678103,0.29392332,0.05633045,0.0
2834,0.21497574,0.10751746,0.11204355,0.12837368,0.18499534,0.2520943,0.0
2835,0.12565894,0.19688497,0.24916172,0.06244955,0.06803148,0.29781345,0.0
2836,0.25484502,0.12417031,0.15799181,0.06783191,0.17833415,0.21682669,0.0
2837,0.26539966,0.07905301,0.27866688,0.05608334,0.14182554,0.17897165,0.0
2838,0.11127388,0.18366517,0.26049286,0.11372897,0.22882117,0.10201795,0.0
2839,0.13980894,0.21682549,0.30069727,0.17186803,0.07969485,0.09110552,0.0
2840,0.18527812,0.11364549,0.09524582,0.18142223,0.21011113,0.21429722,0.0
2841,0.20106132,0.18335502,0.06817232,0.11134794,0.27614072,0.15992273,0.0
2842,0.15575847,0.06842104,0.37390727,0.18621893,0.07341293,0.1422814,0.0
2843,0.13244456,0.11718537,0.34421664,0.17978698,0.11365221,0.11271427,0.0
2844,0.31697816,0.17914374,0.16209762,0.18769042,0.08540716,0.06868281,0.0
2845,0.19414404,0.25861666,0.16152918,0.16744033,0.136455,0.08181472,0.0
2846,0.0777823,0.18230584,0.1692282,0.21684667,0.26132706,0.09250993,0.0
2847,0.14723516,0.26854149,0.10998268,0.15074308,0.16547713,0.15802038,0.0
2848,0.14873594,0.08255562,0.16330421,0.17940105,0.28142524,0.14457792,0.0
2849,0.31982806,0.11630887,0.08017808,0.09331113,0.05757392,0.33279988,0.0
2850,0.15831828,0.11946536,0.34871557,0.09768759,0.09479591,0.18101722,0.0
2851,0.06049491,0.1151993,0.06195255,0.15889835,0.38264263,0.2208122,0.0
2852,0.10172034,0.1692817,0.18869208,0.23047926,0.21735492,0.09247174,0.0
2853,0.26213625,0.11132883,0.23969641,0.23953524,0.0890466,0.05825667,0.0
2854,0.2667635,0.10664804,0.09069712,0.3456252,0.12955777,0.06070833,0.0
2855,0.21823514,0.13536857,0.10345095,0.24823102,0.1402634,0.15445095,0.0
2856,0.38617495,0.06418966,0.23309627,0.06995843,0.06642752,0.18015319,0.0
2857,0.11625636,0.06322049,0.1847415,0.17935269,0.3092068,0.14722215,0.0
2858,0.08772911,0.18056193,0.2525273,0.2603447,0.07099725,0.14783964,0.0
2859,0.28275093,0.279731,0.07465515,0.11080598,0.10448974,0.14756714,0.0
2860,0.10113566,0.14804064,0.44512942,0.12166684,0.08385073,0.10017674,0.0
2861,0.06811954,0.06159247,0.27640867,0.29561883,0.0826956,0.21556485,0.0
2862,0.1964799,0.09723122,0.11420026,0.26731238,0.24966423,0.07511199,0.0
2863,0.3277165,0.10462749,0.1723288,0.06005201,0.11879585,0.21647927,0.0
2864,0.31330484,0.08675846,0.05629936,0.252691,0.10631343,0.18463288,0.0
2865,0.11074416,0.07355038,0.24316119,0.08740684,0.26168188,0.22345552,0.0
2866,0.05222621,0.10440528,0.24729557,0.17982537,0.19405936,0.22218822,0.0
2867,0.16595107,0.10818126,0.24323043,0.19633006,0.17918703,0.10712008,0.0
2868,0.19862273,0.36808553,0.05924081,0.20839454,0.08060309,0.08505329,0.0
2869,0.1024205,0.19670108,0.24706882,0.22175978,0.11750808,0.11454171,0.0
2870,0.10493084,0.12914997,0.17197047,0.1864172,0.2803117,0.12721978,0.0
2871,0.08442013,0.14661661,0.06760581,0.19804116,0.2890435,0.21427281,0.0
2872,0.16529886,0.14862686,0.1945729,0.153016,0.07350183,0.26498353,0.0
2873,0.08225325,0.14287353,0.16321163,0.10278735,0.13143851,0.37743568,0.0
2874,0.16941887,0.3197916,0.11609191,0.08889476,0.13728493,0.16851796,0.0
2875,0.07271535,0.34815875,0.18761107,0.05992664,0.27094567,0.06064243,0.0
2876,0.0490904,0.19694777,0.2856115,0.11689581,0.23681125,0.11464316,0.0
2877,0.07322936,0.15766867,0.07820551,0.4401746,0.06525809,0.18546382,0.0
2878,0.09908742,0.0726831,0.20499447,0.09386833,0.25756934,0.2717973,0.0
2879,0.0648344,0.1492605,0.35613406,0.07234067,0.2186725,0.13875787,0.0
2880,0.16317774,0.15626124,0.15682445,0.11454119,0.31831363,0.09088174,0.0
2881,0.31803688,0.07428149,0.1367826,0.06919339,0.28132623,0.12037944,0.0
2882,0.17172928,0.24231803,0.34592456,0.09372687,0.08019957,0.06610178,0.0
2883,0.15753382,0.26005518,0.23141734,0.10846721,0.19030549,0.05222093,0.0
2884,0.1522857,0.0978089,0.25131908,0.20638447,0.13891584,0.15328597,0.0
2885,0.29219407,0.08321471,0.07937618,0.27431655,0.19987322,0.07102525,0.0
2886,0.09648991,0.2114488,0.28231123,0.13308711,0.22058496,0.05607796,0.0
2887,0.0639135,0.27913338,0.06368174,0.12216495,0.13171598,0.33939046,0.0
2888,0.25615734,0.26276058,0.09527582,0.15587452,0.17439252,0.0555393,0.0
2889,0.04951132,0.26946992,0.18251024,0.31824467,0.12802957,0.0522343,0.0
2890,0.15753987,0.06574225,0.08738789,0.32974812,0.05476237,0.30481952,0.0
2891,0.05150656,0.16498695,0.12987192,0.13127658,0.34835774,0.17400026,0.0
2892,0.20799197,0.14483073,0.22800307,0.14540687,0.08205428,0.19171306,0.0
2893,0.11096518,0.16828781,0.13542365,0.26276657,0.16652283,0.15603401,0.0
2894,0.31332412,0.08208776,0.20069464,0.13119611,0.11731736,0.15538003,0.0
2895,0.17938213,0.16893645,0.28183904,0.07010291,0.0757756,0.22396383,0.0
2896,0.16777413,0.1460596,0.16018906,0.09541968,0.17390902,0.25664842,0.0
2897,0.16856878,0.20108014,0.14049959,0.28199527,0.07589369,0.13196248,0.0
2898,0.15932207,0.1157726,0.11730215,0.27183792,0.24686646,0.08889883,0.0
2899,0.08464354,0.13401742,0.23607376,0.2101716,0.21699496,0.11809883,0.0
2900,0.13773985,0.137605,0.09109557,0.16956705,0.3738662,0.09012629,0.0
2901,0.14366743,0.18459412,0.18048501,0.15098797,0.21111251,0.12915307,0.0
2902,0.24663298,0.36397752,0.165131,0.07973226,0.08371721,0.06080912,0.0
2903,0.08239835,0.22172484,0.11060105,0.16625682,0.30935717,0.10966179,0.0
2904,0.12061544,0.15192711,0.12110361,0.2361958,0.28263235,0.08752565,0.0
2905,0.07772586,0.11149926,0.14989479,0.13057888,0.2535286,0.27677262,0.0
2906,0.11870001,0.08871215,0.07793088,0.40210447,0.20870878,0.1038437,0.0
2907,0.27542797,0.22167154,0.05268224,0.13448174,0.11023613,0.20550036,0.0
2908,0.19178012,0.07755794,0.15109953,0.25257543,0.19652265,0.13046443,0.0
2909,0.31972268,0.0557741,0.14797556,0.05576293,0.1955928,0.22517188,0.0
2910,0.09921498,0.06607674,0.30083406,0.11485405,0.21166718,0.20735295,0.0
2911,0.06140205,0.11195394,0.21642235,0.08201616,0.24634789,0.2818577,0.0
2912,0.27606773,0.11361538,0.06052435,0.13735849,0.25183204,0.16060206,0.0
2913,0.15529512,0.168137,0.16952148,0.11649907,0.26564872,0.12489854,0.0
2914,0.07685541,0.13754742,0.10624879,0.09088068,0.45191577,0.13655187,0.0
2915,0.19210026,0.2356384,0.13364698,0.17231514,0.07950994,0.18678933,0.0
2916,0.09592471,0.13112134,0.1493133,0.12178088,0.10164133,0.40021843,0.0
2917,0.09837005,0.11324627,0.19207093,0.16328885,0.23466155,0.1983623,0.0
2918,0.22580825,0.22367686,0.10016869,0.11703429,0.24646002,0.08685187,0.0
2919,0.19266821,0.11487907,0.19352229,0.30130938,0.06349455,0.13412656,0.0
2920,0.1971553,0.20244752,0.23647775,0.05966885,0.21895728,0.08529335,0.0
2921,0.06607503,0.20662259,0.20543765,0.09947067,0.20739011,0.21500391,0.0
2922,0.11187001,0.16700721,0.10672458,0.26947707,0.08156724,0.26335385,0.0
2923,0.2907233,0.1834003,0.16360587,0.05823828,0.06919543,0.23483676,0.0
2924,0.32781252,0.10350618,0.13496326,0.13821006,0.07032561,0.22518232,0.0
2925,0.18421365,0.07687067,0.2420007,0.29804376,0.05891779,0.13995343,0.0
2926,0.16802229,0.06862255,0.20244607,0.24988736,0.13832247,0.1726992,0.0
2927,0.14816259,0.16410826,0.28945372,0.11945058,0.10806724,0.17075768,0.0
2928,0.21591887,0.08483407,0.1571665,0.2290871,0.18876456,0.12422885,0.0
2929,0.0918864,0.18959422,0.20846868,0.24173988,0.06538063,0.20293014,0.0
2930,0.1089269,0.11375129,0.17522588,0.1128067,0.08167006,0.40761915,0.0
2931,0.08007097,0.10122374,0.28155538,0.07689133,0.08939315,0.37086543,0.0
2932,0.08392639,0.21792069,0.06988662,0.18692347,0.11544133,0.3259015,0.0
2933,0.10880211,0.19575973,0.121365,0.1470102,0.30912077,0.11794216,0.0
2934,0.06949916,0.12284616,0.17873125,0.3904702,0.12235846,0.11609475,0.0
2935,0.1472385,0.14158998,0.14521939,0.23675314,0.19188163,0.13731733,0.0
2936,0.33112943,0.17334445,0.09506282,0.09467223,0.13298832,0.17280275,0.0
2937,0.08619951,0.23204473,0.20886804,0.09355921,0.1534775,0.22585097,0.0
2938,0.10364525,0.10865308,0.13359721,0.10041999,0.32475552,0.22892894,0.0
2939,0.07394665,0.18558556,0.12617186,0.09591603,0.2279377,0.29044223,0.0
2940,0.16568224,0.20765416,0.11238834,0.20895994,0.15727141,0.14804389,0.0
2941,0.08291696,0.14743751,0.20595768,0.24229397,0.2105667,0.11082722,0.0
2942,0.30261827,0.09179563,0.13932325,0.05448099,0.05773176,0.3540501,0.0
2943,0.07624392,0.06062583,0.06977177,0.38411516,0.11232872,0.29691458,0.0
2944,0.08837027,0.45360705,0.10998257,0.12569502,0.1422813,0.08006378,0.0
2945,0.21272118,0.1471803,0.08282995,0.10119032,0.08330613,0.372772,0.0
2946,0.15645267,0.13086687,0.22271493,0.3014279,0.05871512,0.12982261,0.0
2947,0.3331154,0.18027125,0.17922024,0.09904951,0.13937019,0.06897341,0.0
2948,0.31811845,0.14018874,0.10883392,0.06253476,0.2613921,0.10893208,0.0
2949,0.10457834,0.20302948,0.25844142,0.11214074,0.05587478,0.26593518,0.0
2950,0.09785176,0.05664551,0.2857821,0.23309991,0.0643576,0.2622632,0.0
2951,0.20320222,0.1379881,0.11522452,0.10799115,0.17185098,0.263743,0.0
2952,0.10570392,0.26803944,0.10984266,0.16514806,0.13007732,0.22118862,0.0
2953,0.09690956,0.29056135,0.0782848,0.07842492,0.3468975,0.10892178,0.0
2954,0.10192008,0.05269858,0.20907536,0.20785609,0.14054145,0.28790843,0.0
2955,0.25272778,0.15940017,0.05957666,0.2825808,0.1560273,0.08968732,0.0
2956,0.16575131,0.22394766,0.21361165,0.05887193,0.1493569,0.1884606,0.0
2957,0.23563506,0.15856592,0.20951739,0.20209691,0.06651127,0.12767354,0.0
2958,0.13111486,0.18027845,0.24696125,0.1332682,0.21999863,0.08837859,0.0
2959,0.34806788,0.0825679,0.08656329,0.09378824,0.06624092,0.32277176,0.0
2960,0.08591066,0.11088775,0.332482,0.13491246,0.05230435,0.28350282,0.0
2961,0.20639518,0.11927586,0.30585086,0.13883306,0.07580018,0.15384498,0.0
2962,0.07039921,0.21435848,0.06888217,0.10352354,0.27433017,0.26850647,0.0
2963,0.12945522,0.16655238,0.15353036,0.1526631,0.14891586,0.24888304,0.0
2964,0.1583149,0.2777166,0.10716986,0.14312433,0.21912639,0.09454791,0.0
2965,0.0925351,0.45964763,0.08026326,0.1152554,0.12348347,0.12881511,0.0
2966,0.14238597,0.09506705,0.28652683,0.1018225,0.10070743,0.27349025,0.0
2967,0.12307199,0.06452085,0.14965104,0.21759328,0.06752899,0.3776338,0.0
2968,0.12844211,0.3144199,0.07356874,0.23494627,0.1661733,0.08244973,0.0
2969,0.2876337,0.10236073,0.09148938,0.10460047,0.33826894,0.07564672,0.0
2970,0.27321497,0.227019,0.1912867,0.10777026,0.1462871,0.05442195,0.0
2971,0.1348096,0.13678665,0.08504748,0.11999489,0.33823228,0.18512909,0.0
2972,0.09618861,0.12859884,0.20139804,0.23350364,0.19613016,0.1441807,0.0
2973,0.20451592,0.08183125,0.13748993,0.19735602,0.13357845,0.24522845,0.0
2974,0.22893333,0.08050966,0.3194827,0.08983599,0.06485283,0.2163855,0.0
2975,0.06705858,0.28440505,0.05624279,0.12144431,0.19686365,0.27398556,0.0
2976,0.28080088,0.26574397,0.09916694,0.07104667,0.08916879,0.1940728,0.0
2977,0.04674163,0.22108133,0.25632086,0.13978516,0.26164266,0.07442832,0.0
2978,0.13234009,0.17644922,0.23171262,0.08032125,0.22788362,0.15129314,0.0
2979,0.2583636,0.05438678,0.2727042,0.23211442,0.11915985,0.06327108,0.0
2980,0.16189273,0.24924861,0.2753429,0.06768895,0.09926333,0.14656347,0.0
2981,0.08599772,0.30349934,0.13951273,0.26889607,0.11940752,0.08268652,0.0
2982,0.08651991,0.26676336,0.18604702,0.22272801,0.11150925,0.12643245,0.0
2983,0.15517476,0.07331038,0.08505949,0.08474293,0.4931531,0.10855938,0.0
2984,0.12712903,0.12805188,0.17051046,0.24255519,0.15506695,0.17668645,0.0
2985,0.06462155,0.14964008,0.40084517,0.09005733,0.23133598,0.06349992,0.0
2986,0.12649034,0.2316498,0.10893799,0.23008567,0.15004133,0.15279493,0.0
2987,0.24477041,0.12769778,0.18565306,0.11965568,0.21879974,0.10342333,0.0
2988,0.12311692,0.23051813,0.20424087,0.10778417,0.27396798,0.06037191,0.0
2989,0.20530069,0.07467192,0.2204609,0.08751583,0.09311852,0.31893218,0.0
2990,0.33886296,0.11910383,0.18796057,0.11930458,0.09517716,0.13959089,0.0
2991,0.22926188,0.14238104,0.2675854,0.17158969,0.09606442,0.09311757,0.0
2992,0.23840247,0.0772031,0.33776167,0.18906784,0.06622646,0.09133852,0.0
2993,0.16456644,0.09966064,0.18796636,0.1768863,0.15986651,0.21105365,0.0
2994,0.09636175,0.06489025,0.23796703,0.21576652,0.15722871,0.22778574,0.0
2995,0.10704768,0.09936152,0.27242196,0.15656479,0.06025549,0.3043486,0.0
2996,0.27288592,0.15179254,0.24616817,0.08665435,0.11654732,0.12595175,0.0
2997,0.22017018,0.08501969,0.13949564,0.09295926,0.22347772,0.2388775,0.0
2998,0.17871019,0.15727313,0.12610969,0.07712871,0.10206498,0.35871336,0.0
2999,0.30677652,0.06495897,0.300413,0.23417147,0.04896013,0.04471992,0.0
3000,0.26970804,0.17659192,0.11713724,0.11559556,0.08419204,0.23677519,0.0
3001,0.18100943,0.17629115,0.1712315,0.15504678,0.15420762,0.16221361,0.0
3002,0.18012667,0.17729044,0.16958238,0.15680642,0.15473896,0.16145508,0.0
3003,0.18140931,0.1777346,0.16932745,0.1550295,0.15446599,0.16203322,0.0
3004,0.18182011,0.17808811,0.16926596,0.15437825,0.15420061,0.16224691,0.0
3005,0.18162501,0.17777419,0.16927409,0.15480083,0.15440969,0.16211627,0.0
3006,0.18159801,0.17785232,0.16931562,0.15474042,0.1543409,0.16215275,0.0
3007,0.18198378,0.1783814,0.16927543,0.1540031,0.15398943,0.16236691,0.0
3008,0.18144605,0.1779106,0.16941178,0.15480529,0.15425521,0.16217107,0.0
3009,0.18115677,0.17776644,0.16948588,0.15524559,0.15434144,0.16200379,0.0
3010,0.18152432,0.17791314,0.16936655,0.15473752,0.15428682,0.16217157,0.0
3011,0.18175313,0.17791322,0.16924867,0.15458708,0.15432401,0.16217381,0.0
3012,0.1813416,0.17753349,0.16930982,0.155271,0.15461062,0.16193347,0.0
3013,0.18149912,0.1779364,0.16938102,0.1547397,0.15426178,0.16218202,0.0
3014,0.18149523,0.17775874,0.16932915,0.15491255,0.15441129,0.162093,0.0
3015,0.18155776,0.17799546,0.16937545,0.1546158,0.15423127,0.16222423,0.0
3016,0.18163414,0.17802848,0.16934867,0.15452638,0.15422182,0.16224045,0.0
3017,0.18168399,0.17802103,0.16932178,0.15450177,0.15423693,0.16223449,0.0
3018,0.18165222,0.17816173,0.1693774,0.15437578,0.1541305,0.16230229,0.0
3019,0.18182977,0.17818947,0.16930178,0.15426277,0.1541195,0.16229664,0.0
3020,0.1820697,0.1783741,0.1692422,0.15396841,0.15398708,0.16235857,0.0
3021,0.18155737,0.17797183,0.16939081,0.1546284,0.15423192,0.16221964,0.0
3022,0.18173857,0.17801705,0.16929053,0.15448381,0.15424488,0.16222516,0.0
3023,0.18182224,0.17820822,0.16930972,0.15424706,0.1541057,0.16230713,0.0
3024,0.18149407,0.17774868,0.16933636,0.15491715,0.15441036,0.16209333,0.0
3025,0.18702029,0.17483164,0.16633232,0.15271898,0.16020428,0.15889248,0.0
3026,0.1861507,0.17452694,0.16649093,0.15369359,0.16026732,0.15887053,0.0
3027,0.1868167,0.17481866,0.16639237,0.15283199,0.16013867,0.1590016,0.0
3028,0.18693635,0.17498675,0.16645406,0.15254346,0.160039,0.15904039,0.0
3029,0.1870835,0.17502521,0.1664114,0.15245576,0.15999813,0.15902595,0.0
3030,0.18658897,0.17472075,0.16647075,0.15302856,0.16018061,0.15901032,0.0
3031,0.18729968,0.17509864,0.1663292,0.1523311,0.15993355,0.1590078,0.0
3032,0.18610646,0.17453793,0.16650283,0.15375878,0.16023466,0.1588593,0.0
3033,0.18666549,0.1747197,0.16639942,0.15301391,0.1602009,0.15900064,0.0
3034,0.18692407,0.1749472,0.16643141,0.15260921,0.16005962,0.15902852,0.0
3035,0.18620838,0.17452547,0.1664909,0.15360479,0.16028878,0.15888166,0.0
3036,0.18611877,0.17447107,0.16647406,0.15376805,0.16034107,0.15882696,0.0
3037,0.18671004,0.17481075,0.16643842,0.15287338,0.16015126,0.15901618,0.0
3038,0.18709722,0.17500177,0.16638353,0.1524949,0.16000928,0.15901324,0.0
3039,0.1869969,0.17495607,0.16641462,0.15257233,0.16003796,0.1590221,0.0
3040,0.18619175,0.17446779,0.16648361,0.15365405,0.16033803,0.15886474,0.0
3041,0.18686001,0.17492221,0.16643338,0.15266916,0.16008802,0.15902716,0.0
3042,0.1867559,0.17483553,0.166452,0.15280631,0.16012438,0.1590259,0.0
3043,0.18692291,0.17492193,0.16641983,0.15264462,0.16006875,0.15902196,0.0
3044,0.18691272,0.17490648,0.16642009,0.15266578,0.16007417,0.15902078,0.0
3045,0.1870532,0.1749318,0.16636746,0.15260385,0.16004202,0.1590017,0.0
3046,0.18695672,0.1749722,0.16644184,0.15255658,0.16003835,0.15903434,0.0
3047,0.18692005,0.17491631,0.16642387,0.15264848,0.16006841,0.15902297,0.0
3048,0.18613774,0.17455308,0.16649412,0.1537088,0.16023482,0.15887146,0.0
3049,0.18658896,0.17473713,0.16645652,0.15302555,0.1601894,0.15900244,0.0
3050,0.18668254,0.17473431,0.1664125,0.15297933,0.1601833,0.159008,0.0
3051,0.18697532,0.17491664,0.16638863,0.15264621,0.16006401,0.1590092,0.0
3052,0.18710113,0.17501438,0.16639626,0.15246949,0.1599995,0.15901922,0.0
3053,0.18679865,0.17487726,0.16646269,0.15272841,0.16009879,0.15903416,0.0
3054,0.18719883,0.17501377,0.16633904,0.15246525,0.1599831,0.15900002,0.0
3055,0.18687822,0.17484848,0.16640861,0.15275359,0.16009952,0.15901157,0.0
3056,0.18523511,0.17422038,0.16645958,0.15519163,0.16035357,0.15853971,0.0
3057,0.19230357,0.17200567,0.1637652,0.15043482,0.16593382,0.15555687,0.0
3058,0.19238643,0.17213011,0.16381653,0.15020245,0.16578259,0.15568194,0.0
3059,0.19264694,0.17219011,0.16377324,0.14999259,0.1657268,0.15567033,0.0
3060,0.1921873,0.17203511,0.16382396,0.15047532,0.16577974,0.15569851,0.0
3061,0.19170682,0.17197907,0.16376247,0.15117005,0.16572839,0.15565322,0.0
3062,0.19178738,0.17197105,0.16376981,0.15103483,0.16577265,0.15566428,0.0
3063,0.19239447,0.1720949,0.16379479,0.15027322,0.16576341,0.1556792,0.0
3064,0.19241755,0.17209974,0.16379853,0.15024616,0.16575217,0.15568575,0.0
3065,0.19209778,0.17197792,0.16379695,0.15062918,0.1657815,0.15571673,0.0
3066,0.19261464,0.17219436,0.1637849,0.14998727,0.16575292,0.15566592,0.0
3067,0.19237639,0.17207345,0.16380262,0.15030923,0.16575159,0.15568669,0.0
3068,0.19249979,0.17214136,0.16379641,0.15012805,0.16575582,0.15567853,0.0
3069,0.1927141,0.17222463,0.16377485,0.14988808,0.16573314,0.15566525,0.0
3070,0.1923315,0.17209561,0.16382478,0.15027978,0.1657802,0.15568814,0.0
3071,0.19215132,0.1720241,0.16381457,0.15052739,0.16578221,0.15570036,0.0
3072,0.19247086,0.17213623,0.16379972,0.15014702,0.16576792,0.15567818,0.0
3073,0.19250168,0.17214498,0.16380087,0.15011258,0.16576107,0.15567891,0.0
3074,0.19062026,0.17172258,0.16368003,0.15283225,0.1656899,0.15545498,0.0
3075,0.19211464,0.17202993,0.16379786,0.15057148,0.16580744,0.15567866,0.0
3076,0.19207168,0.17200734,0.16380295,0.15063629,0.16578169,0.15570013,0.0
3077,0.19222182,0.17205104,0.16381845,0.15043215,0.16578561,0.15569094,0.0
3078,0.19220293,0.17206627,0.16381615,0.15044908,0.16577666,0.15568891,0.0
3079,0.19209394,0.1720149,0.16380641,0.15060496,0.16578071,0.15569906,0.0
3080,0.19238362,0.17211115,0.16381541,0.15021987,0.1657889,0.15568112,0.0
3081,0.19221507,0.1720369,0.16381596,0.15045163,0.16578062,0.15569976,0.0
3082,0.19159351,0.17194715,0.16375668,0.15133746,0.16572322,0.15564199,0.0
3083,0.19209842,0.17201525,0.16380394,0.15059784,0.16579276,0.1556918,0.0
3084,0.19208448,0.17200099,0.16380368,0.15062286,0.16578463,0.15570338,0.0
3085,0.19234356,0.1720788,0.16380562,0.15031281,0.16577055,0.15568876,0.0
3086,0.1911998,0.17189033,0.16375063,0.15193032,0.16568242,0.1555465,0.0
3087,0.1923555,0.17218018,0.1637946,0.15022986,0.16578056,0.15565921,0.0
3088,0.19245785,0.172124,0.16380154,0.15017395,0.1657612,0.15568146,0.0
3089,0.1980456,0.1694026,0.16103466,0.14773558,0.17133324,0.15244839,0.0
3090,0.19827422,0.16940594,0.16106696,0.14735371,0.17135832,0.1525409,0.0
3091,0.19861963,0.16945393,0.16099831,0.14703304,0.17144129,0.1524538,0.0
3092,0.19697775,0.16937177,0.16110553,0.14889058,0.17102431,0.15263005,0.0
3093,0.19854943,0.16941985,0.16102831,0.14713529,0.171404,0.15246305,0.0
3094,0.19861028,0.16942993,0.1610246,0.1470645,0.17139679,0.15247379,0.0
3095,0.19877662,0.16944768,0.16100135,0.14691688,0.17142217,0.15243527,0.0
3096,0.19880901,0.16943325,0.16100125,0.14696996,0.17135103,0.15243554,0.0
3097,0.19782473,0.16933876,0.16113837,0.14780308,0.17124765,0.15264742,0.0
3098,0.19891039,0.16945209,0.16098058,0.14687,0.17138776,0.15239912,0.0
3099,0.19810957,0.16935411,0.16110244,0.14753878,0.17129935,0.15259577,0.0
3100,0.19758753,0.16937771,0.1611256,0.14810751,0.17115763,0.15264398,0.0
3101,0.19842955,0.16942231,0.1610394,0.14720008,0.17140985,0.15249887,0.0
3102,0.19782874,0.16939728,0.16110915,0.14782327,0.1712016,0.15263987,0.0
3103,0.1983467,0.16940999,0.16105498,0.14728601,0.17138036,0.15252203,0.0
3104,0.19849221,0.16942407,0.16103399,0.14714012,0.1714142,0.15249544,0.0
3105,0.19842143,0.16941883,0.16104597,0.14720632,0.1713925,0.15251501,0.0
3106,0.19837394,0.16939108,0.16106085,0.1472943,0.17135303,0.15252674,0.0
3107,0.19799955,0.16944428,0.16107275,0.1476632,0.17121722,0.15260306,0.0
3108,0.19871104,0.16942614,0.16101143,0.14703394,0.1713735,0.15244393,0.0
3109,0.19799764,0.16934703,0.16111816,0.14763334,0.17128964,0.15261427,0.0
3110,0.19895552,0.16946676,0.16096391,0.14675196,0.17148349,0.15237847,0.0
3111,0.19867744,0.16942519,0.16102317,0.14703135,0.17137851,0.15246432,0.0
3112,0.19814964,0.16938941,0.16108774,0.14747709,0.17131779,0.15257838,0.0
3113,0.19863574,0.16943626,0.16101332,0.14702034,0.17143649,0.15245782,0.0
3114,0.19896372,0.16945846,0.16098012,0.14679852,0.1714006,0.15239854,0.0
3115,0.19870247,0.1694273,0.16101994,0.1470118,0.17138033,0.1524582,0.0
3116,0.1985824,0.16942856,0.1610221,0.14705582,0.17143837,0.15247285,0.0
3117,0.1986521,0.1694377,0.16101684,0.1470178,0.17141117,0.15246429,0.0
3118,0.19864026,0.16944769,0.16100205,0.14700964,0.17144543,0.15245491,0.0
3119,0.19878873,0.16944756,0.16099437,0.14688855,0.17145413,0.15242662,0.0
3120,0.19834583,0.16940716,0.16106138,0.14728431,0.1713641,0.15253727,0.0
3121,0.20506093,0.1665679,0.1584036,0.14372198,0.17695013,0.14929546,0.0
3122,0.20390287,0.16666156,0.15856059,0.14460905,0.17653494,0.14973104,0.0
3123,0.20429692,0.16663532,0.158536,0.14427915,0.17662835,0.14962417,0.0
3124,0.20280868,0.16663629,0.15868834,0.14566272,0.17635596,0.14984801,0.0
3125,0.20320782,0.16664712,0.15860786,0.14531954,0.17644916,0.14976855,0.0
3126,0.20464557,0.16662674,0.15846251,0.14398108,0.17678145,0.14950262,0.0
3127,0.2048882,0.1666068,0.15843953,0.14377563,0.17684029,0.14944947,0.0
3128,0.20335038,0.16665281,0.15863313,0.14511786,0.17641287,0.14983308,0.0
3129,0.20543657,0.16660738,0.15836756,0.14338148,0.17693461,0.14927238,0.0
3130,0.20516405,0.16661079,0.15842466,0.14358759,0.17682333,0.14938961,0.0
3131,0.20505768,0.16659388,0.158421,0.14363337,0.17688988,0.14940411,0.0
3132,0.20535816,0.16661724,0.15839781,0.14345801,0.17683816,0.14933066,0.0
3133,0.2050917,0.16660576,0.15843175,0.14363423,0.17682996,0.14940667,0.0
3134,0.20444885,0.16663434,0.15849422,0.14414227,0.17669302,0.1495873,0.0
3135,0.2007829,0.16640411,0.15895486,0.14794567,0.1758034,0.15010908,0.0
3136,0.2043439,0.16665527,0.15849471,0.14424586,0.17670414,0.14955616,0.0
3137,0.20479448,0.1666107,0.15845737,0.1438569,0.17680527,0.14947526,0.0
3138,0.20512028,0.16659151,0.1584124,0.14358418,0.17691104,0.14938065,0.0
3139,0.20545512,0.16664639,0.15838185,0.14342229,0.17677952,0.14931479,0.0
3140,0.2050832,0.16658843,0.15842608,0.14361478,0.1768878,0.14939967,0.0
3141,0.20479529,0.16660851,0.15846193,0.14385387,0.17679428,0.1494862,0.0
3142,0.20516579,0.16663165,0.15842894,0.14361908,0.17676277,0.14939171,0.0
3143,0.20471998,0.16660833,0.15848142,0.14391916,0.17676008,0.14951101,0.0
3144,0.20539404,0.16662736,0.15838976,0.1434448,0.17682542,0.14931864,0.0
3145,0.20314066,0.16663723,0.15863903,0.1453673,0.17639609,0.14981969,0.0
3146,0.20439307,0.16665252,0.15852848,0.14421423,0.17660436,0.14960732,0.0
3147,0.20469469,0.16661526,0.1584706,0.14394021,0.17677361,0.14950556,0.0
3148,0.20508865,0.16659935,0.15842159,0.14362232,0.17687485,0.14939325,0.0
3149,0.20484024,0.16661617,0.15846688,0.14383261,0.17676,0.14948401,0.0
3150,0.20411502,0.16664243,0.15856795,0.14443167,0.17655066,0.14969231,0.0
3151,0.20467876,0.16661501,0.15847734,0.14395694,0.17676389,0.14950809,0.0
3152,0.20342198,0.16665186,0.15860759,0.1450792,0.17643978,0.14979963,0.0
3153,0.21120319,0.16379042,0.15595365,0.14050871,0.18215406,0.14638998,0.0
3154,0.21179092,0.1638053,0.15587677,0.1400573,0.18212938,0.1463403,0.0
3155,0.21120717,0.16382574,0.15598044,0.14044198,0.18200806,0.14653653,0.0
3156,0.20924278,0.16385347,0.1563476,0.14211316,0.18147133,0.14697178,0.0
3157,0.21163452,0.16379061,0.15588109,0.14013533,0.18220702,0.14635141,0.0
3158,0.21049766,0.16390225,0.15606478,0.1409759,0.18180247,0.14675693,0.0
3159,0.21113008,0.16383557,0.15595789,0.14050013,0.18203999,0.14653629,0.0
3160,0.21186219,0.16377443,0.15585344,0.13998266,0.18222314,0.1463041,0.0
3161,0.21191548,0.1637716,0.15584873,0.13994747,0.18221937,0.14629732,0.0
3162,0.21126114,0.1638202,0.15595756,0.14039852,0.18204527,0.14651728,0.0
3163,0.21113846,0.1638345,0.15599032,0.14049482,0.18198892,0.14655302,0.0
3164,0.21188156,0.16376437,0.15584618,0.13996042,0.18225363,0.14629392,0.0
3165,0.21181627,0.16376676,0.15586053,0.13999851,0.18223068,0.14632726,0.0
3166,0.21108209,0.16383876,0.155989,0.14053078,0.18198192,0.14657745,0.0
3167,0.21180739,0.16382062,0.15588206,0.14006996,0.18208049,0.14633939,0.0
3168,0.21119373,0.163826,0.15597893,0.14045082,0.18201078,0.14653964,0.0
3169,0.21187292,0.16376908,0.15584987,0.1399709,0.18223777,0.14629945,0.0
3170,0.21038988,0.16391352,0.15610953,0.14105044,0.18172875,0.14680794,0.0
3171,0.21153878,0.1637969,0.1559095,0.14020415,0.18214767,0.146403,0.0
3172,0.21210647,0.16375665,0.15581071,0.13981852,0.18227988,0.14622773,0.0
3173,0.21169955,0.16380857,0.15590018,0.1401185,0.18208922,0.14638406,0.0
3174,0.21052659,0.16389814,0.15607892,0.14094877,0.18179084,0.14675674,0.0
3175,0.21127917,0.16381966,0.15593508,0.14038925,0.1820897,0.14648713,0.0
3176,0.21151987,0.16379592,0.15590216,0.14021008,0.18215331,0.14641872,0.0
3177,0.21164532,0.1637823,0.1558703,0.14011484,0.18221027,0.14637695,0.0
3178,0.2078626,0.16381356,0.15669225,0.14324889,0.18104579,0.14733697,0.0
3179,0.2120425,0.16376966,0.15579663,0.13986601,0.18233187,0.1461932,0.0
3180,0.21163838,0.16378368,0.15589394,0.14012183,0.18216999,0.1463922,0.0
3181,0.21156941,0.16382664,0.15592475,0.14021705,0.18203671,0.1464255,0.0
3182,0.20973085,0.16394475,0.15623392,0.14158532,0.18154809,0.14695704,0.0
3183,0.21159872,0.16380139,0.15589726,0.14017226,0.18215454,0.1463759,0.0
3184,0.2113859,0.16380806,0.15592273,0.1403056,0.1821101,0.14646757,0.0
3185,0.21784975,0.16104391,0.15341564,0.13684782,0.18735784,0.1434849,0.0
3186,0.21881917,0.16093896,0.15321584,0.13613941,0.18764633,0.14324035,0.0
3187,0.21857205,0.16097414,0.15327223,0.1363036,0.18753436,0.14334366,0.0
3188,0.21919943,0.16086635,0.1531192,0.13585964,0.18784194,0.14311343,0.0
3189,0.21811716,0.161035,0.15337561,0.13660727,0.187348,0.14351696,0.0
3190,0.21824403,0.16102944,0.15334475,0.13653553,0.18738951,0.14345683,0.0
3191,0.21844189,0.16099423,0.15329827,0.13639496,0.18748792,0.1433828,0.0
3192,0.2181854,0.16101272,0.1533296,0.13655677,0.18744244,0.14347309,0.0
3193,0.21741259,0.16108981,0.15351559,0.13711108,0.18712376,0.1437472,0.0
3194,0.2178287,0.16105725,0.15341863,0.13681315,0.18729289,0.14358932,0.0
3195,0.21388336,0.16103008,0.15444648,0.13999717,0.18597375,0.14466907,0.0
3196,0.21740358,0.16107403,0.15347202,0.13715893,0.18722132,0.1436701,0.0
3197,0.21889134,0.1609333,0.153201,0.13609645,0.18766798,0.14320987,0.0
3198,0.21819246,0.16101015,0.15332612,0.13654934,0.1874455,0.14347637,0.0
3199,0.2181376,0.16102052,0.1533407,0.1365911,0.1874227,0.14348745,0.0
3200,0.21788625,0.16102843,0.15338533,0.13677515,0.18735324,0.14357154,0.0
3201,0.21824582,0.16100924,0.15332076,0.13651748,0.1874611,0.14344564,0.0
3202,0.21883449,0.16093309,0.15321133,0.13612457,0.18765672,0.14323977,0.0
3203,0.21813475,0.16101828,0.15334015,0.13659011,0.18741992,0.14349686,0.0
3204,0.21773829,0.16107972,0.15345585,0.13687308,0.18721573,0.14363731,0.0
3205,0.218759,0.16095346,0.15323155,0.13618775,0.18760562,0.14326264,0.0
3206,0.2187617,0.16093996,0.15321884,0.1361622,0.1876441,0.14327326,0.0
3207,0.21856901,0.16098003,0.15327519,0.1363107,0.18751882,0.14334622,0.0
3208,0.2176019,0.16109051,0.15349193,0.13696824,0.18715477,0.14369267,0.0
3209,0.21843676,0.16103,0.15331094,0.13643076,0.18740264,0.14338888,0.0
3210,0.21759923,0.16106291,0.15346472,0.13697788,0.18721518,0.1436801,0.0
3211,0.21644187,0.16116585,0.1537609,0.13783887,0.18674685,0.14404574,0.0
3212,0.21835989,0.16100633,0.15330607,0.13645388,0.18748748,0.14338627,0.0
3213,0.21857546,0.1609647,0.15325011,0.13628669,0.18758902,0.143334,0.0
3214,0.21837085,0.16099489,0.15330334,0.13642867,0.1874892,0.14341308,0.0
3215,0.21816143,0.16101946,0.15334207,0.13657454,0.18741947,0.1434831,0.0
3216,0.2181342,0.161034,0.15336716,0.13660042,0.18736891,0.14349526,0.0
3217,0.22454014,0.15812029,0.15080068,0.13317433,0.1927493,0.1406152,0.0
3218,0.22515653,0.15812235,0.15065284,0.13266928,0.19288541,0.14051363,0.0
3219,0.22496909,0.15815204,0.15071213,0.13279349,0.19277994,0.14059335,0.0
3220,0.22595842,0.15801431,0.15043974,0.13213587,0.19323179,0.14021991,0.0
3221,0.22517872,0.15813029,0.15066326,0.13264826,0.1928514,0.14052811,0.0
3222,0.22545557,0.158101,0.15058967,0.13247116,0.19296923,0.1404134,0.0
3223,0.2253557,0.15810664,0.15061356,0.13253233,0.19293743,0.14045438,0.0
3224,0.22487725,0.15820916,0.15076683,0.132867,0.19264469,0.14063503,0.0
3225,0.22510374,0.15811203,0.15066567,0.132712,0.1928712,0.14053527,0.0
3226,0.22450669,0.158196,0.15082963,0.13312262,0.19258493,0.1407601,0.0
3227,0.22516963,0.15813836,0.15066426,0.13266028,0.19285646,0.14051096,0.0
3228,0.22535233,0.15811533,0.15061833,0.13253675,0.19292453,0.14045277,0.0
3229,0.22559552,0.15809402,0.15055872,0.13239367,0.19299647,0.14036153,0.0
3230,0.22529231,0.15810892,0.15062805,0.1325743,0.19291782,0.14047857,0.0
3231,0.22593644,0.15804863,0.1504685,0.1321824,0.19313096,0.140233,0.0
3232,0.22513576,0.15814576,0.15068223,0.13267688,0.19281423,0.14054509,0.0
3233,0.22459498,0.15814373,0.15079683,0.13309532,0.1926505,0.14071862,0.0
3234,0.225643,0.15806073,0.15052547,0.13234398,0.19309397,0.14033289,0.0
3235,0.2252775,0.1581035,0.15062615,0.13258445,0.19292443,0.14048392,0.0
3236,0.22556886,0.15809157,0.15056178,0.13240424,0.19300216,0.14037137,0.0
3237,0.22494344,0.1581621,0.15072666,0.13280798,0.19274996,0.14060982,0.0
3238,0.22288518,0.15828642,0.15128914,0.1343492,0.19194372,0.1412464,0.0
3239,0.2258447,0.15806675,0.15048073,0.13224818,0.19312876,0.14023085,0.0
3240,0.22584039,0.15807883,0.1505008,0.1322524,0.193047,0.14028065,0.0
3241,0.22526267,0.15814857,0.15065916,0.13261347,0.19282188,0.14049423,0.0
3242,0.22550337,0.15809602,0.15057862,0.13244313,0.19298337,0.14039554,0.0
3243,0.22525597,0.15812925,0.15064687,0.13259842,0.19287536,0.1404941,0.0
3244,0.2260212,0.15805732,0.15044843,0.13214274,0.19312304,0.14020723,0.0
3245,0.22533931,0.15810752,0.15062086,0.13254093,0.19292353,0.14046788,0.0
3246,0.22552109,0.15808105,0.15056558,0.13242257,0.19301933,0.14039032,0.0
3247,0.22598155,0.15807644,0.1504624,0.13217524,0.19307469,0.14022964,0.0
3248,0.22559617,0.15805957,0.15054259,0.13237022,0.19306293,0.14036857,0.0
3249,0.2329279,0.15518267,0.14764258,0.12832312,0.198692,0.13723174,0.0
3250,0.22952734,0.15561742,0.1486146,0.13056186,0.19713382,0.13854493,0.0
3251,0.2328172,0.15523168,0.14765854,0.12834276,0.19860652,0.1373433,0.0
3252,0.23236209,0.15529639,0.14778578,0.12858695,0.19840972,0.1375591,0.0
3253,0.2322486,0.15532178,0.14782162,0.12866168,0.19834897,0.13759731,0.0
3254,0.23192999,0.15538491,0.14791648,0.1288631,0.19818796,0.13771759,0.0
3255,0.23192783,0.15537436,0.14790939,0.12886803,0.1982075,0.13771282,0.0
3256,0.2326191,0.15525253,0.14771362,0.1284337,0.19852956,0.13745141,0.0
3257,0.23124509,0.15549816,0.14811859,0.12931083,0.19784011,0.13798715,0.0
3258,0.22819932,0.15580362,0.14906581,0.13145968,0.19651335,0.13895823,0.0
3259,0.23125286,0.15550841,0.14809462,0.12931474,0.19790956,0.13791972,0.0
3260,0.22907181,0.15573946,0.14876984,0.13084015,0.19688693,0.13869183,0.0
3261,0.22444837,0.15627113,0.14998682,0.13452032,0.19446392,0.14030942,0.0
3262,0.23261575,0.15525481,0.14768976,0.12846422,0.19863316,0.13734227,0.0
3263,0.23332398,0.15518478,0.14755794,0.12808867,0.19862874,0.13721597,0.0
3264,0.23227122,0.15533635,0.14784066,0.12866421,0.1982838,0.13760366,0.0
3265,0.23340629,0.15509036,0.1474831,0.12795903,0.19890267,0.13715856,0.0
3266,0.23241743,0.15529837,0.14778464,0.12855758,0.19839172,0.13755023,0.0
3267,0.23034014,0.15564674,0.1483774,0.12991986,0.19739369,0.13832225,0.0
3268,0.23343904,0.15513563,0.14750609,0.12800875,0.19878009,0.13713029,0.0
3269,0.23164995,0.15545641,0.1480282,0.12904437,0.19797528,0.13784581,0.0
3270,0.23286429,0.1552836,0.14769268,0.12837528,0.19840932,0.13737492,0.0
3271,0.23285551,0.15520819,0.14765358,0.12829591,0.1986138,0.13737294,0.0
3272,0.23225735,0.15533522,0.14783697,0.12866579,0.19830018,0.1376044,0.0
3273,0.23246318,0.15529953,0.14777686,0.12854911,0.1983947,0.13751665,0.0
3274,0.23293075,0.15520169,0.14763595,0.1282616,0.19862805,0.13734189,0.0
3275,0.23151805,0.15543199,0.14803167,0.12913975,0.19799428,0.13788429,0.0
3276,0.2320787,0.15532956,0.14785565,0.12877922,0.1983093,0.13764757,0.0
3277,0.2332354,0.15512091,0.14752533,0.1280519,0.19884652,0.13721998,0.0
3278,0.23234564,0.15530682,0.14779909,0.12859905,0.19837563,0.13757382,0.0
3279,0.23241079,0.15531263,0.14779489,0.12858367,0.19835949,0.13753851,0.0
3280,0.23023693,0.15569058,0.14841749,0.12996808,0.1973202,0.13836667,0.0
3281,0.23998663,0.15225828,0.14476328,0.12448592,0.20418724,0.13431865,0.0
3282,0.23912649,0.15248781,0.14505045,0.12495921,0.2035618,0.13481422,0.0
3283,0.23909073,0.15253684,0.14509292,0.1250132,0.2034544,0.13481191,0.0
3284,0.23389076,0.15319556,0.14672372,0.12860742,0.20097052,0.13661197,0.0
3285,0.2394928,0.15238918,0.14490077,0.12475493,0.20388314,0.13457915,0.0
3286,0.2390151,0.15249169,0.14507613,0.12503928,0.20352483,0.13485287,0.0
3287,0.23944476,0.15239926,0.14494027,0.1247725,0.20377105,0.13467215,0.0
3288,0.23945594,0.15242809,0.14495704,0.12477305,0.20371337,0.13467248,0.0
3289,0.23935616,0.15244353,0.14498518,0.12482783,0.20367476,0.1347125,0.0
3290,0.23990941,0.15230733,0.14480007,0.1244874,0.20400473,0.13449095,0.0
3291,0.2392431,0.15244049,0.14500579,0.12489704,0.20364714,0.13476647,0.0
3292,0.23943783,0.152394,0.14494053,0.12477975,0.20376906,0.13467878,0.0
3293,0.23998496,0.15231985,0.14480318,0.12447249,0.20395611,0.13446338,0.0
3294,0.23858236,0.15255181,0.14519852,0.12532872,0.20330584,0.13503273,0.0
3295,0.24015614,0.15222105,0.14470759,0.12434305,0.20419045,0.13438173,0.0
3296,0.23886031,0.15248165,0.14510746,0.1251599,0.20346494,0.13492568,0.0
3297,0.23902167,0.15251225,0.14508466,0.12502925,0.2035134,0.13483885,0.0
3298,0.23905417,0.15244925,0.14504988,0.12503377,0.20358089,0.13483202,0.0
3299,0.2394896,0.15239267,0.14492653,0.12474322,0.20379318,0.13465473,0.0
3300,0.24001978,0.15229245,0.14477505,0.12443178,0.20403087,0.13445006,0.0
3301,0.23978652,0.15236272,0.14486447,0.12458518,0.20385158,0.13454954,0.0
3302,0.23983456,0.15234226,0.14484131,0.12454899,0.20390636,0.13452655,0.0
3303,0.23936564,0.15241966,0.14496964,0.1248178,0.20371225,0.13471507,0.0
3304,0.23949605,0.15240298,0.1449321,0.1247352,0.20377763,0.13465597,0.0
3305,0.2400247,0.15226816,0.14475776,0.12441298,0.20408851,0.13444789,0.0
3306,0.24020582,0.1522633,0.14473112,0.12433393,0.20408082,0.13438506,0.0
3307,0.24010456,0.15227106,0.14475043,0.12437844,0.20406927,0.13442624,0.0
3308,0.23925461,0.15245216,0.1450082,0.12488225,0.20363954,0.13476321,0.0
3309,0.23889387,0.152503,0.14510843,0.12512344,0.20347294,0.13489838,0.0
3310,0.23842496,0.15260255,0.14525096,0.12542072,0.2032203,0.13508058,0.0
3311,0.24099417,0.15207745,0.14448309,0.12388176,0.20450017,0.13406333,0.0
3312,0.23984627,0.15232633,0.14482833,0.12452281,0.20393695,0.13453922,0.0
3313,0.24692424,0.1492306,0.14202504,0.1208029,0.20944439,0.13157281,0.0
3314,0.24697696,0.14926347,0.14201528,0.12074618,0.20933236,0.13166574,0.0
3315,0.24609065,0.14950451,0.14232811,0.12127063,0.20878252,0.13202369,0.0
3316,0.24655683,0.14940085,0.14211966,0.12104362,0.20906785,0.1318112,0.0
3317,0.24650902,0.14937286,0.1422008,0.12102208,0.20904057,0.1318547,0.0
3318,0.24625188,0.14946535,0.1422574,0.12117908,0.20889693,0.13194934,0.0
3319,0.24752837,0.14908068,0.14187385,0.12041511,0.20965955,0.13144238,0.0
3320,0.24750297,0.1491125,0.14184922,0.12043428,0.20963863,0.13146238,0.0
3321,0.2472669,0.1491771,0.1419325,0.12056978,0.20949502,0.13155875,0.0
3322,0.24722669,0.14918026,0.14195661,0.12059383,0.20946829,0.13157426,0.0
3323,0.24710771,0.14923148,0.14196087,0.12067861,0.20940885,0.13161245,0.0
3324,0.24744281,0.1491029,0.14191248,0.12046397,0.20958637,0.13149157,0.0
3325,0.24658176,0.14939967,0.14210762,0.1210382,0.20905335,0.13181934,0.0
3326,0.24501064,0.14982802,0.14264162,0.12195796,0.20812951,0.13243225,0.0
3327,0.24713296,0.14920257,0.14197284,0.12065575,0.20946045,0.13157545,0.0
3328,0.2467873,0.14930949,0.14209059,0.12085815,0.20920676,0.1317477,0.0
3329,0.24708605,0.14922526,0.14198877,0.12067968,0.20939972,0.1316205,0.0
3330,0.24683882,0.14930114,0.14206299,0.12082787,0.20924598,0.13172327,0.0
3331,0.24638563,0.14943679,0.14219853,0.12110429,0.20897743,0.13189736,0.0
3332,0.24709505,0.14922923,0.14196758,0.12068361,0.2094183,0.13160613,0.0
3333,0.24731097,0.14916137,0.14192058,0.12054387,0.20952722,0.13153596,0.0
3334,0.24610561,0.1495323,0.14226735,0.12131599,0.20876944,0.1320093,0.0
3335,0.2455586,0.14965026,0.14243595,0.12167373,0.2084789,0.13220254,0.0
3336,0.24627656,0.14947124,0.14222059,0.12119317,0.2089206,0.13191783,0.0
3337,0.24737553,0.14914134,0.14189528,0.12050726,0.20958368,0.13149697,0.0
3338,0.24647416,0.14939855,0.14219648,0.12104399,0.20900981,0.13187706,0.0
3339,0.24636775,0.14943035,0.14215304,0.12119273,0.20896855,0.13188751,0.0
3340,0.24715932,0.149211,0.14194596,0.12064599,0.20945874,0.13157907,0.0
3341,0.24573931,0.14963098,0.14238816,0.12153257,0.20855498,0.13215393,0.0
3342,0.24681686,0.14927816,0.142104,0.12084137,0.20924014,0.13171953,0.0
3343,0.24639288,0.14943483,0.14219591,0.12109967,0.20898227,0.13189444,0.0
3344,0.24701144,0.14923906,0.14202115,0.12072511,0.20935653,0.13164674,0.0
3345,0.2533383,0.14636508,0.13944559,0.11747933,0.21437263,0.12899905,0.0
3346,0.25365973,0.14627911,0.13937767,0.1172199,0.21448469,0.128979,0.0
3347,0.25436002,0.14605536,0.13915792,0.11682085,0.2149003,0.12870555,0.0
3348,0.25300422,0.14648217,0.13959123,0.11759505,0.21407445,0.12925279,0.0
3349,0.25320935,0.14642552,0.13951573,0.11749549,0.2142046,0.12914927,0.0
3350,0.25426582,0.1460692,0.13919705,0.11687426,0.21485059,0.12874305,0.0
3351,0.2545121,0.14600858,0.13911164,0.11673433,0.21497685,0.12865655,0.0
3352,0.2502645,0.14728084,0.14034341,0.11941328,0.21249905,0.13019891,0.0
3353,0.25372812,0.14625028,0.13934192,0.11718661,0.21458644,0.12890658,0.0
3354,0.25362492,0.14629693,0.13938667,0.11724311,0.21445452,0.12899378,0.0
3355,0.25478628,0.14593002,0.13901074,0.11657585,0.21515457,0.1285426,0.0
3356,0.25410166,0.14614265,0.13924399,0.11696745,0.21472293,0.12882137,0.0
3357,0.25427732,0.14609568,0.13917807,0.11687103,0.21484222,0.12873569,0.0
3358,0.25389117,0.1462189,0.13930213,0.1170922,0.21460609,0.1288895,0.0
3359,0.25441462,0.14605092,0.1391332,0.11679199,0.21492851,0.1286808,0.0
3360,0.25451362,0.14602748,0.13909876,0.11673684,0.21497448,0.12864877,0.0
3361,0.2547567,0.14593948,0.13902609,0.11659261,0.21511751,0.1285676,0.0
3362,0.25412208,0.14614497,0.13923179,0.11695901,0.21473499,0.12880723,0.0
3363,0.25369766,0.14626853,0.13936901,0.11719701,0.21449426,0.1289735,0.0
3364,0.2541279,0.14606714,0.13926089,0.11695272,0.21475156,0.12883979,0.0
3365,0.25378954,0.14626232,0.1393257,0.1171563,0.21454622,0.12891996,0.0
3366,0.25380933,0.14623451,0.13933134,0.11713521,0.21456714,0.12892237,0.0
3367,0.25404805,0.14616309,0.13925289,0.11699999,0.21471155,0.12882438,0.0
3368,0.2547994,0.14593147,0.13900544,0.11656982,0.21515226,0.12854151,0.0
3369,0.25252014,0.14662804,0.13974088,0.11788914,0.2137802,0.1294416,0.0
3370,0.25410914,0.14615594,0.139218,0.11697104,0.21477652,0.12876944,0.0
3371,0.253164,0.14650388,0.1394774,0.11765476,0.21405096,0.1291489,0.0
3372,0.2547872,0.14593883,0.1390018,0.11657855,0.21516709,0.12852657,0.0
3373,0.25225925,0.14670554,0.13981609,0.11805169,0.21362518,0.12954217,0.0
3374,0.2522954,0.14670627,0.13977304,0.11808437,0.21364813,0.12949272,0.0
3375,0.25306782,0.14643537,0.13957562,0.11755162,0.21416214,0.12920749,0.0
3376,0.25195208,0.14683226,0.13985348,0.11834037,0.21339272,0.12962903,0.0
3377,0.25988683,0.14327897,0.13676473,0.11401697,0.21966024,0.12639219,0.0
3378,0.2616478,0.14273243,0.13622856,0.11303847,0.22051623,0.12583655,0.0
3379,0.25874165,0.14380871,0.13711216,0.1147854,0.21861139,0.12694065,0.0
3380,0.26165786,0.14271984,0.13622269,0.11303345,0.22055115,0.12581502,0.0
3381,0.26084062,0.14299968,0.1364977,0.11347081,0.22002812,0.12616305,0.0
3382,0.26152146,0.14276753,0.1362779,0.11310703,0.22043315,0.12589289,0.0
3383,0.25903934,0.1436367,0.13705122,0.11452852,0.21890584,0.12683831,0.0
3384,0.257561,0.14419048,0.13750201,0.11544288,0.21796823,0.12733541,0.0
3385,0.2599303,0.143282,0.1367742,0.11396853,0.21958853,0.12645656,0.0
3386,0.26103103,0.14293413,0.13642731,0.11337048,0.2201654,0.12607166,0.0
3387,0.26033184,0.14315705,0.13666126,0.11374395,0.21975772,0.1263482,0.0
3388,0.25905746,0.14356254,0.13707218,0.11443648,0.21904968,0.12682162,0.0
3389,0.26017082,0.14320076,0.13670456,0.11383113,0.2197058,0.12638687,0.0
3390,0.26071602,0.14301568,0.13653664,0.11353352,0.22000504,0.12619314,0.0
3391,0.26126736,0.14283213,0.13636334,0.1132426,0.22030635,0.12598829,0.0
3392,0.261375,0.14284582,0.13631025,0.11319307,0.22032024,0.12595564,0.0
3393,0.2613968,0.14282714,0.13631259,0.11317529,0.22034043,0.12594774,0.0
3394,0.26022622,0.1431675,0.13670357,0.1137969,0.21971221,0.1263936,0.0
3395,0.26127237,0.1427926,0.1363765,0.11324869,0.22033165,0.12597822,0.0
3396,0.26101094,0.14292967,0.13644385,0.11337715,0.22014454,0.12609391,0.0
3397,0.26119024,0.14289032,0.13637903,0.11328728,0.22023007,0.12602307,0.0
3398,0.2601632,0.1432445,0.13670012,0.11386758,0.21961194,0.12641264,0.0
3399,0.26153022,0.14277634,0.13626498,0.11310162,0.22044331,0.12588346,0.0
3400,0.262227,0.14254282,0.13605066,0.11273696,0.22081576,0.1256268,0.0
3401,0.2620449,0.14263032,0.13609892,0.11282535,0.22069001,0.12571044,0.0
3402,0.2611774,0.14288285,0.13639279,0.11328903,0.22021942,0.12603845,0.0
3403,0.26098117,0.14296488,0.13644303,0.11340529,0.2201014,0.12610428,0.0
3404,0.26050216,0.14309496,0.13660632,0.11364654,0.21986596,0.12628405,0.0
3405,0.25984588,0.14331573,0.13681409,0.11400706,0.21949142,0.1265258,0.0
3406,0.2609981,0.14294454,0.13643745,0.11338889,0.2201483,0.12608269,0.0
3407,0.26128557,0.142871,0.13634019,0.11324092,0.22027585,0.12598647,0.0
3408,0.26060066,0.1430853,0.13656792,0.11360947,0.2198873,0.12624936,0.0
3409,0.26766336,0.13968486,0.13352984,0.11003933,0.22580202,0.12328063,0.0
3410,0.2680818,0.13960658,0.13340513,0.10983497,0.22585,0.12322155,0.0
3411,0.26734003,0.13986233,0.13365856,0.11020974,0.22542152,0.12350782,0.0
3412,0.26824164,0.13952436,0.13335136,0.1097585,0.22596899,0.12315516,0.0
3413,0.2683516,0.13951197,0.13331625,0.10970004,0.22599682,0.12312324,0.0
3414,0.26581794,0.14065021,0.13423014,0.1111285,0.2240829,0.12409035,0.0
3415,0.26682422,0.14029679,0.13387588,0.11058948,0.22475038,0.12366322,0.0
3416,0.2667853,0.14011516,0.13383588,0.1105042,0.22505385,0.12370556,0.0
3417,0.26916137,0.13921513,0.13303517,0.10930199,0.22649646,0.12278992,0.0
3418,0.2676902,0.13974707,0.13354342,0.110034,0.22559844,0.12338677,0.0
3419,0.2674332,0.13989137,0.13361335,0.11017412,0.22541697,0.12347106,0.0
3420,0.26815715,0.1395709,0.13338058,0.10979763,0.22590657,0.12318713,0.0
3421,0.2680931,0.13958062,0.13340424,0.10983411,0.22586633,0.12322164,0.0
3422,0.2664567,0.1402752,0.13395655,0.11068526,0.2247712,0.12385515,0.0
3423,0.26743674,0.13982403,0.13362002,0.11015844,0.22550999,0.12345074,0.0
3424,0.26772583,0.13968357,0.13352685,0.11002261,0.22568658,0.12335452,0.0
3425,0.26646382,0.14028539,0.13395387,0.11068513,0.22476168,0.12385015,0.0
3426,0.2682863,0.13950044,0.1333347,0.10973537,0.22601716,0.12312595,0.0
3427,0.26712117,0.14001235,0.13372293,0.11033627,0.22520842,0.1235989,0.0
3428,0.26582208,0.14057764,0.13421388,0.11106986,0.22424154,0.12407505,0.0
3429,0.26738563,0.13983224,0.13363697,0.11018422,0.22550021,0.12346075,0.0
3430,0.26677278,0.1400984,0.13383922,0.11050444,0.2250661,0.12371916,0.0
3431,0.26864633,0.13940014,0.1332118,0.10955062,0.22619823,0.12299286,0.0
3432,0.26696822,0.14002685,0.13377985,0.11040223,0.22516467,0.12365819,0.0
3433,0.2679571,0.13960287,0.13344736,0.1099049,0.22582807,0.12325966,0.0
3434,0.26447943,0.14111683,0.13470106,0.11186145,0.22327313,0.1245681,0.0
3435,0.2677626,0.13969544,0.13350433,0.10999226,0.22574587,0.12329951,0.0
3436,0.26892278,0.1393272,0.13311532,0.10940733,0.22632821,0.12289913,0.0
3437,0.26618242,0.14036033,0.1340547,0.11082313,0.22461149,0.12396798,0.0
3438,0.267799,0.13968883,0.1334982,0.10997658,0.22572887,0.12330859,0.0
3439,0.26769656,0.1397188,0.1335373,0.1100332,0.22564481,0.1233693,0.0
3440,0.26802248,0.13959906,0.13342665,0.10986992,0.22583838,0.12324344,0.0
