step,w0,w1,w2,w3,w4,w5,w6
1,0.06913659,0.24811752,0.3346977,0.0979155,0.12965782,0.12047487,0.0
2,0.19008145,0.3302934,0.15919879,0.05507321,0.10339896,0.16195413,0.0
3,0.09788658,0.4736599,0.14134434,0.08832437,0.10348596,0.09529875,0.0
4,0.14098111,0.09089276,0.09178043,0.12769718,0.23197624,0.31667227,0.0
5,0.06895635,0.29335737,0.33519968,0.13650012,0.04563374,0.12035272,0.0
6,0.10001776,0.05573585,0.3043541,0.13669758,0.27765882,0.12553588,0.0
7,0.21773112,0.18488185,0.14125979,0.05958106,0.10303113,0.2935151,0.0
8,0.2646189,0.09809175,0.07970858,0.36473572,0.13190061,0.06094441,0.0
9,0.08093723,0.2799289,0.31983474,0.06659763,0.10063484,0.15206672,0.0
10,0.21350531,0.22057809,0.10786093,0.10588431,0.25815532,0.09401606,0.0
11,0.10246626,0.07876133,0.08923893,0.07086965,0.31751877,0.34114498,0.0
12,0.20849678,0.15647867,0.17639041,0.21788262,0.10546282,0.13528866,0.0
13,0.09316857,0.28403473,0.25909123,0.16580209,0.12859473,0.06930873,0.0
14,0.3033879,0.11295728,0.13005875,0.08032455,0.31179437,0.06147716,0.0
15,0.22619225,0.06841441,0.27468437,0.17059304,0.1384639,0.12165209,0.0
16,0.10456303,0.23608325,0.2940064,0.06549277,0.21924703,0.08060753,0.0
17,0.17740501,0.19604813,0.09312211,0.24734944,0.23946464,0.04661066,0.0
18,0.09980374,0.16748111,0.07524156,0.08781259,0.46335876,0.10630222,0.0
19,0.22250837,0.19503292,0.2927805,0.10000055,0.06171958,0.1279581,0.0
20,0.33649495,0.09904117,0.2131991,0.09114571,0.15531126,0.10480774,0.0
21,0.29897767,0.04771078,0.11681777,0.24122836,0.23457846,0.06068693,0.0
22,0.06767738,0.2522897,0.2506484,0.08860018,0.22936691,0.11141735,0.0
23,0.31863046,0.26936898,0.07389124,0.10312007,0.06619238,0.16879691,0.0
24,0.09392694,0.20604466,0.2263326,0.07025911,0.29087383,0.11256284,0.0
25,0.25126895,0.19073273,0.08798696,0.08254456,0.3122152,0.0752515,0.0
26,0.17405239,0.0723797,0.21895646,0.20322368,0.18417671,0.14721107,0.0
27,0.11728498,0.24366796,0.1353485,0.16656974,0.0565896,0.28053924,0.0
28,0.05720994,0.25117272,0.12203208,0.0860087,0.26238108,0.2211955,0.0
29,0.08201741,0.11362132,0.11806678,0.3680368,0.2240143,0.09424339,0.0
30,0.08826629,0.08145897,0.27703518,0.362496,0.08520585,0.10553771,0.0
31,0.06539172,0.16810936,0.2404527,0.2958331,0.13667533,0.0935378,0.0
32,0.15585473,0.04611288,0.2366136,0.27129158,0.24029475,0.04983233,0.0
33,0.2770404,0.07309424,0.13673247,0.1557129,0.16704786,0.19037211,0.0
34,0.20468645,0.05093689,0.13890418,0.20320252,0.21214929,0.19012062,0.0
35,0.2526002,0.14227495,0.2459443,0.10182137,0.07423961,0.18311958,0.0
36,0.18680581,0.1992882,0.07838962,0.15782513,0.21505097,0.16264021,0.0
37,0.08550469,0.27657664,0.09639201,0.04798818,0.18537137,0.30816704,0.0
38,0.31338006,0.11873596,0.15725832,0.20194912,0.14598465,0.06269193,0.0
39,0.05494099,0.21618451,0.08012385,0.10865711,0.26414746,0.27594605,0.0
40,0.06837364,0.09227459,0.17656651,0.32459068,0.09170747,0.24648707,0.0
41,0.05801512,0.19276875,0.18984333,0.2807342,0.0904984,0.1881402,0.0
42,0.11549867,0.38861996,0.10402679,0.1745412,0.10493633,0.11237705,0.0
43,0.06897837,0.05493608,0.18810315,0.09650577,0.27221584,0.31926072,0.0
44,0.15649351,0.14346854,0.15149364,0.20416738,0.23206493,0.11231192,0.0
45,0.2289216,0.39858744,0.06367474,0.09454048,0.12360553,0.09067027,0.0
46,0.2781528,0.12713948,0.18469688,0.13347192,0.15870044,0.11783849,0.0
47,0.17003497,0.07578077,0.25471988,0.10751662,0.3279269,0.06402086,0.0
48,0.2453344,0.15815493,0.2903866,0.08678117,0.06880485,0.15053798,0.0
49,0.22788474,0.06655981,0.24689862,0.16430463,0.11216581,0.18218641,0.0
50,0.17912409,0.06849299,0.13832922,0.19235359,0.36330825,0.05839185,0.0
51,0.21022584,0.05287226,0.18783326,0.28209606,0.07130408,0.19566853,0.0
52,0.05563151,0.11753196,0.2809507,0.33175266,0.15734057,0.05679261,0.0
53,0.17440324,0.21395358,0.16081947,0.04775432,0.26171345,0.141356,0.0
54,0.4416043,0.1757396,0.07750934,0.08252105,0.068378,0.15424772,0.0
55,0.13230257,0.12512997,0.23845659,0.1462234,0.17394893,0.18393856,0.0
56,0.21812534,0.19615526,0.12233163,0.1123675,0.13170265,0.21931754,0.0
57,0.06474632,0.26024005,0.07874519,0.26550716,0.16693409,0.16382721,0.0
58,0.21587586,0.39500245,0.05797632,0.14929716,0.06010094,0.12174726,0.0
59,0.2894192,0.16700971,0.24197336,0.10308034,0.13043085,0.06808662,0.0
60,0.17128463,0.14410266,0.3113617,0.15295449,0.15012613,0.0701704,0.0
61,0.24185108,0.3116752,0.08583602,0.08432667,0.19074544,0.0855656,0.0
62,0.13061817,0.3144111,0.26021734,0.13951565,0.08693229,0.06830547,0.0
63,0.15600786,0.19313556,0.10991115,0.2524956,0.12136083,0.16708907,0.0
64,0.17955396,0.20485175,0.18093127,0.18352933,0.19519462,0.05593907,0.0
65,0.21985304,0.05618159,0.16197123,0.25582325,0.05662949,0.24954149,0.0
66,0.21998672,0.14460509,0.28925034,0.11444738,0.11739039,0.11432012,0.0
67,0.16339505,0.05826332,0.17024711,0.2661212,0.2755327,0.06644056,0.0
68,0.3655445,0.15115803,0.1325585,0.06894436,0.20583054,0.07596406,0.0
69,0.10226804,0.09754924,0.12528282,0.09918113,0.2880712,0.2876476,0.0
70,0.20459107,0.10806353,0.09865905,0.17116126,0.21212246,0.20540267,0.0
71,0.1026332,0.05412681,0.09992022,0.24152716,0.18467648,0.31711608,0.0
72,0.08708368,0.3297743,0.07600547,0.13301729,0.14148018,0.23263906,0.0
73,0.35946983,0.12794122,0.10876339,0.22448738,0.08126866,0.09806949,0.0
74,0.13003512,0.2707697,0.34538126,0.05711512,0.14732218,0.04937667,0.0
75,0.16147582,0.33351013,0.08262022,0.13883427,0.1766239,0.10693567,0.0
76,0.09989377,0.14438625,0.05088718,0.30074823,0.24607734,0.15800722,0.0
77,0.22491989,0.26735783,0.16618343,0.11408176,0.1118122,0.11564495,0.0
78,0.16611335,0.08238403,0.14955081,0.17665853,0.07049976,0.35479352,0.0
79,0.07312457,0.23067656,0.21309546,0.09828203,0.14473133,0.2400901,0.0
80,0.37325558,0.16376552,0.20179571,0.06750817,0.12016853,0.07350644,0.0
81,0.09338003,0.1473955,0.28643525,0.13262735,0.13123569,0.20892622,0.0
82,0.23368827,0.25918153,0.13136235,0.04833768,0.22122861,0.10620163,0.0
83,0.05580529,0.1002261,0.21332204,0.35166728,0.1616279,0.11735145,0.0
84,0.12787406,0.12732172,0.23903352,0.07822284,0.3627733,0.06477455,0.0
85,0.3015782,0.06076224,0.23023057,0.26517212,0.06292178,0.07933509,0.0
86,0.10905121,0.09195332,0.21540137,0.10875859,0.3156861,0.15914935,0.0
87,0.29348668,0.17527267,0.2254546,0.0784295,0.09112478,0.1362318,0.0
88,0.29114097,0.1675855,0.13255773,0.09257454,0.16943452,0.14670663,0.0
89,0.1973654,0.22361279,0.21027818,0.17606388,0.08401343,0.10866635,0.0
90,0.29135844,0.1595595,0.16095954,0.08792083,0.16449942,0.13570222,0.0
91,0.41319203,0.08817238,0.15846549,0.08959717,0.14633368,0.10423925,0.0
92,0.11538511,0.30153108,0.09290207,0.27438343,0.05847273,0.15732554,0.0
93,0.14756872,0.20267725,0.09443006,0.14307906,0.21830407,0.19394088,0.0
94,0.09441917,0.08249339,0.40147668,0.06817956,0.09684055,0.25659066,0.0
95,0.08977183,0.20486693,0.2860768,0.0535543,0.06281766,0.30291253,0.0
96,0.07975017,0.05719498,0.09888325,0.06678078,0.2798806,0.41751018,0.0
97,0.30078807,0.0582979,0.1879123,0.06644293,0.26133022,0.12522854,0.0
98,0.24976204,0.23288918,0.07325885,0.05278687,0.1462559,0.24504718,0.0
99,0.18781324,0.04677929,0.07850347,0.20179504,0.24458882,0.24052012,0.0
100,0.12697169,0.12480079,0.3005828,0.07396682,0.05855631,0.31512156,0.0
101,0.3053351,0.20315191,0.17984791,0.06361309,0.10766125,0.14039075,0.0
102,0.05765456,0.06198437,0.1672021,0.24285185,0.20435382,0.26595324,0.0
103,0.07892022,0.30042472,0.14101142,0.06680597,0.31135842,0.10147922,0.0
104,0.17990105,0.16833574,0.28708184,0.10161386,0.09548885,0.1675787,0.0
105,0.19396843,0.17723665,0.14720227,0.21120058,0.1567174,0.11367463,0.0
106,0.16192631,0.35530525,0.06069895,0.14941381,0.18770802,0.08494765,0.0
107,0.18318164,0.3174872,0.14253737,0.05047069,0.1567541,0.14956895,0.0
108,0.12559009,0.14108714,0.23021398,0.13193075,0.11975835,0.25141966,0.0
109,0.1256919,0.09910261,0.12606505,0.3281894,0.2356749,0.08527613,0.0
110,0.25923228,0.08961557,0.07592493,0.10967307,0.20486885,0.26068532,0.0
111,0.19628644,0.0526187,0.24051376,0.05747301,0.21706298,0.2360451,0.0
112,0.15715662,0.16894986,0.25862947,0.17527731,0.12699662,0.11299006,0.0
113,0.13248812,0.16804929,0.2838054,0.06319451,0.11042234,0.24204032,0.0
114,0.06552687,0.12745886,0.26137462,0.14520846,0.18280098,0.21763028,0.0
115,0.10111059,0.15783316,0.10597648,0.3621316,0.10164455,0.17130375,0.0
116,0.26869863,0.26288807,0.06326547,0.23390582,0.12527202,0.04596994,0.0
117,0.07364777,0.16842172,0.0616332,0.22364649,0.4045327,0.06811812,0.0
118,0.17954144,0.0995173,0.19171156,0.28927138,0.0608187,0.17913958,0.0
119,0.19399448,0.25876245,0.1591831,0.06944709,0.08688196,0.23173092,0.0
120,0.07815175,0.11199966,0.15124185,0.34310427,0.12479018,0.19071229,0.0
121,0.34234753,0.08435209,0.08832587,0.18819165,0.13076779,0.1660151,0.0
122,0.12005726,0.26937664,0.09160332,0.25281197,0.11563453,0.1505163,0.0
123,0.27403653,0.09114029,0.24118875,0.24368918,0.05647878,0.09346644,0.0
124,0.2852768,0.09958854,0.22737938,0.27409464,0.04431759,0.06934308,0.0
125,0.06637951,0.28921866,0.12284534,0.26462525,0.18631336,0.07061791,0.0
126,0.18908101,0.19879155,0.19463624,0.15889077,0.15997317,0.09862732,0.0
127,0.07474881,0.12032673,0.48765317,0.10155062,0.12353574,0.09218492,0.0
128,0.2787974,0.1245576,0.06833874,0.12341966,0.10390904,0.30097753,0.0
129,0.09056728,0.20299698,0.2797998,0.04717158,0.1738613,0.20560315,0.0
130,0.25421453,0.24903622,0.19031727,0.05839717,0.08044405,0.16759075,0.0
131,0.15581559,0.14632496,0.16871841,0.3290143,0.08384986,0.11627689,0.0
132,0.11688083,0.10514311,0.32252404,0.12464713,0.10567285,0.22513203,0.0
133,0.12091202,0.2857167,0.10799077,0.14812636,0.174608,0.16264614,0.0
134,0.21363376,0.14151494,0.06034775,0.08292832,0.17265308,0.32892203,0.0
135,0.09401542,0.14881183,0.11681879,0.07802024,0.31008038,0.25225344,0.0
136,0.25671288,0.13490152,0.11303845,0.25828204,0.13149272,0.10557234,0.0
137,0.06069234,0.04958254,0.31053737,0.14486186,0.24284247,0.19148344,0.0
138,0.1033475,0.21215695,0.18888256,0.26828092,0.10981587,0.1175163,0.0
139,0.05572631,0.09381534,0.30441323,0.09399792,0.22753665,0.22451061,0.0
140,0.16266638,0.1801405,0.11240188,0.09592143,0.08818569,0.36068413,0.0
141,0.23462145,0.27061984,0.2475801,0.08657526,0.06522226,0.09538108,0.0
142,0.09202706,0.07386836,0.14511433,0.24491507,0.19468202,0.24939321,0.0
143,0.25705746,0.2120103,0.14221285,0.11311889,0.05683215,0.21876836,0.0
144,0.16507322,0.16302615,0.13489571,0.17783898,0.2700863,0.08907961,0.0
145,0.24334745,0.20301902,0.0772242,0.22576876,0.15575098,0.0948896,0.0
146,0.17124403,0.08006865,0.21798141,0.16977079,0.23573375,0.12520131,0.0
147,0.20112355,0.12097093,0.15070032,0.14110647,0.07918974,0.30690902,0.0
148,0.07710791,0.19044766,0.22679467,0.13988954,0.21699995,0.14876027,0.0
149,0.28413194,0.08054961,0.10022924,0.26777202,0.08116402,0.18615325,0.0
150,0.21083678,0.12025047,0.13370478,0.14388646,0.13243605,0.25888547,0.0
151,0.0806132,0.09318216,0.25888363,0.0915295,0.38849655,0.08729495,0.0
152,0.084514,0.1063755,0.20638283,0.29918146,0.13122709,0.17231917,0.0
153,0.1542441,0.27143085,0.24172522,0.12503688,0.11752458,0.09003837,0.0
154,0.06641882,0.10409375,0.3071572,0.19396526,0.22418074,0.10418425,0.0
155,0.0996694,0.08005599,0.28304416,0.29022974,0.0896882,0.15731257,0.0
156,0.2067122,0.08337297,0.16075823,0.06046523,0.2545149,0.23417643,0.0
157,0.13074742,0.27148104,0.19558847,0.06710228,0.04537934,0.2897015,0.0
158,0.07331165,0.08484732,0.13884462,0.4426763,0.14455593,0.11576416,0.0
159,0.10692833,0.07724499,0.3455342,0.16242246,0.19296561,0.11490435,0.0
160,0.06919127,0.1889631,0.33117834,0.09769847,0.2391534,0.07381537,0.0
161,0.1272029,0.15874346,0.20068805,0.24273093,0.13047725,0.14015742,0.0
162,0.26316017,0.22260241,0.06394472,0.19967562,0.08658827,0.1640288,0.0
163,0.31624815,0.07527481,0.27944604,0.17373717,0.07425332,0.08104049,0.0
164,0.19005848,0.25012618,0.04086522,0.1771326,0.23056135,0.11125616,0.0
165,0.19934271,0.09694643,0.12828992,0.06276612,0.26893076,0.24372405,0.0
166,0.2326088,0.27288544,0.11076704,0.19207264,0.0457791,0.14588688,0.0
167,0.21726796,0.05963974,0.26619586,0.08589239,0.08675919,0.2842448,0.0
168,0.12419263,0.2984884,0.15741554,0.25402915,0.06369009,0.10218423,0.0
169,0.15115163,0.2746918,0.1933421,0.10586025,0.16956851,0.10538567,0.0
170,0.18872614,0.24290034,0.18050349,0.10521001,0.22584535,0.05681461,0.0
171,0.14716409,0.07828755,0.2741386,0.19605218,0.06466559,0.239692,0.0
172,0.21524563,0.07488656,0.14880921,0.11499234,0.28884238,0.15722388,0.0
173,0.08660561,0.08918162,0.08981632,0.433617,0.22525178,0.07552766,0.0
174,0.11633151,0.30881628,0.08665002,0.15565228,0.18790461,0.14464527,0.0
175,0.22792779,0.0780324,0.24018788,0.14084718,0.10316851,0.20983624,0.0
176,0.20719436,0.21369514,0.10189006,0.09044093,0.21517445,0.17160504,0.0
177,0.0527922,0.07030404,0.14501491,0.34952718,0.31623295,0.06612879,0.0
178,0.06913421,0.07652126,0.13988777,0.15645948,0.37513962,0.18285777,0.0
179,0.12339584,0.20371325,0.11002038,0.13420111,0.2330521,0.19561729,0.0
180,0.07334711,0.23942332,0.20114556,0.17278929,0.19093975,0.12235495,0.0
181,0.15874425,0.2066323,0.06605971,0.14473829,0.3575052,0.06632023,0.0
182,0.07375323,0.18301633,0.14224409,0.13135138,0.3667609,0.10287415,0.0
183,0.09771399,0.07003209,0.15167063,0.2717343,0.15122198,0.25762707,0.0
184,0.2606099,0.04354506,0.0789733,0.08625259,0.27095807,0.25966102,0.0
185,0.21743602,0.12700117,0.06262371,0.36904716,0.07107406,0.15281789,0.0
186,0.3131959,0.0619364,0.10855544,0.04868277,0.2948373,0.1727922,0.0
187,0.29787943,0.22235386,0.12037414,0.15957567,0.05986895,0.13994797,0.0
188,0.09423629,0.06439508,0.21492158,0.3973509,0.09873725,0.13035889,0.0
189,0.14152835,0.24972554,0.13720387,0.09664726,0.09528906,0.27960593,0.0
190,0.16439581,0.0825173,0.1775777,0.18335977,0.3169764,0.07517304,0.0
191,0.06460983,0.09107989,0.30085286,0.07756338,0.10839631,0.35749775,0.0
192,0.15539885,0.16456272,0.08197995,0.17087379,0.29818162,0.12900314,0.0
193,0.04723517,0.18508115,0.2766705,0.12848872,0.13922046,0.22330403,0.0
194,0.09850568,0.17825879,0.18097371,0.08964412,0.21013719,0.2424805,0.0
195,0.15872277,0.09670333,0.30474624,0.16713896,0.10164253,0.17104615,0.0
196,0.27797577,0.07833607,0.18316245,0.20737273,0.0764713,0.17668168,0.0
197,0.07159144,0.13220175,0.37561813,0.09410635,0.08975223,0.23673019,0.0
198,0.12260509,0.18215795,0.09212565,0.10078503,0.42795676,0.07436945,0.0
199,0.14419603,0.21410322,0.14098698,0.16548096,0.11455227,0.22068055,0.0
200,0.0663178,0.1931391,0.21302766,0.07992108,0.14616062,0.3014337,0.0
201,0.24109402,0.0529906,0.23570035,0.21445319,0.16895273,0.08680923,0.0
202,0.16540924,0.19851413,0.03729361,0.23552142,0.23171061,0.13155095,0.0
203,0.22344443,0.18349822,0.20389633,0.05339559,0.1836997,0.15206583,0.0
204,0.20756032,0.13497451,0.25140938,0.16436495,0.05688813,0.18480274,0.0
205,0.09221672,0.0827467,0.2961107,0.22401091,0.23546131,0.06945363,0.0
206,0.20610218,0.06101862,0.16727118,0.11647817,0.22847076,0.22065906,0.0
207,0.18446328,0.38672262,0.07250459,0.0642878,0.10331523,0.18870644,0.0
208,0.26112676,0.27051222,0.04601098,0.22388777,0.13113126,0.06733105,0.0
209,0.11327395,0.03588806,0.2407763,0.16773526,0.2489758,0.19335067,0.0
210,0.19680057,0.05555484,0.15149686,0.09007622,0.30157664,0.20449494,0.0
211,0.10475679,0.08981451,0.2133026,0.3681631,0.08949853,0.13446438,0.0
212,0.07269826,0.09818109,0.3826362,0.07006065,0.24911273,0.12731113,0.0
213,0.16380806,0.08828546,0.12203722,0.3053798,0.1201248,0.20036468,0.0
214,0.13124084,0.16880037,0.16015793,0.22931232,0.22816424,0.08232431,0.0
215,0.11596109,0.08333936,0.10652433,0.3350068,0.30307868,0.05608972,0.0
216,0.12253772,0.04672817,0.21659523,0.06166699,0.3190531,0.2334187,0.0
217,0.09025288,0.22961223,0.10683412,0.19747649,0.07741312,0.2984111,0.0
218,0.09852882,0.1453643,0.14112593,0.14231275,0.09204091,0.38062733,0.0
219,0.10620389,0.09595321,0.31302226,0.08620106,0.18496637,0.21365316,0.0
220,0.11985603,0.21603169,0.32583344,0.17377914,0.11093106,0.05356858,0.0
221,0.13514206,0.21186028,0.27773964,0.18296097,0.04976182,0.14253522,0.0
222,0.11706258,0.04292107,0.25821975,0.26580542,0.14251415,0.173477,0.0
223,0.2825073,0.1786272,0.1868649,0.10164687,0.17541836,0.07493535,0.0
224,0.24179031,0.14260346,0.07784376,0.07314935,0.20349668,0.2611165,0.0
225,0.20065494,0.25469184,0.1042698,0.20266004,0.16100535,0.07671808,0.0
226,0.12106523,0.09674006,0.23038816,0.18939081,0.14012934,0.22228633,0.0
227,0.24719775,0.24493676,0.1642454,0.11074223,0.16421416,0.06866376,0.0
228,0.11489023,0.22274575,0.06774679,0.09359361,0.1561079,0.34491572,0.0
229,0.1649955,0.09672486,0.10616943,0.31790859,0.11368355,0.20051806,0.0
230,0.22190367,0.07733212,0.0952338,0.09702592,0.31385753,0.194647,0.0
231,0.14151272,0.06997722,0.06426822,0.06830964,0.284944,0.37098816,0.0
232,0.09989737,0.24761942,0.14673334,0.06121344,0.24438633,0.20015004,0.0
233,0.09985878,0.2976587,0.14093046,0.05800623,0.2458664,0.15767941,0.0
234,0.21445298,0.09044065,0.13028508,0.23814844,0.13713829,0.18953462,0.0
235,0.09280171,0.05214465,0.2504129,0.2908786,0.15857606,0.15518609,0.0
236,0.21229209,0.10387813,0.11696456,0.18860877,0.23483309,0.1434234,0.0
237,0.20642659,0.20806928,0.08818427,0.0912046,0.2196094,0.18650591,0.0
238,0.25244558,0.12321915,0.12303947,0.3164336,0.07364567,0.11121652,0.0
239,0.2879325,0.1253624,0.09384321,0.17199273,0.06391075,0.2569585,0.0
240,0.10718618,0.3042244,0.07752308,0.2529553,0.04502631,0.21308486,0.0
241,0.0972763,0.2733669,0.09310556,0.18541953,0.16554031,0.18529145,0.0
242,0.07632339,0.06174193,0.32136124,0.23870242,0.24315755,0.05871354,0.0
243,0.11890163,0.0793869,0.09770672,0.19241408,0.21191812,0.29967257,0.0
244,0.1597803,0.1937334,0.26124534,0.12181443,0.14001848,0.12340806,0.0
245,0.36898005,0.0548074,0.05369958,0.08702877,0.09001252,0.34547165,0.0
246,0.09533566,0.35163203,0.07072238,0.16061412,0.15191081,0.16978507,0.0
247,0.22246923,0.08950026,0.32087862,0.14817034,0.0640334,0.15494816,0.0
248,0.09859046,0.10308677,0.12592772,0.3269451,0.13184316,0.21360679,0.0
249,0.24791193,0.09141059,0.12338803,0.09132977,0.16613923,0.27982044,0.0
250,0.32004914,0.08356049,0.11985861,0.21573815,0.07226621,0.18852748,0.0
251,0.12307975,0.11822743,0.18514487,0.28397903,0.09605671,0.19351226,0.0
252,0.39079657,0.11920169,0.11051358,0.17569342,0.11055388,0.09324081,0.0
253,0.2593502,0.09162837,0.10773368,0.0925734,0.16857,0.28014433,0.0
254,0.21777342,0.12716131,0.0770805,0.05083519,0.18879445,0.33835503,0.0
255,0.24580675,0.08636407,0.10328268,0.15852334,0.06890227,0.33712092,0.0
256,0.12451929,0.1894131,0.14986591,0.20851652,0.11992373,0.20776148,0.0
257,0.07003294,0.12983339,0.3561424,0.13502581,0.22177568,0.08718979,0.0
258,0.21749137,0.11175577,0.21729124,0.12043567,0.10729443,0.22573148,0.0
259,0.14187773,0.16706295,0.0874844,0.27064788,0.07898415,0.25394288,0.0
260,0.1697702,0.278369,0.11696659,0.10703994,0.17827247,0.14958178,0.0
261,0.3261205,0.13703892,0.23530994,0.07895722,0.14692748,0.07564598,0.0
262,0.27954295,0.2939634,0.06207643,0.12501894,0.09029429,0.149104,0.0
263,0.18487205,0.07318161,0.06133982,0.11602686,0.31269884,0.25188088,0.0
264,0.07044092,0.11235707,0.13080227,0.32154715,0.21506037,0.14979222,0.0
265,0.11288846,0.2686218,0.06569035,0.18462916,0.06181253,0.30635765,0.0
266,0.09551157,0.26319802,0.23466459,0.12687795,0.18519095,0.09455696,0.0
267,0.21242145,0.18436456,0.13559142,0.1196804,0.25579697,0.09214524,0.0
268,0.17773315,0.08257587,0.08746763,0.18325673,0.10052058,0.36844605,0.0
269,0.0613157,0.29641595,0.13122681,0.1741251,0.2511305,0.08578587,0.0
270,0.08870552,0.36048305,0.05874494,0.1707293,0.25866416,0.06267305,0.0
271,0.26976782,0.12839407,0.09595557,0.2102975,0.18721938,0.10836565,0.0
272,0.08089501,0.16876943,0.1221993,0.06656291,0.23824295,0.32333037,0.0
273,0.13568841,0.29236412,0.08254007,0.07829701,0.249369,0.1617415,0.0
274,0.26458824,0.11802557,0.15703061,0.2108225,0.18376742,0.0657656,0.0
275,0.344145,0.13577324,0.10271736,0.12297398,0.1365301,0.15786038,0.0
276,0.07206314,0.3312799,0.12842742,0.06153458,0.19148403,0.21521088,0.0
277,0.25929376,0.04489299,0.05055698,0.15120937,0.25798914,0.23605767,0.0
278,0.08985841,0.28403753,0.29113567,0.12009548,0.1346446,0.08022836,0.0
279,0.06861395,0.09510715,0.2178446,0.37703744,0.08853754,0.15285936,0.0
280,0.17880325,0.16747232,0.11305989,0.20222549,0.18668537,0.15175371,0.0
281,0.06204658,0.0825051,0.28104022,0.1424371,0.22806929,0.20390168,0.0
282,0.14177126,0.15307245,0.04927298,0.04603987,0.30231962,0.30752376,0.0
283,0.28973356,0.20175408,0.18364051,0.10919326,0.08154152,0.13413706,0.0
284,0.11266784,0.24958934,0.2351512,0.16728519,0.14436887,0.09093756,0.0
285,0.14804965,0.16694011,0.13109599,0.10858012,0.21769086,0.22764327,0.0
286,0.10848407,0.13446663,0.28056252,0.19690806,0.15402944,0.12554927,0.0
287,0.11679198,0.10141083,0.29314983,0.1150199,0.21117203,0.16245542,0.0
288,0.06799196,0.11015683,0.45103195,0.10193837,0.1976013,0.07127956,0.0
289,0.05211782,0.34904724,0.06651666,0.19268481,0.24959625,0.09003714,0.0
290,0.11917619,0.21235824,0.13778844,0.20751478,0.10574247,0.21741977,0.0
291,0.11015232,0.06460257,0.24557084,0.2204942,0.26814517,0.09103488,0.0
292,0.06910558,0.22670485,0.28340942,0.05979894,0.13219313,0.22878806,0.0
293,0.07462222,0.07390016,0.08134889,0.14539947,0.11221832,0.51251096,0.0
294,0.04599635,0.20994921,0.30639866,0.27338004,0.093901,0.07037479,0.0
295,0.13884789,0.07101297,0.3593052,0.0971316,0.24965392,0.08404848,0.0
296,0.12566724,0.10577673,0.08833645,0.16653539,0.16846119,0.34522292,0.0
297,0.16538855,0.07611198,0.05277208,0.13841894,0.24559356,0.3217149,0.0
298,0.0617417,0.1346248,0.05594151,0.24063866,0.2881143,0.21893902,0.0
299,0.19948609,0.07371495,0.05878424,0.21871611,0.32178065,0.12751798,0.0
300,0.05179813,0.10131379,0.33651924,0.09369867,0.25325647,0.16341375,0.0
301,0.2539384,0.09457909,0.12906721,0.06517223,0.185618,0.27162507,0.0
302,0.17345305,0.29004127,0.19934753,0.11415026,0.08589061,0.13711725,0.0
303,0.3477763,0.09439271,0.05856025,0.13061082,0.17929947,0.18936041,0.0
304,0.10135842,0.1950063,0.10488644,0.24900286,0.26615784,0.08358816,0.0
305,0.18516225,0.28379947,0.0832186,0.13018377,0.20811962,0.10951631,0.0
306,0.08672736,0.34192264,0.07496388,0.18705846,0.20625949,0.10306825,0.0
307,0.09203161,0.11577997,0.10953385,0.13085756,0.38229603,0.16950099,0.0
308,0.16194248,0.07851264,0.08507679,0.14822285,0.42894837,0.09729686,0.0
309,0.15894394,0.10114749,0.22504605,0.21939681,0.19452658,0.10093904,0.0
310,0.22198862,0.21563935,0.0637806,0.18174,0.12990561,0.18694584,0.0
311,0.26511347,0.32459334,0.09808963,0.11292672,0.1282286,0.07104819,0.0
312,0.05066438,0.07248803,0.17408325,0.2990199,0.08972338,0.3140211,0.0
313,0.26245636,0.12618805,0.29390767,0.1146344,0.13503586,0.06777768,0.0
314,0.16001168,0.10667431,0.14192808,0.08635418,0.3145607,0.19047107,0.0
315,0.13956028,0.17357221,0.1474816,0.11781644,0.11133857,0.3102309,0.0
316,0.2155282,0.21676356,0.1007337,0.10995359,0.12005445,0.23696643,0.0
317,0.21058542,0.13652456,0.13255484,0.1181362,0.2422129,0.15998603,0.0
318,0.12047783,0.06953648,0.16042614,0.05830445,0.33376634,0.25748873,0.0
319,0.34892336,0.14420836,0.23729895,0.08181816,0.06156595,0.12618524,0.0
320,0.14719327,0.12002798,0.09703631,0.23321015,0.3213539,0.08117832,0.0
321,0.33319613,0.18235518,0.06910204,0.133505,0.13705818,0.14478348,0.0
322,0.06063445,0.34021124,0.0865735,0.2438793,0.12487053,0.14383091,0.0
323,0.11059661,0.2684514,0.15900077,0.10381954,0.19703592,0.16109577,0.0
324,0.13847822,0.06017197,0.21187279,0.31261602,0.19607717,0.08078381,0.0
325,0.21047615,0.06318464,0.21188651,0.08060625,0.25734133,0.17650507,0.0
326,0.17711069,0.19844715,0.17529717,0.16223042,0.07001613,0.21689852,0.0
327,0.13290678,0.04868005,0.2928447,0.14812855,0.16977006,0.20766987,0.0
328,0.09583209,0.21027687,0.28056386,0.08324145,0.09391738,0.23616838,0.0
329,0.20566423,0.16438116,0.06448164,0.27215895,0.08326177,0.21005227,0.0
330,0.16464645,0.07680546,0.12628224,0.362153,0.0671882,0.20292461,0.0
331,0.28995,0.08305477,0.26591125,0.17554536,0.05405835,0.13148034,0.0
332,0.18648867,0.12654527,0.307375,0.17432593,0.13463879,0.07062637,0.0
333,0.07298444,0.06503294,0.25034115,0.24712245,0.23490034,0.12961866,0.0
334,0.19694285,0.05512917,0.28372464,0.07011173,0.22595443,0.16813725,0.0
335,0.22616558,0.2835853,0.11670156,0.08330351,0.14587362,0.14437039,0.0
336,0.22607282,0.15353961,0.0833239,0.1039611,0.2344484,0.19865416,0.0
337,0.08570418,0.19318512,0.27888876,0.090234,0.13172184,0.22026609,0.0
338,0.13828696,0.08306772,0.2265585,0.37965813,0.11354186,0.05888671,0.0
339,0.16103949,0.1221742,0.14041434,0.25518066,0.22975372,0.09143768,0.0
340,0.18839206,0.0846678,0.04351941,0.25020605,0.27843004,0.15478465,0.0
341,0.39590138,0.09391086,0.12536058,0.1588157,0.15787558,0.06813584,0.0
342,0.05175437,0.0577979,0.32644737,0.26890188,0.08917535,0.2059232,0.0
343,0.37186855,0.16223143,0.11529823,0.0703107,0.07472579,0.20556526,0.0
344,0.37480778,0.22463487,0.08269501,0.09813493,0.15806651,0.06166088,0.0
345,0.17324933,0.11101815,0.22799125,0.13920279,0.1746534,0.17388506,0.0
346,0.10440511,0.06672716,0.3263951,0.07665049,0.16997007,0.2558521,0.0
347,0.23696156,0.06518646,0.2228798,0.0833093,0.2039853,0.18767758,0.0
348,0.28131256,0.28706518,0.1192111,0.0473024,0.04759117,0.21751758,0.0
349,0.13112423,0.30059743,0.13789551,0.31089002,0.06386763,0.0556252,0.0
350,0.15741229,0.2868025,0.08197732,0.07675578,0.17983468,0.21721746,0.0
351,0.1833901,0.18556193,0.13683596,0.1353282,0.16814964,0.19073418,0.0
352,0.30727506,0.26717567,0.05646165,0.11286918,0.20197022,0.05424825,0.0
353,0.08096456,0.3118632,0.13873346,0.25878438,0.08441796,0.12523636,0.0
354,0.21847767,0.26787567,0.17040116,0.07219119,0.16040507,0.11064919,0.0
355,0.16805485,0.15630604,0.11961709,0.15671965,0.31357414,0.08572822,0.0
356,0.07726919,0.17050295,0.20855269,0.05337238,0.11178917,0.37851354,0.0
357,0.09947454,0.08627122,0.1256805,0.09820247,0.08764131,0.50273,0.0
358,0.16758053,0.32114255,0.06639533,0.05132756,0.23046137,0.16309266,0.0
359,0.14274463,0.13646342,0.08641481,0.21913463,0.145002,0.27024043,0.0
360,0.17813234,0.14865316,0.17676425,0.1546808,0.08333812,0.25843143,0.0
361,0.11296947,0.06473116,0.26079288,0.07220097,0.14004669,0.34925878,0.0
362,0.07838492,0.17806569,0.27602834,0.07254001,0.29946795,0.09551307,0.0
363,0.17488457,0.27264702,0.0482129,0.25151312,0.05941165,0.1933308,0.0
364,0.07725612,0.08566678,0.34559703,0.15500145,0.26784518,0.06863342,0.0
365,0.11803097,0.07054695,0.23335293,0.18922521,0.33562654,0.05321745,0.0
366,0.3018873,0.05958453,0.21956235,0.15212248,0.14769103,0.11915238,0.0
367,0.21868606,0.16309999,0.04852688,0.15348499,0.19251937,0.2236828,0.0
368,0.09531505,0.24575742,0.11617663,0.17355701,0.15002875,0.21916519,0.0
369,0.32637876,0.07678737,0.07191907,0.29882503,0.06130892,0.16478077,0.0
370,0.2915484,0.23727289,0.0421501,0.09059879,0.17404868,0.16438115,0.0
371,0.08721849,0.19836278,0.10282706,0.15419829,0.33976963,0.11762372,0.0
372,0.21162583,0.07967358,0.10114332,0.2813311,0.07338896,0.25283724,0.0
373,0.07142814,0.15484676,0.05779311,0.18383577,0.22600432,0.3060919,0.0
374,0.17612137,0.11317762,0.16284867,0.33474135,0.0576345,0.15547657,0.0
375,0.05405279,0.2192044,0.07775773,0.2339765,0.20263723,0.2123713,0.0
376,0.08541917,0.28233775,0.11659667,0.20578058,0.090912,0.21895376,0.0
377,0.09614826,0.0894428,0.24887733,0.39096388,0.08279235,0.09177528,0.0
378,0.18571974,0.18506208,0.11687593,0.25707388,0.14955024,0.10571808,0.0
379,0.09644424,0.27373078,0.06599165,0.15915921,0.1168708,0.28780338,0.0
380,0.11801743,0.08560621,0.24348469,0.14033116,0.30373028,0.10883025,0.0
381,0.29805332,0.07899128,0.2407068,0.1311391,0.10225927,0.14885032,0.0
382,0.37430525,0.09186453,0.14564136,0.15913558,0.1436558,0.0853975,0.0
383,0.09115505,0.04154415,0.28224656,0.13799171,0.2693129,0.1777496,0.0
384,0.06758121,0.3136936,0.09202521,0.12968908,0.16209485,0.23491605,0.0
385,0.29517508,0.14165674,0.08740538,0.08806333,0.1973339,0.19036554,0.0
386,0.37249383,0.27526778,0.08670323,0.0993255,0.08332782,0.08288174,0.0
387,0.06605966,0.34849602,0.06980103,0.1697423,0.1921875,0.15371348,0.0
388,0.06936871,0.24553183,0.14746541,0.1417853,0.06398484,0.3318639,0.0
389,0.12076293,0.16194808,0.32232547,0.06548981,0.23040685,0.09906682,0.0
390,0.11496004,0.13364273,0.05470555,0.26789,0.20473686,0.2240648,0.0
391,0.29930094,0.09864026,0.28797695,0.11234911,0.1384993,0.06323344,0.0
392,0.08918932,0.4590809,0.0969329,0.16909729,0.09664278,0.08905692,0.0
393,0.09780314,0.20062695,0.23185848,0.12447169,0.16415924,0.18108055,0.0
394,0.04058903,0.23908415,0.1888087,0.24032272,0.07555684,0.21563855,0.0
395,0.13661009,0.14235929,0.12657179,0.2444301,0.19754145,0.1524873,0.0
396,0.08707494,0.13624705,0.094565,0.23704584,0.23856683,0.2065004,0.0
397,0.11164427,0.1041019,0.19134165,0.41712606,0.0883659,0.08742016,0.0
398,0.10450169,0.2466156,0.21949157,0.26591042,0.11608909,0.04739161,0.0
399,0.077452,0.14823008,0.14043225,0.2770976,0.08169812,0.27508998,0.0
400,0.09067123,0.317824,0.2410856,0.22478534,0.05654969,0.06908407,0.0
401,0.19379847,0.177348,0.2270821,0.24337529,0.07336549,0.08503061,0.0
402,0.23058131,0.18540901,0.14271845,0.28294,0.06693988,0.09141133,0.0
403,0.06398159,0.08623669,0.32606548,0.06754479,0.08460736,0.3715641,0.0
404,0.16790761,0.11442561,0.3423585,0.07681752,0.13415904,0.16433176,0.0
405,0.26929295,0.19243146,0.08016521,0.22468841,0.09284294,0.1405791,0.0
406,0.17221172,0.1404256,0.10096696,0.1753614,0.29507932,0.11595507,0.0
407,0.05906373,0.311165,0.13802512,0.11453388,0.17215452,0.20505768,0.0
408,0.14858443,0.13691515,0.1952895,0.07236484,0.3195147,0.1273315,0.0
409,0.1638072,0.19482654,0.09086413,0.30706358,0.16513094,0.07830759,0.0
410,0.14325604,0.11801949,0.07796729,0.22414508,0.21846084,0.21815127,0.0
411,0.2116651,0.08875572,0.28030702,0.07226129,0.09900703,0.24800386,0.0
412,0.08368819,0.37308583,0.100232,0.07604381,0.22690555,0.14004466,0.0
413,0.08741544,0.279898,0.0559072,0.19575857,0.27474618,0.10627451,0.0
414,0.21660398,0.11357304,0.11433517,0.26151988,0.06873307,0.22523491,0.0
415,0.11195654,0.11596218,0.1709835,0.2836703,0.08885864,0.22856882,0.0
416,0.25626007,0.21994114,0.14046542,0.18763524,0.13751425,0.05818386,0.0
417,0.10990977,0.15328111,0.14162076,0.33674318,0.13653317,0.12191203,0.0
418,0.08249591,0.13418043,0.2819647,0.07481941,0.17592132,0.25061825,0.0
419,0.08352478,0.15833695,0.28924322,0.09054644,0.11674289,0.26160562,0.0
420,0.07222824,0.08720559,0.24795024,0.17941056,0.1303962,0.28280914,0.0
421,0.38286042,0.17864166,0.09455101,0.1149544,0.10230436,0.12668823,0.0
422,0.06830254,0.4610587,0.13589941,0.07327289,0.10490905,0.15655747,0.0
423,0.05591357,0.13600181,0.09011606,0.05075202,0.3297787,0.33743784,0.0
424,0.29459614,0.14903544,0.09341792,0.20247331,0.17755784,0.08291926,0.0
425,0.11192326,0.29357237,0.21578357,0.21096066,0.09966784,0.06809238,0.0
426,0.08865228,0.21246503,0.35416698,0.08285183,0.17376566,0.0880982,0.0
427,0.1752066,0.34958154,0.14841934,0.11407048,0.08616056,0.12656148,0.0
428,0.23452829,0.14632572,0.13747853,0.16533267,0.11570632,0.20062846,0.0
429,0.23029107,0.24712169,0.13606672,0.08343893,0.07786985,0.22521167,0.0
430,0.04405538,0.24603857,0.25060633,0.16332701,0.05987456,0.2360981,0.0
431,0.04820533,0.20493795,0.17255369,0.199493,0.305651,0.06915898,0.0
432,0.05658639,0.19861262,0.18019763,0.16069072,0.32852808,0.07538463,0.0
433,0.11287255,0.27308616,0.07855123,0.22439109,0.21463083,0.09646814,0.0
434,0.10777824,0.28286827,0.23058528,0.06754886,0.10796236,0.2032569,0.0
435,0.18031521,0.04656409,0.18312936,0.24281257,0.22606407,0.12111469,0.0
436,0.0687535,0.31004077,0.15828311,0.08907039,0.12189271,0.25195953,0.0
437,0.32536897,0.1663842,0.10115291,0.19353509,0.0632763,0.15028255,0.0
438,0.09699848,0.12168902,0.15742692,0.1501486,0.14526764,0.32846937,0.0
439,0.15815163,0.1874408,0.10985947,0.22439654,0.10566845,0.21448314,0.0
440,0.12737475,0.09250303,0.1305381,0.29540816,0.058646,0.29552996,0.0
441,0.05458158,0.05278188,0.24110143,0.0717889,0.24510403,0.33464217,0.0
442,0.17342211,0.27000275,0.2751083,0.06617062,0.07778431,0.13751191,0.0
443,0.10914826,0.07548559,0.07390183,0.18824112,0.24511062,0.30811253,0.0
444,0.13107945,0.2926199,0.13117346,0.1575164,0.13083857,0.1567721,0.0
445,0.20774138,0.35933763,0.14047158,0.08540254,0.15138538,0.0556615,0.0
446,0.16924329,0.15109713,0.09335763,0.11872278,0.3495145,0.11806458,0.0
447,0.29778597,0.16177836,0.30844775,0.0872585,0.07278594,0.07194343,0.0
448,0.24941517,0.29870957,0.09762456,0.25323305,0.04895548,0.05206212,0.0
449,0.20629591,0.2861557,0.23067528,0.13166235,0.08357618,0.0616346,0.0
450,0.09584866,0.14377156,0.1217105,0.28761026,0.22749074,0.12356824,0.0
451,0.17113797,0.2430125,0.14279318,0.05315391,0.22514176,0.16476065,0.0
452,0.14357746,0.2667658,0.0511685,0.13533676,0.3043925,0.09875901,0.0
453,0.09669205,0.07630116,0.15036857,0.26678225,0.1917907,0.2180652,0.0
454,0.19423062,0.18141231,0.0506911,0.17120387,0.2451334,0.15732875,0.0
455,0.13444026,0.19037454,0.174431,0.27297422,0.05829769,0.16948235,0.0
456,0.05608054,0.1523217,0.11532573,0.24712871,0.34532693,0.08381636,0.0
457,0.10595156,0.37379473,0.12832583,0.23067176,0.08538707,0.07586907,0.0
458,0.23623389,0.07403246,0.34575692,0.09740502,0.12539503,0.12117667,0.0
459,0.07908587,0.2985782,0.10245647,0.11024503,0.1572905,0.25234392,0.0
460,0.08547496,0.3242626,0.23527299,0.10079557,0.15626754,0.09792634,0.0
461,0.09087367,0.2833423,0.09550139,0.19672559,0.14647152,0.18708558,0.0
462,0.19441748,0.15995063,0.08068964,0.10743628,0.33783218,0.11967386,0.0
463,0.20435648,0.272246,0.20364755,0.17760345,0.08054084,0.06160568,0.0
464,0.05520768,0.1501902,0.3148973,0.05445521,0.22556344,0.19968621,0.0
465,0.10958394,0.15623966,0.18695183,0.08549818,0.37811366,0.08361267,0.0
466,0.22309712,0.05716147,0.10299348,0.33039567,0.10669589,0.17965634,0.0
467,0.13515,0.09873438,0.07863246,0.19396403,0.29459286,0.19892623,0.0
468,0.17702264,0.04984565,0.14057466,0.08488928,0.22725074,0.320417,0.0
469,0.06989101,0.06603602,0.23393905,0.06505361,0.26502037,0.30006,0.0
470,0.28938693,0.30499348,0.06825432,0.10565713,0.05680182,0.17490637,0.0
471,0.24573693,0.15435863,0.27868468,0.04520408,0.05141691,0.22459885,0.0
472,0.29593095,0.12835261,0.15117994,0.12386423,0.09341738,0.20725487,0.0
473,0.27139705,0.28705785,0.04760814,0.09098188,0.07658391,0.22637111,0.0
474,0.10821445,0.23408021,0.08230498,0.26879475,0.13357176,0.1730339,0.0
475,0.09231017,0.22877827,0.19058286,0.14509507,0.24178228,0.10145136,0.0
476,0.11916958,0.07405587,0.18174906,0.14522739,0.19824596,0.28155217,0.0
477,0.16482629,0.18671936,0.10155049,0.3890812,0.0938977,0.06392506,0.0
478,0.2526709,0.12831147,0.20945981,0.08550908,0.1895843,0.13446452,0.0
479,0.09977528,0.16944648,0.08673704,0.15045351,0.22674042,0.26684725,0.0
480,0.1214975,0.26843408,0.2068217,0.1335457,0.15253018,0.11717092,0.0
481,0.12959708,0.07070851,0.3206621,0.14122906,0.07028552,0.26751766,0.0
482,0.18241537,0.27120385,0.23750146,0.12939529,0.12071189,0.05877217,0.0
483,0.29375175,0.06579592,0.12518808,0.33392698,0.09508496,0.08625232,0.0
484,0.09437506,0.31749403,0.11223833,0.1219805,0.2194089,0.13450325,0.0
485,0.12191618,0.21260312,0.10710298,0.35826313,0.09673988,0.1033747,0.0
486,0.16770451,0.04899798,0.25689352,0.09152761,0.21457584,0.22030051,0.0
487,0.11495677,0.13088363,0.09537175,0.26421398,0.23150654,0.16306733,0.0
488,0.15029903,0.1580642,0.2239416,0.22798434,0.14728983,0.09242109,0.0
489,0.27789068,0.06091356,0.08875,0.25891274,0.0614459,0.25208718,0.0
490,0.06233037,0.32401487,0.05887314,0.20891517,0.06002788,0.28583857,0.0
491,0.25353518,0.17667195,0.24655029,0.08200707,0.10436582,0.1368697,0.0
492,0.06738281,0.2746486,0.34355408,0.08141422,0.09854594,0.1344543,0.0
493,0.35682157,0.10760356,0.1537925,0.13835034,0.15982534,0.08360665,0.0
494,0.07563945,0.1246383,0.18046427,0.14375186,0.15552473,0.31998146,0.0
495,0.05712921,0.23549062,0.28870976,0.2142752,0.06068562,0.14370961,0.0
496,0.2155772,0.1547001,0.05079531,0.24499354,0.07736897,0.25656494,0.0
497,0.27294752,0.05783769,0.15548341,0.06439435,0.2337558,0.21558121,0.0
498,0.05952598,0.25173563,0.25137752,0.05542553,0.25823966,0.12369568,0.0
499,0.2087866,0.21724884,0.07033601,0.06834086,0.33927342,0.09601431,0.0
500,0.28765035,0.2811808,0.1770258,0.10857036,0.05005305,0.0955196,0.0
501,0.08678368,0.07052393,0.24552283,0.225372,0.25843322,0.11336433,0.0
502,0.16312306,0.19838662,0.12518787,0.0923538,0.21943574,0.20151289,0.0
503,0.1451219,0.27709365,0.21108557,0.15406652,0.14786561,0.06476685,0.0
504,0.1844295,0.32940155,0.12257282,0.10463606,0.18506,0.07390003,0.0
505,0.06703224,0.13680282,0.09341254,0.351965,0.10196003,0.24882735,0.0
506,0.22028318,0.28371537,0.11251884,0.09050077,0.10167274,0.19130903,0.0
507,0.13825981,0.46075466,0.09046337,0.07031713,0.15233707,0.08786792,0.0
508,0.14813112,0.1014639,0.08135431,0.14403777,0.37063324,0.15437967,0.0
509,0.15999326,0.20198488,0.07763219,0.15232344,0.25163677,0.15642948,0.0
510,0.23063563,0.17367636,0.06361932,0.14838345,0.19987662,0.18380858,0.0
511,0.14970669,0.23260252,0.18524079,0.09699977,0.12048025,0.21497002,0.0
512,0.09735914,0.08430875,0.15243356,0.31482247,0.10585775,0.24521838,0.0
513,0.12410925,0.09152135,0.16627546,0.24172463,0.07402116,0.30234805,0.0
514,0.08814794,0.34161884,0.18176207,0.08677481,0.15862122,0.14307512,0.0
515,0.23907116,0.2030912,0.06327291,0.16992684,0.08931406,0.23532392,0.0
516,0.12614582,0.10566977,0.3013122,0.2239995,0.19174746,0.05112526,0.0
517,0.10902923,0.37537923,0.18873571,0.18068345,0.07277558,0.0733968,0.0
518,0.11399482,0.05366814,0.17777525,0.15051916,0.14803188,0.3560108,0.0
519,0.0914476,0.0797755,0.04921575,0.26537225,0.24195565,0.2722333,0.0
520,0.15185788,0.12879784,0.14755252,0.09431426,0.24894437,0.22853307,0.0
521,0.07465391,0.06600779,0.31591398,0.12268805,0.11742552,0.30331075,0.0
522,0.0879463,0.10662209,0.13418493,0.3008443,0.21429366,0.15610874,0.0
523,0.09930413,0.08481336,0.3517011,0.20595627,0.0962964,0.16192877,0.0
524,0.16924064,0.12828426,0.18848991,0.1357788,0.26049322,0.11771314,0.0
525,0.08468985,0.16880211,0.19091429,0.1643206,0.21282701,0.17844616,0.0
526,0.0836487,0.2277421,0.1368603,0.21907167,0.13041368,0.20226356,0.0
527,0.04557322,0.21721792,0.04494137,0.31128544,0.16686493,0.2141172,0.0
528,0.08047608,0.09073865,0.15578438,0.34243995,0.25999394,0.07056697,0.0
529,0.1977704,0.19963376,0.1545746,0.18025391,0.17774016,0.09002719,0.0
530,0.3203987,0.26817316,0.09606415,0.0829554,0.15658072,0.07582787,0.0
531,0.07848033,0.10530482,0.07522567,0.15472628,0.29259872,0.29366422,0.0
532,0.28186756,0.29588807,0.09727519,0.11159274,0.06516992,0.14820652,0.0
533,0.20744662,0.05701391,0.17973174,0.17310035,0.2916554,0.091052,0.0
534,0.2411016,0.21591191,0.15097041,0.15178737,0.180817,0.05941178,0.0
535,0.10732362,0.12259483,0.07600357,0.15036926,0.31566012,0.22804858,0.0
536,0.08702751,0.2375112,0.19094026,0.05700757,0.23148225,0.19603115,0.0
537,0.11297311,0.34268,0.05792941,0.22936776,0.09627446,0.16077526,0.0
538,0.22039421,0.17695759,0.12161598,0.21023354,0.09410474,0.17669392,0.0
539,0.08462001,0.25138623,0.18067394,0.08798309,0.15213294,0.24320368,0.0
540,0.21805872,0.10971963,0.06342164,0.11146135,0.28003633,0.21730232,0.0
541,0.28378043,0.13060294,0.2634751,0.10544252,0.08537962,0.13131945,0.0
542,0.17693514,0.07542598,0.32754016,0.25969118,0.09033853,0.07006898,0.0
543,0.11204347,0.14577383,0.20048028,0.07448775,0.11954764,0.34766704,0.0
544,0.22388212,0.18308271,0.20895407,0.10849165,0.16111572,0.11447379,0.0
545,0.09574239,0.08880325,0.09700342,0.37553832,0.10331015,0.23960254,0.0
546,0.17150097,0.2836829,0.17145084,0.06162981,0.15477577,0.15695976,0.0
547,0.15072995,0.13047962,0.09283894,0.11489885,0.42267486,0.08837782,0.0
548,0.08303983,0.1619585,0.19457766,0.24110956,0.13008773,0.18922673,0.0
549,0.20151247,0.16224761,0.1868823,0.07952041,0.22620673,0.14363052,0.0
550,0.12987098,0.12427839,0.17020844,0.2223118,0.08934157,0.2639888,0.0
551,0.09898014,0.35507616,0.09902475,0.16493818,0.15859617,0.12338462,0.0
552,0.1435018,0.1964919,0.30800974,0.15451686,0.07500295,0.12247668,0.0
553,0.06033674,0.33237705,0.14912294,0.27429828,0.06610662,0.11775844,0.0
554,0.10393224,0.09813483,0.153208,0.2666118,0.19819719,0.17991602,0.0
555,0.13487938,0.10335831,0.11489395,0.20298254,0.17974053,0.26414528,0.0
556,0.28628135,0.11385673,0.06220695,0.19023469,0.10068484,0.24673548,0.0
557,0.13115148,0.10491931,0.28121516,0.07482448,0.13746163,0.2704279,0.0
558,0.21101227,0.2688308,0.1080838,0.21556477,0.06223255,0.13427573,0.0
559,0.16388807,0.07680369,0.1992192,0.29751825,0.05611971,0.2064511,0.0
560,0.38368994,0.07187073,0.11647792,0.08055678,0.13904274,0.20836186,0.0
561,0.33286732,0.1753701,0.17208484,0.15726434,0.08973578,0.07267756,0.0
562,0.2518154,0.25162646,0.07787979,0.30160126,0.04839751,0.06867949,0.0
563,0.12532891,0.2949595,0.06476913,0.13591175,0.15186861,0.22716208,0.0
564,0.06947055,0.21165447,0.13546263,0.28392726,0.15803066,0.14145435,0.0
565,0.14013724,0.12644857,0.1332932,0.14760801,0.17014897,0.28236404,0.0
566,0.09178973,0.25846738,0.06080418,0.07578865,0.34295157,0.17019844,0.0
567,0.17271224,0.20058493,0.06840674,0.19335824,0.22856921,0.13636862,0.0
568,0.11470138,0.08721053,0.09517697,0.17101665,0.24860294,0.2832916,0.0
569,0.08036023,0.24842556,0.05134851,0.24187748,0.25287268,0.12511563,0.0
570,0.13994142,0.11890847,0.08849012,0.3455475,0.13313763,0.17397486,0.0
571,0.06743738,0.09836091,0.17387979,0.07798709,0.14796625,0.4343686,0.0
572,0.12849371,0.04671575,0.24984503,0.23758993,0.21810187,0.11925369,0.0
573,0.07020788,0.07886824,0.3273458,0.07039011,0.30023143,0.15295652,0.0
574,0.15521134,0.07914751,0.05799064,0.25190806,0.1181358,0.3376067,0.0
575,0.07946493,0.14012797,0.1557899,0.08432335,0.19590142,0.34439245,0.0
576,0.19591023,0.09734871,0.11459933,0.20160937,0.14727737,0.24325494,0.0
577,0.06563775,0.20654027,0.11680183,0.0769588,0.22809826,0.3059631,0.0
578,0.07926718,0.0762669,0.09475742,0.36946237,0.10777827,0.27246785,0.0
579,0.1022549,0.17871681,0.27078173,0.22368039,0.13375448,0.09081163,0.0
580,0.3093448,0.09865531,0.31431168,0.09262653,0.05749109,0.12757054,0.0
581,0.14310727,0.17172725,0.06641036,0.20208427,0.20255956,0.21411133,0.0
582,0.17904222,0.3371059,0.05243134,0.08297726,0.11265676,0.2357865,0.0
583,0.08988722,0.33084965,0.23532744,0.08484551,0.1963134,0.06277671,0.0
584,0.04802906,0.11222245,0.20151564,0.28533602,0.08978557,0.2631113,0.0
585,0.18034677,0.12186783,0.15677075,0.15840821,0.26546735,0.11713906,0.0
586,0.16645047,0.18082578,0.07880589,0.08274496,0.13110772,0.36006516,0.0
587,0.12008216,0.05945458,0.08810304,0.32612553,0.2323329,0.17390183,0.0
588,0.21196166,0.07560056,0.10408688,0.11216108,0.13308665,0.36310315,0.0
589,0.07739474,0.13692026,0.3071285,0.23638892,0.05659389,0.18557374,0.0
590,0.08655331,0.13430162,0.09564971,0.09767108,0.22732335,0.3585009,0.0
591,0.09310964,0.24206004,0.15643068,0.21162951,0.18396075,0.1128093,0.0
592,0.1523481,0.11769398,0.14924064,0.33521575,0.1369568,0.10854474,0.0
593,0.24708788,0.33300102,0.12813644,0.08494572,0.14786108,0.05896782,0.0
594,0.06070717,0.15676853,0.31229582,0.16906935,0.21369453,0.08746467,0.0
595,0.22457702,0.10867293,0.11034679,0.11044056,0.29856813,0.14739461,0.0
596,0.05332944,0.18922915,0.21730632,0.1679906,0.12619975,0.24594478,0.0
597,0.0419541,0.27839077,0.18301976,0.25937882,0.19022727,0.04702928,0.0
598,0.0917896,0.17236057,0.1035045,0.25502434,0.09465252,0.28266838,0.0
599,0.12755571,0.12334085,0.1303741,0.21047916,0.1525082,0.25574195,0.0
600,0.29410824,0.10847045,0.17140085,0.10892904,0.25660685,0.0604846,0.0
601,0.08833253,0.10670214,0.08125227,0.39094606,0.08101104,0.25175592,0.0
602,0.08441249,0.093452,0.13651662,0.2573784,0.23051542,0.19772503,0.0
603,0.13163145,0.07262702,0.32259667,0.09473018,0.23604687,0.14236788,0.0
604,0.09688935,0.19321969,0.06789821,0.187903,0.31998682,0.13410294,0.0
605,0.05877888,0.0658122,0.05846426,0.3541443,0.3553309,0.1074694,0.0
606,0.08294995,0.2538914,0.10034249,0.23455031,0.22773808,0.1005277,0.0
607,0.18147847,0.14772254,0.32701656,0.14837962,0.0849473,0.11045549,0.0
608,0.09539873,0.27961293,0.11063432,0.13948803,0.2699766,0.10488943,0.0
609,0.0801969,0.3386125,0.08020369,0.07979035,0.34409374,0.07710289,0.0
610,0.16423261,0.08579433,0.31541282,0.08051092,0.23311938,0.12093002,0.0
611,0.15181261,0.2592602,0.12961869,0.08176377,0.28156513,0.09597962,0.0
612,0.13630834,0.20603961,0.07661133,0.09388975,0.1493793,0.33777165,0.0
613,0.05830069,0.32868257,0.17149764,0.07546609,0.07539904,0.29065394,0.0
614,0.2798915,0.21532741,0.11088627,0.09134301,0.23360714,0.0689447,0.0
615,0.0597428,0.04282789,0.15177965,0.26082188,0.2150235,0.26980427,0.0
616,0.327857,0.14592774,0.08424932,0.08843055,0.22498631,0.12854908,0.0
617,0.24032296,0.08820301,0.05519922,0.25764126,0.1389875,0.21964604,0.0
618,0.09789978,0.23507172,0.37865072,0.12792411,0.08432546,0.07612821,0.0
619,0.13885717,0.2407283,0.05503131,0.16125125,0.08611342,0.31801856,0.0
620,0.1991471,0.1551901,0.23784687,0.08875993,0.25599515,0.06306086,0.0
621,0.1625688,0.18851228,0.22917092,0.113049,0.25289184,0.05380721,0.0
622,0.23336396,0.07825469,0.06396919,0.09602053,0.33243665,0.19595495,0.0
623,0.13119313,0.08947831,0.1016202,0.1268867,0.21064234,0.3401793,0.0
624,0.3143851,0.14617898,0.05947562,0.13238929,0.23632507,0.11124592,0.0
625,0.13001926,0.23068333,0.17492518,0.1696347,0.18056916,0.11416837,0.0
626,0.07321883,0.12535161,0.3817427,0.18266712,0.07499007,0.16202967,0.0
627,0.06213097,0.14277178,0.30896148,0.31923306,0.0851225,0.08178024,0.0
628,0.29069847,0.06558238,0.0940561,0.3218878,0.16307954,0.06469574,0.0
629,0.1124631,0.16958034,0.19387546,0.15554011,0.18179522,0.18674581,0.0
630,0.11730132,0.1784365,0.15209174,0.19367608,0.26730904,0.09118536,0.0
631,0.32188243,0.10047846,0.09944413,0.17989543,0.18681414,0.11148551,0.0
632,0.09498794,0.06807957,0.18344922,0.19961432,0.20267533,0.25119364,0.0
633,0.12118295,0.14511338,0.09506609,0.30561918,0.24438682,0.08863163,0.0
634,0.3411286,0.23515064,0.09114829,0.08259534,0.1805024,0.06947471,0.0
635,0.06079363,0.24553712,0.06418917,0.11916485,0.21152438,0.29879084,0.0
636,0.18979466,0.23181868,0.19128816,0.14119917,0.16266511,0.08323427,0.0
637,0.22237237,0.12208533,0.28175762,0.19344975,0.07466611,0.10566881,0.0
638,0.06669519,0.12646692,0.21903887,0.12212005,0.28549844,0.18018043,0.0
639,0.04606803,0.29293773,0.10689461,0.15750395,0.1569178,0.23967789,0.0
640,0.27355525,0.08943116,0.10944372,0.28614402,0.12302629,0.11839961,0.0
641,0.1202193,0.33030355,0.10175536,0.09911221,0.23167555,0.116934,0.0
642,0.3413871,0.11166428,0.09129608,0.241555,0.13522032,0.07887726,0.0
643,0.21699828,0.0712364,0.10519438,0.3037712,0.06919971,0.23360004,0.0
644,0.10260268,0.1509519,0.09942148,0.06876905,0.28802657,0.29022834,0.0
645,0.19299981,0.15985425,0.24609897,0.1892316,0.14201666,0.06979877,0.0
646,0.0745731,0.07694834,0.2764758,0.2800049,0.08855391,0.20344399,0.0
647,0.19697823,0.05519295,0.15840471,0.10446918,0.2095815,0.27537352,0.0
648,0.06924352,0.06688047,0.32701126,0.31654805,0.1649865,0.05533023,0.0
649,0.10957123,0.1776382,0.16405292,0.07997915,0.17534089,0.29341763,0.0
650,0.22612722,0.12113672,0.17983161,0.10647712,0.21805272,0.1483746,0.0
651,0.06148572,0.12016511,0.16334727,0.27522904,0.26103404,0.11873887,0.0
652,0.33785823,0.30940464,0.13581048,0.0570761,0.06744827,0.09240235,0.0
653,0.16443044,0.12059221,0.13262847,0.3890797,0.0757747,0.11749446,0.0
654,0.10989033,0.09438916,0.16773675,0.09414831,0.2263771,0.30745834,0.0
655,0.06141791,0.16352402,0.22101922,0.28416947,0.09077869,0.17909068,0.0
656,0.21926579,0.06262606,0.26258454,0.1566414,0.1506555,0.14822665,0.0
657,0.09106234,0.05693265,0.19154473,0.19716638,0.28753644,0.17575742,0.0
658,0.37284073,0.05510958,0.2960254,0.12759204,0.06545071,0.08298153,0.0
659,0.23121534,0.06989964,0.25946918,0.12238193,0.13440524,0.18262863,0.0
660,0.08258414,0.09241562,0.09316602,0.3701542,0.07461439,0.28706557,0.0
661,0.22225222,0.07213411,0.07121736,0.3809204,0.07994024,0.17353562,0.0
662,0.14124016,0.20722854,0.17592052,0.06397362,0.19672352,0.21491371,0.0
663,0.07582556,0.28711623,0.17484052,0.3022987,0.05604069,0.10387826,0.0
664,0.28699026,0.05990553,0.20524056,0.20043786,0.13804859,0.10937721,0.0
665,0.12542945,0.2696974,0.09251571,0.3668015,0.07519537,0.07036065,0.0
666,0.13666074,0.03767989,0.22449763,0.24961971,0.19507603,0.15646596,0.0
667,0.1210986,0.13828497,0.20235395,0.22613846,0.22136836,0.09075563,0.0
668,0.1352444,0.10193621,0.17227228,0.24250051,0.11388984,0.23415673,0.0
669,0.16336402,0.0958361,0.13121003,0.07891338,0.27477634,0.25590017,0.0
670,0.17336155,0.27028903,0.08308003,0.2576403,0.13371193,0.08191715,0.0
671,0.11155996,0.12978832,0.22178069,0.15352125,0.16987142,0.21347831,0.0
672,0.07151637,0.06639332,0.27758035,0.24731456,0.17221133,0.16498409,0.0
673,0.05064507,0.19361113,0.26100743,0.07881223,0.05793157,0.3579925,0.0
674,0.08699328,0.07523492,0.24845688,0.1652983,0.2996743,0.12434233,0.0
675,0.272897,0.04845357,0.3322162,0.13870007,0.04725477,0.16047844,0.0
676,0.20017579,0.1438112,0.29891804,0.07790954,0.08348044,0.19570498,0.0
677,0.3816773,0.15414166,0.2126778,0.07516614,0.08386811,0.09246903,0.0
678,0.08258706,0.25128117,0.12827712,0.27494913,0.1942554,0.06865016,0.0
679,0.21239427,0.09401835,0.13436306,0.23012029,0.20270701,0.12639697,0.0
680,0.3574801,0.13907662,0.10270096,0.17009479,0.12628071,0.10436685,0.0
681,0.26852548,0.22799414,0.12569611,0.12820207,0.08719683,0.16238542,0.0
682,0.23456003,0.27613693,0.11085171,0.09281438,0.08266085,0.2029761,0.0
683,0.22165221,0.09161391,0.25592384,0.24911141,0.08518328,0.09651531,0.0
684,0.21805348,0.20337002,0.06175854,0.12898678,0.11962182,0.26820937,0.0
685,0.08649354,0.2713026,0.14856921,0.21780415,0.193601,0.08222953,0.0
686,0.25700328,0.21669595,0.18469085,0.06894695,0.19070119,0.0819618,0.0
687,0.11823842,0.25776193,0.16526766,0.08810806,0.2860953,0.08452871,0.0
688,0.3409909,0.12815656,0.17251465,0.12763843,0.10984542,0.1208541,0.0
689,0.0936062,0.3563301,0.05479807,0.12714203,0.19115087,0.1769727,0.0
690,0.09663056,0.12910044,0.17081892,0.247084,0.08767514,0.26869088,0.0
691,0.21175465,0.12703447,0.0993543,0.09144547,0.20249267,0.26791853,0.0
692,0.258829,0.35423237,0.12958828,0.08824511,0.09119724,0.07790803,0.0
693,0.07627654,0.33880118,0.09932854,0.11309258,0.23545918,0.13704191,0.0
694,0.10793126,0.22178684,0.30221558,0.05802478,0.2578778,0.05216381,0.0
695,0.19348167,0.23233046,0.08084395,0.24489237,0.08281362,0.16563787,0.0
696,0.09278699,0.21670502,0.05434241,0.24791397,0.1125764,0.27567518,0.0
697,0.11346617,0.11656152,0.35303444,0.13331756,0.12255703,0.16106327,0.0
698,0.15574217,0.13603301,0.20357803,0.25423217,0.16587815,0.08453646,0.0
699,0.08074441,0.10048597,0.18503408,0.2729165,0.2234506,0.13736846,0.0
700,0.16510478,0.09109851,0.11807172,0.39548093,0.11002457,0.12021943,0.0
701,0.04532149,0.19071396,0.29522654,0.19584388,0.1743696,0.09852444,0.0
702,0.15420777,0.14023982,0.29323992,0.09093115,0.09083843,0.23054291,0.0
703,0.28837603,0.2594469,0.04342115,0.06228826,0.12825929,0.21820833,0.0
704,0.05823177,0.19674738,0.11125774,0.2451077,0.13706201,0.2515934,0.0
705,0.05535541,0.05797768,0.3433398,0.37437427,0.05777098,0.1111819,0.0
706,0.3839514,0.07534403,0.09157191,0.07346555,0.2458689,0.12979822,0.0
707,0.14652026,0.20136002,0.23624262,0.11657282,0.0614637,0.23784061,0.0
708,0.08021975,0.27892172,0.06118573,0.17804417,0.29688662,0.10474204,0.0
709,0.08934096,0.14056711,0.14149989,0.14738034,0.39202777,0.0891839,0.0
710,0.21925214,0.2855956,0.12515236,0.06795937,0.24927284,0.05276768,0.0
711,0.43308723,0.11229638,0.15122034,0.10080795,0.09296485,0.10962325,0.0
712,0.10074672,0.26216292,0.25514075,0.2762917,0.06386343,0.04179451,0.0
713,0.13111795,0.11932331,0.18848822,0.13749607,0.280754,0.1428205,0.0
714,0.06468291,0.1971888,0.05324112,0.34666684,0.10364559,0.23457478,0.0
715,0.06315899,0.20112059,0.2818591,0.21760435,0.14934194,0.08691496,0.0
716,0.23380531,0.08161582,0.21665974,0.13332088,0.10236072,0.23223749,0.0
717,0.08081568,0.09111638,0.45268363,0.17166197,0.12140389,0.08231846,0.0
718,0.05673176,0.3631222,0.14170818,0.09171528,0.27197084,0.07475182,0.0
719,0.29029676,0.10443258,0.05544879,0.21756007,0.1985819,0.13367994,0.0
720,0.1289117,0.07749674,0.3518197,0.22481625,0.10046081,0.11649477,0.0
721,0.15371832,0.0532591,0.27910048,0.20662902,0.19608207,0.11121093,0.0
722,0.29250225,0.05997994,0.33365223,0.08885376,0.06612381,0.158888,0.0
723,0.12230214,0.11209521,0.15015878,0.21315603,0.18999277,0.21229511,0.0
724,0.16004713,0.19281915,0.18415116,0.07498089,0.11574541,0.27225623,0.0
725,0.20699131,0.13134527,0.2871503,0.08127904,0.18654646,0.10668765,0.0
726,0.21274602,0.11156241,0.14404747,0.09714331,0.11091881,0.32358202,0.0
727,0.22746988,0.06398918,0.08395438,0.45803615,0.10114767,0.06540266,0.0
728,0.33440864,0.09739499,0.11560362,0.2532972,0.06519928,0.1340962,0.0
729,0.20270054,0.29109168,0.07899147,0.12724844,0.16064928,0.13931859,0.0
730,0.23305705,0.06816509,0.16487905,0.12399845,0.3021795,0.10772084,0.0
731,0.17462702,0.1083634,0.13883936,0.17905328,0.25229082,0.1468262,0.0
732,0.17916493,0.10545903,0.2701589,0.06514741,0.06707868,0.31299108,0.0
733,0.1534337,0.07950462,0.19885811,0.1664623,0.15352464,0.24821663,0.0
734,0.1582379,0.10681415,0.17477426,0.12643449,0.21295615,0.22078308,0.0
735,0.14996323,0.09049147,0.05560183,0.3388359,0.20938018,0.15572737,0.0
736,0.08860632,0.31725803,0.16853349,0.2482387,0.08925632,0.08810721,0.0
737,0.1401983,0.15548944,0.11561747,0.29331732,0.10133484,0.19404258,0.0
738,0.06598991,0.10145921,0.32496935,0.17940506,0.25293437,0.07524212,0.0
739,0.11854667,0.23526269,0.07800129,0.06499371,0.21501146,0.28818414,0.0
740,0.22236758,0.13745137,0.04474355,0.21111836,0.30141807,0.08290108,0.0
741,0.18055439,0.10556357,0.09642477,0.18029447,0.12881306,0.30834967,0.0
742,0.07266141,0.37037897,0.06093608,0.13690522,0.0649467,0.29417166,0.0
743,0.21648829,0.15515973,0.2762878,0.05371967,0.19265433,0.10569024,0.0
744,0.07113449,0.10848404,0.08052359,0.08084343,0.41768047,0.2413339,0.0
745,0.23154025,0.14427225,0.10350861,0.20244959,0.22746244,0.0907669,0.0
746,0.15246536,0.16590698,0.17873,0.08038597,0.160432,0.2620796,0.0
747,0.1229424,0.05983992,0.07210047,0.0992031,0.3090376,0.33687648,0.0
748,0.10438775,0.08387878,0.29463667,0.10559474,0.07613821,0.33536386,0.0
749,0.2759734,0.14055468,0.3068376,0.0873455,0.06495147,0.12433734,0.0
750,0.13643782,0.2880467,0.0912149,0.12936677,0.27443153,0.08050234,0.0
751,0.10579117,0.06324493,0.05643119,0.07924108,0.34489098,0.35040057,0.0
752,0.31069216,0.10112378,0.09618596,0.13462524,0.24725713,0.1101158,0.0
753,0.2564846,0.17178315,0.10523334,0.10340454,0.24238616,0.12070814,0.0
754,0.22139159,0.06399095,0.13709204,0.12413132,0.3287602,0.12463386,0.0
755,0.20258577,0.23867373,0.06531224,0.25679168,0.13938178,0.09725479,0.0
756,0.17779489,0.04290184,0.22463657,0.19074465,0.22255969,0.14136234,0.0
757,0.16556041,0.11812887,0.23488098,0.142415,0.10277745,0.23623733,0.0
758,0.06237163,0.12105443,0.24966532,0.25512275,0.25150537,0.06028053,0.0
759,0.15365298,0.17747366,0.2580195,0.04730313,0.11493351,0.24861729,0.0
760,0.12703456,0.24384198,0.19726993,0.11197554,0.14234583,0.17753214,0.0
761,0.12084536,0.18307991,0.16275977,0.16508333,0.25663215,0.11159956,0.0
762,0.08577992,0.12143863,0.13809763,0.16454288,0.26415583,0.22598511,0.0
763,0.23111524,0.18807304,0.07105384,0.28832605,0.11519374,0.10623819,0.0
764,0.1056827,0.13070388,0.0797587,0.2739749,0.10994531,0.29993454,0.0
765,0.29782116,0.08623888,0.16998664,0.08713552,0.06401575,0.29480198,0.0
766,0.26092038,0.24911968,0.05839625,0.21813779,0.13008487,0.08334098,0.0
767,0.17497893,0.29765773,0.12202339,0.10443922,0.15630798,0.14459285,0.0
768,0.08301088,0.4278983,0.11423337,0.10210445,0.07687982,0.1958732,0.0
769,0.10284999,0.28349406,0.10611705,0.09651766,0.35625955,0.05476161,0.0
770,0.14751741,0.07281275,0.23660092,0.22402604,0.23996447,0.07907837,0.0
771,0.06634349,0.26347613,0.19647582,0.07603533,0.07276165,0.3249076,0.0
772,0.08734511,0.28167158,0.05398058,0.33793437,0.12497228,0.11409605,0.0
773,0.13385965,0.13002983,0.15772438,0.17953648,0.07613081,0.32271886,0.0
774,0.04632736,0.31129125,0.27428806,0.10472565,0.12862341,0.13474426,0.0
775,0.25359797,0.08156949,0.11184554,0.07811009,0.07172094,0.40315595,0.0
776,0.16455936,0.06941507,0.2953112,0.13180062,0.13017188,0.20874184,0.0
777,0.26341996,0.1348217,0.32223147,0.07917433,0.14112644,0.05922605,0.0
778,0.18056092,0.19882722,0.29001385,0.16028312,0.05150722,0.11880767,0.0
779,0.21187556,0.15021867,0.28286043,0.0963451,0.18393376,0.07476643,0.0
780,0.1577217,0.14095724,0.1379259,0.25723526,0.13143247,0.17472742,0.0
781,0.25772762,0.14522937,0.26078138,0.06509846,0.14536768,0.12579553,0.0
782,0.16501531,0.17626432,0.07478714,0.19056515,0.21657781,0.17679024,0.0
783,0.12896782,0.22195342,0.25357282,0.15884094,0.14049277,0.0961722,0.0
784,0.0819281,0.06311256,0.3455274,0.17150357,0.06897736,0.26895097,0.0
785,0.07991353,0.21888088,0.18581498,0.26820588,0.10414208,0.14304258,0.0
786,0.07721713,0.36088392,0.12518689,0.08993846,0.1514539,0.19531971,0.0
787,0.14791436,0.2176723,0.33704078,0.08884846,0.08310182,0.12542221,0.0
788,0.1414348,0.10552522,0.19157748,0.11381458,0.19305615,0.2545918,0.0
789,0.31393218,0.11619738,0.06959351,0.09766342,0.2183923,0.18422131,0.0
790,0.0700853,0.29131204,0.3069897,0.08697506,0.1413773,0.10326064,0.0
791,0.19790855,0.14225659,0.07414616,0.06490423,0.31586206,0.20492235,0.0
792,0.16681942,0.08317447,0.24825448,0.1100504,0.16147348,0.2302278,0.0
793,0.23058404,0.18043369,0.09768095,0.11422724,0.31833884,0.05873515,0.0
794,0.06857765,0.3310768,0.30673432,0.08409124,0.06741495,0.14210504,0.0
795,0.18924199,0.2498159,0.12614676,0.19106686,0.09390792,0.1498205,0.0
796,0.15813556,0.2675606,0.20273077,0.25764933,0.04362567,0.07029809,0.0
797,0.1307302,0.08831356,0.13617674,0.29681808,0.21584477,0.13211666,0.0
798,0.06407983,0.04682299,0.19770065,0.277354,0.15151769,0.26252493,0.0
799,0.24781878,0.3386076,0.14270572,0.06469093,0.11870912,0.08746786,0.0
800,0.33438846,0.18814756,0.07857314,0.26432928,0.05975058,0.07481101,0.0
801,0.17107388,0.20259818,0.10807347,0.0784548,0.30865818,0.13114142,0.0
802,0.05899434,0.10149379,0.09681778,0.24541028,0.1506934,0.34659034,0.0
803,0.17082395,0.05181949,0.06893765,0.2729141,0.1907036,0.24480118,0.0
804,0.23622371,0.06880651,0.24908847,0.08671895,0.24887791,0.11028441,0.0
805,0.1193306,0.1642696,0.1782972,0.20626013,0.14890528,0.18293715,0.0
806,0.21687832,0.1750877,0.24398237,0.0697483,0.06692875,0.22737445,0.0
807,0.30958655,0.1928838,0.15656765,0.06646407,0.17321755,0.10128032,0.0
808,0.25797004,0.06633012,0.19444646,0.18670557,0.13551831,0.15902953,0.0
809,0.23031354,0.35418132,0.11432556,0.11905902,0.10840204,0.0737185,0.0
810,0.1276025,0.3442696,0.0911647,0.2057493,0.15265113,0.07856268,0.0
811,0.08921891,0.17888638,0.21645798,0.26149482,0.20601666,0.04792522,0.0
812,0.3363208,0.06378291,0.20076747,0.10495754,0.21872605,0.0754453,0.0
813,0.05543033,0.3174656,0.19668433,0.11848894,0.2318881,0.08004265,0.0
814,0.24536648,0.09293772,0.2174813,0.06672559,0.09863397,0.27885497,0.0
815,0.10333852,0.14383711,0.1715064,0.30742353,0.09926982,0.17462458,0.0
816,0.19610296,0.11011088,0.17528112,0.13167965,0.14765757,0.23916778,0.0
817,0.16238554,0.20275943,0.08476899,0.1457936,0.29209584,0.11219659,0.0
818,0.24531753,0.09561426,0.07867797,0.12357011,0.20954399,0.2472761,0.0
819,0.26265213,0.07836825,0.07139303,0.11489367,0.134785,0.33790794,0.0
820,0.23519817,0.12327394,0.20960635,0.16747889,0.11389336,0.15054919,0.0
821,0.05410714,0.11619335,0.1697233,0.07989173,0.2981554,0.28192905,0.0
822,0.1765522,0.26963714,0.09403928,0.09191634,0.11197598,0.2558791,0.0
823,0.13179229,0.1581164,0.22139636,0.16024503,0.105565,0.22288491,0.0
824,0.18089494,0.15154691,0.16562884,0.2900001,0.13413827,0.07779086,0.0
825,0.28973845,0.1695626,0.08662643,0.17681319,0.08303736,0.19422197,0.0
826,0.09737167,0.1755948,0.199245,0.1903844,0.21065962,0.12674445,0.0
827,0.05856577,0.15445435,0.05987623,0.26150692,0.32167342,0.1439233,0.0
828,0.08915789,0.08712849,0.2327325,0.15263866,0.28410643,0.15423615,0.0
829,0.10180485,0.16135883,0.25661346,0.11466569,0.11673298,0.24882416,0.0
830,0.164572,0.48845205,0.12769134,0.0683675,0.07522196,0.07569517,0.0
831,0.24023367,0.20786223,0.30464506,0.10635259,0.05250473,0.08840167,0.0
832,0.1941997,0.23725484,0.20901586,0.0887448,0.04329766,0.22748716,0.0
833,0.10040412,0.148667,0.2441584,0.10278092,0.1859118,0.21807773,0.0
834,0.09726443,0.22794849,0.32652554,0.0981737,0.08259239,0.16749547,0.0
835,0.072171,0.12769198,0.10943248,0.22186132,0.153677,0.3151662,0.0
836,0.06492971,0.2852936,0.2517212,0.26929584,0.06991972,0.05883979,0.0
837,0.26763535,0.17272045,0.13484666,0.1097279,0.09248344,0.22258614,0.0
838,0.05330968,0.08422379,0.2884359,0.06126985,0.21200156,0.3007592,0.0
839,0.1616191,0.16461197,0.2879151,0.13146731,0.1779923,0.07639425,0.0
840,0.299349,0.11752791,0.27672952,0.06033769,0.0976629,0.14839289,0.0
841,0.16627857,0.22925562,0.1633055,0.09838972,0.2269506,0.11582003,0.0
842,0.21685793,0.18006748,0.14858419,0.26635945,0.06146185,0.12666912,0.0
843,0.06743398,0.13425818,0.08475164,0.19186376,0.45334104,0.06835141,0.0
844,0.2176619,0.14044859,0.044779,0.17439349,0.21746787,0.2052491,0.0
845,0.09945519,0.24043468,0.19410513,0.20438386,0.1919642,0.06965707,0.0
846,0.0781358,0.11369801,0.13629629,0.10140437,0.37203616,0.1984294,0.0
847,0.32048076,0.2087458,0.09237763,0.1926424,0.05904992,0.12670356,0.0
848,0.23121618,0.09272769,0.27727294,0.0984038,0.2064317,0.09394772,0.0
849,0.10601869,0.10870688,0.20213439,0.07634266,0.1610709,0.3457265,0.0
850,0.38384473,0.1528988,0.14421874,0.05994312,0.1400787,0.11901592,0.0
851,0.07136222,0.18300831,0.24506278,0.08867124,0.20642851,0.20546696,0.0
852,0.19180848,0.0889259,0.08058284,0.1540954,0.20878191,0.2758055,0.0
853,0.07420286,0.10713905,0.19751242,0.1741725,0.21017252,0.23680064,0.0
854,0.11330707,0.3184649,0.06388021,0.14413942,0.20207141,0.15813692,0.0
855,0.15554471,0.06914952,0.18132253,0.26121894,0.1273954,0.20536894,0.0
856,0.07234114,0.07583186,0.23116463,0.23849434,0.07685155,0.30531648,0.0
857,0.06424484,0.07385761,0.35083413,0.27548894,0.13255937,0.10301512,0.0
858,0.07337104,0.3738952,0.09563037,0.17399053,0.06305489,0.22005801,0.0
859,0.29692143,0.13537906,0.08754529,0.10265189,0.27368373,0.1038186,0.0
860,0.16787526,0.10252672,0.18077748,0.33933198,0.1513349,0.05815367,0.0
861,0.1761064,0.23939677,0.17314464,0.13958913,0.17842516,0.09333798,0.0
862,0.22353093,0.1535863,0.07880921,0.30915797,0.18913771,0.04577786,0.0
863,0.2877402,0.09214192,0.08201769,0.3357975,0.12417917,0.07812361,0.0
864,0.11786818,0.12441649,0.09762995,0.18601307,0.33507463,0.13899776,0.0
865,0.14201698,0.11196224,0.32042915,0.22058009,0.07792339,0.12708813,0.0
866,0.13588877,0.16938928,0.40709856,0.10547736,0.0876461,0.09449989,0.0
867,0.09740143,0.15069355,0.08899304,0.15337656,0.35181004,0.15772527,0.0
868,0.17173022,0.06937758,0.21700135,0.15746956,0.28361532,0.10080606,0.0
869,0.1838932,0.07990144,0.06428905,0.10410853,0.14382465,0.42398304,0.0
870,0.26694575,0.17218287,0.15129854,0.17693113,0.10925535,0.12338638,0.0
871,0.20146544,0.16174954,0.07589252,0.10378481,0.1741315,0.28297618,0.0
872,0.10028809,0.14050491,0.10363904,0.26208097,0.32792872,0.0655583,0.0
873,0.13664106,0.27955264,0.11995436,0.1603406,0.17786026,0.12565103,0.0
874,0.18526058,0.12944326,0.13405178,0.16932143,0.28319532,0.09872761,0.0
875,0.11866228,0.11399312,0.38554233,0.12908621,0.15591782,0.09679818,0.0
876,0.25360245,0.24364701,0.09442648,0.1615593,0.1887219,0.0580428,0.0
877,0.12624882,0.29173678,0.07519326,0.07634713,0.2345951,0.19587888,0.0
878,0.18573369,0.25838402,0.17349796,0.12171564,0.17969967,0.08096907,0.0
879,0.23640199,0.07409536,0.18674423,0.14254819,0.07861376,0.28159642,0.0
880,0.29914537,0.06951444,0.26259565,0.1399643,0.05823691,0.1705434,0.0
881,0.16611117,0.30899182,0.08540722,0.1961348,0.14608096,0.09727404,0.0
882,0.08135146,0.22185718,0.32548803,0.10412902,0.10201611,0.16515832,0.0
883,0.23674111,0.28951117,0.22051798,0.08017252,0.06747556,0.10558164,0.0
884,0.09031134,0.10580624,0.16060115,0.09703016,0.21468645,0.33156458,0.0
885,0.13949724,0.28411403,0.2066727,0.19907776,0.10626476,0.06437348,0.0
886,0.22107401,0.13990176,0.08256765,0.17264444,0.22849971,0.15531245,0.0
887,0.05904306,0.31796607,0.05954554,0.15399459,0.32273963,0.0867111,0.0
888,0.1031858,0.1696966,0.05339738,0.29936895,0.26231226,0.11203902,0.0
889,0.10705423,0.22543773,0.10279552,0.19525076,0.08964816,0.2798136,0.0
890,0.05772397,0.16817696,0.20058875,0.2717481,0.08624305,0.21551919,0.0
891,0.1539928,0.20552011,0.06321771,0.25506264,0.15682633,0.16538033,0.0
892,0.12057456,0.22828557,0.27959928,0.03997012,0.24209236,0.08947812,0.0
893,0.14197336,0.21190499,0.14084344,0.19433066,0.13591644,0.17503105,0.0
894,0.06356528,0.2558795,0.09504849,0.2928615,0.10512932,0.18751594,0.0
895,0.0647874,0.37975264,0.07174149,0.07553469,0.2823219,0.12586182,0.0
896,0.30694178,0.21821265,0.04313392,0.21333386,0.09991329,0.11846447,0.0
897,0.05655212,0.0514011,0.20653409,0.23240788,0.196364,0.25674075,0.0
898,0.16430946,0.29175714,0.12323223,0.09745906,0.0920665,0.2311755,0.0
899,0.0824387,0.21520011,0.32102674,0.11658621,0.1815227,0.08322553,0.0
900,0.11178796,0.08014965,0.082001,0.16378792,0.17181987,0.39045367,0.0
901,0.15101564,0.06517473,0.23681088,0.15195662,0.27851868,0.11652348,0.0
902,0.10805304,0.10847189,0.07670801,0.12936147,0.17270268,0.40470293,0.0
903,0.14515123,0.26588938,0.21543616,0.1892403,0.11573984,0.06854305,0.0
904,0.0631611,0.06217233,0.2422338,0.1651109,0.2391563,0.22816554,0.0
905,0.11040486,0.16747966,0.33988968,0.17999612,0.0887462,0.11348352,0.0
906,0.14950676,0.05889926,0.22945349,0.17187388,0.12638736,0.26387924,0.0
907,0.32391697,0.1018284,0.14731774,0.0707215,0.12715806,0.22905733,0.0
908,0.1467972,0.15723383,0.27758816,0.20298971,0.08888549,0.12650557,0.0
909,0.41608363,0.07876161,0.19221677,0.09580926,0.10328071,0.11384802,0.0
910,0.27797538,0.14914665,0.13265575,0.19323775,0.05643453,0.19054988,0.0
911,0.2765189,0.15686452,0.1723663,0.20208468,0.09974042,0.09242515,0.0
912,0.2466494,0.19027169,0.12911524,0.1456976,0.12383174,0.16443436,0.0
913,0.1273881,0.1083427,0.2605204,0.24691175,0.19375467,0.06308235,0.0
914,0.06212991,0.15279797,0.15620805,0.22831765,0.12242219,0.2781242,0.0
915,0.2505012,0.03974647,0.15360789,0.21657966,0.13112989,0.2084349,0.0
916,0.22800124,0.08343803,0.23039846,0.19787371,0.15184842,0.10844016,0.0
917,0.26120666,0.16116722,0.1783816,0.08450175,0.25784463,0.05689805,0.0
918,0.13202313,0.11451356,0.31103253,0.06650496,0.3067955,0.06913042,0.0
919,0.05067915,0.2195809,0.14567505,0.2075195,0.14514764,0.23139788,0.0
920,0.14546473,0.09353432,0.33027682,0.30967402,0.05776757,0.06328245,0.0
921,0.12980166,0.24223562,0.1634758,0.290052,0.05959417,0.11484073,0.0
922,0.10647876,0.19011748,0.22567855,0.0541055,0.33132797,0.09229179,0.0
923,0.19005427,0.08148781,0.15543655,0.3251978,0.09222864,0.15559492,0.0
924,0.18548329,0.37881538,0.18128839,0.07399144,0.0654112,0.11501035,0.0
925,0.3023185,0.287572,0.10492408,0.10647533,0.1349322,0.06377789,0.0
926,0.15593939,0.12580301,0.23964171,0.17349306,0.08415196,0.22097093,0.0
927,0.11542519,0.14727305,0.1989534,0.26525277,0.10492271,0.16817287,0.0
928,0.12562746,0.21530308,0.22502314,0.21593451,0.07798695,0.14012486,0.0
929,0.12348779,0.20791955,0.21697278,0.0852382,0.1284475,0.23793411,0.0
930,0.20800927,0.08347573,0.13772921,0.08368897,0.3171329,0.16996397,0.0
931,0.16990589,0.18561102,0.09236389,0.22080871,0.21628094,0.1150295,0.0
932,0.08025689,0.2556523,0.22962937,0.12458321,0.16583481,0.14404342,0.0
933,0.15847325,0.28293833,0.2151021,0.10996181,0.18462874,0.04889569,0.0
934,0.18969525,0.10359935,0.06291343,0.42624953,0.06870474,0.14883767,0.0
935,0.2531233,0.09809176,0.22072594,0.27854052,0.07441026,0.07510814,0.0
936,0.28476545,0.328274,0.08531724,0.07302049,0.1012571,0.12736562,0.0
937,0.16577098,0.15587097,0.1560617,0.12234145,0.19618501,0.20376985,0.0
938,0.08447319,0.23405015,0.08367673,0.2702768,0.07138894,0.25613415,0.0
939,0.06862132,0.24238856,0.3161219,0.05797264,0.18279509,0.13210051,0.0
940,0.1675244,0.09848017,0.3136338,0.1627064,0.14628512,0.11137003,0.0
941,0.12591676,0.12920104,0.2810413,0.2528803,0.11430903,0.09665148,0.0
942,0.08912922,0.24008997,0.14355569,0.31908217,0.13056822,0.07757472,0.0
943,0.23280747,0.13963138,0.09947962,0.06717987,0.3329712,0.12793039,0.0
944,0.24021938,0.2559194,0.16183484,0.13934164,0.143746,0.05893878,0.0
945,0.20353636,0.2325123,0.27008587,0.05177815,0.07097542,0.17111197,0.0
946,0.06740882,0.08907867,0.16906923,0.42739674,0.10148851,0.14555809,0.0
947,0.22840412,0.21524727,0.20646544,0.06030438,0.11108982,0.17848904,0.0
948,0.32475096,0.08751178,0.3141577,0.04721235,0.06213269,0.16423441,0.0
949,0.16478755,0.35397568,0.16390102,0.06766417,0.08570584,0.16396573,0.0
950,0.11455956,0.10520592,0.10702737,0.38078216,0.10933042,0.18309468,0.0
951,0.27250937,0.1126864,0.08576666,0.05025176,0.21666878,0.26211703,0.0
952,0.11077953,0.3194681,0.18956093,0.10049336,0.09030585,0.18939215,0.0
953,0.1122135,0.10975028,0.09027321,0.10480069,0.1824114,0.40055096,0.0
954,0.1108893,0.19738123,0.05980329,0.06982196,0.19531606,0.3667881,0.0
955,0.1601998,0.28487313,0.10418794,0.16696696,0.08957533,0.19419691,0.0
956,0.30160305,0.07955491,0.08082912,0.21148404,0.14808515,0.17844373,0.0
957,0.28912994,0.18827702,0.08146793,0.13287142,0.0479462,0.26030746,0.0
958,0.13564497,0.05623143,0.2750335,0.08288576,0.27743408,0.17277026,0.0
959,0.09320305,0.08684134,0.12856205,0.11479182,0.13276646,0.44383532,0.0
960,0.2548887,0.15516303,0.14555953,0.0621503,0.20912233,0.17311607,0.0
961,0.07682351,0.25183347,0.25933588,0.12483468,0.07640722,0.21076527,0.0
962,0.14407559,0.21919726,0.15470055,0.16333328,0.13564065,0.18305263,0.0
963,0.1440827,0.05894396,0.09416561,0.28751954,0.18443663,0.23085149,0.0
964,0.04841359,0.26306483,0.05528208,0.3041749,0.18453176,0.14453286,0.0
965,0.11626282,0.1199404,0.06371242,0.31724662,0.12517731,0.25766048,0.0
966,0.29078722,0.13850397,0.2663243,0.10930271,0.1146403,0.08044139,0.0
967,0.3434314,0.24422047,0.11465592,0.1003314,0.10862936,0.08873153,0.0
968,0.2328829,0.15690377,0.16566318,0.15536118,0.15356103,0.13562785,0.0
969,0.40966138,0.11252923,0.09060936,0.14926687,0.12333613,0.1145971,0.0
970,0.08551189,0.04512488,0.18873566,0.2802689,0.127665,0.27269363,0.0
971,0.0887071,0.27477807,0.08367185,0.10697599,0.19323553,0.25263155,0.0
972,0.11862472,0.20213462,0.21210173,0.0799505,0.19420499,0.19298357,0.0
973,0.40485454,0.09520824,0.10124578,0.20562345,0.09120011,0.10186785,0.0
974,0.15097897,0.11574344,0.09325539,0.24766666,0.10446148,0.28789404,0.0
975,0.21866085,0.24681652,0.16457243,0.16209456,0.05654262,0.15131302,0.0
976,0.08074664,0.39259002,0.12655878,0.22989805,0.10362082,0.06658572,0.0
977,0.05726601,0.28602818,0.13326143,0.16090418,0.23587573,0.1266645,0.0
978,0.24138974,0.14026202,0.15420222,0.22806774,0.18026672,0.0558115,0.0
979,0.06281957,0.15056388,0.0918551,0.13298762,0.19030413,0.37146974,0.0
980,0.07570014,0.18827488,0.17020117,0.18033212,0.32677975,0.05871193,0.0
981,0.06176143,0.15656944,0.30149412,0.2288249,0.18598439,0.06536572,0.0
982,0.04663199,0.24059479,0.18204813,0.162151,0.06890751,0.29966658,0.0
983,0.26038054,0.23193195,0.1725341,0.14277409,0.08889367,0.10348571,0.0
984,0.22779839,0.07113884,0.31708276,0.09338941,0.2351543,0.05543628,0.0
985,0.10928768,0.19718042,0.3345909,0.25946853,0.05373362,0.04573876,0.0
986,0.1434617,0.16332541,0.3785104,0.1457256,0.09833092,0.07064588,0.0
987,0.29508895,0.05373321,0.24871694,0.23419626,0.10186005,0.06640455,0.0
988,0.10308436,0.12535362,0.19143158,0.2774765,0.09517378,0.20748019,0.0
989,0.20744196,0.24942166,0.2146734,0.07239126,0.17318512,0.08288651,0.0
990,0.05581549,0.10636659,0.17889464,0.22155571,0.27101108,0.16635647,0.0
991,0.07465214,0.06172707,0.20878309,0.349977,0.07810635,0.2267544,0.0
992,0.07599818,0.1586984,0.10024748,0.4406918,0.07490087,0.1494633,0.0
993,0.24473365,0.13762954,0.07292436,0.13843277,0.34646726,0.05981247,0.0
994,0.12345022,0.18841115,0.43838295,0.10296792,0.07062084,0.07616689,0.0
995,0.12788932,0.18363349,0.32545045,0.08888426,0.10490618,0.16923632,0.0
996,0.18353356,0.10689057,0.13381508,0.21335253,0.22425322,0.13815504,0.0
997,0.05789893,0.05013462,0.32117155,0.10595156,0.18103912,0.28380415,0.0
998,0.26440242,0.17719796,0.18407145,0.07396848,0.08718775,0.21317188,0.0
999,0.22462723,0.09497186,0.09497912,0.19297674,0.12328098,0.26916412,0.0
1000,0.3865555,0.15129615,0.15852366,0.09294023,0.06081536,0.14986911,0.0
1001,0.1575879,0.07820838,0.33695838,0.10566514,0.18176553,0.13981469,0.0
1002,0.19339412,0.25002334,0.20162363,0.2427846,0.05601839,0.05615591,0.0
1003,0.32241532,0.10272374,0.1587613,0.12885113,0.15251905,0.13472955,0.0
1004,0.1005531,0.12505363,0.15303612,0.15956992,0.32956856,0.13221872,0.0
1005,0.07277261,0.05756864,0.29301718,0.22502215,0.06562945,0.28599003,0.0
1006,0.10753353,0.24539003,0.11073649,0.23733196,0.15998003,0.139028,0.0
1007,0.09469556,0.22328888,0.25222483,0.31689045,0.06084824,0.05205202,0.0
1008,0.06441955,0.09947392,0.09795083,0.24767654,0.26722094,0.22325826,0.0
1009,0.14082262,0.20101352,0.12613328,0.14541931,0.11898158,0.26762965,0.0
1010,0.10212,0.14850865,0.0696376,0.33507362,0.19445364,0.15020655,0.0
1011,0.15276223,0.08463102,0.2840282,0.17055342,0.07069916,0.23732598,0.0
1012,0.22723542,0.13048986,0.12439233,0.10704003,0.34920895,0.06163343,0.0
1013,0.1021482,0.26054338,0.28145674,0.11265226,0.14417356,0.09902576,0.0
1014,0.13013603,0.17970107,0.12989163,0.14176458,0.26182956,0.15667717,0.0
1015,0.05916589,0.07667013,0.11787439,0.34888384,0.21931331,0.17809242,0.0
1016,0.3056611,0.11614098,0.29243797,0.05366743,0.12202219,0.11007039,0.0
1017,0.3000185,0.10135841,0.11027142,0.12926205,0.26389635,0.09519333,0.0
1018,0.09889185,0.12718403,0.23583108,0.16020972,0.21726073,0.16062264,0.0
1019,0.11414891,0.22611393,0.20021628,0.24506505,0.10239007,0.11206577,0.0
1020,0.20670153,0.13291171,0.07285313,0.39173958,0.12838176,0.06741229,0.0
1021,0.12750585,0.04566376,0.23465164,0.27850813,0.09435184,0.21931878,0.0
1022,0.21665901,0.2566494,0.07195675,0.28401336,0.07515766,0.09556377,0.0
1023,0.06851689,0.13010372,0.22134082,0.11090946,0.2941688,0.17496035,0.0
1024,0.21558782,0.24243836,0.18202892,0.18710957,0.07684971,0.09598555,0.0
1025,0.13784829,0.17715196,0.1467913,0.20914623,0.17689107,0.15217118,0.0
1026,0.13908793,0.12640417,0.18386342,0.13651189,0.2037642,0.21036844,0.0
1027,0.22948423,0.058012,0.2194251,0.15992025,0.18205068,0.15110774,0.0
1028,0.08618025,0.08455929,0.4053498,0.12240205,0.11060258,0.19090599,0.0
1029,0.11763857,0.3416824,0.07115615,0.07430322,0.06935325,0.32586637,0.0
1030,0.11957552,0.3251828,0.11413988,0.10482903,0.16203865,0.17423412,0.0
1031,0.2541379,0.06773529,0.22677518,0.12279525,0.28177097,0.04678535,0.0
1032,0.08827107,0.09541379,0.24173515,0.1899018,0.07499804,0.30968016,0.0
1033,0.29763407,0.18258205,0.05515504,0.05161585,0.15725283,0.2557602,0.0
1034,0.21711527,0.07537644,0.14676951,0.12619011,0.315097,0.11945155,0.0
1035,0.07320847,0.10784747,0.26876262,0.1768435,0.11556873,0.25776923,0.0
1036,0.3961969,0.09970288,0.11534069,0.12208557,0.09966031,0.16701372,0.0
1037,0.0630413,0.11281291,0.2511169,0.23956913,0.16799155,0.16546816,0.0
1038,0.15502544,0.07610203,0.13100667,0.3713154,0.18078811,0.08576237,0.0
1039,0.09330937,0.3303259,0.06142643,0.08767055,0.18112989,0.24613778,0.0
1040,0.0673895,0.09236431,0.10480072,0.3208689,0.16513245,0.24944411,0.0
1041,0.09846672,0.20961769,0.07594887,0.25900874,0.10445245,0.2525056,0.0
1042,0.25487354,0.1147045,0.27709618,0.05030566,0.10182209,0.20119804,0.0
1043,0.0822148,0.09977315,0.11286585,0.2741195,0.12142991,0.30959678,0.0
1044,0.24242343,0.17156346,0.2835852,0.19464068,0.06418076,0.0436065,0.0
1045,0.14988811,0.22465098,0.23360404,0.18749228,0.15633772,0.04802687,0.0
1046,0.25540227,0.09257188,0.07761239,0.12674741,0.08542274,0.36224332,0.0
1047,0.06055957,0.18268645,0.05568137,0.14499956,0.26007727,0.29599577,0.0
1048,0.3314858,0.15789525,0.06821559,0.20330027,0.06446484,0.17463824,0.0
1049,0.08833361,0.44115388,0.11860678,0.13251759,0.13832717,0.08106103,0.0
1050,0.10085975,0.39501265,0.1500787,0.10905331,0.11795247,0.12704311,0.0
1051,0.11258792,0.23686612,0.14899747,0.06546314,0.25872567,0.1773597,0.0
1052,0.13495131,0.272874,0.13092655,0.10447184,0.23060516,0.12617116,0.0
1053,0.10444145,0.17585783,0.16128272,0.07412383,0.06887234,0.41542187,0.0
1054,0.06025315,0.1777653,0.06591696,0.14454238,0.32265854,0.22886364,0.0
1055,0.22587636,0.05194131,0.10593094,0.2680457,0.14978588,0.1984198,0.0
1056,0.34472278,0.06460248,0.19385205,0.09054393,0.24212272,0.06415605,0.0
1057,0.17790003,0.32642117,0.12366746,0.05983652,0.10513353,0.2070413,0.0
1058,0.19769727,0.3059279,0.06999376,0.25748917,0.07717586,0.09171605,0.0
1059,0.13061203,0.15690015,0.06465033,0.18196791,0.32935354,0.13651597,0.0
1060,0.20904513,0.3167278,0.09023652,0.08491101,0.04806996,0.25100952,0.0
1061,0.14900783,0.09648778,0.2674689,0.09791107,0.12107135,0.26805314,0.0
1062,0.35413456,0.15089631,0.17755301,0.08273598,0.11183611,0.12284399,0.0
1063,0.37121406,0.09023892,0.20422566,0.08605643,0.15044321,0.09782174,0.0
1064,0.10180915,0.23995173,0.1930532,0.1960437,0.17312355,0.09601861,0.0
1065,0.15492174,0.12371682,0.11750579,0.09937231,0.31039917,0.19408424,0.0
1066,0.12397833,0.18001796,0.22223635,0.07236286,0.31830436,0.08310018,0.0
1067,0.1100428,0.11114267,0.3028606,0.10464913,0.13377371,0.23753116,0.0
1068,0.09647349,0.06245838,0.33293042,0.38712257,0.05740208,0.06361309,0.0
1069,0.3106631,0.16275321,0.27794996,0.09550572,0.06537744,0.08775046,0.0
1070,0.1754548,0.20709795,0.1417804,0.111434,0.31224406,0.05198874,0.0
1071,0.10805258,0.36924696,0.07714344,0.1993161,0.07417363,0.17206724,0.0
1072,0.0625256,0.34988308,0.30607563,0.11051289,0.05760851,0.11339423,0.0
1073,0.09075847,0.13602935,0.233713,0.17605633,0.07863636,0.2848065,0.0
1074,0.10519616,0.06888861,0.31070858,0.263977,0.07233068,0.17889896,0.0
1075,0.15257798,0.06661777,0.14043795,0.38714662,0.09446222,0.15875752,0.0
1076,0.06080819,0.16915762,0.06269637,0.16113038,0.36384007,0.1823673,0.0
1077,0.10345414,0.26653647,0.13325351,0.17781812,0.1946093,0.12432832,0.0
1078,0.05535819,0.21328919,0.15431055,0.0653922,0.26708934,0.2445605,0.0
1079,0.12537232,0.249627,0.1070248,0.13066737,0.12695836,0.26035017,0.0
1080,0.2930682,0.07177699,0.1515447,0.09646451,0.07216165,0.31498396,0.0
1081,0.07021997,0.19441259,0.17570385,0.19087355,0.15865988,0.21013013,0.0
1082,0.19653288,0.28536248,0.14667183,0.17435235,0.13171233,0.06536818,0.0
1083,0.14966528,0.12447257,0.22030482,0.2221577,0.20931685,0.07408275,0.0
1084,0.14298101,0.17196988,0.26970536,0.26615822,0.07635672,0.07282885,0.0
1085,0.18587689,0.08147081,0.2861721,0.13146424,0.16659543,0.14842057,0.0
1086,0.21518868,0.1566673,0.14875495,0.273251,0.13541813,0.07071996,0.0
1087,0.08253383,0.10443573,0.04517275,0.24100536,0.24348974,0.2833626,0.0
1088,0.10590358,0.39072493,0.07453799,0.10151784,0.11490215,0.21241343,0.0
1089,0.20417577,0.06996953,0.35952955,0.0855571,0.22005673,0.06071136,0.0
1090,0.10055448,0.14678892,0.13092393,0.14894553,0.37369198,0.09909526,0.0
1091,0.08753023,0.29873723,0.05844789,0.1696113,0.08446307,0.30121034,0.0
1092,0.09656012,0.42764473,0.07387167,0.17348222,0.08978473,0.13865653,0.0
1093,0.2707568,0.16795792,0.2820824,0.06815685,0.10640154,0.10464448,0.0
1094,0.1996746,0.21024108,0.16229662,0.14803952,0.14521535,0.13453291,0.0
1095,0.11254063,0.06559894,0.35502458,0.32405874,0.06959244,0.07318459,0.0
1096,0.14911115,0.06977509,0.16120099,0.20711534,0.2384571,0.1743403,0.0
1097,0.25905415,0.12205924,0.20519134,0.13267404,0.19607753,0.08494358,0.0
1098,0.2913802,0.07544056,0.08361863,0.12493601,0.15805352,0.2665711,0.0
1099,0.15756254,0.10491724,0.21009286,0.20093329,0.10734717,0.21914694,0.0
1100,0.04681151,0.21206632,0.22394802,0.09881994,0.2626952,0.15565896,0.0
1101,0.07678182,0.15992069,0.12711966,0.28798917,0.09066685,0.2575218,0.0
1102,0.05753929,0.07740718,0.22721565,0.18482028,0.34423098,0.10878665,0.0
1103,0.30610716,0.22571602,0.08229122,0.11458826,0.07763918,0.19365814,0.0
1104,0.07822981,0.11834224,0.09644566,0.08324633,0.21366501,0.410071,0.0
1105,0.20644568,0.13293885,0.11959983,0.0879419,0.13965109,0.31342262,0.0
1106,0.33125734,0.16215745,0.11193882,0.07003079,0.07188957,0.25272605,0.0
1107,0.0637233,0.35149652,0.10479591,0.10127848,0.07478409,0.30392173,0.0
1108,0.32540902,0.13344863,0.08268438,0.1763692,0.09380125,0.18828754,0.0
1109,0.08098028,0.07749287,0.23174477,0.44039255,0.0934203,0.07596923,0.0
1110,0.1544042,0.14063822,0.12697004,0.13182864,0.1234256,0.32273334,0.0
1111,0.13071904,0.3144847,0.12143214,0.26007903,0.11340486,0.05988028,0.0
1112,0.21626012,0.26675537,0.09424488,0.1339307,0.10940485,0.17940418,0.0
1113,0.16180734,0.1031225,0.12984909,0.09528378,0.33889422,0.17104304,0.0
1114,0.139598,0.1809247,0.15287524,0.11141991,0.16858028,0.2466018,0.0
1115,0.23485194,0.18448651,0.06786089,0.14306921,0.10066584,0.26906562,0.0
1116,0.09628185,0.13560578,0.32639658,0.06169312,0.2849804,0.09504224,0.0
1117,0.16949612,0.25970954,0.19688767,0.15051241,0.1690442,0.05435003,0.0
1118,0.05583249,0.2163283,0.17001118,0.1795221,0.28506175,0.09324425,0.0
1119,0.22740698,0.22662611,0.13536477,0.2196493,0.11167961,0.07927316,0.0
1120,0.15891235,0.23670526,0.37107688,0.08266251,0.08089931,0.06974368,0.0
1121,0.25548202,0.14009608,0.2263033,0.09499394,0.04919454,0.23393017,0.0
1122,0.11939611,0.12638585,0.10800432,0.1414678,0.24639331,0.2583526,0.0
1123,0.1429466,0.08925952,0.24816562,0.06357685,0.3061022,0.14994921,0.0
1124,0.13586959,0.24290873,0.11576839,0.24003325,0.07920888,0.18621124,0.0
1125,0.05736603,0.30087155,0.10514256,0.18827502,0.11295673,0.23538806,0.0
1126,0.09798431,0.31724176,0.06679028,0.10167158,0.32543573,0.09087645,0.0
1127,0.3668157,0.07047414,0.23357618,0.19710264,0.06473339,0.06729805,0.0
1128,0.07863872,0.36170274,0.10973195,0.07600226,0.31810826,0.05581605,0.0
1129,0.12731412,0.07916345,0.31057692,0.19760422,0.1112233,0.17411806,0.0
1130,0.17859359,0.22126709,0.18400124,0.15905419,0.08026367,0.1768202,0.0
1131,0.15149005,0.10152432,0.21152283,0.10827088,0.2517496,0.17544226,0.0
1132,0.23107477,0.10950956,0.11785953,0.2623257,0.11986727,0.15936317,0.0
1133,0.05255078,0.09484642,0.26313418,0.1912219,0.30065465,0.09759206,0.0
1134,0.24908237,0.17683087,0.26233268,0.04557891,0.21458656,0.05158869,0.0
1135,0.05326561,0.18162191,0.21905476,0.08317477,0.29950038,0.1633825,0.0
1136,0.16960669,0.06672997,0.11088385,0.3462075,0.0848318,0.22174022,0.0
1137,0.1561827,0.1629108,0.12574592,0.07220645,0.326583,0.15637106,0.0
1138,0.06380254,0.12049058,0.3167865,0.04650803,0.2611457,0.19126664,0.0
1139,0.25622112,0.15800866,0.13524128,0.26166406,0.14634416,0.04252074,0.0
1140,0.24699786,0.12855825,0.05936167,0.05794972,0.09936087,0.40777168,0.0
1141,0.25046992,0.15129535,0.1882921,0.18678942,0.11680667,0.10634661,0.0
1142,0.04941495,0.16792902,0.04730554,0.18252398,0.22680028,0.32602617,0.0
1143,0.09463409,0.07918419,0.19606473,0.2962536,0.08434268,0.24952075,0.0
1144,0.2820543,0.21443357,0.28345272,0.05923639,0.10945776,0.05136532,0.0
1145,0.17340817,0.07548646,0.40841436,0.08048,0.15700696,0.10520402,0.0
1146,0.14336917,0.1995122,0.08205625,0.13999547,0.22176802,0.21329887,0.0
1147,0.22576396,0.1302937,0.09763824,0.295976,0.10609876,0.14422925,0.0
1148,0.11134326,0.12543586,0.21629114,0.0584422,0.18908556,0.29940197,0.0
1149,0.23095588,0.05556963,0.14482714,0.13185935,0.2588405,0.17794745,0.0
1150,0.22110224,0.23145548,0.25775522,0.08838217,0.09391375,0.10739111,0.0
1151,0.21534143,0.05743139,0.06611246,0.24311872,0.18227342,0.23572265,0.0
1152,0.10433082,0.23225594,0.3388451,0.09913965,0.05450841,0.17092006,0.0
1153,0.21785557,0.10410842,0.23629376,0.21745941,0.0643916,0.15989129,0.0
1154,0.09805279,0.15625106,0.12307364,0.36351228,0.10842923,0.150681,0.0
1155,0.15839069,0.10992043,0.24663433,0.10491726,0.19203745,0.18809977,0.0
1156,0.06094866,0.28675413,0.09107136,0.17963399,0.05644824,0.32514364,0.0
1157,0.08263424,0.05129052,0.10969276,0.35963812,0.1370807,0.2596637,0.0
1158,0.08298825,0.33351952,0.08488906,0.05924674,0.06473668,0.37461972,0.0
1159,0.08939195,0.09919916,0.12692277,0.3512131,0.19747432,0.13579871,0.0
1160,0.1610949,0.21254958,0.09397191,0.3188317,0.10941026,0.10414174,0.0
1161,0.07793569,0.25646555,0.07779633,0.07359324,0.36809877,0.14611049,0.0
1162,0.10053997,0.08640929,0.07454029,0.28654414,0.27811056,0.17385572,0.0
1163,0.19720644,0.07957184,0.16740388,0.11666323,0.12613258,0.31302202,0.0
1164,0.10192218,0.19667558,0.11403513,0.3330594,0.16703704,0.08727067,0.0
1165,0.06610042,0.28757203,0.07804116,0.25577682,0.2174353,0.09507418,0.0
1166,0.22048388,0.1285255,0.28706455,0.07917955,0.20739825,0.07734832,0.0
1167,0.09738828,0.41225833,0.16625585,0.09921825,0.10599139,0.11888789,0.0
1168,0.06387576,0.11299042,0.24969383,0.07627336,0.22506027,0.2721064,0.0
1169,0.2010211,0.3097727,0.22211519,0.07172536,0.1376665,0.05769923,0.0
1170,0.24564561,0.04837118,0.18396153,0.21132082,0.18772772,0.12297323,0.0
1171,0.11574024,0.07747404,0.27722314,0.19757105,0.09966543,0.23232615,0.0
1172,0.11659231,0.1582715,0.18941675,0.20475505,0.10515732,0.22580707,0.0
1173,0.2885221,0.0876373,0.2948146,0.04412943,0.07796051,0.20693617,0.0
1174,0.09786261,0.09177883,0.10073426,0.17738104,0.43148354,0.10075961,0.0
1175,0.09608253,0.15993302,0.21233688,0.13743144,0.2176723,0.17654379,0.0
1176,0.18128516,0.2562711,0.09943546,0.13134284,0.18843868,0.14322679,0.0
1177,0.15167698,0.11485785,0.32666528,0.15113585,0.10329255,0.15237142,0.0
1178,0.28716007,0.23361896,0.27326527,0.06610887,0.08481296,0.05503391,0.0
1179,0.07215331,0.1069693,0.23134048,0.15027022,0.2953212,0.14394546,0.0
1180,0.121549,0.3176643,0.20583344,0.14728421,0.13272507,0.07494402,0.0
1181,0.07549982,0.26649448,0.10331518,0.10907196,0.34069258,0.10492606,0.0
1182,0.1901798,0.07324393,0.15708457,0.16038667,0.23554896,0.18355608,0.0
1183,0.17642297,0.2345295,0.15973715,0.08223421,0.06882844,0.2782477,0.0
1184,0.16905703,0.09611423,0.08591054,0.08448973,0.31601128,0.24841723,0.0
1185,0.29626775,0.2561417,0.10005569,0.21793751,0.07219283,0.05740454,0.0
1186,0.22297198,0.27496675,0.07629984,0.07022799,0.17312092,0.1824125,0.0
1187,0.3395469,0.08032347,0.15072659,0.10502824,0.25769356,0.06668134,0.0
1188,0.19514658,0.07392147,0.14129981,0.14032532,0.12244375,0.32686305,0.0
1189,0.10242719,0.06253951,0.26299697,0.29561478,0.21714458,0.05927687,0.0
1190,0.17355196,0.22037713,0.1587616,0.21369413,0.08676894,0.14684628,0.0
1191,0.12925898,0.30338296,0.24789469,0.18159983,0.05451562,0.08334799,0.0
1192,0.15294887,0.05855001,0.12066566,0.23580207,0.36692557,0.06510781,0.0
1193,0.10286243,0.09701944,0.05802815,0.2826308,0.19975802,0.2597011,0.0
1194,0.18329918,0.09980385,0.18163776,0.17110234,0.22324245,0.1409144,0.0
1195,0.37118798,0.13637017,0.16278546,0.09943785,0.13602437,0.09419411,0.0
1196,0.07430639,0.2723096,0.09520735,0.19545257,0.09858878,0.2641353,0.0
1197,0.08216077,0.10271008,0.23652335,0.1808697,0.21145499,0.18628109,0.0
1198,0.07008749,0.3749589,0.07683676,0.06695862,0.23546919,0.17568912,0.0
1199,0.06065783,0.19451085,0.23547411,0.10920785,0.332112,0.06803741,0.0
1200,0.1284862,0.08633757,0.27766317,0.32104984,0.09893946,0.08752372,0.0
1201,0.08951558,0.21186666,0.1694332,0.17013957,0.29557106,0.06347391,0.0
1202,0.05578602,0.2782574,0.22039793,0.11540595,0.12234849,0.2078042,0.0
1203,0.16659491,0.1274801,0.17092393,0.09112871,0.21853833,0.22533396,0.0
1204,0.08970612,0.13739254,0.16534245,0.14420307,0.2724422,0.19091372,0.0
1205,0.08622444,0.34764054,0.1444693,0.05926154,0.10282182,0.25958237,0.0
1206,0.21396388,0.18229996,0.09478872,0.1789201,0.27818537,0.05184194,0.0
1207,0.32729384,0.12036762,0.04898797,0.13333689,0.31898075,0.05103289,0.0
1208,0.19762515,0.10971626,0.05020054,0.13487932,0.1757953,0.33178347,0.0
1209,0.09055791,0.24970198,0.29051802,0.11864065,0.17791578,0.07266568,0.0
1210,0.08171286,0.07289273,0.21193767,0.35170123,0.13896593,0.14278963,0.0
1211,0.11200779,0.33132136,0.11303584,0.18840767,0.09862377,0.15660359,0.0
1212,0.24320728,0.17478974,0.08826518,0.06943343,0.16865191,0.2556524,0.0
1213,0.25174326,0.19475925,0.15701102,0.21222268,0.06476041,0.11950339,0.0
1214,0.24183814,0.10624595,0.10764243,0.26953304,0.2014825,0.07325801,0.0
1215,0.09872668,0.09512864,0.22528063,0.15029852,0.36792964,0.06263591,0.0
1216,0.29620856,0.1443545,0.14757015,0.21697634,0.12480273,0.07008775,0.0
1217,0.32295662,0.12453102,0.16265137,0.05952252,0.21767451,0.11266393,0.0
1218,0.06409067,0.1166001,0.17561074,0.3020826,0.20520225,0.13641359,0.0
1219,0.07697026,0.14018936,0.17953654,0.21218488,0.11162951,0.27948952,0.0
1220,0.09336688,0.1475108,0.14063396,0.08926443,0.408973,0.12025093,0.0
1221,0.26466566,0.26088777,0.04381793,0.20111398,0.11034108,0.11917356,0.0
1222,0.07171592,0.0947087,0.3212959,0.35647604,0.07403048,0.08177295,0.0
1223,0.05135541,0.10607061,0.1928534,0.2873882,0.2689984,0.09333393,0.0
1224,0.25995252,0.29532987,0.19171962,0.12734176,0.06608614,0.05957014,0.0
1225,0.12822501,0.10436555,0.17980242,0.07470252,0.12044054,0.39246404,0.0
1226,0.1786428,0.04804561,0.15715715,0.2780295,0.08841819,0.24970682,0.0
1227,0.22199412,0.08412914,0.16283168,0.19918431,0.1548427,0.17701809,0.0
1228,0.13915074,0.07428999,0.3579089,0.13285857,0.20533292,0.09045877,0.0
1229,0.20492415,0.13607836,0.19804034,0.19668607,0.08861374,0.17565739,0.0
1230,0.1878746,0.08822858,0.13361746,0.12016288,0.4008258,0.06929076,0.0
1231,0.33945644,0.13968922,0.0524905,0.09312128,0.18085091,0.19439164,0.0
1232,0.29856175,0.07377604,0.09202745,0.17423588,0.16945998,0.19193898,0.0
1233,0.10970418,0.20607184,0.20840225,0.11306821,0.15611973,0.20663382,0.0
1234,0.07653598,0.0941966,0.1865893,0.2439204,0.2165941,0.18216363,0.0
1235,0.07441459,0.29001504,0.27541363,0.09681761,0.14350346,0.11983567,0.0
1236,0.11295069,0.22472216,0.31555644,0.1942402,0.06702625,0.08550423,0.0
1237,0.06146049,0.3233032,0.09269775,0.10713401,0.0981547,0.31724983,0.0
1238,0.10173371,0.30468214,0.08345572,0.11350343,0.11573058,0.28089437,0.0
1239,0.32597488,0.12633078,0.17613496,0.04625932,0.21450518,0.11079492,0.0
1240,0.21687727,0.1723294,0.18692519,0.08967397,0.15513887,0.1790553,0.0
1241,0.07477411,0.16872308,0.2932662,0.12761949,0.22251378,0.11310341,0.0
1242,0.12051243,0.38349658,0.21453862,0.057346,0.1110568,0.11304962,0.0
1243,0.19819489,0.19717102,0.09451474,0.04688533,0.15227422,0.31095976,0.0
1244,0.15391903,0.28578252,0.08434706,0.185666,0.13576053,0.1545249,0.0
1245,0.25629675,0.06746851,0.26291132,0.04957536,0.19765411,0.16609393,0.0
1246,0.18089315,0.24585475,0.05563412,0.1227255,0.3393217,0.0555708,0.0
1247,0.0551036,0.06202374,0.11986812,0.24628331,0.3345327,0.18218856,0.0
1248,0.06470274,0.25471437,0.0913999,0.3878203,0.08869065,0.11267202,0.0
1249,0.10200953,0.3755322,0.12360705,0.1587584,0.13883135,0.10126148,0.0
1250,0.25368637,0.3434819,0.12898117,0.07257555,0.14166136,0.05961361,0.0
1251,0.0413691,0.05299431,0.24070835,0.19698814,0.24840409,0.21953593,0.0
1252,0.06825832,0.20120735,0.25162834,0.1317046,0.2589963,0.08820502,0.0
1253,0.1986613,0.09259947,0.14072941,0.12328348,0.13186061,0.3128657,0.0
1254,0.25907174,0.10165472,0.16337249,0.07793269,0.16810898,0.22985926,0.0
1255,0.17865202,0.11835317,0.17541227,0.3091373,0.10315187,0.11529341,0.0
1256,0.3484539,0.1285933,0.11349304,0.09782834,0.20482485,0.10680662,0.0
1257,0.14084657,0.07979303,0.17788953,0.08715149,0.14259578,0.37172368,0.0
1258,0.20367841,0.22406907,0.2585742,0.07926984,0.14996655,0.08444194,0.0
1259,0.12239179,0.3073509,0.26581666,0.10783533,0.12969387,0.0669115,0.0
1260,0.22192305,0.07816693,0.07971726,0.27409965,0.20089829,0.14519486,0.0
1261,0.06471746,0.15686518,0.16589284,0.2304145,0.07932273,0.3027873,0.0
1262,0.06071822,0.29087082,0.19879551,0.13666183,0.09949335,0.21346028,0.0
1263,0.08117971,0.13362725,0.2959867,0.06057253,0.27562988,0.1530039,0.0
1264,0.22265223,0.20355749,0.1942451,0.18241139,0.15179038,0.04534349,0.0
1265,0.06751911,0.18115646,0.11701981,0.23772454,0.06965052,0.32692957,0.0
1266,0.25042453,0.1487692,0.19333737,0.12978023,0.22749436,0.05019424,0.0
1267,0.08000735,0.15416592,0.13630807,0.32764405,0.21410495,0.08776958,0.0
1268,0.23502177,0.1584347,0.07972565,0.13937518,0.09150387,0.29593885,0.0
1269,0.14960262,0.15559845,0.14518017,0.3512617,0.10619857,0.09215853,0.0
1270,0.04571532,0.28597003,0.26172808,0.09365131,0.0945093,0.21842596,0.0
1271,0.12583014,0.1376503,0.08385637,0.14415364,0.27567402,0.23283555,0.0
1272,0.14967665,0.1064847,0.21163195,0.10668103,0.10266189,0.32286376,0.0
1273,0.08506317,0.07969732,0.24573423,0.10588514,0.22177415,0.26184595,0.0
1274,0.12705556,0.08741216,0.1773135,0.18937805,0.2988463,0.11999448,0.0
1275,0.1037501,0.25595075,0.15505241,0.19479622,0.22363442,0.06681608,0.0
1276,0.2486376,0.06839962,0.13384958,0.18251552,0.18779522,0.17880248,0.0
1277,0.23654035,0.07826865,0.22834122,0.22960591,0.13314086,0.09410298,0.0
1278,0.14296685,0.04295665,0.28233996,0.22713684,0.26055604,0.0440436,0.0
1279,0.07678525,0.36001948,0.13915955,0.08895079,0.11585324,0.21923172,0.0
1280,0.0561336,0.16922627,0.0686166,0.32951662,0.1521841,0.22432278,0.0
1281,0.28245133,0.05869299,0.2292251,0.08668233,0.2424841,0.10046418,0.0
1282,0.2015595,0.20663191,0.1351449,0.2626546,0.06171092,0.13229811,0.0
1283,0.08462992,0.31254822,0.14792544,0.30091786,0.07260879,0.08136976,0.0
1284,0.29599416,0.28836575,0.11646499,0.07533859,0.04106941,0.18276714,0.0
1285,0.09003023,0.21259749,0.3558065,0.09298931,0.06163249,0.18694389,0.0
1286,0.15774816,0.1605594,0.1643419,0.1077363,0.18168512,0.22792913,0.0
1287,0.2684945,0.13293484,0.26535353,0.06909245,0.115819,0.14830571,0.0
1288,0.12984742,0.08528338,0.20607327,0.2042167,0.3003063,0.07427294,0.0
1289,0.25248384,0.19110574,0.0909756,0.16907816,0.21966542,0.07669125,0.0
1290,0.10973527,0.13379666,0.1408405,0.22699942,0.27954355,0.10908457,0.0
1291,0.23028676,0.07681274,0.15991725,0.06616453,0.20170243,0.26511624,0.0
1292,0.2529557,0.14909598,0.20933753,0.24399838,0.07822205,0.06639034,0.0
1293,0.06620677,0.31014994,0.06546885,0.15229335,0.10428786,0.30159327,0.0
1294,0.12071621,0.16824879,0.16391581,0.18511763,0.10499141,0.25701016,0.0
1295,0.408353,0.08377344,0.29444826,0.06342223,0.08874759,0.06125551,0.0
1296,0.16723613,0.06470988,0.1923104,0.42863956,0.06968327,0.07742078,0.0
1297,0.10799599,0.24947025,0.17435126,0.06687712,0.20713279,0.19417255,0.0
1298,0.10765669,0.09823234,0.172051,0.15601942,0.21215965,0.25388098,0.0
1299,0.1924295,0.15095022,0.13448071,0.15210584,0.22789551,0.1421383,0.0
1300,0.17375858,0.06712554,0.18424295,0.28267488,0.04065885,0.2515392,0.0
1301,0.07096093,0.07451721,0.33042786,0.13577104,0.18672454,0.20159838,0.0
1302,0.23785093,0.32103258,0.06467324,0.11004183,0.19269514,0.0737063,0.0
1303,0.25332603,0.07958241,0.08244038,0.26022735,0.10653529,0.21788849,0.0
1304,0.14017095,0.14914538,0.21420157,0.1557071,0.12992524,0.21084976,0.0
1305,0.12036965,0.16504687,0.09930281,0.08233268,0.3960366,0.13691136,0.0
1306,0.16650155,0.13539474,0.15220489,0.09612858,0.3181907,0.13157962,0.0
1307,0.05300894,0.27936715,0.1181861,0.10493453,0.22639187,0.2181114,0.0
1308,0.15402615,0.23401028,0.16893004,0.26835635,0.08969335,0.08498382,0.0
1309,0.15081921,0.18690394,0.05699099,0.08366337,0.2989074,0.22271502,0.0
1310,0.07013384,0.35242462,0.07326178,0.13132587,0.2820224,0.09083146,0.0
1311,0.08117584,0.1024049,0.41289705,0.14532088,0.10239795,0.15580334,0.0
1312,0.09248718,0.14813969,0.33156133,0.13521841,0.1880371,0.10455639,0.0
1313,0.09740327,0.18218,0.2678859,0.26656368,0.08959272,0.09637444,0.0
1314,0.19171283,0.13693117,0.09168623,0.16113214,0.10641287,0.3121248,0.0
1315,0.05319758,0.1893672,0.08228414,0.3046101,0.1705023,0.20003863,0.0
1316,0.05827306,0.0878396,0.12170421,0.30520457,0.35372895,0.07324954,0.0
1317,0.12234698,0.2492513,0.25394112,0.11706989,0.13840824,0.11898252,0.0
1318,0.07309476,0.19196783,0.3724495,0.11362467,0.16312192,0.08574136,0.0
1319,0.14036709,0.09036376,0.08203682,0.3133671,0.18198678,0.19187836,0.0
1320,0.26273432,0.17672181,0.25558552,0.11799794,0.11893175,0.06802873,0.0
1321,0.09975311,0.1981322,0.26175314,0.1615892,0.08056191,0.19821043,0.0
1322,0.20156206,0.09586793,0.26036847,0.06960239,0.0896165,0.28298265,0.0
1323,0.13251239,0.16929215,0.10195445,0.3010898,0.18354194,0.11160931,0.0
1324,0.10858969,0.30161917,0.16908196,0.06221666,0.12746844,0.23102415,0.0
1325,0.07508259,0.17101927,0.0601177,0.31797475,0.31316513,0.06264061,0.0
1326,0.14427328,0.4224271,0.16455789,0.08892978,0.09021851,0.08959346,0.0
1327,0.3200439,0.2069146,0.26824075,0.06043674,0.06696977,0.07739419,0.0
1328,0.06193941,0.11277629,0.26646852,0.19658658,0.14114156,0.22108766,0.0
1329,0.18342635,0.12672612,0.30838767,0.20839472,0.08538637,0.08767869,0.0
1330,0.15481372,0.22203957,0.09586018,0.04737479,0.28287655,0.19703524,0.0
1331,0.2666956,0.16921574,0.06451809,0.1538825,0.06484733,0.28084078,0.0
1332,0.15509415,0.07130781,0.2576938,0.05282758,0.1929274,0.2701493,0.0
1333,0.22258008,0.24993445,0.14808224,0.0412917,0.2399473,0.09816419,0.0
1334,0.28201693,0.21879578,0.06319123,0.08731319,0.28231302,0.06636984,0.0
1335,0.2468687,0.37751776,0.08918215,0.09709972,0.10834885,0.08098274,0.0
1336,0.21577261,0.27414778,0.16013989,0.10681402,0.18869455,0.0544311,0.0
1337,0.11504629,0.17711669,0.33620074,0.13620175,0.09502748,0.14040703,0.0
1338,0.14750376,0.17702642,0.2105069,0.1746765,0.10462812,0.18565834,0.0
1339,0.09046829,0.06897452,0.2731076,0.3080095,0.12649688,0.13294324,0.0
1340,0.0705564,0.15494342,0.32537362,0.10799631,0.07850619,0.2626241,0.0
1341,0.07025145,0.06062384,0.29835173,0.2729588,0.10210004,0.19571407,0.0
1342,0.25225085,0.0494133,0.07168394,0.12331531,0.21900016,0.2843364,0.0
1343,0.1921946,0.10254139,0.15569663,0.11703742,0.33990368,0.09262631,0.0
1344,0.07232185,0.17385039,0.32653323,0.15085673,0.11206727,0.16437049,0.0
1345,0.07728709,0.07545407,0.13133156,0.15647857,0.30115592,0.25829273,0.0
1346,0.23525946,0.19762532,0.11551563,0.31170526,0.08516338,0.05473094,0.0
1347,0.0834567,0.19659033,0.17548656,0.2621279,0.21891119,0.06342729,0.0
1348,0.12580472,0.21427602,0.17845486,0.06202367,0.33774668,0.08169406,0.0
1349,0.16222756,0.18073063,0.17346023,0.23247823,0.1008229,0.1502804,0.0
1350,0.16735092,0.09508399,0.15404439,0.16875511,0.2552907,0.15947495,0.0
1351,0.3310377,0.10416301,0.09470677,0.11267059,0.15172012,0.20570177,0.0
1352,0.13794817,0.2013359,0.11586925,0.35570988,0.08986497,0.09927186,0.0
1353,0.10858551,0.07428467,0.38434452,0.21761267,0.14857984,0.06659283,0.0
1354,0.08911671,0.2117059,0.07488162,0.11969569,0.2955712,0.20902883,0.0
1355,0.2626737,0.09072264,0.29163173,0.05179161,0.16311157,0.14006877,0.0
1356,0.13602255,0.15850739,0.25428012,0.13000256,0.23364037,0.08754696,0.0
1357,0.09555954,0.13157749,0.25938544,0.10165589,0.2513754,0.1604463,0.0
1358,0.09139541,0.38797307,0.17511916,0.06466598,0.20144613,0.07940027,0.0
1359,0.08461383,0.06412533,0.06218588,0.14306962,0.37271696,0.2732883,0.0
1360,0.13964957,0.29114085,0.06631705,0.14160319,0.2735632,0.08772612,0.0
1361,0.13364677,0.30574232,0.15379842,0.1782393,0.06341754,0.16515566,0.0
1362,0.07548472,0.07976557,0.36632693,0.23702303,0.17686774,0.06453215,0.0
1363,0.33167613,0.2064118,0.23597889,0.07658906,0.07109778,0.07824637,0.0
1364,0.19173719,0.19481601,0.07218001,0.08406615,0.27053195,0.18666868,0.0
1365,0.31162044,0.09832886,0.27996662,0.06317698,0.17929262,0.0676145,0.0
1366,0.2960882,0.12908536,0.20566107,0.15842544,0.14208758,0.06865241,0.0
1367,0.08951529,0.22954583,0.25698268,0.11076438,0.1225378,0.19065401,0.0
1368,0.10557269,0.24285387,0.05383589,0.13604859,0.15169322,0.30999574,0.0
1369,0.08345399,0.4711829,0.08992244,0.07451776,0.14702319,0.13389966,0.0
1370,0.26110283,0.13586657,0.22867228,0.24199001,0.06478778,0.06758045,0.0
1371,0.19605164,0.28119227,0.07991488,0.14665578,0.20480785,0.09137768,0.0
1372,0.30658036,0.05120368,0.11915944,0.23028296,0.08531752,0.20745595,0.0
1373,0.29519466,0.08311765,0.1028153,0.2538467,0.15309308,0.11193251,0.0
1374,0.32892966,0.30703777,0.1239724,0.06064447,0.11365708,0.06575855,0.0
1375,0.13038869,0.18841673,0.21009228,0.18365613,0.20897162,0.07847467,0.0
1376,0.08406031,0.05949359,0.41971555,0.1530241,0.09318364,0.1905227,0.0
1377,0.15727194,0.22158799,0.25105298,0.15120035,0.10661055,0.11227611,0.0
1378,0.09008076,0.08408386,0.2662027,0.14856562,0.07834986,0.33271724,0.0
1379,0.14876372,0.11392441,0.07542823,0.09930914,0.09219774,0.4703767,0.0
1380,0.14018394,0.13256438,0.07933576,0.2933095,0.2114551,0.14315131,0.0
1381,0.19210798,0.12140953,0.15903409,0.18686008,0.20406991,0.13651845,0.0
1382,0.10194981,0.13454047,0.20242673,0.23788221,0.2026698,0.12053102,0.0
1383,0.07787738,0.21931735,0.3306501,0.07283469,0.11218166,0.1871388,0.0
1384,0.08756043,0.11795074,0.334837,0.06346816,0.07995382,0.31622985,0.0
1385,0.07382331,0.14957367,0.1556536,0.11415291,0.2080338,0.29876274,0.0
1386,0.30114022,0.23451354,0.14245807,0.04334281,0.10753906,0.17100628,0.0
1387,0.05703647,0.15146513,0.25230223,0.07331882,0.09911725,0.36676013,0.0
1388,0.1242283,0.22093597,0.13297518,0.21650036,0.20952635,0.09583399,0.0
1389,0.21932998,0.12824982,0.31250772,0.12493595,0.06263853,0.15233794,0.0
1390,0.13457876,0.2065427,0.23648551,0.25451565,0.08621915,0.08165825,0.0
1391,0.22554457,0.14201085,0.06681498,0.0522045,0.2882225,0.22520272,0.0
1392,0.10227378,0.0988136,0.2816316,0.30942845,0.1070786,0.10077391,0.0
1393,0.1214287,0.18788034,0.17420256,0.25689116,0.09701478,0.16258253,0.0
1394,0.06378867,0.3776947,0.07854595,0.08289236,0.18774414,0.2093342,0.0
1395,0.17580305,0.16017878,0.08086027,0.20943472,0.20075764,0.17296545,0.0
1396,0.12067706,0.23135734,0.18444186,0.15964796,0.07635989,0.2275159,0.0
1397,0.1458024,0.18504795,0.15292056,0.3029433,0.10971353,0.10357232,0.0
1398,0.1346053,0.20613156,0.1522158,0.08043234,0.14340815,0.2832069,0.0
1399,0.21265541,0.06501014,0.14877485,0.19700205,0.06459669,0.3119609,0.0
1400,0.07059116,0.36071867,0.08673726,0.15780462,0.07161213,0.25253615,0.0
1401,0.26066965,0.23825674,0.11414886,0.09704507,0.21688852,0.07299119,0.0
1402,0.17170234,0.09152429,0.10069344,0.24974681,0.2827392,0.10359398,0.0
1403,0.3648758,0.2156372,0.0915402,0.1226976,0.13806601,0.06718329,0.0
1404,0.24306075,0.15402028,0.06991206,0.10305306,0.33988672,0.09006718,0.0
1405,0.05779117,0.09474657,0.2145066,0.08485051,0.21754614,0.330559,0.0
1406,0.15943447,0.07439246,0.2829508,0.17171659,0.0916007,0.21990493,0.0
1407,0.12660499,0.06279046,0.17638233,0.10809513,0.28828132,0.23784575,0.0
1408,0.06866049,0.08403391,0.20754455,0.12153544,0.31742194,0.20080371,0.0
1409,0.26079875,0.1259542,0.09953504,0.14288944,0.27606088,0.09476172,0.0
1410,0.13758537,0.05224844,0.34690315,0.26826462,0.12758419,0.06741416,0.0
1411,0.2525949,0.06440791,0.20254356,0.17348057,0.0705937,0.23637927,0.0
1412,0.11971752,0.18457855,0.12620555,0.20319009,0.25501972,0.11128852,0.0
1413,0.15304257,0.14134145,0.10931065,0.29279843,0.16520177,0.1383051,0.0
1414,0.35472128,0.0587575,0.05964061,0.22437401,0.2283256,0.0741809,0.0
1415,0.06907519,0.1258369,0.07690994,0.21493246,0.07638533,0.43686005,0.0
1416,0.17178294,0.12244538,0.08113971,0.12036816,0.13979325,0.36447057,0.0
1417,0.0826777,0.26648423,0.28945008,0.06473564,0.1502308,0.14642155,0.0
1418,0.30637747,0.07099328,0.17294443,0.10374534,0.16756415,0.17837542,0.0
1419,0.06393225,0.10865866,0.25579795,0.06059016,0.25903675,0.2519843,0.0
1420,0.37107313,0.06335941,0.16640964,0.11668301,0.14305611,0.13941872,0.0
1421,0.27724,0.09175069,0.3119913,0.13612743,0.12748764,0.05540304,0.0
1422,0.42908385,0.08408789,0.1705042,0.06714022,0.10866793,0.14051603,0.0
1423,0.25054672,0.12807451,0.07272425,0.06131467,0.38019642,0.10714341,0.0
1424,0.19470221,0.13523011,0.09446242,0.27186236,0.20861353,0.09512934,0.0
1425,0.10856346,0.45541877,0.0818845,0.070513,0.19110507,0.09251516,0.0
1426,0.36102518,0.09691189,0.08698501,0.1670959,0.22872451,0.05925751,0.0
1427,0.20287596,0.09241103,0.24643779,0.19600017,0.15883459,0.10344046,0.0
1428,0.1685068,0.18233116,0.14553323,0.21027215,0.06184807,0.23150855,0.0
1429,0.24512604,0.20094924,0.15673344,0.1240133,0.20592405,0.06725398,0.0
1430,0.29382983,0.11092958,0.08025864,0.21917924,0.15379097,0.14201176,0.0
1431,0.1348395,0.31739956,0.09549063,0.04551456,0.23705335,0.16970247,0.0
1432,0.09010749,0.22749834,0.17157894,0.10932948,0.19915731,0.20232843,0.0
1433,0.19930713,0.13315733,0.09687972,0.13241984,0.15047164,0.28776434,0.0
1434,0.10830937,0.1378642,0.14880723,0.1851892,0.2487538,0.17107627,0.0
1435,0.06822447,0.07938608,0.13894615,0.3424123,0.18164915,0.18938191,0.0
1436,0.10996075,0.2394138,0.11332715,0.06674474,0.3644852,0.10606831,0.0
1437,0.08028162,0.17696673,0.20096903,0.26443774,0.19545574,0.08188919,0.0
1438,0.20633194,0.07117855,0.17039959,0.20905435,0.26606187,0.07697374,0.0
1439,0.1523914,0.21121602,0.09693485,0.19547792,0.2624698,0.08150996,0.0
1440,0.52949566,0.07751813,0.12607345,0.08148421,0.09163207,0.09379645,0.0
1441,0.09031067,0.19868807,0.16243973,0.05902508,0.23032285,0.25921354,0.0
1442,0.23268339,0.09071689,0.1166397,0.40051955,0.07680115,0.08263931,0.0
1443,0.1714527,0.0999954,0.2851049,0.10164502,0.16193783,0.17986421,0.0
1444,0.06906275,0.20286357,0.25457194,0.07204036,0.30005625,0.10140508,0.0
1445,0.18583295,0.09663516,0.11768264,0.25588486,0.23846002,0.10550431,0.0
1446,0.22133097,0.19003808,0.08075187,0.17718089,0.2622537,0.06844445,0.0
1447,0.14418086,0.11467078,0.32239357,0.13593201,0.10223786,0.18058488,0.0
1448,0.13899851,0.07016314,0.18983471,0.24015984,0.08994107,0.27090272,0.0
1449,0.3249271,0.08927093,0.11644343,0.06302883,0.18233612,0.22399358,0.0
1450,0.08852393,0.2158172,0.10861757,0.18696319,0.16845328,0.2316248,0.0
1451,0.15435395,0.12206113,0.23930022,0.2159118,0.06683639,0.20153654,0.0
1452,0.3266677,0.08840878,0.21475872,0.17063174,0.07370961,0.12582342,0.0
1453,0.26564333,0.21381338,0.07036943,0.16843298,0.07527765,0.20646325,0.0
1454,0.0851842,0.16998321,0.11256053,0.2567912,0.10745233,0.26802847,0.0
1455,0.12168748,0.17383996,0.10013764,0.31265643,0.13913582,0.15254264,0.0
1456,0.07313216,0.22567013,0.08158628,0.15765652,0.3007137,0.16124117,0.0
1457,0.26074427,0.11465029,0.06302002,0.25754502,0.12126222,0.18277828,0.0
1458,0.11934525,0.3953841,0.14279602,0.16449954,0.11570223,0.06227279,0.0
1459,0.1772802,0.21505946,0.07371292,0.08326083,0.14549077,0.30519584,0.0
1460,0.13617118,0.24305168,0.140646,0.25457412,0.16556175,0.0599952,0.0
1461,0.4644174,0.15516156,0.09709781,0.06460708,0.14974798,0.06896821,0.0
1462,0.10508086,0.08207936,0.13010056,0.06667968,0.23406614,0.38199344,0.0
1463,0.3229388,0.17419532,0.06952523,0.08016639,0.264935,0.08823927,0.0
1464,0.13378583,0.19451754,0.2149658,0.14838925,0.19933248,0.10900912,0.0
1465,0.11310345,0.29363135,0.12030305,0.22563837,0.17403394,0.07328996,0.0
1466,0.1611052,0.29604053,0.20447387,0.09787522,0.05265883,0.1878463,0.0
1467,0.12255675,0.23775057,0.2459884,0.07524233,0.14366432,0.17479756,0.0
1468,0.21072039,0.04923093,0.15513611,0.09452125,0.24945354,0.24093783,0.0
1469,0.2659569,0.2204997,0.09843817,0.13561295,0.05369643,0.2257958,0.0
1470,0.1792659,0.21673632,0.3042038,0.13876416,0.07924075,0.08178909,0.0
1471,0.32093823,0.13802756,0.13741499,0.23999277,0.07410088,0.08952558,0.0
1472,0.1834773,0.2897625,0.1105753,0.0572483,0.05689939,0.30203718,0.0
1473,0.13993265,0.08158691,0.17362662,0.3467676,0.19339627,0.0646899,0.0
1474,0.18372163,0.18742758,0.27840376,0.11158454,0.1413778,0.09748461,0.0
1475,0.26163018,0.10963262,0.13711704,0.28115457,0.14628324,0.06418236,0.0
1476,0.10940421,0.21142098,0.15880102,0.06513762,0.2859778,0.16925837,0.0
1477,0.13785198,0.18938789,0.35541806,0.21318033,0.05155301,0.05260878,0.0
1478,0.21330054,0.09042633,0.21483362,0.1245303,0.21789747,0.13901176,0.0
1479,0.3473205,0.07704272,0.12827641,0.1013177,0.08188482,0.26415792,0.0
1480,0.20628464,0.05699542,0.29094702,0.09005725,0.19254157,0.16317412,0.0
1481,0.29310867,0.21725444,0.04743649,0.04075974,0.19434264,0.20709805,0.0
1482,0.1884333,0.26951703,0.13607796,0.09846121,0.2376627,0.06984782,0.0
1483,0.14239134,0.09252638,0.0849648,0.10005351,0.13551989,0.44454402,0.0
1484,0.10011213,0.074815,0.22937661,0.16560987,0.16263807,0.2674483,0.0
1485,0.22077873,0.1363188,0.09358078,0.07354669,0.3635011,0.11227388,0.0
1486,0.27975544,0.31330273,0.09447932,0.08774817,0.15549433,0.06921991,0.0
1487,0.15627456,0.31308392,0.0837163,0.19835754,0.14689381,0.10167391,0.0
1488,0.18529624,0.34453735,0.12604876,0.07365087,0.196364,0.07410274,0.0
1489,0.263287,0.05721294,0.22652024,0.14280216,0.25663427,0.05354343,0.0
1490,0.1652044,0.14013618,0.09249154,0.21392341,0.19831981,0.1899246,0.0
1491,0.13088395,0.31244722,0.10716941,0.26215187,0.13084257,0.05650499,0.0
1492,0.27613735,0.21796648,0.23194383,0.07221492,0.12472007,0.07701744,0.0
1493,0.08885875,0.1531976,0.10882349,0.22896887,0.28544512,0.13470608,0.0
1494,0.3055789,0.29149422,0.09355856,0.1241808,0.12745,0.05773753,0.0
1495,0.16567951,0.13822243,0.07967821,0.30566975,0.25890756,0.05184251,0.0
1496,0.12683952,0.16778597,0.10354377,0.13994397,0.08778791,0.3740989,0.0
1497,0.34610644,0.1368819,0.0908076,0.2830341,0.06167572,0.08149435,0.0
1498,0.3825044,0.11396386,0.06258253,0.06456124,0.15545814,0.2209298,0.0
1499,0.07653719,0.14415869,0.17125487,0.15404783,0.2834235,0.17057794,0.0
1500,0.08454935,0.43666282,0.06266788,0.23953266,0.08499534,0.091592,0.0
1501,0.16528088,0.2631626,0.2866471,0.07358502,0.06341118,0.14791322,0.0
1502,0.17575689,0.08053347,0.06193671,0.36117405,0.07564052,0.24495843,0.0
1503,0.24278593,0.1281606,0.26030502,0.19824697,0.08639563,0.08410597,0.0
1504,0.3018176,0.17190215,0.22235678,0.11736248,0.10489915,0.08166187,0.0
1505,0.16485241,0.15816532,0.0750194,0.28949013,0.05306688,0.25940582,0.0
1506,0.15916379,0.08132555,0.15989287,0.07769848,0.27005747,0.25186187,0.0
1507,0.36171842,0.25310954,0.09041154,0.09277745,0.09096386,0.11101925,0.0
1508,0.06929272,0.21543981,0.1336115,0.29453903,0.24447937,0.04263755,0.0
1509,0.2985036,0.23493282,0.04839237,0.16469496,0.0863736,0.16710263,0.0
1510,0.18107119,0.19981864,0.08101714,0.24347295,0.18109177,0.11352832,0.0
1511,0.08687427,0.1080332,0.14051628,0.15987402,0.14188763,0.3628146,0.0
1512,0.04894933,0.09135741,0.04833599,0.23592941,0.25226617,0.3231617,0.0
1513,0.04509007,0.24047847,0.07992442,0.12546724,0.25119552,0.25784427,0.0
1514,0.3339961,0.12293568,0.08471093,0.17180946,0.09069285,0.19585496,0.0
1515,0.32524675,0.11255906,0.05475599,0.16025694,0.0480341,0.2991472,0.0
1516,0.14501683,0.09667301,0.24704541,0.17922045,0.14599842,0.1860458,0.0
1517,0.37599778,0.32328388,0.12133151,0.06458639,0.05714857,0.05765183,0.0
1518,0.2575923,0.12082157,0.06215893,0.08543672,0.30922744,0.1647631,0.0
1519,0.31173086,0.16577475,0.21164365,0.13644154,0.05880304,0.11560614,0.0
1520,0.22760116,0.18527292,0.11415674,0.16194098,0.23595364,0.07507455,0.0
1521,0.20404185,0.09236662,0.27996537,0.12595966,0.22145404,0.07621245,0.0
1522,0.10533736,0.335555,0.05627064,0.34800515,0.10172573,0.05310614,0.0
1523,0.0633124,0.2386903,0.29041442,0.2712818,0.05090909,0.08539192,0.0
1524,0.14240369,0.05600049,0.05915231,0.18400516,0.29216918,0.26626915,0.0
1525,0.3284288,0.08041967,0.06813721,0.30041105,0.09919377,0.1234096,0.0
1526,0.09650987,0.06787001,0.17587452,0.21696979,0.16636266,0.27641317,0.0
1527,0.2526975,0.11733618,0.09608065,0.25972867,0.1987121,0.07544491,0.0
1528,0.36899135,0.06130511,0.1074895,0.1191185,0.1296997,0.2133958,0.0
1529,0.10274547,0.06871415,0.23627746,0.11648422,0.2510967,0.22468203,0.0
1530,0.05343944,0.21839713,0.27377248,0.17894335,0.05865261,0.21679504,0.0
1531,0.15343831,0.13291962,0.22906266,0.1689437,0.19302762,0.12260814,0.0
1532,0.21602139,0.2255855,0.09714353,0.25125527,0.1306527,0.07934161,0.0
1533,0.34360075,0.18856356,0.13366823,0.17921051,0.08771388,0.06724303,0.0
1534,0.09299538,0.08515511,0.35826156,0.09228005,0.13908295,0.23222496,0.0
1535,0.2126476,0.11920885,0.21382056,0.06596325,0.24504799,0.1433117,0.0
1536,0.06741345,0.05175469,0.2851532,0.26567456,0.08842546,0.24157858,0.0
1537,0.35185236,0.10819023,0.0960853,0.18174724,0.0923074,0.16981749,0.0
1538,0.15421201,0.09879028,0.39858547,0.17034505,0.09597817,0.0820891,0.0
1539,0.08217517,0.17451388,0.09344182,0.2559239,0.13617975,0.25776547,0.0
1540,0.21833716,0.1741497,0.0901662,0.12697178,0.1816172,0.20875803,0.0
1541,0.09254991,0.20822416,0.09551474,0.2007688,0.29260403,0.1103384,0.0
1542,0.23004694,0.08618714,0.13169925,0.08677856,0.1543263,0.3109619,0.0
1543,0.10288363,0.25580636,0.17282802,0.31813586,0.06859357,0.08175262,0.0
1544,0.38608643,0.08489657,0.2082835,0.10256543,0.1373764,0.08079166,0.0
1545,0.22531898,0.25432038,0.11108883,0.06798335,0.07320353,0.26808494,0.0
1546,0.06010792,0.24778745,0.16737004,0.26043522,0.0468359,0.21746348,0.0
1547,0.08713888,0.1452752,0.08265125,0.27266753,0.34914073,0.06312639,0.0
1548,0.15915053,0.20296605,0.1750155,0.09333836,0.08086941,0.28866023,0.0
1549,0.37196597,0.07073621,0.08031938,0.0844596,0.26975587,0.12276292,0.0
1550,0.4351523,0.10152368,0.15134771,0.07791961,0.09495871,0.13909811,0.0
1551,0.06997096,0.05248253,0.32157356,0.1740543,0.18744478,0.1944738,0.0
1552,0.24034041,0.14256991,0.17194143,0.1546807,0.23195285,0.05851471,0.0
1553,0.20379342,0.2984425,0.06033725,0.15899616,0.15894565,0.11948504,0.0
1554,0.31449953,0.06552459,0.28765032,0.09307966,0.14573325,0.09351262,0.0
1555,0.11948102,0.27385762,0.0791193,0.16248775,0.27119654,0.09385774,0.0
1556,0.0757231,0.12252356,0.08639982,0.31509942,0.10859169,0.29166245,0.0
1557,0.16795827,0.1530413,0.19380814,0.15941371,0.16773455,0.158044,0.0
1558,0.3998728,0.17632046,0.17338192,0.06348055,0.08629576,0.1006484,0.0
1559,0.06485584,0.17953432,0.23957635,0.25245932,0.13450933,0.12906486,0.0
1560,0.25379965,0.17656676,0.08318408,0.24417447,0.08795637,0.15431866,0.0
1561,0.17646323,0.07153119,0.3098422,0.13324471,0.09457611,0.21434255,0.0
1562,0.10013754,0.15231162,0.09346396,0.1674446,0.3314299,0.15521236,0.0
1563,0.10578407,0.17512247,0.15054569,0.13776195,0.17561083,0.255175,0.0
1564,0.34549376,0.23833805,0.07792585,0.15916798,0.07248943,0.10658488,0.0
1565,0.0459434,0.31372818,0.16662917,0.1561068,0.26807827,0.04951417,0.0
1566,0.05992272,0.11669134,0.2475413,0.22911945,0.11736663,0.22935864,0.0
1567,0.10120232,0.08822238,0.38067004,0.190581,0.13478361,0.10454066,0.0
1568,0.2742845,0.0531144,0.2552482,0.07107622,0.09541158,0.25086513,0.0
1569,0.16561045,0.18503688,0.09191728,0.06740142,0.30434522,0.1856887,0.0
1570,0.10344401,0.07865016,0.210126,0.06581024,0.34882388,0.19314568,0.0
1571,0.25718164,0.11016666,0.16725579,0.18021575,0.17683813,0.10834203,0.0
1572,0.1275669,0.31527403,0.08465121,0.10189346,0.17092684,0.19968767,0.0
1573,0.0740195,0.16723454,0.48422068,0.11003932,0.09097601,0.07350997,0.0
1574,0.27390945,0.12611309,0.23049955,0.12391153,0.06963787,0.1759285,0.0
1575,0.0612226,0.2712987,0.18142103,0.18115713,0.05282705,0.25207356,0.0
1576,0.23674144,0.25696146,0.10610829,0.05768865,0.05850056,0.28399962,0.0
1577,0.21146668,0.14343537,0.28188136,0.05347056,0.11696132,0.1927847,0.0
1578,0.13660157,0.20508638,0.13826549,0.07358403,0.1426201,0.30384243,0.0
1579,0.07750425,0.25910807,0.0620163,0.28944805,0.18326515,0.12865822,0.0
1580,0.22363126,0.07172433,0.33999363,0.15234229,0.08039213,0.13191633,0.0
1581,0.07709915,0.07283533,0.11833949,0.18080729,0.32841256,0.22250617,0.0
1582,0.18284772,0.16026673,0.17160244,0.27931127,0.15433428,0.05163762,0.0
1583,0.14591725,0.32355556,0.05863777,0.2918181,0.12288979,0.05718151,0.0
1584,0.11551322,0.22302875,0.07838776,0.07207759,0.257683,0.2533096,0.0
1585,0.11707443,0.24600984,0.2165513,0.08950675,0.24520929,0.08564845,0.0
1586,0.23223916,0.13481373,0.20183548,0.05129291,0.27022967,0.10958906,0.0
1587,0.27148166,0.24624957,0.10374136,0.06964488,0.16598423,0.1428983,0.0
1588,0.26364192,0.1558751,0.11513545,0.10204213,0.21121709,0.15208839,0.0
1589,0.342373,0.21956159,0.05368617,0.06265172,0.18203461,0.13969286,0.0
1590,0.1666586,0.25409222,0.15566258,0.07865372,0.20326863,0.1416643,0.0
1591,0.28211614,0.11637592,0.15207095,0.22790201,0.12068632,0.10084862,0.0
1592,0.0936484,0.22383103,0.3370546,0.12587816,0.07135065,0.14823703,0.0
1593,0.08977934,0.1121592,0.05452202,0.1937661,0.36731958,0.18245378,0.0
1594,0.20380995,0.14738561,0.21953268,0.23327634,0.09541121,0.1005842,0.0
1595,0.10762378,0.19640562,0.11685663,0.20586471,0.22071265,0.15253656,0.0
1596,0.33655694,0.23200035,0.11768296,0.11878831,0.12378608,0.07118541,0.0
1597,0.24630798,0.09454012,0.08601335,0.36267924,0.12172582,0.08873338,0.0
1598,0.20535222,0.07534812,0.26118517,0.10347758,0.07344436,0.28119263,0.0
1599,0.38611475,0.05663837,0.09280065,0.10527205,0.08729575,0.27187836,0.0
1600,0.06598087,0.1083498,0.26891294,0.08993605,0.14189878,0.3249216,0.0
1601,0.06902513,0.08138242,0.17237793,0.4339045,0.08996315,0.1533469,0.0
1602,0.18898188,0.07632806,0.41461682,0.16946912,0.08596098,0.06464309,0.0
1603,0.15437518,0.07850796,0.14003974,0.07224528,0.34209442,0.21273744,0.0
1604,0.1473639,0.30408013,0.07940839,0.05637909,0.34242502,0.0703435,0.0
1605,0.4525965,0.13645709,0.08903921,0.10716248,0.06633496,0.14840984,0.0
1606,0.1014954,0.22053151,0.15196294,0.05101963,0.2500356,0.22495496,0.0
1607,0.18060371,0.07612217,0.41789114,0.07506702,0.10644159,0.14387439,0.0
1608,0.14105661,0.04669327,0.24815618,0.19366296,0.25720447,0.11322643,0.0
1609,0.06396894,0.1612937,0.07860725,0.22735423,0.28953436,0.17924155,0.0
1610,0.25073317,0.20518641,0.07634184,0.27717137,0.05672113,0.13384612,0.0
1611,0.2667668,0.04118812,0.12336037,0.15337832,0.12928465,0.28602183,0.0
1612,0.05834559,0.0891695,0.11563949,0.33504474,0.28620893,0.11559179,0.0
1613,0.1594103,0.28837302,0.19413348,0.10153423,0.20898125,0.0475677,0.0
1614,0.3006311,0.07387103,0.29027244,0.07122631,0.20487355,0.05912552,0.0
1615,0.08439747,0.28536797,0.11484256,0.34127194,0.08990486,0.08421522,0.0
1616,0.08688086,0.06147751,0.18824573,0.31072447,0.14671516,0.20595622,0.0
1617,0.1925823,0.16525029,0.2330468,0.10693543,0.07212438,0.23006082,0.0
1618,0.08733939,0.22560436,0.2789256,0.08672803,0.17826372,0.14313895,0.0
1619,0.16193599,0.11994971,0.11087009,0.14591461,0.26655984,0.19476978,0.0
1620,0.30990878,0.08740509,0.07181314,0.23769763,0.168907,0.12426838,0.0
1621,0.21519992,0.27159548,0.12031046,0.24643965,0.05845398,0.08800048,0.0
1622,0.1372575,0.18460554,0.08267915,0.18691356,0.3349668,0.07357748,0.0
1623,0.09053589,0.5050632,0.08535173,0.10934131,0.0968264,0.11288159,0.0
1624,0.10891508,0.22692561,0.23932767,0.06213672,0.04666788,0.31602708,0.0
1625,0.11905662,0.26026425,0.06989922,0.14838384,0.19674104,0.20565504,0.0
1626,0.27588573,0.14398271,0.25461286,0.0557235,0.17882045,0.09097469,0.0
1627,0.288897,0.08932616,0.13232535,0.12797174,0.08959027,0.2718894,0.0
1628,0.07285423,0.24448426,0.17886157,0.15554476,0.16127475,0.18698044,0.0
1629,0.29733196,0.07549329,0.056778,0.21444835,0.09088201,0.26506642,0.0
1630,0.22167796,0.11277448,0.09782803,0.19736147,0.24953254,0.12082554,0.0
1631,0.41423142,0.16880263,0.05999654,0.1617532,0.08021646,0.11499971,0.0
1632,0.1396475,0.1829451,0.17835847,0.06529495,0.21786378,0.2158902,0.0
1633,0.05551592,0.08106108,0.23077774,0.28000712,0.17383389,0.17880423,0.0
1634,0.18855704,0.06313713,0.18931173,0.15268663,0.3439591,0.06234837,0.0
1635,0.12670825,0.14786251,0.11583523,0.13448597,0.10409392,0.3710141,0.0
1636,0.06525856,0.28007263,0.1166162,0.23524164,0.22464633,0.07816463,0.0
1637,0.13071346,0.09933957,0.06947784,0.39880535,0.11614712,0.18551674,0.0
1638,0.19288085,0.3418835,0.09112405,0.07980788,0.1010915,0.19321215,0.0
1639,0.18484531,0.20516688,0.25707406,0.25608018,0.03537396,0.06145964,0.0
1640,0.15993275,0.21248896,0.09532613,0.30923486,0.16126369,0.06175356,0.0
1641,0.11875951,0.14061913,0.28708643,0.05798903,0.30989918,0.08564676,0.0
1642,0.08503226,0.06274443,0.10309299,0.3274553,0.32299232,0.09868271,0.0
1643,0.28442013,0.1836129,0.2061538,0.07040058,0.07534492,0.18006761,0.0
1644,0.24620208,0.11088634,0.12169974,0.17130497,0.2037382,0.14616865,0.0
1645,0.27673227,0.06934234,0.23383842,0.12227626,0.12250743,0.17530328,0.0
1646,0.1721549,0.20984171,0.24202542,0.10355399,0.19462313,0.07780084,0.0
1647,0.24787232,0.09926894,0.10072383,0.17063966,0.23896419,0.14253113,0.0
1648,0.11935399,0.18899672,0.26970282,0.05933039,0.15988693,0.20272914,0.0
1649,0.24641222,0.05942856,0.12691025,0.1224437,0.28931034,0.15549497,0.0
1650,0.2434442,0.07436452,0.12574245,0.12820666,0.22683866,0.20140354,0.0
1651,0.30182385,0.3207471,0.1140653,0.10224048,0.11377184,0.04735143,0.0
1652,0.05744275,0.21664065,0.24097615,0.25730622,0.11162212,0.11601209,0.0
1653,0.19140258,0.09749385,0.11981834,0.09308062,0.31700277,0.18120185,0.0
1654,0.17013904,0.08968981,0.11754702,0.23382884,0.18267538,0.20611987,0.0
1655,0.19118488,0.09634673,0.09702218,0.20605879,0.14871329,0.26067418,0.0
1656,0.31459963,0.0825079,0.30942336,0.0902945,0.10114826,0.1020264,0.0
1657,0.09373191,0.23834233,0.18095298,0.14106157,0.13952656,0.20638463,0.0
1658,0.09900098,0.10731027,0.2702486,0.11151589,0.09571796,0.31620625,0.0
1659,0.119325,0.16837804,0.13342723,0.08877543,0.29223126,0.19786292,0.0
1660,0.16705038,0.12716465,0.4008296,0.07456976,0.11761874,0.11276688,0.0
1661,0.12360076,0.40472245,0.09385878,0.07760286,0.10357221,0.19664297,0.0
1662,0.20555535,0.1749416,0.21806829,0.08756121,0.15964298,0.15423061,0.0
1663,0.20272498,0.0883075,0.22211207,0.04829441,0.14338893,0.29517207,0.0
1664,0.07159058,0.08961774,0.46961007,0.09288027,0.11883041,0.1574709,0.0
1665,0.18181166,0.15075564,0.10941286,0.07987217,0.20556585,0.27258176,0.0
1666,0.25851497,0.07994938,0.20526256,0.23328301,0.12169234,0.10129768,0.0
1667,0.24710734,0.18139556,0.05812225,0.10671749,0.06717706,0.33948022,0.0
1668,0.17983308,0.06503762,0.13570353,0.12765785,0.32492042,0.16684744,0.0
1669,0.05092164,0.20900041,0.12802881,0.29160145,0.1682119,0.15223575,0.0
1670,0.2095998,0.2725301,0.07475559,0.2525232,0.11816031,0.07243092,0.0
1671,0.19653401,0.08955681,0.06967475,0.244888,0.18867514,0.2106713,0.0
1672,0.05096656,0.13398015,0.27365202,0.21727705,0.2418197,0.08230448,0.0
1673,0.11409456,0.16545293,0.12148165,0.31601754,0.08736423,0.1955891,0.0
1674,0.14409962,0.13945626,0.2225893,0.07406032,0.13470533,0.28508922,0.0
1675,0.2199446,0.05081161,0.25744414,0.16405538,0.15861593,0.14912832,0.0
1676,0.09368233,0.15448846,0.15967801,0.2750407,0.22316046,0.09395003,0.0
1677,0.05391027,0.36348566,0.09479468,0.31122708,0.10268845,0.07389383,0.0
1678,0.23668718,0.27915826,0.05046843,0.0474453,0.28095192,0.10528895,0.0
1679,0.10680036,0.2520708,0.08201844,0.14813368,0.35512006,0.05585661,0.0
1680,0.1468724,0.05252808,0.11260193,0.3620739,0.23668616,0.08923752,0.0
1681,0.09950364,0.13212442,0.15422021,0.31616923,0.22671479,0.07126768,0.0
1682,0.2981563,0.08262383,0.05435617,0.15411285,0.06500588,0.3457451,0.0
1683,0.18735866,0.19072233,0.17296235,0.19176361,0.08585789,0.1713351,0.0
1684,0.23189801,0.07506495,0.1568972,0.37795547,0.08907045,0.06911398,0.0
1685,0.11396423,0.23104234,0.0789478,0.15994918,0.10932656,0.30676994,0.0
1686,0.08763234,0.11400314,0.3403136,0.19718398,0.16959369,0.0912732,0.0
1687,0.25437918,0.04517322,0.1497905,0.24267465,0.22180894,0.08617348,0.0
1688,0.04953241,0.25163403,0.14082386,0.24453697,0.26672003,0.04675274,0.0
1689,0.12226769,0.31663334,0.06608497,0.264195,0.09008217,0.14073676,0.0
1690,0.14707871,0.2861906,0.05558901,0.3496321,0.1041394,0.05737021,0.0
1691,0.1769275,0.17816478,0.15331237,0.10885451,0.23315813,0.1495827,0.0
1692,0.08833455,0.24021249,0.07300585,0.1453773,0.24598698,0.20708281,0.0
1693,0.09681515,0.13650623,0.07864367,0.27529737,0.19803719,0.21470037,0.0
1694,0.28422314,0.21992739,0.08387498,0.05466028,0.11250713,0.24480706,0.0
1695,0.14874633,0.16808155,0.2555078,0.24846865,0.08669339,0.09250229,0.0
1696,0.08218955,0.21016623,0.15802844,0.16830029,0.11279671,0.26851887,0.0
1697,0.09631311,0.20316224,0.31310794,0.24553718,0.05636887,0.08551061,0.0
1698,0.32629398,0.21279503,0.06212292,0.1655776,0.12231526,0.11089521,0.0
1699,0.17896372,0.07628943,0.14907028,0.20053272,0.29088748,0.10425641,0.0
1700,0.08580332,0.12107527,0.08428766,0.13323085,0.25642315,0.31917974,0.0
1701,0.1528705,0.22166489,0.12739468,0.14722688,0.28609672,0.06474637,0.0
1702,0.20537606,0.10403809,0.24380729,0.07538065,0.09339879,0.27799904,0.0
1703,0.07837564,0.10627624,0.13719334,0.14831604,0.21022272,0.31961605,0.0
1704,0.09500919,0.2008777,0.1628191,0.13752098,0.16605817,0.23771484,0.0
1705,0.07116365,0.0486367,0.17739612,0.31464165,0.24840942,0.1397524,0.0
1706,0.1489688,0.14627372,0.0502778,0.26109233,0.32621887,0.06716843,0.0
1707,0.3666833,0.11841463,0.10350676,0.09072135,0.0652997,0.2553742,0.0
1708,0.2586948,0.08688276,0.21507226,0.29273492,0.09069843,0.05591684,0.0
1709,0.31936166,0.07765069,0.11829455,0.07812597,0.15131167,0.25525546,0.0
1710,0.11085422,0.14709868,0.13415514,0.05546286,0.25812018,0.29430896,0.0
1711,0.21679802,0.07054172,0.05841888,0.05958182,0.23474503,0.35991457,0.0
1712,0.16715911,0.12509668,0.21818568,0.26137087,0.12626876,0.10191889,0.0
1713,0.1299089,0.19176924,0.0697282,0.27770737,0.15366112,0.17722517,0.0
1714,0.22156046,0.09682116,0.23218751,0.05387695,0.21960478,0.17594908,0.0
1715,0.07666509,0.10857037,0.23876737,0.07405828,0.2212125,0.2807263,0.0
1716,0.13699318,0.20155674,0.048691,0.3231651,0.15760307,0.131991,0.0
1717,0.21376373,0.06886362,0.2183939,0.18316987,0.13730179,0.178507,0.0
1718,0.29177853,0.1532873,0.2356697,0.06220318,0.17706668,0.07999467,0.0
1719,0.08389314,0.05196297,0.18943149,0.23833565,0.3781932,0.05818361,0.0
1720,0.22323762,0.09266783,0.33316916,0.10988864,0.14895774,0.09207894,0.0
1721,0.07363378,0.06279618,0.24684808,0.13293724,0.12507316,0.3587115,0.0
1722,0.10966094,0.13002801,0.23114093,0.0785225,0.09888117,0.35176644,0.0
1723,0.14436074,0.20209228,0.33281305,0.08680957,0.11883499,0.11508939,0.0
1724,0.11692198,0.06837789,0.48005876,0.1138658,0.09610151,0.12467405,0.0
1725,0.13518995,0.09701556,0.14305216,0.09950289,0.20910448,0.31613496,0.0
1726,0.11785094,0.32996678,0.07903815,0.10113746,0.12820975,0.24379694,0.0
1727,0.16535826,0.2915661,0.13238725,0.16154687,0.20321806,0.04592345,0.0
1728,0.32616797,0.09904116,0.30268472,0.08551364,0.04776046,0.13883206,0.0
1729,0.28642476,0.34447563,0.09176952,0.13639566,0.07236285,0.0685716,0.0
1730,0.32636246,0.07875695,0.18087402,0.13832156,0.16642469,0.1092603,0.0
1731,0.08893884,0.15097247,0.10733593,0.20368335,0.22663735,0.22243206,0.0
1732,0.11452158,0.19183858,0.28482544,0.25052744,0.0998619,0.05842501,0.0
1733,0.06472386,0.31478003,0.12202062,0.22748987,0.06614461,0.20484103,0.0
1734,0.38471743,0.05893681,0.24451217,0.07182539,0.08855259,0.15145561,0.0
1735,0.09736355,0.07348365,0.35688087,0.23377416,0.13938627,0.09911146,0.0
1736,0.27657816,0.16198523,0.06165494,0.15541224,0.2362929,0.10807653,0.0
1737,0.1418666,0.06073838,0.32493806,0.07966235,0.27077824,0.12201641,0.0
1738,0.1414967,0.27251452,0.20023125,0.07936831,0.20799734,0.09839194,0.0
1739,0.15854092,0.28939378,0.13979289,0.11384904,0.06285679,0.23556662,0.0
1740,0.28771067,0.09659529,0.3005833,0.12836537,0.09619486,0.09055052,0.0
1741,0.33009073,0.12857966,0.0955598,0.1169826,0.14413705,0.18465018,0.0
1742,0.14163174,0.16453329,0.17448246,0.22831027,0.18082303,0.11021925,0.0
1743,0.09871549,0.20217122,0.153856,0.29895902,0.16296978,0.08332854,0.0
1744,0.09082951,0.16602215,0.13109156,0.15296726,0.2002039,0.2588856,0.0
1745,0.3003668,0.16539384,0.11702981,0.05999041,0.13243514,0.22478405,0.0
1746,0.080359,0.18088806,0.23011453,0.06587256,0.22713308,0.2156328,0.0
1747,0.17503014,0.28322035,0.06681246,0.29086247,0.09028257,0.09379207,0.0
1748,0.04257921,0.2360438,0.11065207,0.17130998,0.25274372,0.18667121,0.0
1749,0.20098478,0.29114482,0.05239223,0.04974278,0.31432262,0.09141285,0.0
1750,0.22860858,0.25592974,0.17550339,0.0897599,0.1980624,0.05213603,0.0
1751,0.3231475,0.08204748,0.11988341,0.18517135,0.11692534,0.17282496,0.0
1752,0.13871817,0.18390511,0.06145355,0.38328263,0.10305917,0.12958136,0.0
1753,0.06858904,0.05917702,0.2495935,0.25427926,0.2206606,0.14770058,0.0
1754,0.10641293,0.10510728,0.1256814,0.19001405,0.25677392,0.21601044,0.0
1755,0.14872584,0.30892038,0.17527492,0.0743095,0.16778383,0.12498556,0.0
1756,0.278311,0.13115896,0.20235288,0.19679263,0.10392109,0.08746331,0.0
1757,0.3050492,0.07886039,0.04518899,0.17853753,0.31305158,0.07931229,0.0
1758,0.06242352,0.10571338,0.12824887,0.11714059,0.37530485,0.21116877,0.0
1759,0.24556154,0.07696107,0.24481285,0.13796724,0.21146104,0.08323631,0.0
1760,0.10843237,0.10251282,0.30713278,0.3307958,0.08322716,0.06789917,0.0
1761,0.34589487,0.13496985,0.07962614,0.10991555,0.08377103,0.24582255,0.0
1762,0.2546655,0.05448055,0.17760192,0.09133647,0.24397092,0.17794459,0.0
1763,0.12092783,0.1492304,0.09208232,0.34768432,0.16914825,0.12092687,0.0
1764,0.09112231,0.21964756,0.24031235,0.27390492,0.12437601,0.05063688,0.0
1765,0.07582244,0.11801369,0.11627129,0.2036576,0.39850873,0.08772627,0.0
1766,0.11655245,0.2573059,0.22585236,0.14512794,0.0916094,0.16355197,0.0
1767,0.15312378,0.29590377,0.06623095,0.09673802,0.24754085,0.1404627,0.0
1768,0.27653337,0.26147237,0.06133474,0.11402313,0.205517,0.08111938,0.0
1769,0.1479638,0.04266338,0.28859094,0.22453173,0.17781083,0.11843922,0.0
1770,0.1846492,0.10510228,0.19546583,0.19990498,0.10791507,0.20696267,0.0
1771,0.22903188,0.05528954,0.06059247,0.21175557,0.17424594,0.26908463,0.0
1772,0.13538459,0.34263062,0.08141339,0.15823586,0.14776741,0.13456807,0.0
1773,0.05657063,0.21490912,0.33796197,0.08709052,0.18836229,0.11510551,0.0
1774,0.24091779,0.09844445,0.22609022,0.15052709,0.18542886,0.09859156,0.0
1775,0.20510891,0.15074052,0.08018178,0.30621663,0.10933276,0.14841938,0.0
1776,0.12226257,0.08651054,0.25033998,0.25164258,0.08261951,0.20662484,0.0
1777,0.24963947,0.05967838,0.2307343,0.05767743,0.13932018,0.26295024,0.0
1778,0.14538862,0.12774093,0.14736028,0.41381958,0.08572862,0.07996188,0.0
1779,0.23357415,0.14342144,0.10587558,0.07573739,0.3273387,0.11405274,0.0
1780,0.12154524,0.09960149,0.42393175,0.17170933,0.09800842,0.08520371,0.0
1781,0.14760736,0.08309033,0.22677922,0.27007234,0.12238775,0.15006296,0.0
1782,0.1009945,0.19119148,0.19125955,0.11078109,0.2756996,0.13007383,0.0
1783,0.08767722,0.06661324,0.305013,0.27154976,0.13505147,0.13409525,0.0
1784,0.07167949,0.11323623,0.10184415,0.23360664,0.26530546,0.21432815,0.0
1785,0.09930113,0.08808231,0.13283297,0.14283948,0.20379403,0.33315,0.0
1786,0.2522962,0.3202992,0.08967477,0.0802626,0.12377447,0.13369274,0.0
1787,0.2834962,0.0594728,0.04870182,0.23702951,0.2710857,0.10021392,0.0
1788,0.08643305,0.12921923,0.12256201,0.0980792,0.4150978,0.14860871,0.0
1789,0.06590208,0.24681619,0.1273277,0.22509277,0.24363464,0.09122659,0.0
1790,0.07673695,0.11090656,0.0708581,0.1370431,0.29852408,0.30593115,0.0
1791,0.10045223,0.14319484,0.10360634,0.12310962,0.13876024,0.39087677,0.0
1792,0.0587311,0.32461533,0.09318198,0.17304133,0.16501111,0.18541904,0.0
1793,0.11718765,0.2716295,0.18887824,0.10039987,0.07330118,0.24860348,0.0
1794,0.13414896,0.15236591,0.07231089,0.12074002,0.38219407,0.13824016,0.0
1795,0.1842468,0.19573352,0.1301951,0.06183558,0.26185098,0.16613802,0.0
1796,0.23684508,0.20940696,0.26147708,0.15848406,0.06950759,0.06427928,0.0
1797,0.13116916,0.20920764,0.2733791,0.07455949,0.21102268,0.10066199,0.0
1798,0.12735808,0.08965757,0.10872878,0.45127237,0.15224971,0.07073345,0.0
1799,0.04898978,0.27489954,0.28192794,0.15514049,0.15220167,0.08684057,0.0
1800,0.21752405,0.14221059,0.07926629,0.26912257,0.1690962,0.12278026,0.0
1801,0.2253841,0.26295793,0.05798135,0.0552096,0.26958215,0.12888482,0.0
1802,0.14369003,0.30050772,0.11258822,0.04872585,0.2275917,0.16689642,0.0
1803,0.18600401,0.3481833,0.08038215,0.14630327,0.05210055,0.18702666,0.0
1804,0.04881647,0.25831494,0.28165415,0.14708865,0.05943802,0.2046878,0.0
1805,0.13792899,0.11074153,0.07582689,0.2745754,0.33003655,0.07089055,0.0
1806,0.08167228,0.05615845,0.10225885,0.23585147,0.22293213,0.30112684,0.0
1807,0.06079175,0.26101887,0.31688672,0.1896593,0.07225521,0.09938822,0.0
1808,0.06679845,0.2207445,0.13507926,0.19658144,0.31102723,0.06976908,0.0
1809,0.24477431,0.25252113,0.20578893,0.11726983,0.13374716,0.04589863,0.0
1810,0.22127268,0.11001667,0.17798775,0.17559393,0.11996752,0.19516148,0.0
1811,0.27662376,0.09399793,0.07216664,0.09200066,0.19221441,0.2729966,0.0
1812,0.21980879,0.12626925,0.2544206,0.23105007,0.07745486,0.09099643,0.0
1813,0.18633345,0.1577568,0.16516793,0.21817048,0.1415854,0.13098589,0.0
1814,0.22594012,0.18106131,0.09675285,0.16664535,0.10567448,0.22392602,0.0
1815,0.1909431,0.13694508,0.13541152,0.17109042,0.26543188,0.100178,0.0
1816,0.08522154,0.07725053,0.27635667,0.07587272,0.15171589,0.3335826,0.0
1817,0.20700644,0.18291716,0.19887297,0.15824708,0.14059229,0.11236406,0.0
1818,0.20908862,0.1470317,0.31563267,0.09912555,0.1316888,0.09743268,0.0
1819,0.13484268,0.09684876,0.15943298,0.3296582,0.13266367,0.14655373,0.0
1820,0.15352106,0.11195088,0.11033434,0.24412297,0.1391615,0.24090931,0.0
1821,0.16586703,0.08927657,0.20950015,0.33092952,0.08520058,0.11922616,0.0
1822,0.3707672,0.08650408,0.07417766,0.3060731,0.06939282,0.09308516,0.0
1823,0.14845125,0.17452353,0.2899612,0.09922313,0.05436708,0.23347372,0.0
1824,0.07487253,0.06920355,0.2046157,0.41309863,0.14482552,0.09338409,0.0
1825,0.07873769,0.10023966,0.23568983,0.15840115,0.35209084,0.07484079,0.0
1826,0.11186029,0.3738548,0.05825581,0.09322345,0.14525962,0.21754603,0.0
1827,0.18538491,0.19802324,0.09955382,0.16410445,0.28737584,0.0655577,0.0
1828,0.12670104,0.16574393,0.2030374,0.09674735,0.11200589,0.29576442,0.0
1829,0.22211997,0.18179815,0.16457039,0.13763127,0.17919315,0.11468706,0.0
1830,0.24524751,0.22694594,0.10164332,0.10309564,0.16912064,0.15394697,0.0
1831,0.14547583,0.05199401,0.2124518,0.12468421,0.28901038,0.17638378,0.0
1832,0.11068068,0.08001696,0.19760641,0.22585472,0.10940101,0.2764403,0.0
1833,0.2701813,0.11260921,0.05798946,0.09365144,0.3001696,0.16539897,0.0
1834,0.21102361,0.07411444,0.2835,0.12739879,0.15880492,0.1451582,0.0
1835,0.09491249,0.16077702,0.26471877,0.2230425,0.07928885,0.17726044,0.0
1836,0.1195734,0.11420561,0.3780564,0.17271683,0.08511684,0.13033094,0.0
1837,0.20782924,0.23629451,0.12574987,0.05730556,0.1070386,0.26578215,0.0
1838,0.17969166,0.11236954,0.18337211,0.2891319,0.11542065,0.12001404,0.0
1839,0.10901327,0.11258395,0.2240142,0.1158001,0.22883026,0.20975822,0.0
1840,0.10756797,0.3684465,0.07867911,0.27585644,0.08333658,0.08611345,0.0
1841,0.14051911,0.07299712,0.13058336,0.09198038,0.29893968,0.2649804,0.0
1842,0.14810768,0.16424696,0.09743167,0.17802167,0.13738325,0.27480876,0.0
1843,0.17106953,0.24347846,0.15809143,0.2127142,0.08425149,0.13039497,0.0
1844,0.09327342,0.15082689,0.10982555,0.26763198,0.28126535,0.09717684,0.0
1845,0.23707998,0.18825334,0.32104462,0.07043459,0.06115666,0.12203081,0.0
1846,0.27445585,0.17353912,0.12873143,0.06832787,0.20270482,0.15224092,0.0
1847,0.20331743,0.19060399,0.06296016,0.094084,0.37557375,0.07346062,0.0
1848,0.05731879,0.09066493,0.13957354,0.16717866,0.30662972,0.23863435,0.0
1849,0.10281497,0.1008472,0.5173657,0.09224235,0.0955139,0.09121587,0.0
1850,0.1597972,0.2289518,0.13641642,0.22330023,0.17400678,0.07752746,0.0
1851,0.21273844,0.1362698,0.13880454,0.27650252,0.17047617,0.06520856,0.0
1852,0.09110157,0.11539584,0.2722422,0.16964853,0.10905213,0.24255976,0.0
1853,0.16236793,0.25386262,0.04924563,0.0551063,0.27438742,0.20503008,0.0
1854,0.08505119,0.11637314,0.08897998,0.07740735,0.23014739,0.40204093,0.0
1855,0.1633488,0.212008,0.10638687,0.09522999,0.3460929,0.07693354,0.0
1856,0.07732511,0.2883762,0.10562985,0.20139197,0.2710269,0.05624989,0.0
1857,0.26523316,0.10927714,0.10800945,0.2423158,0.09047224,0.18469223,0.0
1858,0.2039167,0.24877496,0.1159578,0.22931297,0.06506276,0.13697483,0.0
1859,0.27459016,0.14925914,0.24833758,0.09544333,0.128009,0.10436069,0.0
1860,0.2393138,0.21641937,0.12876363,0.0893144,0.15471585,0.171473,0.0
1861,0.13845795,0.06496086,0.0501148,0.15270668,0.28736645,0.30639327,0.0
1862,0.18282038,0.2091565,0.27879518,0.05941937,0.14753702,0.12227152,0.0
1863,0.09914665,0.27936602,0.17901044,0.10441343,0.07349595,0.26456755,0.0
1864,0.10757375,0.26649404,0.1068866,0.20644195,0.05621777,0.2563858,0.0
1865,0.31641102,0.09326629,0.1573659,0.23467015,0.11111619,0.08717044,0.0
1866,0.14109784,0.07903821,0.3494193,0.05019577,0.07176661,0.30848235,0.0
1867,0.25487983,0.25808248,0.07048921,0.12472206,0.07796428,0.21386206,0.0
1868,0.17294462,0.22268337,0.04541722,0.18286668,0.21667257,0.15941553,0.0
1869,0.05025679,0.10483248,0.08936506,0.13108182,0.30800197,0.31646192,0.0
1870,0.30470234,0.24166447,0.08093423,0.08246919,0.21674246,0.07348732,0.0
1871,0.26358005,0.06141334,0.04216363,0.21809562,0.15506566,0.25968173,0.0
1872,0.3411384,0.18001619,0.09541493,0.2251972,0.10221721,0.05601611,0.0
1873,0.09410506,0.14543766,0.1636782,0.39960507,0.09542231,0.10175176,0.0
1874,0.18253405,0.26026925,0.25723568,0.13209914,0.10169046,0.06617142,0.0
1875,0.21926825,0.12991238,0.24690938,0.07727718,0.08211578,0.24451704,0.0
1876,0.15750335,0.21831077,0.14044724,0.05388618,0.06626546,0.36358702,0.0
1877,0.24774216,0.19705176,0.06766812,0.16690072,0.20798989,0.11264738,0.0
1878,0.20990302,0.20205528,0.09348038,0.17175202,0.14906488,0.17374444,0.0
1879,0.16800906,0.07903851,0.11622594,0.19757982,0.315074,0.12407275,0.0
1880,0.08312868,0.13027792,0.31891033,0.2502111,0.0901084,0.12736359,0.0
1881,0.21999393,0.18842332,0.09227231,0.1423617,0.06322107,0.29372773,0.0
1882,0.13675265,0.07017758,0.07265532,0.4377692,0.12486592,0.15777929,0.0
1883,0.21142612,0.15071008,0.12736207,0.13663459,0.1557638,0.21810332,0.0
1884,0.06357592,0.08212111,0.13437296,0.23825744,0.4006921,0.08098044,0.0
1885,0.11252604,0.1276264,0.11314146,0.21433605,0.12105849,0.31131157,0.0
1886,0.2704472,0.04737981,0.2289602,0.29168478,0.07232933,0.08919869,0.0
1887,0.27685255,0.1148223,0.09039466,0.06877127,0.19248937,0.25666982,0.0
1888,0.07047623,0.08441138,0.3195777,0.10522667,0.33146927,0.08883882,0.0
1889,0.3889655,0.16914769,0.07969616,0.09008814,0.17188227,0.10022029,0.0
1890,0.1675567,0.11398496,0.08862272,0.26880944,0.13643795,0.22458817,0.0
1891,0.20207214,0.10913475,0.32394814,0.19265921,0.07484094,0.09734478,0.0
1892,0.08173817,0.10386308,0.09823643,0.20520218,0.14705993,0.3639002,0.0
1893,0.19221859,0.19393241,0.28515294,0.17347617,0.09368828,0.06153158,0.0
1894,0.1699125,0.12440029,0.10109673,0.06446557,0.3147352,0.22538966,0.0
1895,0.09664044,0.15479997,0.43993515,0.09967984,0.10971102,0.09923354,0.0
1896,0.0401888,0.23855323,0.17355107,0.23467664,0.14873362,0.16429669,0.0
1897,0.22096351,0.05641987,0.14361286,0.21789545,0.25746787,0.1036404,0.0
1898,0.09919186,0.07664195,0.23073138,0.39002243,0.11308038,0.09033199,0.0
1899,0.07628984,0.07706405,0.26214194,0.32998496,0.19503418,0.05948497,0.0
1900,0.11741825,0.23218746,0.14630976,0.06281783,0.22172537,0.2195413,0.0
1901,0.2205165,0.08413799,0.24212493,0.22342527,0.07758004,0.15221518,0.0
1902,0.09416805,0.06846951,0.0892256,0.2560199,0.2036014,0.28851548,0.0
1903,0.21481018,0.06684845,0.27767667,0.28142732,0.10567378,0.05356367,0.0
1904,0.16220985,0.12724769,0.15928397,0.14466868,0.21075663,0.19583318,0.0
1905,0.07974425,0.14250557,0.05255575,0.33265153,0.10029389,0.29224902,0.0
1906,0.09770192,0.06788123,0.08668041,0.197549,0.4397799,0.11040764,0.0
1907,0.05534985,0.06561216,0.0981024,0.3493257,0.16245481,0.26915497,0.0
1908,0.3014611,0.07189932,0.2480231,0.2514076,0.06568316,0.06152574,0.0
1909,0.12360873,0.1868876,0.19343916,0.29649454,0.07838344,0.12118656,0.0
1910,0.05378996,0.18030961,0.13598673,0.2616374,0.2109818,0.15729456,0.0
1911,0.05703079,0.20385939,0.24571547,0.07091458,0.1705324,0.25194734,0.0
1912,0.15453666,0.20368986,0.25903627,0.13949415,0.11775912,0.12548395,0.0
1913,0.08012599,0.10042445,0.19459918,0.2837209,0.17712732,0.16400212,0.0
1914,0.07838088,0.13231425,0.31695154,0.23556787,0.10982412,0.1269613,0.0
1915,0.05778509,0.05889862,0.28216764,0.20322174,0.32825127,0.06967575,0.0
1916,0.08461807,0.12090115,0.3108853,0.12480089,0.22573467,0.13305996,0.0
1917,0.3467309,0.18130396,0.10703997,0.19197866,0.111958,0.06098847,0.0
1918,0.33232582,0.1411137,0.21209939,0.1341754,0.07032786,0.10995776,0.0
1919,0.31281665,0.10628401,0.27224684,0.10654745,0.06395841,0.1381467,0.0
1920,0.06382831,0.13447921,0.20607771,0.18848297,0.19382405,0.21330781,0.0
1921,0.29155174,0.13475712,0.08896605,0.226967,0.19894813,0.05880984,0.0
1922,0.07627644,0.2598338,0.20534283,0.26057535,0.07546466,0.12250692,0.0
1923,0.16154082,0.31626406,0.18413478,0.08303384,0.13415211,0.12087429,0.0
1924,0.135434,0.27941838,0.07350652,0.06359321,0.29779932,0.15024859,0.0
1925,0.2677915,0.1354124,0.12103481,0.09017096,0.1409341,0.24465628,0.0
1926,0.0846993,0.07333549,0.30916226,0.23676696,0.13604194,0.15999393,0.0
1927,0.11007769,0.2613792,0.21710084,0.06309424,0.1421739,0.20617414,0.0
1928,0.08091678,0.4159858,0.0817716,0.09083303,0.26852435,0.06196848,0.0
1929,0.16987878,0.30938435,0.08531327,0.05525826,0.06150361,0.31866172,0.0
1930,0.08663181,0.31595445,0.32774124,0.07058802,0.06871046,0.13037403,0.0
1931,0.21186146,0.09519605,0.10909722,0.35364994,0.05606676,0.17412849,0.0
1932,0.09173466,0.24174418,0.19933493,0.14319086,0.19393186,0.13006341,0.0
1933,0.22969995,0.21780847,0.24797621,0.04322113,0.21691173,0.04438255,0.0
1934,0.07871233,0.08331454,0.33578113,0.09003757,0.08855251,0.3236019,0.0
1935,0.16012135,0.11121941,0.23087077,0.15097462,0.1396307,0.20718312,0.0
1936,0.20258059,0.2287121,0.06390101,0.3476717,0.08873929,0.06839538,0.0
1937,0.35133487,0.08175851,0.14130518,0.11204412,0.22660191,0.08695538,0.0
1938,0.11158715,0.22192259,0.07176775,0.18088447,0.19027519,0.22356284,0.0
1939,0.0757512,0.07220718,0.22857429,0.15556265,0.30138817,0.16651657,0.0
1940,0.08913536,0.17665794,0.17109203,0.10887823,0.37759703,0.07663939,0.0
1941,0.11242168,0.05919914,0.17748147,0.40092528,0.18000543,0.06996686,0.0
1942,0.3496781,0.05714618,0.07665785,0.28094932,0.11985867,0.11570984,0.0
1943,0.2974188,0.3049938,0.08835661,0.11640009,0.08344524,0.10938539,0.0
1944,0.15569527,0.1135184,0.17462291,0.10653064,0.20007446,0.24955821,0.0
1945,0.09772383,0.37978825,0.11639964,0.07008149,0.25332212,0.08268464,0.0
1946,0.28137174,0.11550226,0.12504,0.29272318,0.08140952,0.10395332,0.0
1947,0.1242253,0.16170931,0.20505928,0.12894376,0.1543335,0.2257289,0.0
1948,0.32123733,0.24523832,0.11959722,0.07266095,0.05160243,0.18966374,0.0
1949,0.17723936,0.14479312,0.15578358,0.32024178,0.08124701,0.12069511,0.0
1950,0.05233745,0.24904124,0.09802236,0.3115913,0.06869745,0.22031014,0.0
1951,0.04943231,0.18375804,0.21243735,0.14103512,0.23797561,0.17536159,0.0
1952,0.05173942,0.09392988,0.17133522,0.28388992,0.09896374,0.30014184,0.0
1953,0.21643716,0.15709808,0.24250245,0.05982482,0.06651327,0.25762415,0.0
1954,0.0977743,0.43865058,0.08591742,0.21237826,0.07720724,0.08807224,0.0
1955,0.17467381,0.16544183,0.19455114,0.13081083,0.17535745,0.15916486,0.0
1956,0.10073628,0.19051406,0.17153347,0.2786252,0.12703218,0.13155878,0.0
1957,0.16412657,0.2231669,0.24920304,0.21836011,0.08978226,0.05536113,0.0
1958,0.23406646,0.18716578,0.25206313,0.04871195,0.21446313,0.06352954,0.0
1959,0.07357017,0.06872078,0.26686773,0.1531607,0.18921222,0.24846838,0.0
1960,0.27642775,0.12349509,0.10683993,0.23135322,0.08074971,0.18113428,0.0
1961,0.10079879,0.09410316,0.3761624,0.0991214,0.19347857,0.13633576,0.0
1962,0.06708029,0.06688841,0.2708621,0.11714981,0.06330619,0.4147131,0.0
1963,0.2439466,0.1815179,0.19894886,0.23551649,0.10373394,0.03633621,0.0
1964,0.14520161,0.28463727,0.1275546,0.15615225,0.13904357,0.14741072,0.0
1965,0.2619354,0.13516381,0.18549284,0.19212295,0.04182771,0.18345734,0.0
1966,0.32621896,0.35790852,0.09132899,0.06868026,0.06236902,0.0934943,0.0
1967,0.04110516,0.24625613,0.2771474,0.088148,0.07760505,0.26973835,0.0
1968,0.1153557,0.05656442,0.27148864,0.23266083,0.14278229,0.18114813,0.0
1969,0.27337027,0.11032992,0.29508385,0.08153697,0.09289902,0.14677991,0.0
1970,0.18102051,0.12386305,0.05234554,0.09417412,0.30530092,0.24329586,0.0
1971,0.22720505,0.13368677,0.13111833,0.07683419,0.13280946,0.29834625,0.0
1972,0.18039827,0.16454998,0.12083338,0.13403913,0.1067282,0.2934511,0.0
1973,0.0723924,0.15586863,0.09961411,0.29018432,0.21848294,0.16345757,0.0
1974,0.37724316,0.11111009,0.06482023,0.14435127,0.24397427,0.05850098,0.0
1975,0.15443829,0.09744914,0.24287994,0.1450712,0.27150807,0.08865339,0.0
1976,0.26640907,0.13272332,0.26508778,0.1786754,0.07675115,0.08035338,0.0
1977,0.2653143,0.0453071,0.21916732,0.2477881,0.10462119,0.11780196,0.0
1978,0.06379362,0.24088931,0.12338807,0.19118029,0.09457313,0.28617558,0.0
1979,0.10043638,0.19459987,0.05021163,0.25081033,0.2642768,0.13966505,0.0
1980,0.06452566,0.30419657,0.08469107,0.16351224,0.15589927,0.2271752,0.0
1981,0.17112368,0.28648084,0.28554165,0.12718046,0.05924725,0.07042614,0.0
1982,0.14093316,0.14424297,0.14678115,0.15969084,0.23393185,0.17442007,0.0
1983,0.24084519,0.07908277,0.17139004,0.08070033,0.06536593,0.3626157,0.0
1984,0.1673364,0.27797988,0.1128709,0.20488875,0.1550566,0.08186752,0.0
1985,0.11129283,0.26648527,0.09564812,0.0690827,0.20688462,0.25060648,0.0
1986,0.32174304,0.22180013,0.0997512,0.08890009,0.22064246,0.04716302,0.0
1987,0.1984187,0.16465683,0.16619213,0.17816183,0.15986899,0.13270152,0.0
1988,0.19643666,0.16292605,0.06637748,0.04764549,0.28511208,0.24150217,0.0
1989,0.18173108,0.10086614,0.19553517,0.2714613,0.18771198,0.06269427,0.0
1990,0.19331202,0.11983431,0.18388386,0.1564078,0.16567637,0.18088564,0.0
1991,0.2753516,0.12571901,0.06755619,0.2668987,0.20545264,0.05902185,0.0
1992,0.13374509,0.04870855,0.31472984,0.09005681,0.07754825,0.33521146,0.0
1993,0.16293794,0.05526011,0.21632117,0.21951044,0.09952659,0.24644378,0.0
1994,0.41288865,0.0844069,0.06578678,0.09701502,0.23714887,0.10275379,0.0
1995,0.070604,0.20698476,0.10097358,0.2858614,0.14892673,0.18664955,0.0
1996,0.07525755,0.0795506,0.10871327,0.08409266,0.3810166,0.27136937,0.0
1997,0.17102145,0.2293997,0.13038254,0.26205972,0.07281318,0.13432337,0.0
1998,0.17862925,0.12569119,0.3499307,0.20134088,0.07531884,0.06908911,0.0
1999,0.22512546,0.0495693,0.3459118,0.21709572,0.05073097,0.11156674,0.0
2000,0.19089204,0.22726637,0.11641075,0.13684693,0.18218534,0.14639865,0.0
2001,0.04164971,0.15518774,0.13243414,0.21614209,0.19458777,0.25999856,0.0
2002,0.23214693,0.05908835,0.11732276,0.32677263,0.15802132,0.1066481,0.0
2003,0.23066889,0.15243775,0.21309848,0.16494526,0.0968499,0.1419997,0.0
2004,0.29388082,0.09615579,0.11356965,0.23148409,0.09389851,0.17101116,0.0
2005,0.3098521,0.3153668,0.08019082,0.12749285,0.11279978,0.05429763,0.0
2006,0.11991753,0.25204617,0.3337631,0.07304955,0.05931418,0.16190955,0.0
2007,0.17074801,0.1100942,0.1926135,0.23031089,0.2361477,0.06008568,0.0
2008,0.2207434,0.27574766,0.05198141,0.22303618,0.11682701,0.11166435,0.0
2009,0.14191042,0.12945743,0.18476154,0.36129764,0.090431,0.09214184,0.0
2010,0.18329348,0.28020346,0.08142315,0.22031389,0.13826223,0.09650381,0.0
2011,0.08467749,0.07378388,0.2552829,0.0619437,0.21617883,0.3081332,0.0
2012,0.2332157,0.13488433,0.27687392,0.1017918,0.1612258,0.09200851,0.0
2013,0.34152168,0.05980726,0.1543659,0.23551738,0.07257019,0.1362175,0.0
2014,0.2941955,0.0884247,0.1635403,0.06470869,0.19584723,0.19328356,0.0
2015,0.11873771,0.08218368,0.38263944,0.06398261,0.1324203,0.22003624,0.0
2016,0.2345951,0.3443388,0.18751682,0.04911655,0.12390456,0.06052813,0.0
2017,0.23664989,0.05432926,0.19581498,0.23766412,0.20183092,0.0737109,0.0
2018,0.12298559,0.09778547,0.20138663,0.06995491,0.11666026,0.39122716,0.0
2019,0.15372197,0.17922093,0.16652194,0.21111102,0.16371097,0.12571318,0.0
2020,0.15030758,0.2156835,0.1489524,0.32834002,0.06533471,0.09138186,0.0
2021,0.26204208,0.16455278,0.17671889,0.12096167,0.11149541,0.16422918,0.0
2022,0.12792969,0.15874945,0.26545617,0.08118507,0.2172244,0.14945532,0.0
2023,0.08151667,0.14018127,0.31515834,0.31579828,0.08657036,0.06077512,0.0
2024,0.12699191,0.1150998,0.31001943,0.20976524,0.05428308,0.18384056,0.0
2025,0.0756607,0.08864594,0.14368321,0.25180608,0.2245886,0.21561544,0.0
2026,0.06761431,0.20316902,0.25312203,0.11251014,0.05251729,0.3110672,0.0
2027,0.25640354,0.15686685,0.1180637,0.1335478,0.20875733,0.12636082,0.0
2028,0.09953412,0.16852136,0.20732966,0.10272158,0.2576901,0.1642031,0.0
2029,0.15106373,0.11711005,0.1024927,0.12262084,0.20809732,0.29861537,0.0
2030,0.10072517,0.08367892,0.16799316,0.07834414,0.07971561,0.489543,0.0
2031,0.10576852,0.07823609,0.12881547,0.29733354,0.1842016,0.20564486,0.0
2032,0.10692672,0.2267375,0.09258192,0.22734198,0.0954503,0.25096154,0.0
2033,0.19756524,0.09797844,0.16089734,0.1208278,0.13022424,0.2925069,0.0
2034,0.15805973,0.21063423,0.09467917,0.12132931,0.3402269,0.07507072,0.0
2035,0.11006422,0.18237394,0.3733047,0.0787719,0.13949507,0.11599023,0.0
2036,0.25256127,0.09536494,0.16865914,0.14594401,0.12787315,0.20959753,0.0
2037,0.13506427,0.09881438,0.12230692,0.41339138,0.11054852,0.11987449,0.0
2038,0.16387749,0.16993281,0.15388244,0.10813767,0.10956587,0.29460368,0.0
2039,0.34691295,0.10699867,0.07107159,0.1479379,0.17767556,0.14940326,0.0
2040,0.16520774,0.07589149,0.15416595,0.18348826,0.12436248,0.2968841,0.0
2041,0.12490517,0.26119375,0.0841517,0.08397041,0.11556853,0.3302105,0.0
2042,0.09714136,0.09708,0.25224835,0.04720047,0.26948446,0.23684536,0.0
2043,0.15419418,0.25009745,0.19703564,0.09571327,0.05976297,0.2431965,0.0
2044,0.13646851,0.22808479,0.17549077,0.07895436,0.18445566,0.1965459,0.0
2045,0.0651113,0.06367589,0.2856352,0.12075003,0.34834355,0.11648405,0.0
2046,0.11184529,0.11255272,0.11877008,0.19756746,0.35727018,0.10199429,0.0
2047,0.07645371,0.22911045,0.25674462,0.06183353,0.09198853,0.28386912,0.0
2048,0.13365151,0.2292211,0.09090811,0.10102659,0.18151104,0.26368165,0.0
2049,0.1309241,0.08297191,0.310354,0.16310963,0.17965999,0.13298044,0.0
2050,0.11583249,0.16059622,0.38916382,0.06282696,0.07914701,0.1924336,0.0
2051,0.070972,0.2437022,0.19100045,0.08774196,0.12913707,0.2774463,0.0
2052,0.29478353,0.04365589,0.27030498,0.09755333,0.07618518,0.21751703,0.0
2053,0.16342506,0.09763853,0.1839612,0.15627815,0.18764828,0.2110488,0.0
2054,0.09101339,0.17343873,0.06636785,0.2057647,0.08893628,0.37447903,0.0
2055,0.07685043,0.09369876,0.16540058,0.1859957,0.32524025,0.15281424,0.0
2056,0.20094237,0.16098015,0.15635362,0.21339837,0.0751876,0.19313785,0.0
2057,0.1680647,0.34897515,0.09952886,0.09587629,0.18374944,0.10380562,0.0
2058,0.30326587,0.15578543,0.13231535,0.12585329,0.20872499,0.07405505,0.0
2059,0.24779983,0.13908277,0.20436415,0.10352996,0.2141008,0.09112247,0.0
2060,0.17920204,0.05962521,0.24373192,0.1289205,0.16108727,0.22743315,0.0
2061,0.15179476,0.04864436,0.222212,0.2811441,0.05314412,0.24306063,0.0
2062,0.1195621,0.2711047,0.11227662,0.34881985,0.09658114,0.05165549,0.0
2063,0.12662053,0.2264482,0.20173125,0.07064439,0.28922787,0.08532768,0.0
2064,0.12833984,0.06568896,0.17721812,0.30598697,0.14272763,0.18003848,0.0
2065,0.06726392,0.17123754,0.27671528,0.06056356,0.2842674,0.13995232,0.0
2066,0.19826669,0.05542217,0.07268489,0.21255462,0.19111244,0.2699592,0.0
2067,0.14513767,0.12271895,0.0734724,0.11736192,0.40538564,0.13592333,0.0
2068,0.1129244,0.13073964,0.2323522,0.0883266,0.11914995,0.31650725,0.0
2069,0.26851243,0.30451393,0.05016683,0.07842889,0.0837744,0.21460353,0.0
2070,0.07263065,0.08002035,0.20853508,0.20238738,0.18008284,0.25634375,0.0
2071,0.4150291,0.07507835,0.12361973,0.08506217,0.20316568,0.0980449,0.0
2072,0.29740104,0.16438286,0.0592575,0.25776774,0.156501,0.06468987,0.0
2073,0.07784309,0.05423414,0.10110728,0.23229782,0.31287572,0.22164191,0.0
2074,0.17043208,0.0785994,0.18043326,0.08234546,0.30460852,0.18358126,0.0
2075,0.21892932,0.07175674,0.15812337,0.18621479,0.12047225,0.2445035,0.0
2076,0.3242556,0.1238444,0.07330168,0.12147699,0.1761226,0.18099871,0.0
2077,0.08292283,0.29763222,0.27474046,0.10845646,0.07224704,0.16400103,0.0
2078,0.14859997,0.17881925,0.11812808,0.17809783,0.12053141,0.25582352,0.0
2079,0.12280356,0.12585099,0.18158245,0.0544898,0.1409743,0.37429887,0.0
2080,0.258436,0.13533941,0.31848413,0.04722275,0.15033744,0.09018029,0.0
2081,0.10630395,0.08379068,0.14196187,0.10982297,0.09235052,0.46577,0.0
2082,0.28417972,0.10285627,0.16535017,0.12120635,0.11553411,0.21087341,0.0
2083,0.11102807,0.18626696,0.12385154,0.07928071,0.410464,0.08910882,0.0
2084,0.21279414,0.05420679,0.13726377,0.34583145,0.08159132,0.16831258,0.0
2085,0.26807004,0.06980982,0.12929967,0.2874241,0.06818468,0.17721167,0.0
2086,0.07970598,0.11715567,0.18312201,0.38081825,0.12080365,0.1183945,0.0
2087,0.20060755,0.12862809,0.15472347,0.0887564,0.2260204,0.2012641,0.0
2088,0.16572893,0.07862581,0.24916017,0.18606906,0.09497238,0.22544366,0.0
2089,0.21796253,0.08542721,0.17138562,0.2728373,0.11937077,0.13301659,0.0
2090,0.16186592,0.18400748,0.4134332,0.11459065,0.06905533,0.05704751,0.0
2091,0.14239073,0.08684578,0.23486592,0.10840352,0.31992263,0.10757141,0.0
2092,0.21879852,0.07446891,0.17837994,0.13805506,0.1437265,0.24657106,0.0
2093,0.17248148,0.06864521,0.26859102,0.16357963,0.19000727,0.13669533,0.0
2094,0.11231337,0.3937593,0.1661676,0.10182157,0.16978562,0.05615251,0.0
2095,0.10243607,0.1251863,0.10528016,0.22986756,0.33826032,0.09896962,0.0
2096,0.15742378,0.3078484,0.10223213,0.10131247,0.23710474,0.09407855,0.0
2097,0.16773172,0.33580253,0.15339053,0.17163417,0.09432171,0.07711944,0.0
2098,0.19453253,0.0915293,0.16875489,0.19407777,0.26126614,0.08983938,0.0
2099,0.10346872,0.13462354,0.22020628,0.15579198,0.15896352,0.22694594,0.0
2100,0.18449448,0.1989196,0.11975089,0.06486264,0.34619793,0.08577449,0.0
2101,0.33058202,0.22590621,0.16651517,0.06661325,0.13667154,0.07371177,0.0
2102,0.11736069,0.26488775,0.21036458,0.1512309,0.19207153,0.06408463,0.0
2103,0.06754094,0.31300327,0.06457025,0.08803872,0.23241514,0.23443167,0.0
2104,0.1397111,0.13209139,0.2333381,0.2524084,0.13409807,0.108353,0.0
2105,0.05220668,0.04724066,0.27803376,0.10282628,0.25952917,0.26016343,0.0
2106,0.13376819,0.15642633,0.24682136,0.26287475,0.10922387,0.09088554,0.0
2107,0.14561127,0.12017563,0.08916696,0.14483267,0.42793328,0.07228019,0.0
2108,0.09161684,0.23586798,0.24496274,0.23862219,0.1080163,0.08091401,0.0
2109,0.2547959,0.3616788,0.06105642,0.21234298,0.05921998,0.05090601,0.0
2110,0.11856759,0.1119391,0.33500695,0.07459749,0.21576928,0.14411962,0.0
2111,0.07412474,0.10597113,0.12891464,0.32937613,0.18530914,0.17630418,0.0
2112,0.27459085,0.09789479,0.05746666,0.08022286,0.358175,0.13164979,0.0
2113,0.14923054,0.21660975,0.18010052,0.11368957,0.08692147,0.25344813,0.0
2114,0.24007751,0.14240424,0.22719108,0.16782214,0.12669773,0.09580732,0.0
2115,0.11474429,0.28839263,0.23580247,0.1760707,0.06532086,0.119669,0.0
2116,0.29371682,0.33617032,0.09280538,0.12395304,0.06665922,0.08669518,0.0
2117,0.13212438,0.06098139,0.19702725,0.3522293,0.10086092,0.1567767,0.0
2118,0.23885478,0.11488586,0.06412847,0.19854812,0.27615774,0.10742501,0.0
2119,0.15818986,0.20624691,0.18421715,0.10734318,0.14618942,0.1978134,0.0
2120,0.20120387,0.25306907,0.24853708,0.06376638,0.14136107,0.09206253,0.0
2121,0.13379008,0.1850015,0.07987086,0.0596037,0.17440209,0.36733174,0.0
2122,0.05600912,0.32648578,0.0559216,0.13010523,0.19450317,0.23697513,0.0
2123,0.3405996,0.05884001,0.08628129,0.11970595,0.19211204,0.20246106,0.0
2124,0.31073585,0.06166004,0.07771685,0.15496355,0.20317055,0.19175313,0.0
2125,0.2699245,0.07747141,0.1839296,0.11857844,0.26079056,0.08930548,0.0
2126,0.11012322,0.19683953,0.06288134,0.2972479,0.27680448,0.05610358,0.0
2127,0.10155166,0.07890339,0.1423654,0.39668486,0.0865226,0.19397216,0.0
2128,0.13149713,0.31138423,0.13223691,0.1611392,0.06590585,0.19783661,0.0
2129,0.07025405,0.07855575,0.06153727,0.38906798,0.32743993,0.07314505,0.0
2130,0.27915898,0.30078825,0.04795256,0.15246491,0.16568701,0.05394836,0.0
2131,0.1361972,0.09040086,0.0679153,0.24483405,0.23033467,0.23031802,0.0
2132,0.20198599,0.3258465,0.14765696,0.07165739,0.13803105,0.11482213,0.0
2133,0.13305609,0.15389109,0.18235442,0.03973355,0.25685754,0.23410732,0.0
2134,0.08363534,0.08226356,0.23046829,0.16147079,0.07885019,0.3633118,0.0
2135,0.17051399,0.07788892,0.05802113,0.17349525,0.33435312,0.18572755,0.0
2136,0.17885053,0.22863108,0.13044922,0.17243113,0.16988252,0.11975554,0.0
2137,0.07580975,0.25188074,0.11325279,0.21804488,0.12703994,0.21397188,0.0
2138,0.2539249,0.06810459,0.06590749,0.07389199,0.23386075,0.3043103,0.0
2139,0.30943587,0.20728882,0.07276378,0.17649785,0.16741098,0.06660268,0.0
2140,0.1941948,0.18461893,0.24241395,0.14944264,0.14219514,0.08713455,0.0
2141,0.04528873,0.24453081,0.19571918,0.1384708,0.24289861,0.13309179,0.0
2142,0.24650495,0.0574135,0.08253613,0.14645962,0.21977341,0.2473124,0.0
2143,0.19967987,0.17782366,0.0524815,0.17886217,0.21739839,0.17375442,0.0
2144,0.14534464,0.31744522,0.2797779,0.05412566,0.13906358,0.06424302,0.0
2145,0.09999425,0.11849471,0.15394048,0.14869253,0.3092131,0.16966489,0.0
2146,0.3227503,0.06394332,0.06760887,0.14697535,0.21508862,0.18363355,0.0
2147,0.06586889,0.06306896,0.3588276,0.19288404,0.08072766,0.23862286,0.0
2148,0.24306785,0.2950928,0.28997922,0.04799181,0.0787002,0.04516813,0.0
2149,0.21038185,0.22687002,0.28836232,0.17761984,0.05211869,0.04464737,0.0
2150,0.23118788,0.12621665,0.22294973,0.18821868,0.16790001,0.063527,0.0
2151,0.09475567,0.18368883,0.12087108,0.27297258,0.1695124,0.15819941,0.0
2152,0.1129801,0.19376402,0.35711387,0.066761,0.09768037,0.17170076,0.0
2153,0.13467275,0.17923295,0.15874787,0.1604745,0.25530195,0.11157002,0.0
2154,0.32170105,0.08935972,0.26859722,0.07651499,0.13091685,0.11291018,0.0
2155,0.23667331,0.19890131,0.11388183,0.22607577,0.12350041,0.10096733,0.0
2156,0.23868059,0.14332992,0.07450332,0.10690907,0.17378622,0.2627909,0.0
2157,0.07319656,0.07820558,0.22838676,0.19279659,0.07829203,0.3491225,0.0
2158,0.05744162,0.20427968,0.17191042,0.1984564,0.12272197,0.24518986,0.0
2159,0.05756482,0.10753959,0.25461367,0.17723173,0.07652002,0.32653022,0.0
2160,0.38163936,0.21775775,0.07154585,0.20045815,0.06066533,0.06793354,0.0
2161,0.16484937,0.23499365,0.21244647,0.17985158,0.09317856,0.11468033,0.0
2162,0.07127599,0.32931563,0.25796697,0.16663912,0.08541689,0.08938547,0.0
2163,0.14727564,0.04869633,0.14455453,0.15363544,0.32687762,0.1789604,0.0
2164,0.08078235,0.08641673,0.2734737,0.2128778,0.2221622,0.12428726,0.0
2165,0.24233717,0.07056603,0.1849642,0.10298428,0.13214438,0.26700395,0.0
2166,0.2594804,0.19691399,0.13132603,0.0944234,0.17641519,0.14144087,0.0
2167,0.10345564,0.2504605,0.1713309,0.06331674,0.24401014,0.16742608,0.0
2168,0.31049147,0.04786268,0.04750369,0.16271749,0.2521937,0.17923102,0.0
2169,0.18867241,0.31066895,0.09904967,0.22016518,0.09842049,0.0830233,0.0
2170,0.07961532,0.30066928,0.08239445,0.13302559,0.09600925,0.30828607,0.0
2171,0.12246723,0.18552074,0.17020787,0.11159966,0.2705884,0.13961607,0.0
2172,0.15915053,0.31087485,0.10132055,0.05797927,0.06078804,0.30988678,0.0
2173,0.13651137,0.27062678,0.17068209,0.21247149,0.04495908,0.16474923,0.0
2174,0.14358123,0.13988957,0.18522382,0.14819552,0.17629874,0.20681117,0.0
2175,0.09129913,0.20663568,0.07948097,0.19598521,0.20969726,0.21690167,0.0
2176,0.138322,0.14385904,0.2820553,0.14256872,0.13147151,0.16172346,0.0
2177,0.18957734,0.07006332,0.11087277,0.13097811,0.19928682,0.29922163,0.0
2178,0.23086867,0.23675258,0.10278768,0.15786196,0.16762266,0.10410645,0.0
2179,0.31498727,0.11724876,0.1033218,0.1312894,0.25119942,0.08195332,0.0
2180,0.12895969,0.37374717,0.13944896,0.07738795,0.20520075,0.07525548,0.0
2181,0.23062006,0.11097555,0.06055865,0.2682911,0.21618588,0.11336876,0.0
2182,0.1900766,0.21434067,0.26035714,0.16808902,0.11228975,0.05484686,0.0
2183,0.07320862,0.2905904,0.14092207,0.23123646,0.05652361,0.20751879,0.0
2184,0.08658355,0.37003624,0.07087725,0.2756947,0.1289802,0.06782798,0.0
2185,0.2169534,0.05339185,0.20739022,0.2049615,0.07157911,0.24572396,0.0
2186,0.04799088,0.08782098,0.292738,0.11034607,0.3075484,0.15355559,0.0
2187,0.061622,0.23667787,0.33250988,0.11541335,0.16855446,0.08522243,0.0
2188,0.06848694,0.13324922,0.24705417,0.10132003,0.33834898,0.11154057,0.0
2189,0.07703381,0.12566,0.06166107,0.27908555,0.33219478,0.12436474,0.0
2190,0.29266512,0.2815835,0.11602311,0.06943831,0.11333274,0.12695724,0.0
2191,0.10467676,0.13920668,0.20172481,0.21503113,0.12069101,0.21866961,0.0
2192,0.07284755,0.11622552,0.06532606,0.33555794,0.18139566,0.22864726,0.0
2193,0.24005702,0.09053419,0.07354169,0.35578167,0.1406626,0.09942282,0.0
2194,0.2525962,0.06707565,0.07675982,0.34017524,0.07010199,0.1932911,0.0
2195,0.07797186,0.28859776,0.21709065,0.06459509,0.2751557,0.07658894,0.0
2196,0.24927485,0.13181418,0.22413708,0.09704558,0.05920965,0.2385187,0.0
2197,0.17134105,0.37334272,0.13106287,0.07903188,0.1369574,0.10826408,0.0
2198,0.11784924,0.10494664,0.3384475,0.20394422,0.15128681,0.08352553,0.0
2199,0.10391168,0.30587462,0.11940686,0.12177575,0.14082882,0.2082022,0.0
2200,0.09619672,0.07648573,0.13154346,0.28641397,0.2568675,0.15249257,0.0
2201,0.28854585,0.11539917,0.11094246,0.11802822,0.21756452,0.14951986,0.0
2202,0.2510469,0.10518541,0.31348038,0.09451688,0.07860603,0.1571644,0.0
2203,0.1258356,0.16741316,0.1840605,0.17431854,0.06716777,0.28120437,0.0
2204,0.09566758,0.08742948,0.23451555,0.11542878,0.13332048,0.3336382,0.0
2205,0.18815611,0.3277756,0.20029141,0.15350387,0.0663103,0.06396277,0.0
2206,0.07601657,0.16522391,0.2176351,0.24057098,0.22511539,0.07543806,0.0
2207,0.26791388,0.1140231,0.18994524,0.04925125,0.14188567,0.23698087,0.0
2208,0.17276874,0.05757381,0.08916979,0.3058662,0.05673986,0.31788158,0.0
2209,0.12399364,0.16797046,0.1057535,0.23394428,0.25137565,0.11696241,0.0
2210,0.15823023,0.08122203,0.13969916,0.28608212,0.24649025,0.08827617,0.0
2211,0.4106162,0.16348846,0.07154882,0.09068478,0.1602362,0.10342551,0.0
2212,0.14999403,0.14743015,0.28656062,0.22609033,0.12891336,0.06101148,0.0
2213,0.10741799,0.09941942,0.14608087,0.15108654,0.34150246,0.15449266,0.0
2214,0.22318843,0.2985611,0.09051204,0.11762127,0.16474067,0.10537648,0.0
2215,0.20052387,0.19165437,0.17531732,0.07576222,0.17030635,0.18643588,0.0
2216,0.3010892,0.09439119,0.14098175,0.08882593,0.18915959,0.18555233,0.0
2217,0.17803651,0.2920781,0.10807848,0.25615785,0.0874896,0.07815942,0.0
2218,0.16230851,0.07843096,0.26892248,0.33380178,0.07888126,0.07765505,0.0
2219,0.09721723,0.07390512,0.2890241,0.22833341,0.18942738,0.12209281,0.0
2220,0.08731873,0.1821757,0.0916289,0.13580538,0.4351589,0.06791238,0.0
2221,0.09564003,0.12813042,0.44485933,0.13774373,0.07920111,0.11442543,0.0
2222,0.15136172,0.09623598,0.08115328,0.3020544,0.12787156,0.24132314,0.0
2223,0.2062031,0.25639212,0.10158808,0.24494654,0.13054511,0.06032505,0.0
2224,0.22575924,0.28462672,0.22042818,0.05089188,0.17739378,0.04090011,0.0
2225,0.11196746,0.08708696,0.24339263,0.18080847,0.18890312,0.18784137,0.0
2226,0.08462102,0.11956721,0.10751639,0.5242456,0.07499232,0.08905743,0.0
2227,0.12427885,0.1519722,0.2638127,0.12177869,0.18741384,0.15074377,0.0
2228,0.33790776,0.09169517,0.10855643,0.18202591,0.08675198,0.19306277,0.0
2229,0.12057465,0.23506169,0.13955036,0.20402548,0.16507322,0.13571455,0.0
2230,0.05152235,0.06983703,0.2399201,0.24103571,0.24816649,0.14951828,0.0
2231,0.19427495,0.21038026,0.1266331,0.07750873,0.30468738,0.08651563,0.0
2232,0.37223032,0.06777354,0.13881525,0.18208447,0.17376046,0.06533585,0.0
2233,0.05875074,0.22125398,0.15484376,0.07854393,0.2365751,0.25003254,0.0
2234,0.06960154,0.0544121,0.06388365,0.32954186,0.35647386,0.12608697,0.0
2235,0.06265112,0.20719245,0.27120376,0.1314266,0.05860716,0.2689189,0.0
2236,0.2967491,0.09679331,0.2568037,0.07569459,0.18197614,0.09198306,0.0
2237,0.22272563,0.12413914,0.17145416,0.11144191,0.25507468,0.11516453,0.0
2238,0.14908336,0.06240128,0.3278757,0.20124097,0.07798927,0.18140948,0.0
2239,0.2053066,0.1023409,0.19956283,0.12813912,0.19133064,0.17331986,0.0
2240,0.10307228,0.22341213,0.21950915,0.22502682,0.18337007,0.04560966,0.0
2241,0.23773369,0.25383988,0.17329252,0.23146944,0.04282579,0.06083872,0.0
2242,0.08902197,0.09008317,0.2584285,0.21777256,0.28484046,0.05985336,0.0
2243,0.13156205,0.09158657,0.16341817,0.11828013,0.22870477,0.26644832,0.0
2244,0.15919653,0.08771963,0.327695,0.06524444,0.19858283,0.16156158,0.0
2245,0.07906799,0.11144968,0.05951634,0.31149858,0.24129778,0.19716962,0.0
2246,0.15974145,0.10266123,0.09136153,0.08730412,0.10992266,0.449009,0.0
2247,0.04195363,0.22090916,0.04190029,0.26760316,0.16861376,0.25901997,0.0
2248,0.1433079,0.14280276,0.23282613,0.15861101,0.11014804,0.21230419,0.0
2249,0.2550987,0.06725125,0.34180462,0.17642792,0.08402547,0.07539201,0.0
2250,0.11619467,0.15957975,0.09329508,0.268297,0.27341056,0.0892229,0.0
2251,0.20623538,0.13919003,0.14924805,0.27134705,0.14920433,0.08477519,0.0
2252,0.09084669,0.267864,0.09864341,0.22802971,0.25674316,0.05787302,0.0
2253,0.09583297,0.28586668,0.05693082,0.18718068,0.15317707,0.22101185,0.0
2254,0.14224401,0.09287374,0.27204394,0.25683603,0.10839844,0.1276038,0.0
2255,0.16148557,0.07015436,0.12836622,0.23714866,0.28527486,0.11757037,0.0
2256,0.25263187,0.0890482,0.0604748,0.22011004,0.08716387,0.29057133,0.0
2257,0.28037116,0.12784606,0.25683635,0.1080698,0.07675247,0.15012415,0.0
2258,0.17110997,0.10406949,0.2806218,0.1210756,0.21539907,0.10772409,0.0
2259,0.29586923,0.13697244,0.05955457,0.28259036,0.10184084,0.12317256,0.0
2260,0.1533314,0.22393537,0.21286714,0.18294162,0.08172897,0.14519547,0.0
2261,0.41696757,0.28842857,0.07068314,0.06053426,0.09081584,0.07257045,0.0
2262,0.26931614,0.15595895,0.0884439,0.14898567,0.24045579,0.09683957,0.0
2263,0.19448547,0.13718882,0.08295594,0.2275813,0.16128974,0.19649869,0.0
2264,0.06346747,0.16674586,0.23784715,0.05824025,0.17185435,0.30184498,0.0
2265,0.14651148,0.11592996,0.07916238,0.19607691,0.1357775,0.3265418,0.0
2266,0.10786175,0.29658976,0.256013,0.11214507,0.08814544,0.13924494,0.0
2267,0.17202197,0.05465627,0.3055055,0.08812766,0.07608288,0.3036058,0.0
2268,0.20119639,0.17736615,0.10643585,0.04287338,0.21652186,0.25560626,0.0
2269,0.09387034,0.07843252,0.12327427,0.3817714,0.09931503,0.2233365,0.0
2270,0.0397519,0.10067383,0.22196035,0.23070331,0.15448652,0.2524241,0.0
2271,0.18566696,0.07761969,0.28178054,0.08212232,0.12656477,0.24624571,0.0
2272,0.24286228,0.15918776,0.26629183,0.15049292,0.11524774,0.06591742,0.0
2273,0.10169962,0.13390069,0.4080109,0.09924211,0.13373038,0.12341632,0.0
2274,0.14685689,0.27305347,0.1548301,0.21833332,0.0647664,0.14215983,0.0
2275,0.14516184,0.11286777,0.15781687,0.19592805,0.14480451,0.24342097,0.0
2276,0.2688154,0.07701073,0.1882131,0.10955261,0.05970964,0.2966984,0.0
2277,0.11155581,0.23382187,0.16878988,0.07342552,0.24644575,0.16596124,0.0
2278,0.07591745,0.27699056,0.24460942,0.12987539,0.06183545,0.2107717,0.0
2279,0.07210768,0.26937503,0.05729292,0.11171404,0.36848876,0.12102156,0.0
2280,0.14269972,0.15417895,0.07315598,0.18431967,0.25142533,0.19422035,0.0
2281,0.27195582,0.14225158,0.12408282,0.11093073,0.15993744,0.1908416,0.0
2282,0.08023192,0.1208646,0.09744485,0.13186029,0.21216244,0.35743585,0.0
2283,0.24980584,0.11455546,0.14634559,0.13223253,0.2326066,0.12445398,0.0
2284,0.2045851,0.1370597,0.12857392,0.21220706,0.205376,0.11219817,0.0
2285,0.12356304,0.2734876,0.10150775,0.21929234,0.19856974,0.08357958,0.0
2286,0.22341509,0.2078781,0.14729947,0.28059414,0.05196176,0.08885138,0.0
2287,0.16372778,0.05484625,0.20908986,0.08581489,0.30423194,0.18228929,0.0
2288,0.05379171,0.22049804,0.28038022,0.15868863,0.10774484,0.1788965,0.0
2289,0.06349572,0.11384025,0.24118128,0.2643872,0.13126984,0.18582577,0.0
2290,0.17560647,0.06348854,0.4476971,0.13293368,0.09151984,0.08875442,0.0
2291,0.15873872,0.3861724,0.13371918,0.08532094,0.13823853,0.09781031,0.0
2292,0.12180032,0.11333421,0.22230221,0.19095819,0.2724488,0.07915629,0.0
2293,0.12622038,0.13839546,0.12087557,0.28160524,0.11521915,0.21768418,0.0
2294,0.11136153,0.16365796,0.17781426,0.24742642,0.09511004,0.20462972,0.0
2295,0.24327691,0.13444653,0.1677238,0.18452118,0.21853717,0.05149445,0.0
2296,0.19130188,0.06475369,0.2614663,0.09664594,0.1570207,0.2288115,0.0
2297,0.17910099,0.29183456,0.05325998,0.19204772,0.05071143,0.23304532,0.0
2298,0.11813463,0.11373769,0.2623011,0.19527364,0.24542892,0.06512402,0.0
2299,0.45395267,0.10884816,0.10549903,0.10692938,0.07753166,0.14723912,0.0
2300,0.11212777,0.09887051,0.14200087,0.25494272,0.14106709,0.25099108,0.0
2301,0.11678082,0.3666567,0.11995243,0.10102572,0.24055985,0.05502443,0.0
2302,0.17563227,0.2947386,0.19205359,0.18075523,0.10941662,0.0474037,0.0
2303,0.144753,0.12101198,0.15805079,0.17742336,0.29343665,0.10532419,0.0
2304,0.1440556,0.09748449,0.08221208,0.08168899,0.25843978,0.336119,0.0
2305,0.10679062,0.19853377,0.08571117,0.19696122,0.14971101,0.26229212,0.0
2306,0.17314939,0.07360198,0.14249714,0.05808739,0.24510926,0.3075548,0.0
2307,0.08265632,0.11248188,0.20435601,0.29499424,0.07142317,0.23408832,0.0
2308,0.2146426,0.29466337,0.0504834,0.10768031,0.05408156,0.27844876,0.0
2309,0.09287408,0.09202378,0.12549485,0.13504417,0.41535994,0.1392031,0.0
2310,0.09055335,0.331122,0.304987,0.07674466,0.11658991,0.08000302,0.0
2311,0.09260894,0.27741092,0.24654569,0.09475213,0.22703685,0.06164552,0.0
2312,0.15855269,0.16404273,0.09959742,0.260588,0.24037044,0.07684878,0.0
2313,0.18142752,0.06376576,0.06172807,0.05817067,0.35007554,0.2848325,0.0
2314,0.23577115,0.28232768,0.07855256,0.07739612,0.11957683,0.20637563,0.0
2315,0.24349765,0.16926162,0.05529548,0.15298732,0.14740995,0.23154797,0.0
2316,0.20713356,0.2863519,0.10132395,0.06927692,0.1271642,0.20874952,0.0
2317,0.1497036,0.07628949,0.28787008,0.16811456,0.1635625,0.15445969,0.0
2318,0.12144752,0.30667263,0.13341527,0.10359097,0.23382114,0.10105241,0.0
2319,0.06150056,0.25946447,0.11637013,0.20612861,0.0685419,0.28799435,0.0
2320,0.09228834,0.24138565,0.21063429,0.27709344,0.11690702,0.06169125,0.0
2321,0.10197517,0.09825409,0.1533182,0.2966394,0.22672832,0.12308475,0.0
2322,0.37447464,0.24674742,0.07453274,0.12056217,0.10295171,0.0807313,0.0
2323,0.12290303,0.14236495,0.20599042,0.152963,0.07868923,0.29708937,0.0
2324,0.2851657,0.09878885,0.23585477,0.22896199,0.07926754,0.0719612,0.0
2325,0.23764496,0.16920651,0.24525374,0.16566671,0.05526222,0.1269658,0.0
2326,0.29119447,0.1461242,0.1204909,0.080205,0.16782671,0.19415866,0.0
2327,0.22412287,0.12871704,0.26263675,0.07409355,0.26115817,0.04927165,0.0
2328,0.10766997,0.15768008,0.11920664,0.0942752,0.29455143,0.2266167,0.0
2329,0.11400641,0.10451606,0.32041374,0.08874486,0.12568521,0.2466337,0.0
2330,0.27458313,0.08673674,0.08932629,0.21432643,0.19932483,0.13570252,0.0
2331,0.23972523,0.09956182,0.15583117,0.2625408,0.07650411,0.16583687,0.0
2332,0.19025154,0.11722941,0.15221582,0.077898,0.08306484,0.37934038,0.0
2333,0.05917225,0.33836544,0.07904556,0.28697482,0.13988285,0.09655911,0.0
2334,0.11159189,0.07735457,0.1610624,0.40969607,0.15146682,0.08882836,0.0
2335,0.05540305,0.11980785,0.25149876,0.23464829,0.06696947,0.27167267,0.0
2336,0.05545284,0.08509594,0.07690294,0.16020797,0.26039547,0.36194482,0.0
2337,0.18244241,0.20253722,0.19803508,0.1008282,0.23078331,0.08537379,0.0
2338,0.06238886,0.07629354,0.18698438,0.13737898,0.32375246,0.21320172,0.0
2339,0.11328922,0.09507442,0.12232541,0.25617698,0.06185316,0.35128084,0.0
2340,0.11217257,0.24888264,0.09207246,0.09212345,0.29814407,0.15660481,0.0
2341,0.1087416,0.27051774,0.13028134,0.1268673,0.12806052,0.2355314,0.0
2342,0.1905631,0.04931599,0.25305563,0.11983322,0.09025481,0.29697728,0.0
2343,0.18433686,0.4688411,0.07072853,0.11763105,0.06524951,0.09321307,0.0
2344,0.29560104,0.30211836,0.13645723,0.10559076,0.07144804,0.08878451,0.0
2345,0.09986321,0.07558817,0.12930179,0.27104348,0.35896188,0.06524148,0.0
2346,0.27070236,0.17472553,0.30706578,0.07289321,0.04912214,0.12549098,0.0
2347,0.15486556,0.40767518,0.11585127,0.08581299,0.09134537,0.14444965,0.0
2348,0.11210959,0.22438236,0.10339735,0.2417634,0.1898338,0.1285135,0.0
2349,0.135303,0.12437706,0.1692418,0.2616379,0.11370493,0.19573534,0.0
2350,0.11177858,0.3910742,0.14287381,0.07358985,0.1130537,0.16762981,0.0
2351,0.0620347,0.10074361,0.20724379,0.06407619,0.22655079,0.33935088,0.0
2352,0.1601137,0.06687158,0.05727088,0.35168412,0.30550462,0.05855508,0.0
2353,0.22919087,0.10452727,0.12603785,0.12316221,0.17300123,0.24408063,0.0
2354,0.1357983,0.07730909,0.2056252,0.06909671,0.18486722,0.32730344,0.0
2355,0.05311685,0.21483216,0.0547285,0.05696182,0.33838755,0.28197312,0.0
2356,0.10925696,0.22750333,0.06494652,0.14961717,0.31373826,0.13493781,0.0
2357,0.12981045,0.27695775,0.20329808,0.03959842,0.07699518,0.2733401,0.0
2358,0.27639216,0.16068695,0.22527215,0.10143857,0.12455452,0.11165559,0.0
2359,0.14865951,0.15791193,0.10391053,0.23183335,0.15419579,0.20348898,0.0
2360,0.12596162,0.21604457,0.09690411,0.15292285,0.12738091,0.280786,0.0
2361,0.1190274,0.15396582,0.40622887,0.11554145,0.13139372,0.07384282,0.0
2362,0.10341307,0.18298766,0.16866405,0.21831225,0.12423494,0.20238803,0.0
2363,0.25848874,0.05271993,0.08671812,0.19015919,0.20329125,0.20862277,0.0
2364,0.0881703,0.18260697,0.08630146,0.2325844,0.15374644,0.2565904,0.0
2365,0.1937398,0.2685229,0.13185939,0.2993947,0.04890217,0.05758107,0.0
2366,0.26542094,0.06637466,0.07560398,0.20193218,0.20886882,0.18179941,0.0
2367,0.0618028,0.08438407,0.24230345,0.3492362,0.17681389,0.08545961,0.0
2368,0.11802344,0.26431912,0.07581901,0.34349042,0.1357559,0.0625921,0.0
2369,0.06561893,0.0646724,0.30146044,0.18022673,0.15442468,0.2335969,0.0
2370,0.2422908,0.27224845,0.06348257,0.12820944,0.18551919,0.10824959,0.0
2371,0.1263232,0.21437496,0.21006748,0.2275987,0.15359257,0.06804307,0.0
2372,0.26659748,0.11745421,0.05370117,0.28861216,0.04223145,0.2314035,0.0
2373,0.09116484,0.06772609,0.13612045,0.10447726,0.35514152,0.24536985,0.0
2374,0.17576368,0.08738365,0.13689202,0.281608,0.22178657,0.09656607,0.0
2375,0.05842448,0.14024659,0.14793861,0.31189597,0.18801753,0.15347676,0.0
2376,0.19616096,0.19243634,0.09534822,0.30173233,0.14925031,0.06507181,0.0
2377,0.09096544,0.27885047,0.0960682,0.08119422,0.14060673,0.312315,0.0
2378,0.26163697,0.11015774,0.1494283,0.15254883,0.0931155,0.2331126,0.0
2379,0.10790525,0.17244543,0.08175827,0.25495726,0.23761955,0.14531416,0.0
2380,0.22503266,0.13065672,0.15028554,0.10900129,0.09164409,0.29337972,0.0
2381,0.12809579,0.14023213,0.23766959,0.09752683,0.18008313,0.21639247,0.0
2382,0.15555094,0.25076044,0.13208522,0.1627443,0.19995272,0.09890641,0.0
2383,0.44415674,0.08980925,0.07009015,0.18300775,0.0953484,0.11758772,0.0
2384,0.17248581,0.18323918,0.25400627,0.1009528,0.05846269,0.23085329,0.0
2385,0.23150156,0.06491435,0.19112577,0.091147,0.07802265,0.34328863,0.0
2386,0.21197598,0.12093925,0.12507208,0.35719857,0.1003601,0.08445407,0.0
2387,0.07151327,0.32524943,0.10496709,0.1384995,0.10690337,0.2528674,0.0
2388,0.15868735,0.32127014,0.07774726,0.16226204,0.08282894,0.19720428,0.0
2389,0.24915484,0.06694411,0.15299691,0.2411656,0.18595202,0.10378655,0.0
2390,0.18514633,0.35763147,0.10928775,0.12546448,0.13406327,0.08840663,0.0
2391,0.08470866,0.13363546,0.23056506,0.23863019,0.17505147,0.13740914,0.0
2392,0.11615993,0.08148866,0.18590051,0.13861528,0.39744315,0.08039254,0.0
2393,0.06084759,0.08902966,0.09447214,0.36336136,0.16993351,0.22235572,0.0
2394,0.13570376,0.1827608,0.05914941,0.19498606,0.06093567,0.36646435,0.0
2395,0.19327319,0.06249902,0.10206578,0.12283143,0.3340537,0.18527691,0.0
2396,0.12732303,0.08464747,0.17069165,0.07789419,0.37061474,0.16882895,0.0
2397,0.09545667,0.07518234,0.3138814,0.06187582,0.10889179,0.34471196,0.0
2398,0.20095834,0.10078061,0.23333791,0.19050452,0.05724626,0.21717238,0.0
2399,0.06036224,0.10957561,0.38014615,0.19476278,0.05951457,0.19563872,0.0
2400,0.09302009,0.2918036,0.19554666,0.14594638,0.08612549,0.18755774,0.0
2401,0.06690809,0.28775233,0.2188029,0.14420725,0.15847924,0.12385014,0.0
2402,0.20114052,0.1715389,0.14061137,0.15868048,0.20553944,0.12248918,0.0
2403,0.05194914,0.2732912,0.06194229,0.21612142,0.1492424,0.24745351,0.0
2404,0.06823413,0.06545632,0.18995127,0.0728434,0.41111013,0.19240475,0.0
2405,0.09338865,0.2183605,0.28726318,0.16287342,0.1663174,0.07179698,0.0
2406,0.10175023,0.06025911,0.25801763,0.14095189,0.23644418,0.20257705,0.0
2407,0.12890212,0.06486368,0.12296776,0.21148059,0.34314373,0.12864207,0.0
2408,0.06986062,0.34503308,0.37923908,0.07159938,0.06481722,0.06945058,0.0
2409,0.14951822,0.06789577,0.30202717,0.09516861,0.14426914,0.24112101,0.0
2410,0.1748512,0.2454405,0.25875756,0.05436427,0.04113588,0.22545055,0.0
2411,0.22370687,0.22520107,0.35944584,0.05149243,0.06579829,0.07435558,0.0
2412,0.07933784,0.1837887,0.09981229,0.35224774,0.07945601,0.20535734,0.0
2413,0.24498919,0.05976451,0.31530035,0.11686816,0.12107951,0.14199829,0.0
2414,0.0755036,0.27198994,0.06935149,0.0703339,0.38752759,0.12529351,0.0
2415,0.23729646,0.08616952,0.04124945,0.11478301,0.27339718,0.24710444,0.0
2416,0.18604557,0.15000942,0.19346343,0.21886614,0.12556915,0.12604631,0.0
2417,0.10992301,0.13770545,0.10562115,0.11273117,0.26363847,0.2703807,0.0
2418,0.09419385,0.143308,0.13550608,0.19693422,0.18439905,0.24565879,0.0
2419,0.06352321,0.17092322,0.34350118,0.260267,0.05919544,0.10258987,0.0
2420,0.39141673,0.26141632,0.08927777,0.07491952,0.09948583,0.08348378,0.0
2421,0.27803975,0.17547299,0.10326244,0.1026888,0.21024841,0.13028765,0.0
2422,0.07200597,0.07175566,0.4499102,0.074685,0.10070734,0.23093581,0.0
2423,0.1128173,0.19943373,0.23270947,0.09236727,0.11100215,0.25167,0.0
2424,0.07157386,0.23128137,0.21697414,0.23235838,0.11346614,0.1343461,0.0
2425,0.12177484,0.2535574,0.07961048,0.10887887,0.15831156,0.27786684,0.0
2426,0.15700413,0.0606844,0.25760716,0.32344887,0.12166434,0.07959113,0.0
2427,0.14617412,0.07865307,0.11067673,0.14477842,0.31937224,0.20034544,0.0
2428,0.10643455,0.16168402,0.07378931,0.22193971,0.3348054,0.10134701,0.0
2429,0.14971362,0.2618695,0.14560905,0.12247606,0.21318252,0.10714932,0.0
2430,0.13648212,0.0859397,0.09653917,0.3443489,0.23657559,0.10011452,0.0
2431,0.0804125,0.06528949,0.07253592,0.24588184,0.11603861,0.41984168,0.0
2432,0.08382249,0.2986527,0.10911012,0.19322082,0.1786719,0.13652197,0.0
2433,0.08267579,0.44816503,0.14115112,0.13407443,0.12358597,0.07034758,0.0
2434,0.13566703,0.09459104,0.13618878,0.23527864,0.15856893,0.23970552,0.0
2435,0.0777032,0.16954438,0.14431387,0.24653222,0.15438734,0.20751889,0.0
2436,0.13410525,0.06893464,0.06507726,0.32894236,0.09204429,0.31089616,0.0
2437,0.05004652,0.22752802,0.21763287,0.0746056,0.20846882,0.2217181,0.0
2438,0.30369198,0.11259751,0.28928888,0.10075625,0.05918979,0.13447551,0.0
2439,0.1353699,0.1888102,0.16475478,0.07491787,0.17270243,0.26344475,0.0
2440,0.08126844,0.11961834,0.16098203,0.29640573,0.12918435,0.21254106,0.0
2441,0.33113623,0.14425138,0.16252652,0.1272382,0.05779865,0.17704894,0.0
2442,0.14194803,0.18095027,0.2710213,0.15503176,0.10471565,0.14633301,0.0
2443,0.07477375,0.13507701,0.22830473,0.0688922,0.39106384,0.10188846,0.0
2444,0.3638374,0.10651744,0.09097378,0.08729524,0.25904092,0.09233525,0.0
2445,0.22090624,0.22012746,0.16241476,0.18314792,0.08749952,0.12590405,0.0
2446,0.20931515,0.31650853,0.08862399,0.13421717,0.07106254,0.18027258,0.0
2447,0.0628307,0.2593009,0.28940162,0.039349,0.16433592,0.18478192,0.0
2448,0.31102216,0.09610235,0.14192311,0.18052383,0.09842619,0.17200235,0.0
2449,0.12240539,0.07885455,0.0540732,0.270786,0.2600521,0.2138287,0.0
2450,0.12212291,0.09436824,0.28583992,0.32688957,0.0756347,0.09514463,0.0
2451,0.06197377,0.09330483,0.18106264,0.39106476,0.10635134,0.16624267,0.0
2452,0.11070052,0.22193874,0.21549992,0.12368958,0.22190112,0.10627012,0.0
2453,0.08391862,0.09010161,0.15119511,0.1757319,0.23690166,0.26215112,0.0
2454,0.08340303,0.30810583,0.0859817,0.18529567,0.1667126,0.17050113,0.0
2455,0.10327623,0.11662942,0.09571808,0.06078918,0.3089859,0.3146012,0.0
2456,0.14938134,0.13142744,0.08781758,0.22914842,0.15222117,0.25000402,0.0
2457,0.14228995,0.06943636,0.1789095,0.15994431,0.0627455,0.3866744,0.0
2458,0.18209238,0.25778824,0.05599788,0.18605746,0.21385664,0.10420735,0.0
2459,0.07443312,0.24974765,0.22500046,0.10824872,0.18807136,0.15449873,0.0
2460,0.15634641,0.26314896,0.27683365,0.10093562,0.16046743,0.04226784,0.0
2461,0.06000001,0.10640483,0.19156678,0.23923688,0.12433916,0.27845234,0.0
2462,0.12221767,0.12263849,0.19446303,0.0858138,0.22778556,0.24708147,0.0
2463,0.19296043,0.17264643,0.19346523,0.20879762,0.05323172,0.17889856,0.0
2464,0.19811465,0.2888772,0.13209839,0.07127482,0.10263013,0.20700476,0.0
2465,0.13392898,0.11688598,0.14164503,0.1143491,0.38995218,0.10323868,0.0
2466,0.18313092,0.11069334,0.2512352,0.22425954,0.13309698,0.09758408,0.0
2467,0.13562936,0.13264994,0.17160192,0.14416216,0.18780716,0.22814958,0.0
2468,0.1156147,0.22481592,0.10944345,0.16425362,0.06778879,0.31808355,0.0
2469,0.12585215,0.1379641,0.29927155,0.08808385,0.2227294,0.12609895,0.0
2470,0.30874258,0.10836577,0.34665784,0.06301947,0.09412523,0.07908916,0.0
2471,0.06635935,0.16796069,0.32021648,0.19593425,0.14502127,0.10450801,0.0
2472,0.15521277,0.16802096,0.0670898,0.11998948,0.28443232,0.20525472,0.0
2473,0.17603062,0.14617306,0.229301,0.09519999,0.280831,0.07246429,0.0
2474,0.1428144,0.1692545,0.16005969,0.22416896,0.06570794,0.23799446,0.0
2475,0.26510563,0.23700507,0.07751816,0.11602894,0.20459679,0.09974537,0.0
2476,0.34207162,0.11702958,0.07264595,0.2479856,0.11473983,0.10552742,0.0
2477,0.26354015,0.18693444,0.20843539,0.12766556,0.13401382,0.0794106,0.0
2478,0.07997806,0.09805628,0.28061008,0.05997733,0.26333064,0.2180476,0.0
2479,0.34521258,0.07290111,0.14420202,0.07850331,0.24806987,0.11111113,0.0
2480,0.08498123,0.26697326,0.06567442,0.1700339,0.2874692,0.12486801,0.0
2481,0.09841445,0.14996396,0.25928962,0.08637389,0.14527024,0.26068786,0.0
2482,0.22121538,0.18514366,0.2495644,0.05366097,0.05499627,0.2354194,0.0
2483,0.05574365,0.08058845,0.25595877,0.27499354,0.2392051,0.09351052,0.0
2484,0.08795492,0.3302099,0.06952852,0.24923046,0.17817783,0.0848983,0.0
2485,0.05919744,0.06427887,0.11156356,0.4047008,0.07992002,0.2803393,0.0
2486,0.05755407,0.09634868,0.15281935,0.25255027,0.23631908,0.20440856,0.0
2487,0.22002351,0.1753141,0.23470762,0.10698435,0.05382076,0.20914963,0.0
2488,0.10259504,0.17036398,0.3890172,0.14811808,0.10503662,0.08486917,0.0
2489,0.12385806,0.07338084,0.2722198,0.09903119,0.15739174,0.2741184,0.0
2490,0.3493361,0.08668619,0.23212154,0.15853253,0.09497383,0.07834988,0.0
2491,0.24170884,0.23539019,0.10069863,0.23225363,0.13497926,0.05496946,0.0
2492,0.17408484,0.19506083,0.09302063,0.07527793,0.15969737,0.3028584,0.0
2493,0.0937615,0.08280191,0.18419343,0.35857332,0.12261049,0.15805946,0.0
2494,0.15775076,0.3931503,0.13809898,0.07686874,0.16410924,0.07002199,0.0
2495,0.24893002,0.17961238,0.13749863,0.11439773,0.07826753,0.2412938,0.0
2496,0.05495527,0.15004115,0.22795278,0.05150387,0.33825338,0.17729355,0.0
2497,0.1009701,0.2712871,0.1328096,0.06730862,0.34491026,0.08271421,0.0
2498,0.08464809,0.2897814,0.13062766,0.11448685,0.2913204,0.08913556,0.0
2499,0.17580733,0.13295048,0.11642873,0.0855612,0.25020385,0.23904845,0.0
2500,0.11323201,0.08554675,0.08700289,0.27270323,0.20344059,0.23807453,0.0
2501,0.26525435,0.22335523,0.1043864,0.18857627,0.15191469,0.06651307,0.0
2502,0.06384199,0.13757308,0.28726214,0.30515015,0.09658278,0.10958989,0.0
2503,0.10463669,0.14307287,0.17455344,0.12754628,0.35421118,0.09597945,0.0
2504,0.19084197,0.24382211,0.11777773,0.13217045,0.15578206,0.15960577,0.0
2505,0.13011621,0.07482418,0.37429643,0.21180773,0.07732101,0.13163456,0.0
2506,0.0604446,0.16686785,0.24170047,0.08884015,0.3046502,0.13749672,0.0
2507,0.09235333,0.10093639,0.16311604,0.19046275,0.36582217,0.08730936,0.0
2508,0.14661337,0.12678476,0.14624833,0.1400304,0.15364136,0.28668174,0.0
2509,0.24799083,0.06830283,0.10291345,0.21935828,0.28705314,0.0743814,0.0
2510,0.09988146,0.19829878,0.26153585,0.16281223,0.12574214,0.15172945,0.0
2511,0.17684372,0.08256298,0.07484002,0.24900608,0.3337453,0.0830019,0.0
2512,0.32169667,0.06535028,0.09986391,0.29895404,0.15215501,0.06198008,0.0
2513,0.0906658,0.26173675,0.14063145,0.21371995,0.19205339,0.10119266,0.0
2514,0.1299275,0.13241358,0.3330925,0.09408227,0.19966817,0.11081589,0.0
2515,0.07257959,0.21856502,0.29112,0.15047407,0.17597945,0.09128182,0.0
2516,0.20288497,0.09415264,0.1973719,0.31070307,0.06524012,0.12964737,0.0
2517,0.12091003,0.1451401,0.15282412,0.18896668,0.20037131,0.19178781,0.0
2518,0.20803115,0.08290315,0.21936014,0.18729436,0.21752505,0.08488627,0.0
2519,0.2427217,0.08011891,0.2668184,0.06570097,0.16649912,0.17814092,0.0
2520,0.13479522,0.12223435,0.12929222,0.2270805,0.2921668,0.09443098,0.0
2521,0.20639402,0.07063667,0.23533054,0.06144299,0.16375963,0.26243615,0.0
2522,0.2730778,0.06061153,0.14860709,0.32248902,0.13875064,0.0564639,0.0
2523,0.17494036,0.28879106,0.12638676,0.14074631,0.11497373,0.15416175,0.0
2524,0.17457773,0.11025658,0.29385972,0.04343165,0.23864652,0.13922776,0.0
2525,0.26255566,0.102489,0.22025643,0.22186288,0.09880177,0.09403431,0.0
2526,0.12873073,0.09890666,0.350218,0.26093066,0.07833412,0.08287983,0.0
2527,0.13777864,0.11034307,0.31493422,0.09769819,0.24052544,0.09872042,0.0
2528,0.08058169,0.17583302,0.21711762,0.08355458,0.09562971,0.34728333,0.0
2529,0.05369659,0.07704215,0.33020347,0.2476754,0.0794177,0.21196474,0.0
2530,0.27245012,0.24213398,0.13280675,0.20920448,0.0479274,0.09547732,0.0
2531,0.26534247,0.16995054,0.22268903,0.04458589,0.18020435,0.11722769,0.0
2532,0.12580726,0.10708989,0.07556611,0.24582587,0.07990099,0.36580992,0.0
2533,0.2764464,0.08095498,0.11232972,0.21618053,0.19631341,0.11777496,0.0
2534,0.24957915,0.07193089,0.11108383,0.10441978,0.33193243,0.13105395,0.0
2535,0.19171709,0.22692065,0.2013842,0.05905233,0.23194759,0.0889781,0.0
2536,0.2575552,0.29453403,0.08037857,0.19764842,0.07893157,0.09095223,0.0
2537,0.32677278,0.10880749,0.14299607,0.20456041,0.12375597,0.0931073,0.0
2538,0.22711496,0.11395841,0.08853813,0.09835833,0.08380892,0.38822126,0.0
2539,0.23694381,0.07650674,0.09121031,0.12722346,0.28993547,0.17818011,0.0
2540,0.12983747,0.10864931,0.19787808,0.08010171,0.1980767,0.2854567,0.0
2541,0.18168673,0.14080063,0.22255597,0.18885301,0.21149555,0.05460816,0.0
2542,0.12838016,0.11486933,0.10413543,0.14876486,0.15089256,0.35295767,0.0
2543,0.1455686,0.227999,0.27559155,0.07687356,0.1103891,0.16357818,0.0
2544,0.31132776,0.10992216,0.16516796,0.06114856,0.2102788,0.14215474,0.0
2545,0.21260494,0.23525138,0.20831868,0.15709509,0.08163535,0.10509454,0.0
2546,0.23439558,0.32544115,0.09850921,0.05998227,0.12996577,0.15170607,0.0
2547,0.10799383,0.0939929,0.2595932,0.29575074,0.13883202,0.10383735,0.0
2548,0.2719486,0.10438035,0.08563925,0.18427798,0.0504123,0.30334154,0.0
2549,0.24843864,0.09564792,0.17878632,0.16355635,0.10489383,0.20867705,0.0
2550,0.2973052,0.08663207,0.08113632,0.07323307,0.22867185,0.23302144,0.0
2551,0.05233261,0.30178514,0.140284,0.09914029,0.1777437,0.22871429,0.0
2552,0.3520351,0.06113158,0.11963299,0.2714082,0.06165354,0.13413857,0.0
2553,0.40021098,0.0800513,0.22786461,0.1722331,0.05904147,0.06059851,0.0
2554,0.22036794,0.19700043,0.08487009,0.08985588,0.34404403,0.06386165,0.0
2555,0.08155451,0.13584937,0.14961006,0.09105147,0.25992966,0.28200492,0.0
2556,0.21916926,0.11457141,0.08335578,0.16244005,0.18803264,0.23243093,0.0
2557,0.09301922,0.16253187,0.33129683,0.09604007,0.0864546,0.23065744,0.0
2558,0.09277689,0.05951646,0.27055022,0.12828042,0.12646048,0.32241556,0.0
2559,0.11096616,0.15118441,0.15645304,0.12767366,0.32469535,0.12902735,0.0
2560,0.25244826,0.17343374,0.09107123,0.26440883,0.10541791,0.11321995,0.0
2561,0.07705815,0.0785442,0.27253798,0.14140074,0.18695839,0.24350064,0.0
2562,0.26953164,0.10812449,0.10450806,0.25611877,0.05893086,0.20278622,0.0
2563,0.2895403,0.12548026,0.24451272,0.14531012,0.06881193,0.12634464,0.0
2564,0.16373971,0.22048314,0.22034773,0.14871943,0.10856217,0.13814789,0.0
2565,0.21607953,0.06933628,0.12250006,0.23020294,0.26406297,0.09781817,0.0
2566,0.10873589,0.29390216,0.30717757,0.05787501,0.0743167,0.15799257,0.0
2567,0.09611228,0.21253848,0.14288771,0.21297684,0.2380761,0.09740859,0.0
2568,0.18261628,0.32418138,0.08759138,0.26210454,0.08816402,0.0553424,0.0
2569,0.11890797,0.24131763,0.17813875,0.03962165,0.25563043,0.16638356,0.0
2570,0.28579462,0.17606312,0.20419796,0.10819492,0.10627571,0.11947364,0.0
2571,0.06668753,0.14609051,0.2788403,0.16676538,0.2831454,0.05847082,0.0
2572,0.08743735,0.28012753,0.0835681,0.18475947,0.2557009,0.10840672,0.0
2573,0.12032972,0.07847577,0.07259109,0.3629108,0.1043115,0.26138115,0.0
2574,0.2442082,0.13517453,0.06118311,0.15023018,0.15344912,0.2557549,0.0
2575,0.14689928,0.08962227,0.18371183,0.07006365,0.23470542,0.27499753,0.0
2576,0.07793628,0.09872533,0.26855564,0.26802564,0.06849352,0.21826357,0.0
2577,0.13682438,0.19877082,0.26966667,0.11005756,0.16425101,0.12042957,0.0
2578,0.29346383,0.15329769,0.12374673,0.14110363,0.2068795,0.08150851,0.0
2579,0.16551785,0.08344096,0.12272686,0.12179004,0.3406703,0.16585393,0.0
2580,0.15250152,0.10292614,0.09073099,0.3797621,0.11587854,0.15820067,0.0
2581,0.23602983,0.14323482,0.15145348,0.15700406,0.11406606,0.19821174,0.0
2582,0.20985445,0.1180634,0.23513098,0.08856542,0.11484191,0.23354383,0.0
2583,0.10242492,0.29371467,0.13897043,0.07544837,0.13036272,0.25907898,0.0
2584,0.08824605,0.11763692,0.33194575,0.10008529,0.24658568,0.11550034,0.0
2585,0.2115094,0.20635828,0.10869932,0.29577383,0.11734649,0.06031268,0.0
2586,0.10916729,0.12490301,0.21024601,0.2073826,0.17243834,0.17586268,0.0
2587,0.20547886,0.05481426,0.18250474,0.2388657,0.07051705,0.2478194,0.0
2588,0.10623505,0.07997892,0.09257357,0.10821436,0.2431046,0.36989346,0.0
2589,0.11745766,0.10760213,0.26784483,0.18700762,0.1844546,0.13563316,0.0
2590,0.07514104,0.28634188,0.2151936,0.2683313,0.07871608,0.07627609,0.0
2591,0.07760379,0.3253827,0.14169963,0.09274895,0.12322517,0.2393398,0.0
2592,0.14946072,0.15789835,0.06650788,0.12394743,0.4046538,0.09753186,0.0
2593,0.11318459,0.2794863,0.09436973,0.16654925,0.19026317,0.1561469,0.0
2594,0.26381433,0.12779146,0.22812986,0.07971946,0.18317707,0.11736774,0.0
2595,0.06183171,0.24829307,0.19921093,0.09333637,0.33157322,0.06575482,0.0
2596,0.25245512,0.16104446,0.24064016,0.11424405,0.10931653,0.12229966,0.0
2597,0.37485957,0.1850146,0.18729545,0.09472167,0.07403345,0.08407538,0.0
2598,0.31573755,0.12300897,0.13913186,0.20656528,0.14659701,0.06895939,0.0
2599,0.14229232,0.12648278,0.15375338,0.14301096,0.14524312,0.28921738,0.0
2600,0.04901548,0.2046763,0.08377569,0.14805356,0.28452602,0.22995295,0.0
2601,0.24041618,0.1702641,0.15242825,0.08638947,0.19365229,0.15684974,0.0
2602,0.06863137,0.13160881,0.3609695,0.25021383,0.06276017,0.12581627,0.0
2603,0.29804718,0.14443518,0.11712987,0.12800188,0.14710115,0.16528478,0.0
2604,0.21773434,0.1518036,0.1827635,0.1832855,0.07613699,0.1882761,0.0
2605,0.13556826,0.29228997,0.08112546,0.07271285,0.17032132,0.24798205,0.0
2606,0.2853932,0.07763067,0.06869926,0.16662207,0.2192161,0.18243875,0.0
2607,0.26498586,0.12380954,0.17412478,0.11271859,0.16514395,0.15921718,0.0
2608,0.06521767,0.42954922,0.16593185,0.11298499,0.15552033,0.07079591,0.0
2609,0.35539252,0.07805572,0.05828711,0.06179415,0.07516856,0.37130198,0.0
2610,0.28509027,0.15242003,0.11868233,0.17317608,0.1572854,0.11334585,0.0
2611,0.1104742,0.26365545,0.29963127,0.06936857,0.17062461,0.08624592,0.0
2612,0.27938932,0.2952831,0.06060996,0.05206798,0.1853332,0.12731646,0.0
2613,0.06456582,0.12791607,0.29838318,0.34425065,0.07885386,0.08603051,0.0
2614,0.09490991,0.17285232,0.21530767,0.04982113,0.22044301,0.2466659,0.0
2615,0.22622944,0.06118255,0.12124254,0.3389086,0.12198389,0.13045298,0.0
2616,0.2626436,0.12079344,0.30203506,0.07079673,0.17915705,0.06457411,0.0
2617,0.15144408,0.1253359,0.12118448,0.2556649,0.07792807,0.26844254,0.0
2618,0.11967629,0.2604577,0.11649634,0.2373954,0.18549535,0.0804789,0.0
2619,0.10663116,0.08891455,0.11806697,0.3002227,0.31812814,0.06803644,0.0
2620,0.07626081,0.16572362,0.0709974,0.11327574,0.22171634,0.3520261,0.0
2621,0.19619328,0.1324604,0.06150168,0.07165875,0.25231907,0.28586683,0.0
2622,0.05531439,0.29715693,0.07100639,0.3276663,0.05459949,0.19425641,0.0
2623,0.19755746,0.2549248,0.13135503,0.20902799,0.11005694,0.09707781,0.0
2624,0.24577428,0.05488904,0.20213267,0.18822102,0.2604166,0.04856639,0.0
2625,0.13446535,0.1728063,0.1257886,0.25311705,0.16531089,0.14851177,0.0
2626,0.27909443,0.17928569,0.2612514,0.08519667,0.08035982,0.1148121,0.0
2627,0.19103229,0.18646479,0.2360564,0.09546895,0.19783808,0.09313953,0.0
2628,0.09257943,0.06869272,0.28901678,0.06419718,0.26528525,0.22022857,0.0
2629,0.08108626,0.11553239,0.20552923,0.075025,0.21052286,0.31230423,0.0
2630,0.38676,0.09821918,0.07888079,0.14350879,0.1489674,0.14366384,0.0
2631,0.2055513,0.17251946,0.2764479,0.05611036,0.20927082,0.08010017,0.0
2632,0.07558028,0.09953352,0.33709154,0.09746096,0.1527399,0.23759377,0.0
2633,0.10297776,0.09380465,0.2149162,0.25704616,0.22012186,0.11113332,0.0
2634,0.10419814,0.2584311,0.12187955,0.11732551,0.12805395,0.2701118,0.0
2635,0.14830099,0.22269125,0.23927426,0.09116456,0.11019281,0.18837619,0.0
2636,0.32997987,0.17593217,0.07879584,0.15819515,0.15788719,0.09920985,0.0
2637,0.17877239,0.2867659,0.2356848,0.08649851,0.11805817,0.09422022,0.0
2638,0.1619888,0.37302074,0.2601107,0.0618284,0.06388537,0.07916607,0.0
2639,0.08302666,0.15106502,0.1314397,0.31122482,0.17029934,0.15294446,0.0
2640,0.1854017,0.07901297,0.1345857,0.14012988,0.37386528,0.08700459,0.0
2641,0.09552266,0.0703712,0.29046905,0.16057275,0.13427395,0.2487904,0.0
2642,0.08981988,0.08448193,0.12295939,0.35846555,0.2837112,0.06056198,0.0
2643,0.06230028,0.32580328,0.06816521,0.36346182,0.05601698,0.12425241,0.0
2644,0.22301485,0.1979998,0.14903736,0.03971925,0.17327574,0.21695305,0.0
2645,0.11499395,0.27861592,0.0972672,0.06612116,0.3486279,0.09437377,0.0
2646,0.17657766,0.18678452,0.32268113,0.13766427,0.07186269,0.10442971,0.0
2647,0.34890237,0.1184442,0.08111289,0.1359909,0.17286597,0.14268374,0.0
2648,0.07806624,0.22189344,0.35563633,0.18286341,0.08004443,0.08149609,0.0
2649,0.05707129,0.24474294,0.31208512,0.17894286,0.12318455,0.0839733,0.0
2650,0.33870578,0.09421358,0.15488388,0.1000212,0.20842673,0.10374883,0.0
2651,0.08848668,0.16692543,0.13715227,0.12135769,0.16069989,0.325378,0.0
2652,0.20588621,0.08391766,0.07674064,0.11677424,0.14413008,0.37255117,0.0
2653,0.06868105,0.18698782,0.04704922,0.32756177,0.11714377,0.2525763,0.0
2654,0.06380596,0.09591,0.25603953,0.14622724,0.35651478,0.08150249,0.0
2655,0.3855173,0.086664,0.15542795,0.1255656,0.06526306,0.18156213,0.0
2656,0.23683392,0.1153446,0.07115664,0.27836168,0.15697488,0.14132836,0.0
2657,0.15301,0.09447089,0.12738651,0.08839697,0.36913586,0.16759978,0.0
2658,0.18166836,0.10744198,0.06803522,0.33769962,0.23467214,0.07048261,0.0
2659,0.08982296,0.09694646,0.08846263,0.41898137,0.15497608,0.1508105,0.0
2660,0.16558386,0.26961458,0.05095557,0.23648454,0.05062532,0.22673613,0.0
2661,0.12336744,0.16378297,0.3934105,0.12531482,0.0771801,0.1169442,0.0
2662,0.41528428,0.10890964,0.07179663,0.11435616,0.13083567,0.15881757,0.0
2663,0.12344312,0.11011735,0.18423077,0.09399595,0.15314843,0.33506438,0.0
2664,0.07000457,0.3271604,0.20564774,0.15000062,0.0764149,0.17077191,0.0
2665,0.167791,0.06709342,0.04615317,0.25527933,0.27364346,0.19003959,0.0
2666,0.27743047,0.0955308,0.26945168,0.11887562,0.10928781,0.12942357,0.0
2667,0.2580139,0.15515466,0.21517888,0.24325204,0.08059727,0.04780326,0.0
2668,0.07232863,0.07958476,0.10617466,0.24069522,0.2212928,0.27992392,0.0
2669,0.12868759,0.13739389,0.09164458,0.08871792,0.16240662,0.39114943,0.0
2670,0.1395868,0.11544257,0.05954811,0.21933441,0.20877267,0.2573155,0.0
2671,0.19302714,0.06508115,0.15169981,0.10387331,0.24697751,0.2393411,0.0
2672,0.27259162,0.09126477,0.21823236,0.10504754,0.08460548,0.22825819,0.0
2673,0.1295412,0.19240326,0.23461527,0.09179764,0.20834641,0.14329626,0.0
2674,0.1253865,0.1081157,0.15608582,0.17098658,0.09810092,0.34132457,0.0
2675,0.25665268,0.05156134,0.19450556,0.15082401,0.0987744,0.247682,0.0
2676,0.24199432,0.08194346,0.12312068,0.07474932,0.25572655,0.22246572,0.0
2677,0.31538138,0.11835674,0.20453309,0.17178288,0.04968967,0.1402563,0.0
2678,0.12404805,0.3775368,0.09620137,0.14879423,0.18621251,0.06720699,0.0
2679,0.16534501,0.29447734,0.18051882,0.07463885,0.16286992,0.12215003,0.0
2680,0.29045695,0.1792665,0.26868507,0.0450183,0.17291497,0.0436582,0.0
2681,0.19998954,0.10688285,0.19669677,0.22995736,0.1510064,0.11546709,0.0
2682,0.37030026,0.05468381,0.18621771,0.12248328,0.18421721,0.08209778,0.0
2683,0.09887394,0.07478589,0.14104182,0.29552507,0.23346409,0.15630919,0.0
2684,0.04812929,0.07543,0.23890129,0.27912083,0.16540168,0.19301687,0.0
2685,0.08989515,0.1439251,0.33948362,0.14597459,0.12131737,0.15940425,0.0
2686,0.14696325,0.08211446,0.3077961,0.11394259,0.25539732,0.09378629,0.0
2687,0.21316071,0.20149592,0.18566613,0.10651948,0.23545894,0.05769878,0.0
2688,0.08569586,0.32668728,0.17483196,0.25864312,0.0653582,0.08878361,0.0
2689,0.09071119,0.11189876,0.08838653,0.28487778,0.29497615,0.12914966,0.0
2690,0.20002793,0.16932884,0.11313607,0.06478758,0.36985824,0.08286138,0.0
2691,0.19959995,0.07238945,0.21945384,0.19038475,0.11370031,0.20447177,0.0
2692,0.2357506,0.05929162,0.08527583,0.12693965,0.35878423,0.13395803,0.0
2693,0.10299902,0.280466,0.07376134,0.05866405,0.23616907,0.24794059,0.0
2694,0.0640652,0.16223714,0.36243892,0.25862333,0.07937203,0.07326344,0.0
2695,0.07164089,0.06581762,0.3514535,0.12762436,0.2818021,0.10166149,0.0
2696,0.27349827,0.12491793,0.10780624,0.07774334,0.2321694,0.18386485,0.0
2697,0.2227782,0.16887575,0.16404247,0.09064241,0.09269355,0.2609676,0.0
2698,0.06827971,0.27464616,0.16865864,0.22887056,0.16307698,0.09646799,0.0
2699,0.17796613,0.28661966,0.05173971,0.2335999,0.19801198,0.05206269,0.0
2700,0.18233345,0.1524977,0.14433086,0.23518883,0.07605672,0.20959245,0.0
2701,0.11372619,0.13700658,0.252284,0.18721758,0.10972485,0.20004074,0.0
2702,0.2708933,0.2643924,0.09372645,0.04665694,0.12229864,0.20203236,0.0
2703,0.16477862,0.07824283,0.31937096,0.16374254,0.15072636,0.12313862,0.0
2704,0.16737829,0.07584201,0.2427609,0.08703567,0.2673586,0.15962449,0.0
2705,0.11397498,0.05233573,0.07612967,0.3109339,0.10424493,0.34238088,0.0
2706,0.22446652,0.1462904,0.22403975,0.24002402,0.07422582,0.09095346,0.0
2707,0.289008,0.16591722,0.09666009,0.23500307,0.14093977,0.07247184,0.0
2708,0.06535344,0.19882323,0.30111107,0.14196174,0.22563207,0.06711849,0.0
2709,0.18222275,0.10789693,0.07277158,0.15800832,0.11154623,0.36755413,0.0
2710,0.17726313,0.15037598,0.06498923,0.20829006,0.26724166,0.13183995,0.0
2711,0.25514188,0.09524567,0.16929427,0.04149697,0.25238332,0.18643793,0.0
2712,0.19280103,0.16424713,0.20201404,0.09763086,0.13262485,0.21068215,0.0
2713,0.15162463,0.15189762,0.05104567,0.33053344,0.21436937,0.10052926,0.0
2714,0.08632682,0.27128392,0.13680409,0.14379822,0.15781613,0.20397082,0.0
2715,0.07721297,0.11180222,0.07034474,0.16927916,0.31909677,0.25226417,0.0
2716,0.05096734,0.2758233,0.13995437,0.23486817,0.21459292,0.08379395,0.0
2717,0.19385438,0.16100153,0.15991679,0.21256359,0.09980901,0.17285468,0.0
2718,0.10647381,0.06176829,0.26983,0.17584564,0.17180723,0.21427502,0.0
2719,0.17290124,0.15514126,0.16973697,0.28402355,0.14518206,0.07301491,0.0
2720,0.22481486,0.08434806,0.23606166,0.11871779,0.2677846,0.06827306,0.0
2721,0.20997685,0.12442469,0.14261444,0.14481512,0.08661351,0.29155535,0.0
2722,0.20693557,0.07160907,0.09008206,0.12065565,0.11972802,0.39098966,0.0
2723,0.10499626,0.07892849,0.1651216,0.30627185,0.2398388,0.10484303,0.0
2724,0.17229229,0.26625612,0.15692787,0.1067417,0.23319802,0.06458402,0.0
2725,0.30095494,0.20301628,0.06032421,0.22487234,0.08718526,0.12364698,0.0
2726,0.11620587,0.2664004,0.18622814,0.06377853,0.2754738,0.09191318,0.0
2727,0.11598836,0.25421482,0.09674784,0.2487047,0.13539328,0.14895098,0.0
2728,0.23013362,0.21925977,0.11220047,0.13617818,0.14874938,0.15347856,0.0
2729,0.18155284,0.07203681,0.22359549,0.04942928,0.26521242,0.20817311,0.0
2730,0.25536484,0.18440297,0.20856157,0.07207405,0.2202053,0.05939135,0.0
2731,0.04686698,0.26976416,0.07401771,0.14028044,0.2881391,0.18093163,0.0
2732,0.07144696,0.16780406,0.29217118,0.15466599,0.22388305,0.09002882,0.0
2733,0.18674476,0.09016581,0.32165495,0.06436209,0.17676628,0.16030619,0.0
2734,0.1147434,0.26829055,0.31354022,0.13506839,0.10122446,0.067133,0.0
2735,0.2748321,0.15038817,0.09691937,0.09788139,0.12021999,0.25975898,0.0
2736,0.10248125,0.30891624,0.06543455,0.10044866,0.34566587,0.07705349,0.0
2737,0.08149606,0.15698963,0.04669778,0.15546693,0.24477454,0.3145751,0.0
2738,0.0571469,0.16823688,0.13166745,0.13019843,0.22791333,0.28483707,0.0
2739,0.26792225,0.06485213,0.21511686,0.18158549,0.09599463,0.17452866,0.0
2740,0.11024002,0.14116617,0.22144677,0.16702016,0.12173536,0.23839147,0.0
2741,0.21312131,0.18001728,0.12553334,0.22388476,0.06295292,0.19449043,0.0
2742,0.10192527,0.33319196,0.11759032,0.10813214,0.05526968,0.2838906,0.0
2743,0.23576505,0.22554114,0.25088063,0.03841339,0.18903346,0.06036627,0.0
2744,0.2450276,0.08781233,0.23903292,0.13438481,0.16524804,0.12849434,0.0
2745,0.1075417,0.19066921,0.24481313,0.04512563,0.22821888,0.1836315,0.0
2746,0.24223436,0.19355643,0.04224354,0.14247826,0.09443169,0.28505576,0.0
2747,0.21505524,0.13835657,0.06452299,0.16493627,0.3203856,0.09674336,0.0
2748,0.08816935,0.23976968,0.22540957,0.31615284,0.07888174,0.05161685,0.0
2749,0.08520037,0.19616795,0.16357422,0.17903182,0.30307767,0.07294796,0.0
2750,0.06403124,0.2609129,0.05892282,0.3182266,0.09502952,0.20287693,0.0
2751,0.18095544,0.1102786,0.20271045,0.24512088,0.1806294,0.08030528,0.0
2752,0.22094627,0.06565749,0.24205886,0.08220708,0.18734567,0.20178466,0.0
2753,0.20986055,0.05786107,0.15240923,0.10682353,0.2315745,0.24147111,0.0
2754,0.14066225,0.14587334,0.06226627,0.1909909,0.14793234,0.31227484,0.0
2755,0.12251128,0.08167852,0.22381014,0.11763251,0.10227479,0.3520928,0.0
2756,0.159287,0.27623016,0.19719899,0.04843826,0.27090746,0.04793804,0.0
2757,0.07242702,0.23624319,0.1372122,0.10196309,0.19499882,0.2571557,0.0
2758,0.3553675,0.15437253,0.20673224,0.16498348,0.06100796,0.05753629,0.0
2759,0.08355945,0.08493119,0.41477805,0.10559056,0.20183161,0.10930921,0.0
2760,0.26553252,0.17878799,0.13459623,0.10814021,0.2317299,0.08121321,0.0
2761,0.19475521,0.15158148,0.08273222,0.16479152,0.13273333,0.2734063,0.0
2762,0.05857913,0.09354743,0.17792922,0.33902553,0.27586254,0.0550561,0.0
2763,0.16989566,0.10318603,0.16319916,0.17527542,0.274047,0.11439681,0.0
2764,0.2526422,0.10939005,0.12127554,0.27575636,0.10753402,0.13340184,0.0
2765,0.15247488,0.08449616,0.36983547,0.11161134,0.15009746,0.13148466,0.0
2766,0.09576274,0.21976924,0.23046553,0.16515414,0.22431451,0.06453379,0.0
2767,0.19443591,0.11741553,0.1569944,0.26919138,0.1057277,0.15623507,0.0
2768,0.17802383,0.15249775,0.05247933,0.23160784,0.07524852,0.31014273,0.0
2769,0.20012434,0.22235839,0.31563315,0.06868278,0.11833779,0.07486353,0.0
2770,0.25054574,0.09520067,0.2756897,0.2759805,0.05406519,0.04851823,0.0
2771,0.0730855,0.16626664,0.2913329,0.2521165,0.15056372,0.06663468,0.0
2772,0.25567794,0.06414951,0.2447848,0.28837356,0.08597749,0.06103672,0.0
2773,0.04847233,0.05139309,0.27247238,0.18281497,0.12001302,0.32483414,0.0
2774,0.0784722,0.26730874,0.2558458,0.06337073,0.15644407,0.1785584,0.0
2775,0.14616401,0.12686312,0.20623069,0.19114597,0.13413171,0.19546446,0.0
2776,0.11027822,0.09554264,0.1126909,0.20395446,0.10054445,0.3769893,0.0
2777,0.15865134,0.04587645,0.08675253,0.24105626,0.16698647,0.300677,0.0
2778,0.06574045,0.08611135,0.26741248,0.09800877,0.3805387,0.1021883,0.0
2779,0.11562109,0.44109446,0.11252638,0.07873867,0.16082817,0.09119122,0.0
2780,0.1014847,0.1154895,0.28930387,0.132583,0.06743005,0.2937088,0.0
2781,0.24407665,0.18793774,0.11959833,0.2027396,0.11932387,0.12632385,0.0
2782,0.06435359,0.06095641,0.23189823,0.24259713,0.06145386,0.33874083,0.0
2783,0.21026982,0.17292884,0.20171064,0.12019671,0.09599014,0.19890377,0.0
2784,0.20233086,0.10005359,0.42418054,0.08754454,0.08065972,0.10523071,0.0
2785,0.17773674,0.25652757,0.09167013,0.2286774,0.16925333,0.07613485,0.0
2786,0.07508399,0.2037736,0.06515295,0.35691568,0.11345616,0.18561757,0.0
2787,0.19193235,0.14754657,0.13733135,0.14491516,0.07125414,0.30702037,0.0
2788,0.06866606,0.16312778,0.07065871,0.28661075,0.30109808,0.10983863,0.0
2789,0.15016355,0.11480754,0.15284684,0.124454,0.27994004,0.17778802,0.0
2790,0.22065511,0.1439058,0.07157843,0.09095402,0.27650586,0.19640075,0.0
2791,0.06150408,0.17667131,0.07457571,0.35965994,0.06967346,0.25791547,0.0
2792,0.07594752,0.20415106,0.05752218,0.16982557,0.10197873,0.39057496,0.0
2793,0.19320297,0.21815707,0.16116941,0.2578695,0.11022763,0.05937337,0.0
2794,0.11867757,0.15465906,0.22682568,0.23740551,0.13675386,0.12567827,0.0
2795,0.28260502,0.14685036,0.08793542,0.16106316,0.09872568,0.22282036,0.0
2796,0.16271451,0.15207648,0.10832113,0.0594674,0.31583446,0.20158605,0.0
2797,0.12062719,0.1660725,0.11830212,0.1084058,0.22608674,0.26050568,0.0
2798,0.12477378,0.17914473,0.13890137,0.16566798,0.15273586,0.23877622,0.0
2799,0.11822432,0.2552634,0.0556412,0.07961322,0.34303942,0.14821845,0.0
2800,0.29280344,0.1557191,0.09161616,0.06356137,0.06869529,0.32760465,0.0
2801,0.22730833,0.2851761,0.1192323,0.10443228,0.18089695,0.08295397,0.0
2802,0.22559318,0.1105104,0.13665876,0.23673606,0.09414346,0.19635804,0.0
2803,0.24019042,0.09489166,0.19243054,0.05028547,0.2211795,0.20102242,0.0
2804,0.09103753,0.09929954,0.16265723,0.36960566,0.18081456,0.09658545,0.0
2805,0.11572641,0.21601915,0.31943655,0.09694732,0.08900221,0.16286843,0.0
2806,0.21455942,0.11052076,0.06396552,0.2030777,0.3078145,0.10006213,0.0
2807,0.12527345,0.15590844,0.12290781,0.22655053,0.08990941,0.2794503,0.0
2808,0.2931177,0.10915488,0.21676213,0.10406218,0.08463586,0.19226724,0.0
2809,0.2920287,0.04419491,0.26880705,0.05273281,0.23923025,0.10300633,0.0
2810,0.34799674,0.06913676,0.07962897,0.3066998,0.08810296,0.10843477,0.0
2811,0.13217312,0.22147503,0.15446694,0.07086748,0.20637594,0.21464138,0.0
2812,0.09213611,0.20889035,0.06817128,0.3256474,0.09702256,0.20813233,0.0
2813,0.24120176,0.11355294,0.3672702,0.13751653,0.05992728,0.08053137,0.0
2814,0.08311471,0.08291948,0.19384982,0.39773694,0.06480639,0.17757262,0.0
2815,0.13828285,0.16562496,0.0988555,0.307135,0.17828272,0.11181898,0.0
2816,0.07586521,0.28071165,0.15580666,0.22177784,0.17109893,0.09473971,0.0
2817,0.24974135,0.0671626,0.07524692,0.18988049,0.3517586,0.06621002,0.0
2818,0.14069563,0.11781903,0.4334995,0.08690903,0.07909233,0.14198448,0.0
2819,0.17536736,0.22914778,0.10110534,0.10143553,0.30087915,0.09206481,0.0
2820,0.12360356,0.19918072,0.24066626,0.21856871,0.07108657,0.1468942,0.0
2821,0.3040922,0.08071078,0.13590708,0.23683749,0.08028746,0.16216509,0.0
2822,0.22427167,0.1572718,0.14287648,0.12746951,0.2137287,0.13438182,0.0
2823,0.06626692,0.23134774,0.14624059,0.20135504,0.15710938,0.19768034,0.0
2824,0.32496274,0.15756072,0.11732859,0.21170555,0.12412836,0.06431405,0.0
2825,0.05565895,0.28709176,0.04991893,0.34098044,0.14265452,0.1236954,0.0
2826,0.12431706,0.1501876,0.20965897,0.24001943,0.14900695,0.12681006,0.0
2827,0.26009348,0.2642559,0.2517275,0.06705758,0.08993524,0.06693036,0.0
2828,0.11103424,0.25777262,0.22882062,0.19975202,0.1273603,0.07526025,0.0
2829,0.26849192,0.07003479,0.20082577,0.16990899,0.14519982,0.14553867,0.0
2830,0.05272922,0.08199668,0.05762215,0.30534428,0.30372912,0.19857857,0.0
2831,0.275305,0.06693445,0.09630183,0.3342247,0.12373088,0.10350316,0.0
2832,0.25971836,0.0744835,0.11694063,0.16982955,0.19110216,0.1879258,0.0
2833,0.22779228,0.13375516,0.30858278,0.0841037,0.13310555,0.11266053,0.0
2834,0.32897827,0.08930452,0.0872532,0.126068,0.2413829,0.12701313,0.0
2835,0.1525962,0.13825263,0.07386898,0.3643218,0.20555644,0.06540397,0.0
2836,0.10048236,0.0677418,0.08231329,0.35917535,0.06359228,0.32669482,0.0
2837,0.23347065,0.336801,0.1603185,0.07336144,0.05679881,0.13924961,0.0
2838,0.20291263,0.15480998,0.24473748,0.15850641,0.17691633,0.06211726,0.0
2839,0.22790074,0.11621135,0.29670823,0.09233526,0.10400969,0.16283469,0.0
2840,0.05275669,0.1424374,0.12591684,0.2478672,0.08567805,0.3453438,0.0
2841,0.11350494,0.1483774,0.09593146,0.07776681,0.33208233,0.23233703,0.0
2842,0.09803198,0.1345695,0.1808718,0.24345133,0.23768906,0.1053864,0.0
2843,0.23367223,0.05577153,0.2385572,0.27786633,0.14348157,0.05065109,0.0
2844,0.2178931,0.2700554,0.29697695,0.0976623,0.06017354,0.05723868,0.0
2845,0.10340212,0.17999208,0.10454652,0.14020966,0.17361721,0.29823244,0.0
2846,0.12414988,0.19545078,0.17308447,0.07706819,0.31767258,0.11257416,0.0
2847,0.16484083,0.10340776,0.05619117,0.07709111,0.22669989,0.37176925,0.0
2848,0.04983645,0.18643583,0.1865714,0.19287981,0.22875631,0.15552022,0.0
2849,0.1059137,0.10768103,0.42486686,0.09233017,0.0647445,0.20446366,0.0
2850,0.14896117,0.0661132,0.16314237,0.14939769,0.2666235,0.20576207,0.0
2851,0.07742453,0.19233924,0.07804073,0.07629329,0.12487824,0.451024,0.0
2852,0.09278128,0.27400285,0.13726334,0.10015991,0.1003256,0.29546702,0.0
2853,0.2844174,0.14030771,0.18891992,0.12070347,0.13722955,0.12842205,0.0
2854,0.08647124,0.10677424,0.14628449,0.16340278,0.23553538,0.26153183,0.0
2855,0.13771829,0.12094618,0.0786055,0.05941761,0.39198557,0.21132687,0.0
2856,0.19730474,0.3575529,0.07651241,0.06733809,0.21901658,0.08227538,0.0
2857,0.28654492,0.13903171,0.2105569,0.19397666,0.0689747,0.10091519,0.0
2858,0.19667807,0.27399778,0.07639197,0.2833888,0.10940099,0.06014236,0.0
2859,0.0603823,0.15386373,0.38093567,0.11306125,0.18434681,0.1074103,0.0
2860,0.09695248,0.27991414,0.1282239,0.09341436,0.09900128,0.30249387,0.0
2861,0.33137864,0.17255573,0.06838144,0.21929395,0.12680474,0.08158556,0.0
2862,0.08995217,0.06725933,0.4045078,0.1775565,0.13267387,0.12805033,0.0
2863,0.13752227,0.12863734,0.19005336,0.06714945,0.21830474,0.25833282,0.0
2864,0.08962137,0.0891959,0.36329642,0.1516254,0.25254095,0.05371996,0.0
2865,0.26738694,0.06617281,0.09530871,0.11339986,0.20794874,0.24978289,0.0
2866,0.07769218,0.20791364,0.32811183,0.07513954,0.14016955,0.17097332,0.0
2867,0.11956723,0.3883167,0.06745356,0.15770838,0.13689762,0.13005657,0.0
2868,0.0755755,0.27274266,0.19412716,0.19676724,0.1603836,0.10040385,0.0
2869,0.08835943,0.07360751,0.19803475,0.16634803,0.2681006,0.2055498,0.0
2870,0.12492587,0.2665637,0.09699219,0.19566807,0.05091689,0.26493323,0.0
2871,0.24968354,0.13628271,0.06645747,0.18287282,0.0683656,0.29633778,0.0
2872,0.307903,0.1452521,0.08841711,0.16815756,0.11382141,0.17644888,0.0
2873,0.14903389,0.14629464,0.16308121,0.23353282,0.20549726,0.10256016,0.0
2874,0.21844855,0.11265978,0.2692488,0.10286774,0.16068287,0.13609226,0.0
2875,0.10490001,0.11712983,0.30874825,0.10507806,0.29233006,0.0718138,0.0
2876,0.32415864,0.16894028,0.06125193,0.06399179,0.11618926,0.26546815,0.0
2877,0.13068828,0.26778266,0.10981604,0.15144116,0.09769443,0.24257739,0.0
2878,0.13081656,0.2872146,0.06336795,0.17073706,0.23969328,0.10817055,0.0
2879,0.08501235,0.13369778,0.14219068,0.10966405,0.37580264,0.15363245,0.0
2880,0.15797034,0.05265037,0.25187126,0.14233814,0.30381274,0.09135717,0.0
2881,0.13500372,0.05234719,0.25033164,0.2358635,0.12430301,0.20215096,0.0
2882,0.23117833,0.0486083,0.18160763,0.24188685,0.04624183,0.25047702,0.0
2883,0.2641241,0.2680613,0.17301388,0.04807061,0.08788443,0.15884568,0.0
2884,0.08307517,0.22736797,0.09184925,0.27450484,0.2481158,0.075087,0.0
2885,0.07555895,0.10134561,0.4673807,0.16794676,0.10328694,0.08448106,0.0
2886,0.1619835,0.10691776,0.10113249,0.17338878,0.24021685,0.21636058,0.0
2887,0.0981636,0.11323698,0.21266079,0.27357242,0.17356801,0.12879828,0.0
2888,0.24101697,0.21227723,0.15387797,0.2316513,0.08687088,0.07430554,0.0
2889,0.10007564,0.13754456,0.14189482,0.06899191,0.19888575,0.35260737,0.0
2890,0.17475359,0.10425839,0.11725815,0.34802788,0.09238861,0.16331333,0.0
2891,0.21372813,0.10844229,0.14047864,0.07432062,0.34524918,0.11778111,0.0
2892,0.17604995,0.12313931,0.17404543,0.24517326,0.11351989,0.1680721,0.0
2893,0.08961853,0.2634869,0.06582487,0.07407742,0.34638998,0.16060235,0.0
2894,0.06123716,0.11961836,0.08500328,0.19282357,0.26023543,0.28108212,0.0
2895,0.08606956,0.20678973,0.25024998,0.2680528,0.08958763,0.09925029,0.0
2896,0.2123589,0.09489701,0.08633644,0.17132497,0.2878825,0.14720015,0.0
2897,0.31694847,0.25058204,0.05237694,0.17134282,0.09469285,0.1140568,0.0
2898,0.29644826,0.08217546,0.22133574,0.07646681,0.1844561,0.13911769,0.0
2899,0.06691454,0.10868112,0.21852423,0.31532058,0.19790237,0.09265728,0.0
2900,0.11011692,0.18455754,0.2945215,0.24314582,0.07512815,0.09253009,0.0
2901,0.18871543,0.07250995,0.08479731,0.14738306,0.4237037,0.08289051,0.0
2902,0.12505223,0.24502866,0.07261574,0.08274885,0.0583944,0.41616008,0.0
2903,0.10743186,0.08290343,0.39556777,0.08533407,0.26945043,0.05931239,0.0
2904,0.08030719,0.19894323,0.07901603,0.16606507,0.17931944,0.29634905,0.0
2905,0.09756381,0.07035566,0.22240165,0.09933139,0.09160831,0.41873923,0.0
2906,0.09053071,0.08515111,0.12624662,0.34237945,0.08008899,0.2756031,0.0
2907,0.20659287,0.05305968,0.13248496,0.35148254,0.1350406,0.1213394,0.0
2908,0.14063203,0.20109127,0.32388565,0.21333647,0.06834138,0.05271319,0.0
2909,0.21308409,0.24906678,0.18752986,0.06636155,0.19426571,0.08969203,0.0
2910,0.10578328,0.09473876,0.06892704,0.31383964,0.08742402,0.32928723,0.0
2911,0.22601625,0.07286463,0.19660461,0.07075574,0.32052234,0.11323643,0.0
2912,0.20549935,0.09699995,0.08777873,0.3172962,0.08814193,0.20428376,0.0
2913,0.13978761,0.19223262,0.22342643,0.10468771,0.16568229,0.17418338,0.0
2914,0.20750698,0.15069222,0.12794389,0.12555179,0.05890349,0.32940167,0.0
2915,0.17622876,0.1326588,0.08161443,0.30417705,0.1379968,0.1673241,0.0
2916,0.06844475,0.08256634,0.37673482,0.2228626,0.0919148,0.15747665,0.0
2917,0.08058279,0.16829045,0.08857371,0.09434396,0.38709828,0.18111075,0.0
2918,0.16515183,0.1131288,0.2616939,0.08607418,0.13682632,0.23712498,0.0
2919,0.06582217,0.27510205,0.15482457,0.33475053,0.05831893,0.1111818,0.0
2920,0.14023739,0.14508945,0.28043598,0.27873042,0.05694232,0.09856445,0.0
2921,0.32822028,0.16928656,0.14366136,0.14659949,0.07810644,0.13412587,0.0
2922,0.22324768,0.28915554,0.17141056,0.05503497,0.0960834,0.1650679,0.0
2923,0.3215957,0.05226183,0.21097988,0.28836244,0.05685641,0.06994377,0.0
2924,0.07998988,0.05752024,0.08954536,0.35834074,0.20384268,0.21076103,0.0
2925,0.07309829,0.13549401,0.14690508,0.23634462,0.22139093,0.18676697,0.0
2926,0.19936082,0.10376211,0.3264204,0.1147351,0.14636126,0.10936034,0.0
2927,0.16955766,0.08395707,0.17306893,0.10959113,0.23068321,0.233142,0.0
2928,0.3641986,0.05859406,0.20588452,0.07656788,0.19224142,0.10251358,0.0
2929,0.2372073,0.11852087,0.18869284,0.1857459,0.10205518,0.1677779,0.0
2930,0.24761663,0.13119204,0.23914105,0.21253349,0.09033361,0.07918314,0.0
2931,0.09285914,0.21644479,0.12891704,0.20086603,0.2559871,0.10492593,0.0
2932,0.1491734,0.08458365,0.3086368,0.13606814,0.08233614,0.23920184,0.0
2933,0.16127452,0.19564514,0.16783245,0.12698743,0.11113829,0.23712224,0.0
2934,0.07328948,0.27914265,0.04226651,0.24646918,0.26422423,0.09460791,0.0
2935,0.1040729,0.1578318,0.15589899,0.08084464,0.31169826,0.18965334,0.0
2936,0.23924981,0.06848384,0.3067815,0.1214173,0.08487003,0.17919753,0.0
2937,0.09708302,0.20565934,0.23430327,0.07504526,0.23289415,0.15501496,0.0
2938,0.2610538,0.11298285,0.19762419,0.07202908,0.14452767,0.21178237,0.0
2939,0.3513832,0.06498376,0.102654,0.29843476,0.08649277,0.09605149,0.0
2940,0.42223424,0.07292392,0.18006745,0.08998656,0.1589207,0.07586707,0.0
2941,0.21731812,0.1305569,0.11171445,0.05208617,0.33716363,0.15116075,0.0
2942,0.12838343,0.21531032,0.16621777,0.09792722,0.08116473,0.31099653,0.0
2943,0.23175389,0.257875,0.07699618,0.09434292,0.14479357,0.19423845,0.0
2944,0.07444158,0.29053587,0.14522868,0.17375356,0.20064582,0.11539444,0.0
2945,0.3160065,0.06998794,0.08646588,0.2141945,0.24855867,0.06478641,0.0
2946,0.0644224,0.05275662,0.29877126,0.2677689,0.0844904,0.23179038,0.0
2947,0.28411183,0.27968094,0.08990106,0.05035755,0.10180395,0.19414464,0.0
2948,0.07122234,0.08001466,0.36222115,0.30910236,0.0670041,0.1104354,0.0
2949,0.05324346,0.23269224,0.16751112,0.31765082,0.1390315,0.08987091,0.0
2950,0.07967157,0.20316392,0.09612884,0.08027155,0.25906426,0.28169996,0.0
2951,0.17546873,0.16592295,0.15602812,0.10237549,0.3134053,0.08679935,0.0
2952,0.37865552,0.06126178,0.2567482,0.14276028,0.08999668,0.07057758,0.0
2953,0.37254292,0.17420295,0.18893,0.08495785,0.07611121,0.10325507,0.0
2954,0.21417533,0.1552011,0.15357718,0.19423799,0.05454149,0.22826688,0.0
2955,0.16070153,0.24827206,0.12705943,0.28420386,0.09997322,0.07978991,0.0
2956,0.07740259,0.09739213,0.10598824,0.3680575,0.28071445,0.07044512,0.0
2957,0.06974667,0.23366237,0.20044188,0.1322176,0.22907235,0.13485911,0.0
2958,0.12786911,0.20605408,0.18646976,0.09409026,0.28177994,0.1037368,0.0
2959,0.0912446,0.12496661,0.15285563,0.2607129,0.20701402,0.16320623,0.0
2960,0.10302489,0.17073576,0.29573482,0.19788577,0.13757789,0.09504092,0.0
2961,0.27395606,0.09420416,0.13316388,0.23458506,0.19984572,0.0642451,0.0
2962,0.1985269,0.08390026,0.11897472,0.07463203,0.18510036,0.33886576,0.0
2963,0.06802134,0.39881948,0.12393373,0.08820687,0.14081047,0.18020803,0.0
2964,0.05440704,0.07655819,0.21559292,0.2611721,0.21760252,0.17466718,0.0
2965,0.17736495,0.0873732,0.07391515,0.18137069,0.39911538,0.08086063,0.0
2966,0.06643493,0.1207798,0.38203776,0.11058606,0.2253723,0.09478912,0.0
2967,0.12157751,0.15369008,0.11760021,0.21897584,0.18785402,0.20030233,0.0
2968,0.1109686,0.30999678,0.05426776,0.08681109,0.19690631,0.24104947,0.0
2969,0.14740005,0.10566525,0.12096045,0.12826286,0.26740488,0.23030655,0.0
2970,0.04826924,0.18691383,0.11267632,0.19011843,0.26051697,0.20150511,0.0
2971,0.15994301,0.15088806,0.17548415,0.30761653,0.13484567,0.07122257,0.0
2972,0.0911836,0.12716283,0.14012913,0.10720446,0.09662101,0.437699,0.0
2973,0.1508281,0.13003825,0.19798383,0.18061315,0.09325463,0.24728204,0.0
2974,0.0463496,0.09744617,0.06346478,0.31559193,0.17520636,0.30194113,0.0
2975,0.25939125,0.10167321,0.04680204,0.16609572,0.14064912,0.28538877,0.0
2976,0.34156373,0.05765811,0.09769759,0.19923215,0.20510933,0.09873914,0.0
2977,0.10584439,0.14578988,0.31778404,0.20359622,0.14150725,0.08547823,0.0
2978,0.20762005,0.13534765,0.24317421,0.2874113,0.072081,0.05436576,0.0
2979,0.32618955,0.08767597,0.09297688,0.29709595,0.06697492,0.12908676,0.0
2980,0.13464627,0.23728482,0.12401232,0.15048009,0.22127913,0.1322973,0.0
2981,0.15902303,0.21711557,0.08111116,0.10791617,0.31402382,0.1208102,0.0
2982,0.09726768,0.30283102,0.26705527,0.11983886,0.05033895,0.16266824,0.0
2983,0.19352607,0.06974379,0.08372217,0.18636407,0.23859742,0.22804645,0.0
2984,0.05599925,0.09998634,0.10859264,0.0777712,0.37751675,0.28013384,0.0
2985,0.31879297,0.04911363,0.25717077,0.2807868,0.04698366,0.04715219,0.0
2986,0.3111152,0.10781891,0.08119682,0.30680105,0.1334364,0.05963163,0.0
2987,0.12537952,0.15871182,0.10556807,0.10722929,0.31224626,0.19086497,0.0
2988,0.06717079,0.1303616,0.06182997,0.15604673,0.18600586,0.398585,0.0
2989,0.09859702,0.2351911,0.11777429,0.18967623,0.2089254,0.14983596,0.0
2990,0.21948133,0.09495608,0.13401116,0.12933299,0.32049665,0.10172182,0.0
2991,0.16758366,0.20210361,0.14014845,0.23923062,0.1777584,0.0731753,0.0
2992,0.30187955,0.14729704,0.22224271,0.10829428,0.11212648,0.10815997,0.0
2993,0.19556618,0.08915331,0.10224477,0.20309061,0.11184693,0.29809815,0.0
2994,0.06145507,0.16477467,0.11128204,0.21582636,0.08522838,0.36143342,0.0
2995,0.1838018,0.05167685,0.292432,0.0841972,0.29653522,0.09135695,0.0
2996,0.09155259,0.10032298,0.31288904,0.10477385,0.12325829,0.26720333,0.0
2997,0.10092873,0.174066,0.07673234,0.29565573,0.22548749,0.1271297,0.0
2998,0.32783413,0.17724861,0.2909296,0.07239888,0.07421011,0.05737859,0.0
2999,0.27081847,0.07754372,0.24842013,0.06676271,0.24198064,0.0944744,0.0
3000,0.17670327,0.3242838,0.06034966,0.18033881,0.10272092,0.15560351,0.0
3001,0.16006947,0.164712,0.17027679,0.16909154,0.1663616,0.16948853,0.0
3002,0.16021742,0.16399428,0.16977362,0.17059104,0.16696638,0.1684572,0.0
3003,0.16022113,0.1640294,0.1697898,0.17057668,0.16698179,0.16840126,0.0
3004,0.16022481,0.16400348,0.16977313,0.17059103,0.1669642,0.16844337,0.0
3005,0.1602052,0.16417444,0.1699021,0.1704804,0.167094,0.1681439,0.0
3006,0.16018222,0.16409935,0.16987337,0.17047052,0.1670569,0.16831766,0.0
3007,0.1602689,0.16391471,0.16965653,0.17076136,0.16688374,0.16851477,0.0
3008,0.16005404,0.16431579,0.17014363,0.17013542,0.16727333,0.16807781,0.0
3009,0.16021629,0.16413938,0.16987212,0.17051943,0.16707502,0.1681777,0.0
3010,0.16011712,0.16423091,0.17002296,0.17028774,0.1671943,0.16814692,0.0
3011,0.16019137,0.16419849,0.16993985,0.17043982,0.16712786,0.1681026,0.0
3012,0.16013338,0.16420828,0.16999398,0.17032596,0.16717191,0.16816655,0.0
3013,0.16039056,0.16342361,0.16915682,0.1716035,0.1663286,0.16909686,0.0
3014,0.16020763,0.16407797,0.16982317,0.17053163,0.16700211,0.16835748,0.0
3015,0.16014461,0.1642628,0.17003758,0.17030592,0.16720605,0.16804305,0.0
3016,0.1601372,0.16409387,0.16990513,0.17041273,0.16707847,0.16837263,0.0
3017,0.16011852,0.16413061,0.16994564,0.17036662,0.16711235,0.16832626,0.0
3018,0.16035356,0.1636424,0.16939637,0.17116998,0.16663836,0.1687993,0.0
3019,0.16027108,0.16403131,0.16973136,0.17067619,0.1669489,0.16834114,0.0
3020,0.16012715,0.16415083,0.16995087,0.17036249,0.16712001,0.16828865,0.0
3021,0.16035248,0.1634751,0.1692388,0.17140293,0.16646864,0.16906205,0.0
3022,0.16028194,0.16391023,0.16963021,0.17079052,0.16685325,0.16853388,0.0
3023,0.16015667,0.16425222,0.17001233,0.17033905,0.16718252,0.16805722,0.0
3024,0.16025518,0.1640569,0.1697743,0.17062949,0.16699569,0.16828851,0.0
3025,0.15977928,0.16458774,0.17415884,0.1715496,0.16100965,0.16891487,0.0
3026,0.16008894,0.16385008,0.17337632,0.17274156,0.16035472,0.16958839,0.0
3027,0.1597265,0.16470024,0.17436382,0.17138751,0.16102602,0.16879588,0.0
3028,0.15999645,0.16413979,0.17363039,0.17229478,0.16065957,0.16927898,0.0
3029,0.15975758,0.16469577,0.17432317,0.17146727,0.16100736,0.16874877,0.0
3030,0.15971749,0.16466585,0.17436886,0.17137182,0.1610387,0.16883725,0.0
3031,0.1597548,0.16467027,0.17431599,0.17146872,0.16101398,0.1687763,0.0
3032,0.15965882,0.16475205,0.1745133,0.17121291,0.16109969,0.1687632,0.0
3033,0.15971248,0.16474184,0.17443493,0.17135534,0.16105919,0.16869617,0.0
3034,0.15976898,0.16461697,0.17426097,0.17151012,0.1609923,0.16885073,0.0
3035,0.15987499,0.16437064,0.17393236,0.17184491,0.16086102,0.16911611,0.0
3036,0.15993313,0.16424987,0.17375033,0.17206581,0.16078725,0.16921358,0.0
3037,0.15974161,0.16466054,0.1743203,0.17143339,0.1610137,0.16883051,0.0
3038,0.15979059,0.16448209,0.17414498,0.17156483,0.16094762,0.16906993,0.0
3039,0.159825,0.16459519,0.17417705,0.17165083,0.16094486,0.16880703,0.0
3040,0.15972157,0.16480868,0.17450911,0.17134942,0.16105555,0.16855569,0.0
3041,0.15983433,0.1645254,0.17411293,0.17168401,0.16092704,0.16891626,0.0
3042,0.15972428,0.16481486,0.17451407,0.1713535,0.16105378,0.1685395,0.0
3043,0.16001149,0.16394515,0.17345594,0.17243558,0.16060786,0.16954397,0.0
3044,0.15963122,0.16487178,0.17461595,0.17112713,0.16113839,0.16861558,0.0
3045,0.1600547,0.16403724,0.17353857,0.17253481,0.16048534,0.16934933,0.0
3046,0.1600549,0.16397537,0.17345376,0.1725413,0.16050097,0.16947363,0.0
3047,0.15975848,0.16475376,0.17439283,0.17145038,0.1610105,0.16863401,0.0
3048,0.15994592,0.1641528,0.17365636,0.17216739,0.16075052,0.16932699,0.0
3049,0.1597969,0.16465598,0.17425069,0.17156965,0.16097067,0.1687561,0.0
3050,0.1598501,0.164523,0.17408954,0.17172235,0.16091411,0.16890082,0.0
3051,0.15979064,0.16454245,0.17417382,0.17157383,0.16095476,0.16896452,0.0
3052,0.15976968,0.16463201,0.1742654,0.17151038,0.16099231,0.16883025,0.0
3053,0.15977336,0.16453099,0.17419621,0.1715278,0.16096763,0.169004,0.0
3054,0.16006672,0.16364454,0.17324218,0.1728531,0.16030526,0.16988827,0.0
3055,0.15980753,0.16452453,0.17412934,0.17160377,0.16092947,0.1690053,0.0
3056,0.15985243,0.16445975,0.1740374,0.17173588,0.16089582,0.1690187,0.0
3057,0.15899235,0.16492833,0.178814,0.17192322,0.1549678,0.17037423,0.0
3058,0.15890118,0.16511837,0.17914069,0.17175741,0.1549677,0.17011468,0.0
3059,0.16029716,0.16503118,0.17561024,0.17208911,0.15027036,0.176702,0.0
3060,0.15884629,0.16530645,0.17924914,0.17168681,0.15493307,0.16997817,0.0
3061,0.15888266,0.16509251,0.17912264,0.17170243,0.15500247,0.17019725,0.0
3062,0.1589848,0.16489838,0.17883377,0.1719662,0.15492271,0.17039415,0.0
3063,0.15885642,0.16517015,0.1791859,0.17166719,0.15500629,0.17011403,0.0
3064,0.15874769,0.1653456,0.17941363,0.17138977,0.15507364,0.17002966,0.0
3065,0.15892963,0.16503556,0.17905855,0.17183366,0.1549519,0.17019065,0.0
3066,0.15877794,0.16533561,0.17940213,0.17149833,0.15503405,0.16995196,0.0
3067,0.15893409,0.16505055,0.17908293,0.17183754,0.15494195,0.170153,0.0
3068,0.15890284,0.16512975,0.17916739,0.17175946,0.15496027,0.17008035,0.0
3069,0.15891095,0.1650473,0.17905512,0.1717836,0.15497643,0.17022668,0.0
3070,0.1590021,0.16496196,0.17894703,0.17199132,0.15487872,0.17021887,0.0
3071,0.15879458,0.16532746,0.17940341,0.17154664,0.15501207,0.16991583,0.0
3072,0.15878119,0.16531752,0.17939052,0.17150305,0.15503694,0.16997081,0.0
3073,0.15879685,0.16529027,0.17935768,0.17154196,0.15502898,0.1699843,0.0
3074,0.15952164,0.1637795,0.17766185,0.1734779,0.15417871,0.17138037,0.0
3075,0.15886347,0.16516127,0.17915542,0.17159757,0.15501656,0.17020573,0.0
3076,0.1591342,0.16462924,0.1785457,0.17248437,0.15468861,0.17051789,0.0
3077,0.15895507,0.16506833,0.17908221,0.17187506,0.15491176,0.1701076,0.0
3078,0.15888096,0.16510269,0.17912786,0.17169507,0.15500268,0.17019069,0.0
3079,0.15887462,0.16518313,0.1792396,0.17170994,0.15497085,0.17002185,0.0
3080,0.15889098,0.16506422,0.1790912,0.17170957,0.15500475,0.17023931,0.0
3081,0.15908957,0.16464385,0.17853674,0.17240027,0.15474613,0.17058343,0.0
3082,0.15887745,0.1651357,0.17913678,0.17170566,0.154994,0.17015038,0.0
3083,0.15891224,0.16508403,0.17910896,0.17178568,0.15496215,0.1701469,0.0
3084,0.15911019,0.16462038,0.1785163,0.17245069,0.15472168,0.17058074,0.0
3085,0.15893696,0.16506651,0.17906617,0.17183919,0.15493701,0.17015418,0.0
3086,0.15900832,0.1649411,0.17891271,0.17200468,0.1548765,0.17025666,0.0
3087,0.15891135,0.1651216,0.17915334,0.17177533,0.15495294,0.17008543,0.0
3088,0.1588042,0.16525458,0.17929925,0.171534,0.15503795,0.17007,0.0
3089,0.15707934,0.16588476,0.18386221,0.17106047,0.14943649,0.17267668,0.0
3090,0.1569114,0.16616444,0.18419993,0.17089579,0.14937013,0.17245826,0.0
3091,0.15711252,0.16574244,0.18375246,0.17125167,0.14940739,0.17273346,0.0
3092,0.15704592,0.16583326,0.1838697,0.1710899,0.14945252,0.17270872,0.0
3093,0.1568798,0.16616128,0.18420534,0.17082034,0.1494265,0.17250678,0.0
3094,0.15721054,0.16560031,0.18355402,0.17148806,0.14935836,0.17278877,0.0
3095,0.15701793,0.16596784,0.18398042,0.17104213,0.14939739,0.17259428,0.0
3096,0.15697555,0.16605534,0.18407227,0.17097822,0.14938661,0.17253205,0.0
3097,0.15696742,0.1660305,0.18406324,0.17094815,0.149419,0.17257167,0.0
3098,0.15686779,0.16615556,0.18421309,0.1707944,0.14944473,0.17252444,0.0
3099,0.15726815,0.16541187,0.18333995,0.17171618,0.14933708,0.17292683,0.0
3100,0.15739384,0.16516167,0.18299472,0.1721183,0.14923532,0.17309612,0.0
3101,0.15719064,0.16570221,0.18362321,0.17141964,0.14934063,0.17272367,0.0
3102,0.15692249,0.16615386,0.18417619,0.1709039,0.14937331,0.17247033,0.0
3103,0.1568912,0.16620265,0.18425669,0.17087966,0.14934751,0.17242226,0.0
3104,0.15698554,0.1659894,0.18403052,0.1709797,0.14942041,0.17259443,0.0
3105,0.15705836,0.16591321,0.18392782,0.17113905,0.14936423,0.17259735,0.0
3106,0.15693931,0.1660581,0.18409458,0.17088991,0.1494424,0.1725757,0.0
3107,0.15698063,0.16596968,0.1840162,0.17096537,0.14944527,0.17262284,0.0
3108,0.1573697,0.16522206,0.18308899,0.17205513,0.14922951,0.1730346,0.0
3109,0.15715918,0.16578911,0.18371959,0.17136113,0.14931728,0.17265369,0.0
3110,0.15694718,0.16614228,0.1841605,0.17095606,0.14934336,0.17245059,0.0
3111,0.1570172,0.16592364,0.18396732,0.17103519,0.149424,0.17263275,0.0
3112,0.15705498,0.16596016,0.1839681,0.17113799,0.14933236,0.1725464,0.0
3113,0.15707085,0.1659761,0.18398367,0.17118368,0.14928399,0.1725017,0.0
3114,0.15711793,0.16576377,0.183759,0.17126098,0.14938784,0.17271046,0.0
3115,0.15684395,0.1662354,0.18427868,0.17078014,0.14940219,0.17245969,0.0
3116,0.15703738,0.16584162,0.1838958,0.171077,0.14945053,0.1726977,0.0
3117,0.15703131,0.16587476,0.18391638,0.17106184,0.14944223,0.17267343,0.0
3118,0.15700853,0.16595997,0.1839893,0.17102648,0.14941129,0.17260446,0.0
3119,0.15706377,0.1659151,0.18392405,0.17115237,0.14935447,0.17259029,0.0
3120,0.15689988,0.16617937,0.18422015,0.17087638,0.14937088,0.17245331,0.0
3121,0.15434772,0.1671694,0.18832316,0.1698941,0.14441635,0.1758493,0.0
3122,0.15444344,0.1669338,0.18808411,0.1701547,0.14446896,0.17591497,0.0
3123,0.15510833,0.16624267,0.18689315,0.17136756,0.14413811,0.17625019,0.0
3124,0.15433435,0.16731964,0.18847245,0.17004016,0.14419693,0.17563646,0.0
3125,0.15429048,0.16727297,0.1884968,0.16994126,0.14429066,0.1757078,0.0
3126,0.15451084,0.16681363,0.18792757,0.17028826,0.14449656,0.17596315,0.0
3127,0.15491891,0.16645686,0.18719123,0.17115608,0.14418712,0.17608978,0.0
3128,0.15446241,0.1670603,0.18813644,0.17025688,0.14430161,0.17578238,0.0
3129,0.15419137,0.1673925,0.18867384,0.16973475,0.14431846,0.17568904,0.0
3130,0.15457784,0.16680154,0.18784538,0.17049325,0.14437532,0.17590663,0.0
3131,0.15436406,0.16709553,0.18826737,0.17002967,0.14440912,0.17583425,0.0
3132,0.15448534,0.1669065,0.18802269,0.17025164,0.1444328,0.175901,0.0
3133,0.15449546,0.16698246,0.18806206,0.1703354,0.14431435,0.17581022,0.0
3134,0.15432714,0.1671473,0.18834415,0.16997011,0.14439769,0.17581367,0.0
3135,0.15439318,0.16708745,0.18824466,0.1701288,0.14434734,0.17579864,0.0
3136,0.15449594,0.16694237,0.18803756,0.1703083,0.14436464,0.17585127,0.0
3137,0.15428312,0.16724318,0.18846403,0.16990373,0.14435126,0.1757546,0.0
3138,0.15427321,0.16731016,0.18854359,0.1699219,0.1442699,0.17568125,0.0
3139,0.15446088,0.1669014,0.18804824,0.17017834,0.14448,0.17593113,0.0
3140,0.15424897,0.16734734,0.18858546,0.16986965,0.1442755,0.17567314,0.0
3141,0.15426256,0.16724141,0.18849254,0.16986181,0.1443731,0.17576855,0.0
3142,0.15439966,0.16709891,0.1882535,0.1701543,0.14431767,0.17577599,0.0
3143,0.15445943,0.16694576,0.18807581,0.17020111,0.14442928,0.17588857,0.0
3144,0.15432216,0.167216,0.18840985,0.16999699,0.14431557,0.17573944,0.0
3145,0.15426125,0.16733067,0.1885701,0.16989669,0.14426737,0.17567387,0.0
3146,0.154408,0.16708766,0.18823875,0.1701673,0.14431776,0.17578046,0.0
3147,0.15457773,0.16682978,0.18786675,0.17047645,0.14436164,0.17588763,0.0
3148,0.15422565,0.16739087,0.18863869,0.16981788,0.14426926,0.17565756,0.0
3149,0.15432706,0.16712187,0.1883362,0.16997296,0.14441234,0.17582962,0.0
3150,0.1544419,0.16696377,0.18810636,0.17017472,0.14443022,0.17588313,0.0
3151,0.1546683,0.1666568,0.18758366,0.17075583,0.14435758,0.17597786,0.0
3152,0.15448949,0.16695224,0.18803968,0.1702696,0.1443873,0.17586167,0.0
3153,0.15121876,0.16872439,0.19265711,0.16846542,0.13946424,0.17947012,0.0
3154,0.15165368,0.16828993,0.19183958,0.16916199,0.13956788,0.17948702,0.0
3155,0.15139538,0.16842082,0.19223127,0.16878116,0.13963975,0.17953166,0.0
3156,0.15111797,0.16878384,0.19281639,0.16844937,0.13941467,0.17941791,0.0
3157,0.152327,0.16755001,0.19084623,0.16980208,0.13964468,0.17983004,0.0
3158,0.15118222,0.16874337,0.19268514,0.16853154,0.13943014,0.17942762,0.0
3159,0.15195169,0.16792418,0.19135596,0.16948351,0.13970953,0.17957518,0.0
3160,0.15120435,0.16871753,0.192638,0.16858917,0.13942453,0.17942642,0.0
3161,0.15119319,0.16868472,0.19264308,0.16857605,0.13945608,0.17944692,0.0
3162,0.15110473,0.16880517,0.1928518,0.16844314,0.13939077,0.17940435,0.0
3163,0.151245,0.16861571,0.19252384,0.16866079,0.13948801,0.17946671,0.0
3164,0.15126377,0.16865589,0.19250886,0.1687451,0.13940701,0.17941943,0.0
3165,0.15122283,0.16870424,0.19260374,0.16867104,0.13938972,0.17940843,0.0
3166,0.15106605,0.16886643,0.19294873,0.16838561,0.13935181,0.17938137,0.0
3167,0.15113002,0.16875674,0.1927864,0.16847654,0.1394242,0.17942606,0.0
3168,0.15122713,0.16862987,0.19256009,0.16862322,0.13949163,0.17946807,0.0
3169,0.15122178,0.16862878,0.1925725,0.1685942,0.139508,0.1794747,0.0
3170,0.15159574,0.16814889,0.19182114,0.16903925,0.1398101,0.17958489,0.0
3171,0.15107472,0.16883397,0.19291246,0.16836306,0.1394059,0.17940988,0.0
3172,0.15140945,0.1683953,0.1921863,0.1688513,0.13962764,0.17953007,0.0
3173,0.15120712,0.16870548,0.19262715,0.16862339,0.13941543,0.17942141,0.0
3174,0.15156808,0.16834825,0.19197157,0.16905862,0.13956232,0.1794911,0.0
3175,0.15112771,0.16879565,0.19280809,0.16847172,0.13939145,0.17940538,0.0
3176,0.15114562,0.16875592,0.19275932,0.16851538,0.13940737,0.1794164,0.0
3177,0.15128382,0.16870531,0.19251838,0.1688032,0.1393174,0.1793719,0.0
3178,0.15087916,0.16906002,0.19331777,0.16795956,0.13937014,0.17941326,0.0
3179,0.15210369,0.16764382,0.19105466,0.16961952,0.13988513,0.17969318,0.0
3180,0.15117522,0.16872187,0.19268775,0.16850318,0.13946527,0.17944674,0.0
3181,0.15115665,0.16873786,0.19273046,0.16852781,0.13942206,0.1794251,0.0
3182,0.15130253,0.16856384,0.19240864,0.16875887,0.13949674,0.1794694,0.0
3183,0.1511625,0.16875227,0.19272764,0.16854686,0.13939941,0.17941128,0.0
3184,0.15137915,0.16844963,0.1922523,0.16882585,0.1395838,0.17950925,0.0
3185,0.14809997,0.17018141,0.19669339,0.16667062,0.13491881,0.18343584,0.0
3186,0.14797775,0.1702207,0.19682781,0.16667676,0.1348747,0.18342227,0.0
3187,0.14794868,0.17014459,0.19681515,0.16654435,0.13505167,0.18349552,0.0
3188,0.1478965,0.17025632,0.19692779,0.16659114,0.13488461,0.1834437,0.0
3189,0.14780605,0.1703901,0.19711165,0.16653484,0.13474357,0.18341379,0.0
3190,0.14842442,0.1698383,0.19613446,0.16702189,0.13517231,0.18340859,0.0
3191,0.14796789,0.17019188,0.19681245,0.16662973,0.13494784,0.18345016,0.0
3192,0.14835678,0.16983388,0.19620831,0.16692723,0.13523111,0.18344264,0.0
3193,0.14918707,0.1692074,0.19498877,0.1676856,0.1354074,0.18352374,0.0
3194,0.14880079,0.16954494,0.19551842,0.16735624,0.13536084,0.18341875,0.0
3195,0.14804965,0.1701574,0.19670819,0.16670686,0.1349476,0.18343028,0.0
3196,0.14885682,0.16949862,0.19547401,0.16747251,0.13524278,0.18345521,0.0
3197,0.1481291,0.17011574,0.19660373,0.16678815,0.13495073,0.18341257,0.0
3198,0.1479823,0.17021891,0.1968217,0.16667952,0.1348762,0.18342136,0.0
3199,0.14964539,0.16886365,0.19431332,0.16801149,0.1354519,0.18371427,0.0
3200,0.14798859,0.17025699,0.1968199,0.16665573,0.13486513,0.18341362,0.0
3201,0.14810203,0.17008111,0.19661655,0.1667627,0.13499957,0.18343803,0.0
3202,0.14792508,0.17023084,0.19688146,0.16660795,0.13490796,0.18344674,0.0
3203,0.14777502,0.17041837,0.19716725,0.16648246,0.1347355,0.18342142,0.0
3204,0.14806582,0.17011008,0.196671,0.166741,0.1349738,0.18343833,0.0
3205,0.14767249,0.17052087,0.19735754,0.16630258,0.13470411,0.18344246,0.0
3206,0.14790934,0.17024378,0.19691284,0.16661096,0.13488178,0.18344133,0.0
3207,0.147856,0.17033719,0.1970272,0.16657788,0.13478526,0.18341646,0.0
3208,0.14778614,0.17034729,0.19712272,0.16640751,0.13486251,0.18347384,0.0
3209,0.14793153,0.17013611,0.19682539,0.16650091,0.13507989,0.18352626,0.0
3210,0.14922553,0.16916302,0.19492371,0.16772287,0.13542078,0.18354411,0.0
3211,0.1483531,0.16993165,0.19626254,0.16693185,0.13511762,0.18340328,0.0
3212,0.14814024,0.1700486,0.19655672,0.16677889,0.13503581,0.18343984,0.0
3213,0.1481484,0.1700806,0.19656755,0.16682433,0.1349644,0.18341479,0.0
3214,0.14825737,0.16998097,0.19639745,0.16689926,0.13504876,0.18341625,0.0
3215,0.14839967,0.16985337,0.19617437,0.1669782,0.13517982,0.18341464,0.0
3216,0.14781944,0.17031854,0.19706267,0.1664214,0.13489923,0.18347868,0.0
3217,0.14488636,0.1718147,0.20072052,0.1641894,0.13063994,0.18774907,0.0
3218,0.14484408,0.17173812,0.20068228,0.1642389,0.13073777,0.1877588,0.0
3219,0.14468011,0.17191225,0.20096,0.1641368,0.13052276,0.18778814,0.0
3220,0.1449689,0.17165273,0.20050375,0.16435862,0.13077529,0.18774071,0.0
3221,0.1459869,0.17082515,0.19893008,0.16527314,0.13123314,0.18775168,0.0
3222,0.14620511,0.1706912,0.19861181,0.16541496,0.13132925,0.18774769,0.0
3223,0.14450239,0.1721473,0.20129342,0.16397615,0.13027653,0.18780418,0.0
3224,0.14462434,0.17190735,0.20102218,0.16407965,0.13055106,0.18781546,0.0
3225,0.14495099,0.17168821,0.20053798,0.16436446,0.13071081,0.18774763,0.0
3226,0.14483224,0.17179592,0.20072506,0.16425294,0.13064362,0.18775019,0.0
3227,0.14503752,0.17164277,0.2004175,0.1644481,0.13070934,0.18774478,0.0
3228,0.14543566,0.17130038,0.19977438,0.1648121,0.13095932,0.18771814,0.0
3229,0.14492892,0.17171365,0.2005798,0.16430588,0.13074014,0.18773161,0.0
3230,0.14532793,0.1713345,0.19993018,0.16465914,0.131039,0.18770929,0.0
3231,0.1447973,0.17185152,0.2007908,0.16422808,0.1305796,0.18775272,0.0
3232,0.1453569,0.17131555,0.19988492,0.16469969,0.1310329,0.18770999,0.0
3233,0.14557672,0.17114732,0.19952038,0.16491982,0.13115245,0.18768327,0.0
3234,0.14481854,0.17185998,0.2007703,0.16425036,0.13055348,0.18774733,0.0
3235,0.14452326,0.17201765,0.20120148,0.16399373,0.1304337,0.18783021,0.0
3236,0.14472307,0.17184833,0.20087714,0.16417119,0.13059542,0.18778478,0.0
3237,0.14448828,0.1721173,0.20129636,0.16400184,0.13027854,0.18781772,0.0
3238,0.1446439,0.17197703,0.20103915,0.164135,0.13041757,0.1877874,0.0
3239,0.14504683,0.1715871,0.20038547,0.16442595,0.13081712,0.18773745,0.0
3240,0.14483306,0.17180409,0.2007273,0.16425547,0.13063139,0.18774873,0.0
3241,0.14474256,0.17190674,0.20088525,0.16420946,0.13049316,0.18776283,0.0
3242,0.14457792,0.1720221,0.2011406,0.16406563,0.13038926,0.18780454,0.0
3243,0.14438713,0.17215632,0.20143536,0.16388984,0.13027781,0.18785353,0.0
3244,0.14676818,0.17022936,0.1976954,0.16583017,0.13161847,0.18785845,0.0
3245,0.14779611,0.16968906,0.19617873,0.16622733,0.13196413,0.18814458,0.0
3246,0.14495721,0.1717851,0.20058401,0.16429324,0.13067895,0.18770151,0.0
3247,0.14457397,0.17204522,0.2011582,0.16406363,0.13035798,0.18780097,0.0
3248,0.14454673,0.17205377,0.20119433,0.16404897,0.13034657,0.1878096,0.0
3249,0.14188522,0.17311072,0.20409144,0.16178177,0.12674229,0.19238855,0.0
3250,0.14126208,0.17362314,0.20503078,0.1613422,0.12624747,0.1924944,0.0
3251,0.14117038,0.17369784,0.20518132,0.16127488,0.12616017,0.19251548,0.0
3252,0.1414249,0.1734195,0.20473506,0.16149591,0.12645496,0.19246969,0.0
3253,0.14127192,0.1735719,0.20497604,0.1613326,0.12634292,0.19250463,0.0
3254,0.14131045,0.17355728,0.20493874,0.16140611,0.12629165,0.19249572,0.0
3255,0.14161809,0.17324065,0.20441696,0.16165511,0.12663785,0.19243135,0.0
3256,0.14166607,0.17325597,0.20436269,0.16172597,0.12655842,0.19243087,0.0
3257,0.141582,0.1732905,0.20448746,0.1616183,0.12658909,0.19243266,0.0
3258,0.14150836,0.17335132,0.2046017,0.16155505,0.12653466,0.19244891,0.0
3259,0.14398204,0.17185879,0.20066558,0.16342618,0.12812494,0.19194248,0.0
3260,0.14235969,0.1727336,0.20323731,0.16230586,0.127128,0.19223548,0.0
3261,0.14151631,0.17340082,0.20461896,0.16156814,0.1264444,0.19245142,0.0
3262,0.14114892,0.17372489,0.20522058,0.16124487,0.12614715,0.19251363,0.0
3263,0.14139187,0.1734613,0.20479204,0.16147628,0.12639664,0.19248186,0.0
3264,0.14138924,0.17349032,0.20480946,0.16148196,0.12634426,0.19248475,0.0
3265,0.14174923,0.17313133,0.20420836,0.16177067,0.12673484,0.19240561,0.0
3266,0.14199257,0.17300595,0.20383471,0.16201688,0.12679216,0.19235773,0.0
3267,0.14271124,0.17238712,0.20266148,0.1626451,0.12741192,0.1921831,0.0
3268,0.1410953,0.17384887,0.20535196,0.16118415,0.12600426,0.19251549,0.0
3269,0.14294639,0.17236696,0.20224823,0.16289498,0.12734012,0.19220322,0.0
3270,0.14143182,0.17347246,0.20475413,0.16144615,0.12644523,0.19245027,0.0
3271,0.14150903,0.17335236,0.20460379,0.1615662,0.12651618,0.19245243,0.0
3272,0.14154828,0.17332539,0.20454301,0.16160326,0.12653384,0.19244623,0.0
3273,0.14164309,0.1732051,0.20435435,0.16165417,0.12670764,0.19243559,0.0
3274,0.14162214,0.17331482,0.20443892,0.16170135,0.12647867,0.19244412,0.0
3275,0.14178781,0.17316753,0.20416784,0.16183873,0.12663238,0.1924058,0.0
3276,0.14128637,0.1736189,0.20500128,0.16138351,0.12621202,0.1924979,0.0
3277,0.14141679,0.17341067,0.20472322,0.16146614,0.12649989,0.19248328,0.0
3278,0.14171065,0.17315893,0.20426777,0.16173172,0.12672035,0.19241054,0.0
3279,0.14189404,0.17305805,0.2039888,0.1619134,0.12677032,0.19237544,0.0
3280,0.14143518,0.17344616,0.20473664,0.16149528,0.12642416,0.19246252,0.0
3281,0.1380567,0.17517768,0.2083754,0.15873535,0.12245892,0.19719593,0.0
3282,0.13790287,0.1752791,0.20856333,0.1586172,0.12243104,0.19720648,0.0
3283,0.13792674,0.17524324,0.20851707,0.15864912,0.12246217,0.19720158,0.0
3284,0.13794996,0.17522128,0.20847051,0.15864462,0.12251706,0.19719666,0.0
3285,0.13759296,0.1756594,0.2091443,0.15830821,0.12201354,0.19728155,0.0
3286,0.13773902,0.17546563,0.20885889,0.15845059,0.12223178,0.1972541,0.0
3287,0.13811001,0.1750254,0.20819093,0.1588784,0.1226442,0.19715111,0.0
3288,0.13839257,0.17480868,0.20772928,0.15912811,0.12291217,0.1970292,0.0
3289,0.13785653,0.17532866,0.20864163,0.1586335,0.12230539,0.19723429,0.0
3290,0.13865139,0.17463155,0.20725124,0.15946676,0.12306498,0.19693409,0.0
3291,0.13930945,0.17418653,0.2062209,0.16007668,0.12352647,0.19667998,0.0
3292,0.13806912,0.17512228,0.20829709,0.15876642,0.12259884,0.19714624,0.0
3293,0.13796341,0.17520641,0.20845258,0.15867318,0.12251425,0.1971902,0.0
3294,0.1379401,0.17521921,0.20848787,0.15870401,0.12244618,0.19720256,0.0
3295,0.13841487,0.17477143,0.20768104,0.15913479,0.12296688,0.19703093,0.0
3296,0.13819133,0.1749599,0.20805666,0.15890118,0.12277018,0.19712077,0.0
3297,0.13785747,0.17531951,0.20863491,0.15864035,0.12231212,0.19723564,0.0
3298,0.13827771,0.17486686,0.2079019,0.1589918,0.12286332,0.19709842,0.0
3299,0.13787504,0.17533264,0.20861691,0.15854937,0.12241451,0.19721141,0.0
3300,0.13787775,0.17530371,0.20860453,0.1585905,0.12240756,0.19721596,0.0
3301,0.13828002,0.17485161,0.20788316,0.15897118,0.12290934,0.19710475,0.0
3302,0.13769831,0.17552838,0.20894337,0.15844361,0.12212446,0.19726184,0.0
3303,0.13795263,0.1752003,0.20846526,0.15869354,0.12248995,0.19719829,0.0
3304,0.1379206,0.17524445,0.20852411,0.15868051,0.12242396,0.19720633,0.0
3305,0.13771303,0.17552616,0.20891562,0.15838447,0.12220293,0.19725776,0.0
3306,0.13779242,0.17539562,0.20876287,0.15853848,0.1222736,0.197237,0.0
3307,0.13887635,0.17439793,0.2069035,0.15962191,0.12339362,0.1968067,0.0
3308,0.1381356,0.17505004,0.20817402,0.15887932,0.12262675,0.19713427,0.0
3309,0.13794972,0.1752256,0.20848075,0.15866284,0.12248907,0.19719206,0.0
3310,0.13784859,0.17533982,0.20866081,0.15857686,0.12235311,0.19722071,0.0
3311,0.13838841,0.17478718,0.20772256,0.1591099,0.1229465,0.19704548,0.0
3312,0.1381607,0.17499316,0.20811562,0.15888946,0.12271385,0.1971272,0.0
3313,0.13432737,0.17713702,0.21201356,0.1559878,0.1186121,0.20192221,0.0
3314,0.13448237,0.17687605,0.2116186,0.15635851,0.11886127,0.20180318,0.0
3315,0.13397007,0.17744125,0.21247391,0.15583974,0.11822568,0.20204942,0.0
3316,0.13439365,0.17695889,0.21179436,0.15615115,0.11881717,0.20188485,0.0
3317,0.1342159,0.17719766,0.21211594,0.15589505,0.1185922,0.2019832,0.0
3318,0.13405512,0.17735484,0.21235432,0.1558297,0.11836814,0.20203789,0.0
3319,0.13415273,0.17722483,0.21216775,0.15598688,0.1184862,0.20198159,0.0
3320,0.13419494,0.17717929,0.21209367,0.15604526,0.11852977,0.20195712,0.0
3321,0.13445047,0.17690592,0.21171513,0.1561743,0.11889235,0.2018619,0.0
3322,0.13987933,0.17395838,0.20260654,0.16019498,0.12327821,0.20008251,0.0
3323,0.13433835,0.17721222,0.21203312,0.15594487,0.11856848,0.20190291,0.0
3324,0.13435638,0.17700717,0.21182583,0.15622109,0.11871623,0.20187335,0.0
3325,0.13424271,0.17713603,0.21203126,0.15605858,0.118592,0.20193948,0.0
3326,0.13465402,0.1766862,0.21136618,0.15644836,0.11910567,0.20173949,0.0
3327,0.13413183,0.17726971,0.21221758,0.15595478,0.11844054,0.20198557,0.0
3328,0.13467441,0.17667656,0.21128447,0.15660745,0.11905371,0.20170338,0.0
3329,0.13428052,0.17710194,0.21196803,0.15611658,0.1186197,0.20191318,0.0
3330,0.13434505,0.1770203,0.2118728,0.15613285,0.11873197,0.20189708,0.0
3331,0.13460544,0.17675497,0.21140182,0.15652445,0.1189786,0.2017347,0.0
3332,0.13452968,0.17683294,0.21157084,0.15635209,0.11892548,0.20178902,0.0
3333,0.13397542,0.17744754,0.21248348,0.15579006,0.11824464,0.20205885,0.0
3334,0.13403136,0.17735603,0.21236382,0.15589306,0.11832575,0.20203003,0.0
3335,0.13397905,0.17742398,0.2124629,0.15581205,0.118263,0.20205899,0.0
3336,0.1341602,0.17721128,0.21214595,0.15602161,0.11848863,0.20197237,0.0
3337,0.13470101,0.17664401,0.21127254,0.15656637,0.11912239,0.2016937,0.0
3338,0.13496512,0.17637968,0.21088186,0.15674181,0.11945254,0.201579,0.0
3339,0.13435638,0.17703289,0.2118415,0.15621158,0.11869287,0.20186475,0.0
3340,0.13423283,0.17714839,0.2120526,0.15603492,0.11858395,0.20194733,0.0
3341,0.13423844,0.17714226,0.21205002,0.15600838,0.11860758,0.20195335,0.0
3342,0.13428336,0.17708407,0.21194345,0.156148,0.1186311,0.20191005,0.0
3343,0.13443251,0.17692627,0.21170928,0.1562858,0.1188111,0.20183505,0.0
3344,0.13417189,0.17723046,0.21216777,0.1559289,0.1185155,0.20198546,0.0
3345,0.13069259,0.17875254,0.21499449,0.1538993,0.11515268,0.20650834,0.0
3346,0.1306952,0.17868058,0.21491599,0.15398617,0.11523502,0.20648706,0.0
3347,0.13095042,0.17843916,0.21450712,0.154229,0.11551693,0.2063574,0.0
3348,0.13079834,0.17859381,0.21480308,0.15395874,0.1154163,0.20642978,0.0
3349,0.13018794,0.17919512,0.21575204,0.15349957,0.11460667,0.20675874,0.0
3350,0.13052312,0.17885776,0.21522854,0.15371685,0.11508851,0.20658526,0.0
3351,0.13027635,0.17913076,0.21563573,0.1534828,0.11475082,0.2067235,0.0
3352,0.13064513,0.17872123,0.2150207,0.1538569,0.11524009,0.20651598,0.0
3353,0.13040039,0.17897433,0.21541177,0.15367335,0.11489459,0.20664564,0.0
3354,0.13128921,0.1781013,0.21393935,0.15458152,0.11588439,0.20620425,0.0
3355,0.13005216,0.1793979,0.21601507,0.15326376,0.11443107,0.20684004,0.0
3356,0.13032998,0.17901549,0.21548782,0.15367197,0.11480642,0.20668839,0.0
3357,0.13043673,0.17898004,0.21539876,0.15356345,0.11498436,0.20663676,0.0
3358,0.13040644,0.17895374,0.2153827,0.15370993,0.11490184,0.20664528,0.0
3359,0.1304263,0.17893857,0.21536174,0.15370874,0.11493199,0.2066326,0.0
3360,0.13020529,0.1792067,0.21574903,0.15341483,0.11465987,0.20676428,0.0
3361,0.13012116,0.1792359,0.21583413,0.15348206,0.11453102,0.20679578,0.0
3362,0.13040946,0.17894316,0.21535173,0.1537559,0.11489656,0.20664321,0.0
3363,0.13041534,0.17894848,0.21537507,0.15370788,0.11491463,0.20663857,0.0
3364,0.13012542,0.17925084,0.21584347,0.1534509,0.11453482,0.20679456,0.0
3365,0.13039538,0.17897761,0.21542136,0.15363933,0.11491193,0.20665437,0.0
3366,0.13057756,0.17878717,0.21512248,0.15382604,0.11513541,0.20655137,0.0
3367,0.13029042,0.17908947,0.21558884,0.15357237,0.11475213,0.20670678,0.0
3368,0.13003683,0.17936191,0.21599953,0.15331982,0.11443187,0.20685004,0.0
3369,0.13043006,0.1789441,0.21536876,0.15365446,0.1149653,0.20663734,0.0
3370,0.13037564,0.17899509,0.21544828,0.1536505,0.11486918,0.20666121,0.0
3371,0.13114008,0.17824759,0.21422376,0.15434624,0.11578227,0.20626009,0.0
3372,0.13060257,0.1787999,0.21511939,0.15378219,0.11516245,0.20653358,0.0
3373,0.13037127,0.17899516,0.21544148,0.15367836,0.11485069,0.20666303,0.0
3374,0.13045454,0.1789073,0.21531329,0.15373996,0.11496721,0.20661779,0.0
3375,0.13040915,0.1790108,0.21544406,0.15354128,0.11494304,0.20665163,0.0
3376,0.130778,0.17860076,0.21482846,0.15393052,0.1154163,0.20644599,0.0
3377,0.12647587,0.18093996,0.21876256,0.15113533,0.11124878,0.21143748,0.0
3378,0.12692289,0.18038216,0.21790825,0.15178382,0.11188693,0.211116,0.0
3379,0.12688518,0.18044093,0.21803181,0.15165347,0.11183906,0.21114959,0.0
3380,0.12618232,0.18109894,0.21904027,0.15113306,0.11097125,0.21157418,0.0
3381,0.12619714,0.18109632,0.21903816,0.15107916,0.11100522,0.21158397,0.0
3382,0.12672582,0.18056148,0.21814756,0.15169454,0.11164532,0.21122526,0.0
3383,0.12647226,0.18081959,0.21862228,0.1513582,0.11132993,0.21139771,0.0
3384,0.12644973,0.18081819,0.21861857,0.15139824,0.11131003,0.2114053,0.0
3385,0.12634504,0.18092428,0.21878661,0.1512867,0.11118209,0.21147524,0.0
3386,0.12682806,0.18046883,0.21803786,0.1517286,0.11176804,0.21116865,0.0
3387,0.12722212,0.18013653,0.21742435,0.15209271,0.11221612,0.21090814,0.0
3388,0.1265436,0.1807561,0.21848403,0.15147246,0.11140425,0.21133944,0.0
3389,0.12630898,0.18095438,0.21879983,0.15132503,0.11113369,0.21147805,0.0
3390,0.12638843,0.18087174,0.21870199,0.15135768,0.11123803,0.2114421,0.0
3391,0.1270976,0.18023239,0.21763782,0.15194388,0.11208956,0.21099879,0.0
3392,0.12658615,0.1807137,0.21845536,0.15145911,0.11146214,0.21132357,0.0
3393,0.12702768,0.1802978,0.21773347,0.15189908,0.11200076,0.21104118,0.0
3394,0.12714027,0.18020031,0.21748985,0.15208942,0.11211483,0.21096537,0.0
3395,0.12773906,0.1796871,0.21665181,0.15254797,0.1128226,0.21055147,0.0
3396,0.12697001,0.18037732,0.21790288,0.15174253,0.11192027,0.21108702,0.0
3397,0.12675823,0.18054798,0.21818933,0.15160903,0.11167713,0.21121831,0.0
3398,0.12653865,0.18076211,0.2185334,0.1513939,0.11141241,0.21135953,0.0
3399,0.1267782,0.18052438,0.21807055,0.15173797,0.11170012,0.21118881,0.0
3400,0.12663993,0.18065271,0.21835403,0.15153272,0.11153273,0.21128792,0.0
3401,0.12710626,0.1802289,0.21766011,0.15190151,0.11210305,0.21100008,0.0
3402,0.12626037,0.18102252,0.21891956,0.15121263,0.11106414,0.21152075,0.0
3403,0.1265346,0.18073364,0.21849164,0.15146883,0.11141642,0.21135485,0.0
3404,0.12640812,0.18086167,0.21866043,0.15138999,0.11125603,0.21142375,0.0
3405,0.12681465,0.18048108,0.2180979,0.15165813,0.11175974,0.21118857,0.0
3406,0.12658423,0.18070428,0.21844421,0.15147683,0.11146628,0.21132416,0.0
3407,0.1269736,0.18034562,0.2178146,0.15185595,0.11193598,0.21107426,0.0
3408,0.1270362,0.18029867,0.21775945,0.15185246,0.1120108,0.21104243,0.0
3409,0.1229409,0.18232296,0.22129898,0.14940716,0.108252,0.21577798,0.0
3410,0.12281774,0.18239579,0.22150923,0.14926434,0.1081633,0.21584955,0.0
3411,0.122422,0.18268459,0.2219852,0.14909588,0.10771885,0.21609342,0.0
3412,0.12375953,0.18155584,0.22003229,0.15027955,0.10924135,0.21513142,0.0
3413,0.12244741,0.18271859,0.22198744,0.14901637,0.10772703,0.21610314,0.0
3414,0.12263847,0.18249838,0.22169293,0.1492394,0.10797048,0.21596028,0.0
3415,0.1232276,0.18199807,0.22088172,0.14969419,0.10864986,0.21554855,0.0
3416,0.12309083,0.18213205,0.22107862,0.1495708,0.10848167,0.21564612,0.0
3417,0.12230911,0.18281436,0.222174,0.14893256,0.10757926,0.2161907,0.0
3418,0.12205724,0.18305126,0.22255349,0.14867282,0.1072946,0.21637067,0.0
3419,0.12297758,0.1822067,0.22125168,0.1494648,0.10836729,0.21573201,0.0
3420,0.12298156,0.18221346,0.22118625,0.14955755,0.10835739,0.21570382,0.0
3421,0.12303971,0.18216759,0.22110844,0.14958599,0.10842618,0.21567214,0.0
3422,0.12277459,0.18242247,0.22154865,0.1492617,0.10811415,0.21587852,0.0
3423,0.12206022,0.18306047,0.22255383,0.14866473,0.10729037,0.21637027,0.0
3424,0.12283095,0.18231252,0.2213919,0.14946732,0.10819685,0.2158005,0.0
