step,w0,w1,w2,w3,w4,w5,w6
1,0.19578944,0.25350285,0.24018154,0.1067708,0.14459339,0.05916202,0.0
2,0.12251835,0.18917237,0.14993651,0.29401582,0.18954477,0.05481214,0.0
3,0.07948165,0.28348476,0.18061493,0.15656838,0.14064687,0.1592033,0.0
4,0.12896585,0.39132166,0.12181238,0.09779284,0.18238509,0.07772219,0.0
5,0.23872398,0.12319505,0.10667018,0.13108835,0.19965154,0.20067091,0.0
6,0.1337429,0.18271093,0.13171142,0.14518243,0.31068617,0.09596609,0.0
7,0.16010126,0.09366675,0.32194817,0.13528526,0.06848346,0.2205151,0.0
8,0.1032135,0.11263975,0.18957055,0.06221795,0.3477895,0.18456881,0.0
9,0.28504893,0.08937697,0.11169469,0.21132876,0.09403155,0.20851907,0.0
10,0.11275677,0.44031462,0.07868993,0.15427333,0.11630299,0.0976624,0.0
11,0.28642502,0.21281575,0.0688185,0.06026074,0.1752426,0.1964374,0.0
12,0.26438218,0.17609291,0.04593826,0.269062,0.05750425,0.1870203,0.0
13,0.16361725,0.09776674,0.22520517,0.22401024,0.0933986,0.196002,0.0
14,0.38541403,0.16850461,0.05925081,0.18702066,0.1285422,0.07126768,0.0
15,0.25018176,0.11088843,0.10834168,0.17440882,0.22314216,0.13303712,0.0
16,0.08583245,0.2377515,0.12870999,0.23175687,0.0817176,0.23423156,0.0
17,0.21675868,0.08780845,0.265356,0.08913412,0.2268513,0.11409146,0.0
18,0.14493936,0.25836927,0.11113132,0.16772978,0.06208362,0.2557467,0.0
19,0.18529847,0.15356325,0.24572301,0.2696638,0.05951159,0.08623989,0.0
20,0.14562863,0.35067472,0.07189995,0.09076452,0.2679249,0.07310719,0.0
21,0.19194964,0.08734487,0.15193255,0.10427409,0.2619408,0.20255801,0.0
22,0.14666192,0.06680068,0.0892748,0.39950338,0.1438832,0.153876,0.0
23,0.19647484,0.26345548,0.1202808,0.05667559,0.10715597,0.25595734,0.0
24,0.11331345,0.07203355,0.31329146,0.19354165,0.1839356,0.12388439,0.0
25,0.20694917,0.16981813,0.11196062,0.28584087,0.15516168,0.07026948,0.0
26,0.21853055,0.19090223,0.05710219,0.23146775,0.1036016,0.19839571,0.0
27,0.072897,0.23870902,0.16744941,0.07795801,0.17193754,0.27104905,0.0
28,0.11074691,0.08836582,0.12120038,0.2544524,0.3224832,0.10275128,0.0
29,0.14523754,0.4243671,0.15012953,0.10126375,0.09577836,0.08322368,0.0
30,0.3191812,0.20250499,0.07326038,0.07632514,0.06782676,0.26090157,0.0
31,0.07759467,0.38300556,0.12986474,0.12431333,0.15266094,0.13256069,0.0
32,0.1964606,0.0875583,0.12526976,0.280057,0.14419381,0.16646044,0.0
33,0.14987423,0.24560764,0.13096847,0.14047252,0.18225814,0.15081896,0.0
34,0.21714264,0.3069156,0.14099036,0.06461876,0.06374431,0.20658834,0.0
35,0.09109644,0.19557135,0.20452607,0.1954455,0.10167,0.2116907,0.0
36,0.12763901,0.04404415,0.2383052,0.26363146,0.11214439,0.21423584,0.0
37,0.16847539,0.3482821,0.05764268,0.13737091,0.14705683,0.14117205,0.0
38,0.19101405,0.19107218,0.06252138,0.16709214,0.25992176,0.12837847,0.0
39,0.12530738,0.07998738,0.23428868,0.25687423,0.11185497,0.19168739,0.0
40,0.21985038,0.22203512,0.15406756,0.04520483,0.28529036,0.07355167,0.0
41,0.26793295,0.17356792,0.08181185,0.09528197,0.0855246,0.29588068,0.0
42,0.2868982,0.07525324,0.23929375,0.2456332,0.06792473,0.08499694,0.0
43,0.17075506,0.14721012,0.09121395,0.07088571,0.2675637,0.25237143,0.0
44,0.13435721,0.22346494,0.2967067,0.13187765,0.05630614,0.15728728,0.0
45,0.13114263,0.04762699,0.24875705,0.25973114,0.18296157,0.12978064,0.0
46,0.2301397,0.05391297,0.12260747,0.25963274,0.16056703,0.17314002,0.0
47,0.2067805,0.20279343,0.11156251,0.06883433,0.31112507,0.09890416,0.0
48,0.16952579,0.29934397,0.15031607,0.17388548,0.08590297,0.12102567,0.0
49,0.12315654,0.12663008,0.20185386,0.14836016,0.07948349,0.3205159,0.0
50,0.17500354,0.05416033,0.26393032,0.22991227,0.05825897,0.21873456,0.0
51,0.19026114,0.06594569,0.25576594,0.09412816,0.10130884,0.2925902,0.0
52,0.09416217,0.24854413,0.10044108,0.31525528,0.07195822,0.16963917,0.0
53,0.0903075,0.23164944,0.24964646,0.21780974,0.16362764,0.04695922,0.0
54,0.1846834,0.18631181,0.08775992,0.21443184,0.18509696,0.14171608,0.0
55,0.11953759,0.13142203,0.255657,0.10630455,0.26748732,0.11959158,0.0
56,0.07617348,0.15388532,0.14636311,0.28357953,0.24144037,0.09855814,0.0
57,0.06884357,0.3394881,0.06948124,0.34212694,0.09706581,0.08299433,0.0
58,0.10403274,0.13298604,0.09000981,0.19505492,0.24825001,0.22966649,0.0
59,0.10686763,0.06629255,0.1567189,0.18565924,0.3889752,0.09548648,0.0
60,0.09009941,0.17253435,0.27552453,0.1946382,0.11696284,0.1502407,0.0
61,0.18558916,0.2639928,0.23126669,0.11067483,0.07150352,0.13697316,0.0
62,0.13745037,0.18712875,0.16400507,0.1831627,0.26906568,0.05918745,0.0
63,0.23302063,0.10910456,0.06905762,0.370975,0.15630843,0.06153377,0.0
64,0.08733921,0.30551663,0.17165643,0.08923654,0.15483637,0.19141477,0.0
65,0.16180058,0.20538118,0.15092999,0.1644994,0.1203494,0.19703943,0.0
66,0.30746785,0.11805002,0.23414545,0.10395323,0.10776007,0.12862338,0.0
67,0.14619039,0.23854367,0.08610589,0.23078904,0.1586466,0.13972442,0.0
68,0.11323129,0.2959915,0.05857636,0.15311664,0.08846563,0.29061857,0.0
69,0.17659211,0.14144619,0.09664004,0.39867643,0.09381065,0.09283455,0.0
70,0.1507366,0.25939268,0.07930844,0.133109,0.30093098,0.07652234,0.0
71,0.40385664,0.09297097,0.14640069,0.15300131,0.13025197,0.07351832,0.0
72,0.20778705,0.30844942,0.12134068,0.12598172,0.06829229,0.16814886,0.0
73,0.22684327,0.17918526,0.12823626,0.22742994,0.04301437,0.19529095,0.0
74,0.12103385,0.11987863,0.19709556,0.17508525,0.09729902,0.28960773,0.0
75,0.15285791,0.06979155,0.2431241,0.19106393,0.10004314,0.24311928,0.0
76,0.08868857,0.06487129,0.05611441,0.08091255,0.34347168,0.3659415,0.0
77,0.3221085,0.06302688,0.2066757,0.17618412,0.07382248,0.15818235,0.0
78,0.16682647,0.08968987,0.21648674,0.2074671,0.21350048,0.10602935,0.0
79,0.1573407,0.19787413,0.22598004,0.14039855,0.1297169,0.14868969,0.0
80,0.18827672,0.09622025,0.04515604,0.15361655,0.25310698,0.26362345,0.0
81,0.19121107,0.11111797,0.09053197,0.08267823,0.38727507,0.1371857,0.0
82,0.12018622,0.25383002,0.16614702,0.18486191,0.15718569,0.11778907,0.0
83,0.07530601,0.13397859,0.15025336,0.09837971,0.25632802,0.28575435,0.0
84,0.20098345,0.3196747,0.15548357,0.05523891,0.08703404,0.18158536,0.0
85,0.1640071,0.31001025,0.1070972,0.05775402,0.16245978,0.19867168,0.0
86,0.12342695,0.32803255,0.14561711,0.09374628,0.1121854,0.19699162,0.0
87,0.19184454,0.10811088,0.16243139,0.06616419,0.08316982,0.3882792,0.0
88,0.13966373,0.15934749,0.3927448,0.10725124,0.13035344,0.0706393,0.0
89,0.11643931,0.10974776,0.29119343,0.33427292,0.0547213,0.09362534,0.0
90,0.22552396,0.05549027,0.27427718,0.07669134,0.05552385,0.31249344,0.0
91,0.09882896,0.15073948,0.08148827,0.32062972,0.16407979,0.18423383,0.0
92,0.07628325,0.26699603,0.06753943,0.13745683,0.12402886,0.32769558,0.0
93,0.2052346,0.08814624,0.3722133,0.10703121,0.10601967,0.12135489,0.0
94,0.24204405,0.2460213,0.22196165,0.17566688,0.07239543,0.04191067,0.0
95,0.22861187,0.20578685,0.250863,0.07177429,0.11052344,0.13244054,0.0
96,0.30543688,0.1157054,0.12029041,0.12581089,0.18456547,0.1481909,0.0
97,0.0403826,0.25346217,0.13773948,0.22130556,0.25510457,0.09200559,0.0
98,0.16658638,0.17752898,0.17023064,0.18406324,0.11873624,0.1828545,0.0
99,0.07208062,0.35704738,0.27569854,0.15473223,0.06183002,0.0786112,0.0
100,0.17531766,0.39152575,0.07844846,0.16066954,0.07306752,0.12097105,0.0
101,0.17244926,0.23142505,0.10296846,0.0900839,0.14521395,0.25785938,0.0
102,0.10484701,0.25691807,0.29998133,0.06098115,0.18363084,0.09364165,0.0
103,0.24303605,0.13671172,0.12323361,0.3094651,0.0696796,0.11787387,0.0
104,0.17291251,0.41514355,0.07911465,0.09194449,0.09503401,0.14585072,0.0
105,0.15107004,0.31724632,0.0567563,0.23081338,0.12800884,0.11610509,0.0
106,0.10189576,0.22851229,0.07551452,0.25131676,0.21542312,0.12733753,0.0
107,0.3837309,0.09806119,0.19597135,0.1298494,0.08813308,0.10425419,0.0
108,0.1034621,0.09908402,0.30216578,0.08615526,0.24867007,0.16046274,0.0
109,0.09278261,0.22393596,0.0788366,0.13706312,0.29737523,0.17000651,0.0
110,0.29109704,0.08065054,0.18780132,0.0866913,0.15761282,0.19614701,0.0
111,0.09671301,0.18117039,0.10062461,0.35571957,0.12398314,0.14178929,0.0
112,0.20516908,0.0511622,0.24981712,0.08457191,0.13690786,0.27237186,0.0
113,0.06647755,0.07287508,0.37646845,0.05968153,0.36172125,0.06277609,0.0
114,0.13995172,0.15464655,0.1965786,0.2756784,0.05404224,0.17910245,0.0
115,0.11958845,0.0922174,0.07133946,0.30286723,0.16337505,0.25061235,0.0
116,0.29341844,0.13246438,0.15280396,0.13813971,0.16923678,0.11393666,0.0
117,0.21833931,0.14168629,0.1059429,0.20052475,0.2541959,0.0793108,0.0
118,0.13277863,0.12888439,0.19664659,0.1718373,0.30351305,0.06634001,0.0
119,0.08855201,0.25886807,0.04611536,0.19281271,0.17420946,0.23944242,0.0
120,0.38856703,0.16195613,0.19656113,0.06456599,0.1175748,0.07077497,0.0
121,0.09217127,0.11652,0.1151335,0.35175443,0.2515619,0.07285891,0.0
122,0.19615105,0.42907226,0.07616032,0.07420307,0.12083592,0.10357735,0.0
123,0.11983902,0.09874605,0.13145638,0.37468228,0.17911558,0.09616069,0.0
124,0.12358345,0.12691994,0.16353999,0.18694055,0.19417231,0.20484369,0.0
125,0.05860819,0.11128383,0.31953233,0.29323623,0.0753714,0.14196803,0.0
126,0.06294765,0.18622951,0.1526695,0.3815777,0.10728443,0.10929114,0.0
127,0.1902903,0.11232928,0.34917983,0.09859023,0.09972371,0.1498867,0.0
128,0.06936354,0.35863143,0.07091616,0.35205558,0.07728341,0.07174988,0.0
129,0.13143712,0.12179577,0.10390546,0.38398832,0.12594627,0.13292708,0.0
130,0.06664442,0.10547243,0.10063215,0.3405934,0.23829915,0.14835855,0.0
131,0.23020379,0.13199222,0.08247098,0.1952413,0.17613547,0.18395619,0.0
132,0.2902974,0.2441065,0.1552611,0.18420486,0.04787668,0.07825349,0.0
133,0.09737367,0.11129662,0.15325536,0.36831844,0.18886273,0.08089316,0.0
134,0.16490607,0.20347111,0.22168276,0.08646121,0.07824665,0.24523218,0.0
135,0.17793949,0.32237846,0.12406377,0.11490393,0.08031426,0.1804002,0.0
136,0.18868417,0.07045677,0.2547591,0.19745544,0.18715735,0.10148719,0.0
137,0.30121052,0.11620643,0.33969063,0.05219702,0.13386382,0.05683161,0.0
138,0.3261521,0.28261304,0.13246797,0.08758302,0.0592057,0.11197814,0.0
139,0.09518921,0.08398512,0.42187077,0.15779504,0.09834389,0.14281604,0.0
140,0.1051948,0.1515895,0.30275834,0.23078945,0.13792376,0.07174417,0.0
141,0.06561675,0.20313966,0.30147028,0.09285513,0.06955055,0.2673676,0.0
142,0.09258347,0.27525225,0.23038414,0.07398611,0.20111799,0.12667608,0.0
143,0.2914324,0.06260925,0.2689016,0.21094769,0.06936081,0.09674821,0.0
144,0.07125037,0.2920543,0.05943,0.19272755,0.27016774,0.11437005,0.0
145,0.1032439,0.18658376,0.3767024,0.11367826,0.06478222,0.15500942,0.0
146,0.16033502,0.26978534,0.26928622,0.09074546,0.09635411,0.11349382,0.0
147,0.39673272,0.16804239,0.06785811,0.19015443,0.07298698,0.10422534,0.0
148,0.3456752,0.16673194,0.23687144,0.11710157,0.07859918,0.05502069,0.0
149,0.10730374,0.17382148,0.26241216,0.20690905,0.17895627,0.07059734,0.0
150,0.09734844,0.11675901,0.23975806,0.1389759,0.23029707,0.17686152,0.0
151,0.1899243,0.11485174,0.08628257,0.3711454,0.11969302,0.118103,0.0
152,0.35343406,0.05084543,0.21239717,0.16505556,0.10533433,0.11293345,0.0
153,0.17877226,0.177493,0.11835299,0.21426265,0.14512014,0.165999,0.0
154,0.05235647,0.23153459,0.21397255,0.04933982,0.12853771,0.3242589,0.0
155,0.10803684,0.15962878,0.14879476,0.14667876,0.22559157,0.21126932,0.0
156,0.10058174,0.24289694,0.1603046,0.16320556,0.13129142,0.20171985,0.0
157,0.15675962,0.07264737,0.12848851,0.2525721,0.1393378,0.2501946,0.0
158,0.0638418,0.11497846,0.11339982,0.06088409,0.34945607,0.29743975,0.0
159,0.25187048,0.19018449,0.15945837,0.11979861,0.12212741,0.15656072,0.0
160,0.27744028,0.09677614,0.27010274,0.15746856,0.07125528,0.12695694,0.0
161,0.2162675,0.06629755,0.27037162,0.08370488,0.29956657,0.06379189,0.0
162,0.07170508,0.05536639,0.16828278,0.3369433,0.27877152,0.08893092,0.0
163,0.07773118,0.15911448,0.29611742,0.15316635,0.05642915,0.2574414,0.0
164,0.22343244,0.11711204,0.09433036,0.08787243,0.2262936,0.2509591,0.0
165,0.13948835,0.11667567,0.06104222,0.26770487,0.20971538,0.2053735,0.0
166,0.13952266,0.25271496,0.11066206,0.14626071,0.21290992,0.13792971,0.0
167,0.12871681,0.17137106,0.38934675,0.0985252,0.08398939,0.12805085,0.0
168,0.05731447,0.17197908,0.05648793,0.29911116,0.12191588,0.2931914,0.0
169,0.12858714,0.18037243,0.24591869,0.07489675,0.1264639,0.24376102,0.0
170,0.14312118,0.2120776,0.25092834,0.11461855,0.08120749,0.19804676,0.0
171,0.14271826,0.0616872,0.20484632,0.17387445,0.15383872,0.2630351,0.0
172,0.40687624,0.10529643,0.10590561,0.17675383,0.08330765,0.12186018,0.0
173,0.1003665,0.08287761,0.28940764,0.14434381,0.12511845,0.25788593,0.0
174,0.06340506,0.2368621,0.0586237,0.34619185,0.08864178,0.20627557,0.0
175,0.23025458,0.27799103,0.19690889,0.05462813,0.16231908,0.07789823,0.0
176,0.12677671,0.13110417,0.10939748,0.1611332,0.10415882,0.3674296,0.0
177,0.1933094,0.30814788,0.17613769,0.16687763,0.08629218,0.06923527,0.0
178,0.24515487,0.07452855,0.0987839,0.18093571,0.31842226,0.08217466,0.0
179,0.25229877,0.21737392,0.08983323,0.07903065,0.14602186,0.21544164,0.0
180,0.12512574,0.08525672,0.0561491,0.3232869,0.28333908,0.12684242,0.0
181,0.21055523,0.15043542,0.06957406,0.10400663,0.25996006,0.20546858,0.0
182,0.12551112,0.16109465,0.10643441,0.2843577,0.22215489,0.10044722,0.0
183,0.23490016,0.2323606,0.18276857,0.17451456,0.08722807,0.08822808,0.0
184,0.04032149,0.20174994,0.1517293,0.22559701,0.21371254,0.16688976,0.0
185,0.06873477,0.08279074,0.1677889,0.05287861,0.27629438,0.35151267,0.0
186,0.21287191,0.22747876,0.2562967,0.08144902,0.14323713,0.07866645,0.0
187,0.08332767,0.08476932,0.2528154,0.3168789,0.17483152,0.08737721,0.0
188,0.18167949,0.2972452,0.15621205,0.21291035,0.06840192,0.08355097,0.0
189,0.14127599,0.38727763,0.08217959,0.10980564,0.07396469,0.20549646,0.0
190,0.14132947,0.21578892,0.20172702,0.27138367,0.09200341,0.07776761,0.0
191,0.26360017,0.20752266,0.12495183,0.10288469,0.11428027,0.18676047,0.0
192,0.05437314,0.3049315,0.10922743,0.20864022,0.11327404,0.2095537,0.0
193,0.08396284,0.25532898,0.06024648,0.09408461,0.11245571,0.39392138,0.0
194,0.21901661,0.08399929,0.25417334,0.22879517,0.15735012,0.0566654,0.0
195,0.1125285,0.23787034,0.2011095,0.25848907,0.06452604,0.12547658,0.0
196,0.11500684,0.16514194,0.09145618,0.0809356,0.34045136,0.20700808,0.0
197,0.36457843,0.0839234,0.09204704,0.21736042,0.17848995,0.06360082,0.0
198,0.17842242,0.23026666,0.12345924,0.13534969,0.23532347,0.09717853,0.0
199,0.06084375,0.23593631,0.06932046,0.2644789,0.11194675,0.25747386,0.0
200,0.09514576,0.34966335,0.20333534,0.10524491,0.0877273,0.15888338,0.0
201,0.26400107,0.14432682,0.11697568,0.2368683,0.14188209,0.09594596,0.0
202,0.19837612,0.25549582,0.13821766,0.10028066,0.19249439,0.11513531,0.0
203,0.2939104,0.26154926,0.10580587,0.10523891,0.18344739,0.0500481,0.0
204,0.23277833,0.1026067,0.11677659,0.31223282,0.15319818,0.08240732,0.0
205,0.23945685,0.22453943,0.18731491,0.05050541,0.19149347,0.10668994,0.0
206,0.08687302,0.06041271,0.21902177,0.06511687,0.14088799,0.4276876,0.0
207,0.05886126,0.25627506,0.12177241,0.0588646,0.09218299,0.4120437,0.0
208,0.30775163,0.09023575,0.0809701,0.10415065,0.3436709,0.07322098,0.0
209,0.2067245,0.2514249,0.06392375,0.27809575,0.05412172,0.14570944,0.0
210,0.18011914,0.10167183,0.08234025,0.2964871,0.12956229,0.20981933,0.0
211,0.28543288,0.20902668,0.08660779,0.0785881,0.14258929,0.19775528,0.0
212,0.10424747,0.25179756,0.18767242,0.05480136,0.27674937,0.12473188,0.0
213,0.06840834,0.07631484,0.28073463,0.17893705,0.20324713,0.19235799,0.0
214,0.17059271,0.21041626,0.12885395,0.321056,0.09717555,0.07190552,0.0
215,0.04922201,0.32971793,0.20572606,0.17582761,0.12012132,0.11938503,0.0
216,0.08794899,0.17431197,0.28224137,0.22494118,0.08931173,0.14124474,0.0
217,0.09575859,0.25627682,0.11233061,0.12063255,0.28779137,0.12721004,0.0
218,0.14376882,0.05550113,0.24948195,0.25814176,0.0626792,0.23042715,0.0
219,0.06559359,0.26710466,0.30095404,0.1633476,0.1196679,0.08333217,0.0
220,0.0842235,0.28177723,0.05619011,0.10849947,0.12313168,0.34617805,0.0
221,0.1329583,0.30563408,0.21724446,0.05005794,0.19215415,0.1019511,0.0
222,0.28823605,0.10104772,0.15427692,0.2939395,0.07500162,0.08749817,0.0
223,0.2261024,0.13376977,0.15776125,0.12360273,0.14348419,0.21527965,0.0
224,0.14924091,0.22136423,0.12392703,0.2649484,0.17858447,0.06193502,0.0
225,0.11650224,0.12035745,0.42114416,0.10764921,0.11101635,0.12333053,0.0
226,0.1162242,0.08771305,0.3267183,0.2798619,0.10302737,0.08645522,0.0
227,0.14224963,0.30925295,0.11638738,0.22624342,0.13238339,0.07348321,0.0
228,0.1041159,0.21398361,0.2781506,0.23692735,0.11058435,0.05623819,0.0
229,0.07251534,0.19076821,0.07672548,0.08700176,0.4677092,0.10528,0.0
230,0.3365941,0.12630627,0.18892637,0.19162922,0.09746943,0.05907464,0.0
231,0.16371238,0.18436399,0.16191411,0.15263762,0.22248353,0.11488842,0.0
232,0.18453774,0.23265824,0.21703771,0.22805814,0.09515243,0.04255575,0.0
233,0.34941155,0.18873464,0.07458615,0.12448667,0.16137318,0.10140785,0.0
234,0.13640718,0.05393323,0.35729527,0.20942728,0.16560873,0.07732818,0.0
235,0.21142413,0.2157569,0.11157552,0.17374237,0.13689804,0.15060306,0.0
236,0.21681197,0.14960185,0.15064856,0.11282024,0.2064325,0.16368489,0.0
237,0.1965349,0.19367684,0.10688219,0.1145163,0.12852302,0.2598667,0.0
238,0.27248052,0.14800031,0.2347081,0.20049451,0.1066291,0.03768747,0.0
239,0.12062643,0.06293882,0.254575,0.13935955,0.27807593,0.14442416,0.0
240,0.28010014,0.17425767,0.16349456,0.14430806,0.07217713,0.16566248,0.0
241,0.14061695,0.36492276,0.05710975,0.14561006,0.19607821,0.09566214,0.0
242,0.24530418,0.14841591,0.1515313,0.1587447,0.06657908,0.2294249,0.0
243,0.14574568,0.0713498,0.4004104,0.07563291,0.17129704,0.13556415,0.0
244,0.09563091,0.07955798,0.18243916,0.40847662,0.09522456,0.13867082,0.0
245,0.22507499,0.12940137,0.23996867,0.2136592,0.1029139,0.08898193,0.0
246,0.1273472,0.18973649,0.07972634,0.07252212,0.22746862,0.30319923,0.0
247,0.14417864,0.22847632,0.09886951,0.17034669,0.10426307,0.25386572,0.0
248,0.33415195,0.05518556,0.24333891,0.08046132,0.12273195,0.16413032,0.0
249,0.16041937,0.08505387,0.22949256,0.12401803,0.31974813,0.08126808,0.0
250,0.30672342,0.084307,0.09102473,0.08326064,0.3070196,0.12766466,0.0
251,0.20469832,0.05192664,0.29778332,0.16994868,0.10330272,0.17234027,0.0
252,0.28939423,0.06635347,0.33685023,0.16425915,0.06544416,0.07769886,0.0
253,0.07870408,0.20063713,0.2192669,0.06433012,0.32517603,0.11188582,0.0
254,0.15205349,0.27226502,0.14126998,0.20674674,0.13624111,0.09142365,0.0
255,0.10705574,0.06897453,0.10877337,0.40539047,0.24704675,0.06275917,0.0
256,0.16556934,0.1979183,0.13041571,0.08892265,0.23940015,0.17777383,0.0
257,0.04524138,0.30438322,0.19242778,0.11251234,0.05199423,0.29344103,0.0
258,0.07538547,0.16650973,0.26094767,0.21371517,0.17251751,0.11092444,0.0
259,0.11258926,0.08947414,0.2792355,0.0613155,0.14614385,0.31124172,0.0
260,0.22318412,0.0821244,0.15494959,0.35708806,0.11299086,0.069663,0.0
261,0.09167136,0.21030621,0.25849077,0.10921127,0.06683405,0.26348633,0.0
262,0.12530726,0.05801381,0.13822882,0.25638062,0.09778257,0.3242869,0.0
263,0.3439873,0.29701227,0.06683056,0.11760065,0.11503345,0.05953576,0.0
264,0.2195414,0.066287,0.32922906,0.05744906,0.0653954,0.26209804,0.0
265,0.17359863,0.10787622,0.0866085,0.08275679,0.3633608,0.185799,0.0
266,0.11254297,0.06798682,0.08333667,0.08279308,0.31135368,0.34198675,0.0
267,0.07251201,0.13207492,0.21676451,0.42636424,0.06427702,0.08800736,0.0
268,0.04366757,0.26098022,0.16383633,0.12223336,0.15321872,0.2560639,0.0
269,0.16696459,0.09686521,0.05785428,0.27768582,0.16832215,0.23230788,0.0
270,0.08881273,0.14434056,0.07472583,0.10550299,0.3417415,0.2448765,0.0
271,0.17332655,0.07102549,0.2412495,0.35245773,0.06772357,0.09421717,0.0
272,0.08419134,0.17057747,0.2698866,0.05333585,0.218791,0.20321773,0.0
273,0.25044745,0.2863823,0.05658293,0.06308366,0.2013702,0.14213347,0.0
274,0.1856473,0.23652242,0.10042531,0.19131775,0.22134812,0.06473912,0.0
275,0.18414354,0.2646574,0.31711856,0.07414743,0.07382823,0.08610491,0.0
276,0.2049846,0.26267305,0.14812396,0.13776764,0.102978,0.1434727,0.0
277,0.09083652,0.09603836,0.18500373,0.30640954,0.0930418,0.22867009,0.0
278,0.29011765,0.3257328,0.0617458,0.09945216,0.16780007,0.05515149,0.0
279,0.07097699,0.3229488,0.09506331,0.09001601,0.3003515,0.12064347,0.0
280,0.10790571,0.24270828,0.06828523,0.079391,0.21734124,0.28436846,0.0
281,0.29306394,0.04665937,0.09144804,0.30381688,0.18701099,0.07800071,0.0
282,0.06143301,0.26264614,0.18805136,0.11179361,0.27592203,0.10015392,0.0
283,0.27029738,0.25059727,0.12962957,0.17360727,0.08904219,0.08682632,0.0
284,0.19313458,0.08782526,0.09830821,0.17430097,0.10880315,0.33762783,0.0
285,0.15492038,0.1880814,0.18462652,0.20601708,0.13382292,0.13253182,0.0
286,0.08732516,0.13169885,0.27681854,0.08258203,0.06363304,0.3579424,0.0
287,0.21365832,0.14674404,0.15203571,0.24177633,0.18787394,0.0579117,0.0
288,0.08389327,0.0844133,0.09606706,0.34187704,0.32948482,0.06426456,0.0
289,0.0955088,0.14618543,0.16693187,0.25068355,0.16790232,0.17278804,0.0
290,0.32642242,0.07812797,0.12096714,0.09453201,0.11815578,0.2617946,0.0
291,0.08933007,0.09178951,0.36689547,0.12397435,0.18965453,0.13835602,0.0
292,0.11995003,0.25900605,0.29445374,0.0759946,0.04576842,0.20482711,0.0
293,0.1472027,0.08396506,0.09733193,0.34951395,0.20424983,0.11773659,0.0
294,0.04156095,0.19107172,0.09539831,0.126482,0.29868314,0.24680391,0.0
295,0.11675912,0.2622578,0.0863139,0.13279516,0.06797349,0.33390048,0.0
296,0.16646956,0.09964226,0.18591666,0.06553156,0.281265,0.20117496,0.0
297,0.15264869,0.25672907,0.12545924,0.1721594,0.12751544,0.16548812,0.0
298,0.07434673,0.16692919,0.18047237,0.07890572,0.37084877,0.12849732,0.0
299,0.16098092,0.23197567,0.16281053,0.14305982,0.05425774,0.24691528,0.0
300,0.27487394,0.188382,0.07058053,0.28312993,0.06308078,0.11995286,0.0
301,0.15524589,0.12475446,0.13276099,0.10847127,0.13893312,0.33983427,0.0
302,0.13316695,0.09603284,0.13432239,0.06961618,0.19374907,0.3731125,0.0
303,0.126387,0.25078636,0.07675709,0.18694086,0.18784758,0.17128108,0.0
304,0.10764796,0.16109864,0.22917122,0.05957493,0.13086483,0.31164244,0.0
305,0.18182354,0.10666692,0.1900809,0.27149186,0.14253987,0.10739698,0.0
306,0.1762136,0.04414508,0.20425524,0.280247,0.23116815,0.06397092,0.0
307,0.12786251,0.07851697,0.0669886,0.378138,0.08974984,0.25874412,0.0
308,0.2377485,0.1896159,0.21654144,0.11409415,0.14848806,0.0935119,0.0
309,0.24934831,0.13614129,0.31158754,0.11193513,0.06731033,0.12367727,0.0
310,0.17924632,0.09682432,0.11479832,0.16439036,0.08033386,0.36440682,0.0
311,0.30931878,0.1213154,0.17304672,0.1061218,0.1568791,0.13331816,0.0
312,0.07167074,0.06260262,0.05676155,0.3373101,0.3358589,0.1357961,0.0
313,0.1369414,0.04777195,0.26867944,0.07796849,0.21247317,0.2561655,0.0
314,0.0733884,0.08774717,0.28329796,0.20687975,0.13196518,0.21672153,0.0
315,0.16931352,0.1869891,0.13414763,0.08040716,0.20047355,0.22866908,0.0
316,0.32233772,0.0891875,0.13949636,0.12538084,0.0854383,0.23815925,0.0
317,0.09645008,0.05622691,0.26666105,0.28294852,0.11287608,0.18483737,0.0
318,0.10930119,0.10863113,0.12571952,0.40514854,0.13847895,0.11272061,0.0
319,0.1255074,0.38659516,0.1679239,0.05373688,0.16632517,0.09991144,0.0
320,0.16672851,0.17024043,0.22234061,0.12277527,0.1416325,0.17628266,0.0
321,0.21276858,0.27961966,0.09960382,0.19669087,0.07179638,0.1395206,0.0
322,0.07313573,0.12543374,0.17043054,0.3820603,0.13340104,0.11553872,0.0
323,0.09072278,0.12186248,0.11957863,0.1361891,0.35947344,0.1721736,0.0
324,0.2115338,0.26447016,0.25118327,0.05638903,0.05195625,0.16446748,0.0
325,0.10344745,0.34534755,0.13049941,0.09832324,0.05737443,0.26500794,0.0
326,0.08618812,0.07125068,0.26602829,0.07609565,0.1954065,0.30503076,0.0
327,0.24085721,0.13508649,0.07004713,0.06975506,0.22037992,0.26387426,0.0
328,0.1304068,0.12283425,0.19042647,0.2509881,0.08536826,0.21997623,0.0
329,0.14828621,0.12540002,0.3548555,0.08150046,0.09920528,0.19075252,0.0
330,0.12191288,0.1285126,0.127466,0.12857373,0.09596775,0.39756703,0.0
331,0.13477212,0.08668996,0.24615368,0.11832947,0.13530082,0.278754,0.0
332,0.21649778,0.1177036,0.15811665,0.20903902,0.14199613,0.15664682,0.0
333,0.09021594,0.18962729,0.27787432,0.07126896,0.11620181,0.25481167,0.0
334,0.09781083,0.1551893,0.33444306,0.12607628,0.10429471,0.18218578,0.0
335,0.15783556,0.08590143,0.37711057,0.09795751,0.18606067,0.09513431,0.0
336,0.1009087,0.09292525,0.2964813,0.18536843,0.20224066,0.12207563,0.0
337,0.33798733,0.12292388,0.18686728,0.12047456,0.08889594,0.14285104,0.0
338,0.1855662,0.29937544,0.10895798,0.09349298,0.21923529,0.09337217,0.0
339,0.18369174,0.0518108,0.22614521,0.22236969,0.11585492,0.20012759,0.0
340,0.15248962,0.33402303,0.06292974,0.17303872,0.16671912,0.11079979,0.0
341,0.2771367,0.09975439,0.22548191,0.14363308,0.16426536,0.0897285,0.0
342,0.18450813,0.06353056,0.19654909,0.20827359,0.20709477,0.14004382,0.0
343,0.06417088,0.20621593,0.33521867,0.23630477,0.08458035,0.0735094,0.0
344,0.14840615,0.32494447,0.11644921,0.0841831,0.05792849,0.26808855,0.0
345,0.0815096,0.19759047,0.05604376,0.21516274,0.29065752,0.15903595,0.0
346,0.09995335,0.18215704,0.1172196,0.28823626,0.12902066,0.18341309,0.0
347,0.21968737,0.18127929,0.11925868,0.10371257,0.09190723,0.2841549,0.0
348,0.17691348,0.12299614,0.13731255,0.28293896,0.17589213,0.10394669,0.0
349,0.25775823,0.26218802,0.18826039,0.1385962,0.05081921,0.10237786,0.0
350,0.16124955,0.11309212,0.09113017,0.17427826,0.24926616,0.21098371,0.0
351,0.23509884,0.09338186,0.08830405,0.32836637,0.10235634,0.15249246,0.0
352,0.27687958,0.2335643,0.09781732,0.15714793,0.09688839,0.13770252,0.0
353,0.22600412,0.05249724,0.16642329,0.26040572,0.0560075,0.23866218,0.0
354,0.08428155,0.07001065,0.08094145,0.39688972,0.29883447,0.06904215,0.0
355,0.14371148,0.13987638,0.11082955,0.12061618,0.2171286,0.26783782,0.0
356,0.1946711,0.23698398,0.0801236,0.12445298,0.26917294,0.09459549,0.0
357,0.09425831,0.2484811,0.17982209,0.07625641,0.10532224,0.29585984,0.0
358,0.1753293,0.11361948,0.05252912,0.341596,0.2650255,0.05190057,0.0
359,0.05829249,0.27701902,0.13395807,0.17406796,0.0720484,0.284614,0.0
360,0.08652309,0.17851403,0.13671163,0.2387925,0.06655774,0.29290107,0.0
361,0.12421156,0.174609,0.35691825,0.08882481,0.17523894,0.08019751,0.0
362,0.10724689,0.12751473,0.31517005,0.14584582,0.13366231,0.17056018,0.0
363,0.12466047,0.11910088,0.15997449,0.3028749,0.09492818,0.19846107,0.0
364,0.07652622,0.07917047,0.11417768,0.08415715,0.4843608,0.16160762,0.0
365,0.07836931,0.29283008,0.15293491,0.22187755,0.14593919,0.10804906,0.0
366,0.07707936,0.20286858,0.31510612,0.14029692,0.16298836,0.10166062,0.0
367,0.17147817,0.44109523,0.06442024,0.0749694,0.09577647,0.15226048,0.0
368,0.18680175,0.21919377,0.16236033,0.18741298,0.16665126,0.07757989,0.0
369,0.09266328,0.25521985,0.15079293,0.15325648,0.08561023,0.26245725,0.0
370,0.1475059,0.16196887,0.25393474,0.268646,0.10929461,0.05864994,0.0
371,0.3266741,0.23563226,0.0897034,0.06256331,0.06352905,0.22189794,0.0
372,0.10961884,0.205945,0.21219331,0.25494012,0.10069388,0.11660886,0.0
373,0.31844708,0.07931437,0.08803037,0.11933489,0.3100105,0.08486283,0.0
374,0.04433173,0.2070974,0.04923402,0.18828982,0.24641319,0.26463383,0.0
375,0.19370553,0.2056925,0.05906297,0.20178488,0.23005445,0.10969977,0.0
376,0.13120385,0.06167963,0.080365,0.34310836,0.3262664,0.05737676,0.0
377,0.18289444,0.17497467,0.07614361,0.05488189,0.3437994,0.16730604,0.0
378,0.18795961,0.15290706,0.29830527,0.17927097,0.06293918,0.1186179,0.0
379,0.33269933,0.07953497,0.2619535,0.1045315,0.07064394,0.1506367,0.0
380,0.0781051,0.1130117,0.09624738,0.34105012,0.17996538,0.19162029,0.0
381,0.14240181,0.1526261,0.20830788,0.2744661,0.1503438,0.07185441,0.0
382,0.08613048,0.4294112,0.16200922,0.11045402,0.12985978,0.08213529,0.0
383,0.08514846,0.23812255,0.19529913,0.08073757,0.1889442,0.21174799,0.0
384,0.28539026,0.07498505,0.21301508,0.07660574,0.10991072,0.24009326,0.0
385,0.148261,0.21588413,0.16032644,0.14002001,0.16138873,0.17411973,0.0
386,0.12195319,0.07365389,0.18050422,0.40641433,0.14848816,0.06898617,0.0
387,0.11912369,0.25244385,0.23614146,0.15798478,0.14316031,0.09114595,0.0
388,0.20897184,0.11415793,0.10082109,0.2827517,0.10882086,0.18447666,0.0
389,0.30042365,0.066719,0.09742402,0.05701517,0.17928812,0.29912996,0.0
390,0.08751576,0.24081406,0.10877284,0.08917665,0.35017648,0.12354424,0.0
391,0.08695673,0.11772632,0.10780577,0.14465907,0.1055308,0.4373213,0.0
392,0.1967597,0.16588534,0.08471198,0.07360493,0.3567815,0.12225655,0.0
393,0.27970335,0.15758124,0.08386978,0.07750579,0.12731287,0.274027,0.0
394,0.07084864,0.09195574,0.23999995,0.3770362,0.14408396,0.07607541,0.0
395,0.1683349,0.14334795,0.10009161,0.22205554,0.0714941,0.29467598,0.0
396,0.06502609,0.10897652,0.25713986,0.28644517,0.12216393,0.16024844,0.0
397,0.04624161,0.10199367,0.24532661,0.19803175,0.2389963,0.16940996,0.0
398,0.07118642,0.3098094,0.13333356,0.18442237,0.22408335,0.07716485,0.0
399,0.2526572,0.23047426,0.16424032,0.11033861,0.08540456,0.15688506,0.0
400,0.09913559,0.16651234,0.39635387,0.10478283,0.16934718,0.06386818,0.0
401,0.11652324,0.28895184,0.1364372,0.09710532,0.16271476,0.19826767,0.0
402,0.13604783,0.2179482,0.1625024,0.3310001,0.06287962,0.08962196,0.0
403,0.06163409,0.14508772,0.05847747,0.30835748,0.19706662,0.22937663,0.0
404,0.15654339,0.09186675,0.08661337,0.31422225,0.17499864,0.17575553,0.0
405,0.24725513,0.10603028,0.15126307,0.30686456,0.11000616,0.0785808,0.0
406,0.03920699,0.28189874,0.1206775,0.23289798,0.16273963,0.16257924,0.0
407,0.06922004,0.09692574,0.0921205,0.06989847,0.3344581,0.3373771,0.0
408,0.15388896,0.32803792,0.16760844,0.21378863,0.08415893,0.05251705,0.0
409,0.2103528,0.10009073,0.34202278,0.16906124,0.07303015,0.10544224,0.0
410,0.27921373,0.09251113,0.11706863,0.21557389,0.1561805,0.13945213,0.0
411,0.10151069,0.07516565,0.15671551,0.37314233,0.15501337,0.1384525,0.0
412,0.17644182,0.19266725,0.11574112,0.30212012,0.10559006,0.10743961,0.0
413,0.21690743,0.12119548,0.1198571,0.15836766,0.08773183,0.2959405,0.0
414,0.1814185,0.06316482,0.24801132,0.06221277,0.16454956,0.28064308,0.0
415,0.27689332,0.27653095,0.19042033,0.05866017,0.10764275,0.08985247,0.0
416,0.16737808,0.09815494,0.27109537,0.2301137,0.12335419,0.10990377,0.0
417,0.2667317,0.06689991,0.18530297,0.10436498,0.1625785,0.21412198,0.0
418,0.32621914,0.23394258,0.079366,0.12709105,0.13222602,0.10115521,0.0
419,0.3438344,0.21029772,0.07844621,0.12529022,0.06756296,0.17456855,0.0
420,0.06085713,0.20466569,0.1589371,0.11149973,0.19858718,0.26545322,0.0
421,0.21536236,0.13424154,0.23764363,0.18971057,0.10621925,0.11682268,0.0
422,0.15174699,0.05704007,0.27326074,0.04672352,0.3101022,0.16112652,0.0
423,0.2367875,0.14542273,0.18169494,0.26386115,0.10739542,0.06483836,0.0
424,0.07454681,0.31719413,0.17088494,0.2977874,0.06470093,0.07488582,0.0
425,0.15999825,0.09494755,0.16431479,0.26390007,0.09399039,0.22284903,0.0
426,0.10621037,0.08117958,0.30872384,0.14150055,0.12315504,0.23923069,0.0
427,0.087065,0.105706,0.22161911,0.26859006,0.05973214,0.25728774,0.0
428,0.16296263,0.15887506,0.265714,0.25558603,0.08567806,0.07118423,0.0
429,0.22068508,0.07856791,0.08502759,0.24333318,0.08946475,0.28292146,0.0
430,0.22111759,0.18917821,0.19073124,0.05734418,0.14423579,0.197393,0.0
431,0.08054144,0.11668518,0.18658634,0.16265671,0.3320233,0.12150715,0.0
432,0.19186068,0.3813526,0.08653434,0.11506969,0.0933622,0.13182053,0.0
433,0.13396135,0.25012255,0.34150648,0.0616283,0.1035504,0.10923091,0.0
434,0.17804547,0.1346534,0.20352598,0.1477157,0.22670022,0.10935917,0.0
435,0.16413634,0.3355,0.0847225,0.06336311,0.12224967,0.23002839,0.0
436,0.14664456,0.13764755,0.15008745,0.2607709,0.23974016,0.06510936,0.0
437,0.2983559,0.10349894,0.20353882,0.21844205,0.07123137,0.10493299,0.0
438,0.1597646,0.09999557,0.4299454,0.08977197,0.09791005,0.12261236,0.0
439,0.09639931,0.2114152,0.14325705,0.3961104,0.07658257,0.07623539,0.0
440,0.3770544,0.09774949,0.08715373,0.10449295,0.21681292,0.11673655,0.0
441,0.22862959,0.30751115,0.1128797,0.15288162,0.13318849,0.0649095,0.0
442,0.0818292,0.09311982,0.10368267,0.35273576,0.23370431,0.13492821,0.0
443,0.3117081,0.23102547,0.15137048,0.15626524,0.08255832,0.06707239,0.0
444,0.30093712,0.17370081,0.05903228,0.21680456,0.15885223,0.09067302,0.0
445,0.14506087,0.15976262,0.11282858,0.14952725,0.26093298,0.17188767,0.0
446,0.2154047,0.06542964,0.11487703,0.12519881,0.23023963,0.24885012,0.0
447,0.22085238,0.15704064,0.26142955,0.14851977,0.15563834,0.05651937,0.0
448,0.35871038,0.10634154,0.27404302,0.07708832,0.10410162,0.07971517,0.0
449,0.2520274,0.21255356,0.11049561,0.24034667,0.09976677,0.08480991,0.0
450,0.23427354,0.1767293,0.05371604,0.03542293,0.2511099,0.24874827,0.0
451,0.09200493,0.1066063,0.0844057,0.26155037,0.2659393,0.18949343,0.0
452,0.06085511,0.23458053,0.0840389,0.09831033,0.3111354,0.21107966,0.0
453,0.06858739,0.10902852,0.06353667,0.18083408,0.2747732,0.3032401,0.0
454,0.31554738,0.12053951,0.11347364,0.19268516,0.15265088,0.10510347,0.0
455,0.13875288,0.13622919,0.11140451,0.29416332,0.06752934,0.25192067,0.0
456,0.06485462,0.21034369,0.05802333,0.3249209,0.24436638,0.0974911,0.0
457,0.22642514,0.06154809,0.0681662,0.2708229,0.14307062,0.22996698,0.0
458,0.06482258,0.23402798,0.06553849,0.20530994,0.12415163,0.30614936,0.0
459,0.23385718,0.07411011,0.08065934,0.09170894,0.4132222,0.10644235,0.0
460,0.09237623,0.08997361,0.2445165,0.2337529,0.13991694,0.19946375,0.0
461,0.04464841,0.2774731,0.30196193,0.06572018,0.11109051,0.19910586,0.0
462,0.23757859,0.08113547,0.12143841,0.23237993,0.19060476,0.1368629,0.0
463,0.10573246,0.09263055,0.21690372,0.18100049,0.13623318,0.26749957,0.0
464,0.21199785,0.32261565,0.15138581,0.08575235,0.09560995,0.13263845,0.0
465,0.06439144,0.13065514,0.26273745,0.10420337,0.24611507,0.19189754,0.0
466,0.21486866,0.07345009,0.15605496,0.2305956,0.09737808,0.22765264,0.0
467,0.21877643,0.2789119,0.13699427,0.15754916,0.10705491,0.10071336,0.0
468,0.17307124,0.31369704,0.10017923,0.13808031,0.05868003,0.21629204,0.0
469,0.09545946,0.29906625,0.15192972,0.09581915,0.28128633,0.07643915,0.0
470,0.16756229,0.18968801,0.13537717,0.15666996,0.2249236,0.12577906,0.0
471,0.1823463,0.15611155,0.09318049,0.05880616,0.22070274,0.28885278,0.0
472,0.08310157,0.08076832,0.06161357,0.30132493,0.35118026,0.12201137,0.0
473,0.20294152,0.11795816,0.11839215,0.20309031,0.1864695,0.17114837,0.0
474,0.09585073,0.12190419,0.08015421,0.06306285,0.36242214,0.27660587,0.0
475,0.12341288,0.10832895,0.17186001,0.1163869,0.22445843,0.25555292,0.0
476,0.07491252,0.27476597,0.25602078,0.15255281,0.16464177,0.07710607,0.0
477,0.24938868,0.25295714,0.12428144,0.11563909,0.08711868,0.17061494,0.0
478,0.07020523,0.07194085,0.31846985,0.1932879,0.24862759,0.09746859,0.0
479,0.1675731,0.16561984,0.09094718,0.12358823,0.19160974,0.2606619,0.0
480,0.07711046,0.09611952,0.23371571,0.09263057,0.1529432,0.3474806,0.0
481,0.14644413,0.15892576,0.34019154,0.1708805,0.06173182,0.12182628,0.0
482,0.34045136,0.06919895,0.18627788,0.15233074,0.16065742,0.09108365,0.0
483,0.18607982,0.10231403,0.09539299,0.13272218,0.38466832,0.09882274,0.0
484,0.09004068,0.1892611,0.33583397,0.17968138,0.13350663,0.07167627,0.0
485,0.12359525,0.06182398,0.3571971,0.14210199,0.2301085,0.08517323,0.0
486,0.241367,0.08231212,0.10489187,0.29829276,0.05175085,0.2213855,0.0
487,0.27497736,0.04693698,0.14334194,0.2582821,0.12128933,0.15517223,0.0
488,0.2467885,0.1685681,0.05632668,0.2511433,0.19093505,0.08623838,0.0
489,0.1219362,0.2768081,0.1255811,0.32049748,0.08008963,0.07508759,0.0
490,0.11507607,0.13151847,0.13199146,0.20608835,0.191037,0.22428867,0.0
491,0.31564325,0.05931828,0.11406215,0.1411514,0.27128837,0.09853651,0.0
492,0.20737559,0.16646494,0.21742408,0.20842957,0.1006657,0.09964017,0.0
493,0.07237808,0.20242022,0.3185762,0.10896362,0.22824451,0.06941737,0.0
494,0.1169096,0.07356456,0.12892896,0.2715826,0.16399501,0.2450193,0.0
495,0.1100193,0.16284727,0.16884537,0.14012484,0.22291198,0.19525123,0.0
496,0.15396102,0.15513283,0.21752563,0.08409169,0.12465639,0.26463243,0.0
497,0.08484222,0.2289358,0.12216221,0.07807261,0.32722554,0.15876164,0.0
498,0.3204383,0.31120282,0.12187835,0.09179593,0.05236101,0.10232365,0.0
499,0.09711602,0.31456617,0.15118593,0.05979084,0.22172908,0.15561187,0.0
500,0.259424,0.13509005,0.22156052,0.24685769,0.06894249,0.06812529,0.0
501,0.19455372,0.30342823,0.2662008,0.08512783,0.07206102,0.07862836,0.0
502,0.15642092,0.10138089,0.18640764,0.20160082,0.27304414,0.08114561,0.0
503,0.12692983,0.27913487,0.06018498,0.06347723,0.1325613,0.33771184,0.0
504,0.26878566,0.21032092,0.21976323,0.06966707,0.10045211,0.13101102,0.0
505,0.1713539,0.10834826,0.3711488,0.12915933,0.14318472,0.07680497,0.0
506,0.14385486,0.0645647,0.06343142,0.29829356,0.0625931,0.36726233,0.0
507,0.22289366,0.19221392,0.2095375,0.21224578,0.11880189,0.04430719,0.0
508,0.1411019,0.12846614,0.20388128,0.09647235,0.21455419,0.21552418,0.0
509,0.09907185,0.13704044,0.27143568,0.25774324,0.10440013,0.13030866,0.0
510,0.15178736,0.17933986,0.10756763,0.10641811,0.33858135,0.11630575,0.0
511,0.06692751,0.3092774,0.23113073,0.23832026,0.09858367,0.05576044,0.0
512,0.08227273,0.14398777,0.05188402,0.14005679,0.2173656,0.3644331,0.0
513,0.29502296,0.1776435,0.237785,0.12986062,0.07549291,0.08419503,0.0
514,0.09698252,0.08302462,0.21979143,0.38036177,0.1612162,0.05862354,0.0
515,0.12710115,0.15361865,0.2504401,0.10546,0.25709218,0.10628795,0.0
516,0.11923831,0.09776539,0.21441361,0.3553724,0.1373215,0.07588886,0.0
517,0.17519566,0.21642582,0.19073501,0.1221472,0.24294674,0.05254951,0.0
518,0.10720098,0.19302869,0.09391853,0.05901385,0.30406046,0.24277744,0.0
519,0.13942006,0.07058863,0.08021929,0.32801837,0.07966889,0.3020847,0.0
520,0.12870827,0.10114253,0.09367458,0.3881516,0.07420256,0.21412049,0.0
521,0.16220151,0.07453456,0.13504031,0.1581234,0.1886423,0.28145793,0.0
522,0.06410149,0.1476053,0.28997478,0.2388345,0.11175834,0.14772561,0.0
523,0.339093,0.06956083,0.10366153,0.15786281,0.10790337,0.22191842,0.0
524,0.04948309,0.2291869,0.27924982,0.17051862,0.0641553,0.20740624,0.0
525,0.19955029,0.06061234,0.27529517,0.26792818,0.07628143,0.12033258,0.0
526,0.20310725,0.20781022,0.21448874,0.11971909,0.03417589,0.22069871,0.0
527,0.3150148,0.08077503,0.19491872,0.1834464,0.06519756,0.16064747,0.0
528,0.06075254,0.34388658,0.05742434,0.1194682,0.11951464,0.2989536,0.0
529,0.32182485,0.27774653,0.07499756,0.08143417,0.07035999,0.1736369,0.0
530,0.15796052,0.31566533,0.1094603,0.12855025,0.17747979,0.11088373,0.0
531,0.2027875,0.1550125,0.34220046,0.1308274,0.09074689,0.0784253,0.0
532,0.09901948,0.18801396,0.10377741,0.22681284,0.12630261,0.25607365,0.0
533,0.11840505,0.21213251,0.15033199,0.20929736,0.21334822,0.0964849,0.0
534,0.17115922,0.06835661,0.14238462,0.24577679,0.29245478,0.07986797,0.0
535,0.3276442,0.07129162,0.148614,0.14347541,0.09788237,0.2110924,0.0
536,0.06980255,0.20216052,0.18298492,0.1656802,0.15108395,0.22828794,0.0
537,0.09501684,0.3772166,0.05666329,0.2236195,0.14022571,0.10725804,0.0
538,0.21412246,0.18416084,0.09886186,0.20898189,0.21980941,0.0740636,0.0
539,0.26931742,0.12172996,0.28598326,0.04273196,0.17966154,0.10057592,0.0
540,0.21428862,0.23248878,0.12501273,0.18165798,0.15468606,0.09186585,0.0
541,0.09860124,0.09901159,0.07557414,0.23602353,0.29886013,0.19192931,0.0
542,0.2811668,0.11381614,0.09384616,0.2558936,0.09906067,0.15621674,0.0
543,0.15652405,0.18410407,0.34629115,0.09700669,0.11756802,0.09850597,0.0
544,0.10226559,0.0792497,0.22481716,0.16347009,0.23957324,0.1906242,0.0
545,0.07434299,0.27160886,0.15601219,0.252602,0.08757137,0.15786259,0.0
546,0.26828662,0.26612937,0.13664614,0.06707882,0.07695328,0.1849058,0.0
547,0.28924438,0.07110598,0.1469355,0.06221097,0.22265483,0.20784834,0.0
548,0.21247979,0.1041352,0.31614897,0.13646309,0.13104235,0.09973065,0.0
549,0.05642792,0.08152256,0.16059092,0.19650106,0.2692376,0.23571992,0.0
550,0.11863407,0.06328811,0.3382535,0.14642195,0.11369435,0.21970803,0.0
551,0.0995378,0.06235741,0.10488998,0.2247739,0.28643698,0.2220039,0.0
552,0.07901556,0.22569905,0.26677945,0.07302377,0.28789586,0.06758638,0.0
553,0.19199693,0.25702518,0.11147238,0.10991187,0.27172986,0.05786369,0.0
554,0.1384,0.13857786,0.21590322,0.05676832,0.24419309,0.20615754,0.0
555,0.13437222,0.09946222,0.3376223,0.15851218,0.1805771,0.08945395,0.0
556,0.24449474,0.13973562,0.17107502,0.26625848,0.12853518,0.04990095,0.0
557,0.2330948,0.14907424,0.06209975,0.2972991,0.19918816,0.05924401,0.0
558,0.12831987,0.10746014,0.12988499,0.17396766,0.20248906,0.25787824,0.0
559,0.13318066,0.12998469,0.14343989,0.1488101,0.38157138,0.06301325,0.0
560,0.12152255,0.15847698,0.2111465,0.12084261,0.18258084,0.2054306,0.0
561,0.06519677,0.06600381,0.28768423,0.08731852,0.38883072,0.104966,0.0
562,0.07463805,0.0955053,0.32605675,0.24466318,0.14541377,0.11372295,0.0
563,0.20670557,0.18137196,0.17225724,0.2249229,0.13162923,0.08311315,0.0
564,0.21041948,0.26625982,0.04731042,0.05125727,0.12800601,0.29674703,0.0
565,0.10725188,0.05905165,0.0832736,0.15887459,0.3769472,0.21460104,0.0
566,0.2356683,0.07058521,0.12819688,0.24550936,0.11658851,0.2034517,0.0
567,0.23608372,0.07566742,0.25500965,0.14313182,0.1380505,0.15205687,0.0
568,0.32364383,0.14448388,0.15539229,0.08454166,0.15433076,0.13760756,0.0
569,0.06013846,0.22550267,0.24642174,0.11459614,0.09782562,0.2555154,0.0
570,0.09533892,0.3377729,0.28548133,0.07060049,0.14145382,0.06935248,0.0
571,0.17300242,0.07859188,0.09633756,0.16230394,0.3593597,0.13040447,0.0
572,0.06978457,0.07494197,0.4330536,0.08574387,0.23165865,0.10481728,0.0
573,0.11209932,0.22468089,0.24789338,0.08669499,0.23359169,0.09503967,0.0
574,0.10137557,0.08944921,0.27693978,0.26156208,0.15644017,0.1142332,0.0
575,0.1115064,0.16920373,0.12441083,0.08179861,0.13131674,0.38176376,0.0
576,0.1883864,0.13711932,0.10017055,0.10302942,0.39044276,0.08085153,0.0
577,0.2012639,0.07231209,0.12767532,0.2971001,0.06399152,0.23765714,0.0
578,0.06260493,0.3250741,0.20581126,0.11658133,0.15633206,0.13359629,0.0
579,0.2331524,0.0481264,0.2053775,0.05887183,0.30662024,0.14785169,0.0
580,0.1810879,0.08323593,0.18837856,0.08865152,0.15854603,0.3001,0.0
581,0.06180098,0.23194689,0.14683335,0.18411697,0.20602253,0.1692793,0.0
582,0.39494842,0.09735154,0.13013382,0.14739895,0.06479213,0.16537511,0.0
583,0.22624613,0.06567971,0.19727673,0.26791233,0.05316513,0.1897199,0.0
584,0.24947596,0.11501469,0.08031175,0.09949059,0.26727667,0.1884303,0.0
585,0.06332286,0.06393051,0.19209343,0.10043489,0.28382203,0.2963963,0.0
586,0.3625345,0.07134445,0.21677877,0.08608574,0.18733822,0.07591836,0.0
587,0.23651841,0.06260805,0.26866704,0.06721642,0.07078272,0.29420742,0.0
588,0.18011113,0.3494375,0.05973582,0.13665968,0.1288561,0.14519979,0.0
589,0.27674437,0.09194797,0.13706744,0.1282409,0.13513139,0.23086792,0.0
590,0.09384575,0.24254097,0.12851413,0.09220099,0.30854756,0.1343506,0.0
591,0.09445129,0.30435196,0.10239769,0.24302877,0.19518685,0.06058348,0.0
592,0.07749468,0.19648857,0.08814712,0.29745445,0.1559511,0.1844641,0.0
593,0.09936174,0.18908525,0.07225247,0.26972827,0.25619808,0.11337417,0.0
594,0.04865621,0.09836686,0.27526152,0.27396557,0.08626506,0.21748485,0.0
595,0.11886813,0.19903159,0.14417621,0.25519228,0.13094948,0.15178221,0.0
596,0.1864691,0.15866946,0.19252963,0.11678238,0.16257827,0.1829711,0.0
597,0.39363503,0.10604125,0.10327595,0.15579383,0.09173939,0.14951451,0.0
598,0.09509613,0.32023194,0.12895958,0.15833272,0.0622385,0.23514098,0.0
599,0.3516157,0.12928909,0.06205779,0.23745677,0.15163551,0.06794506,0.0
600,0.2758866,0.09469505,0.16694269,0.25751865,0.13474275,0.0702142,0.0
601,0.1427248,0.12977189,0.06963032,0.07464489,0.17084539,0.41238275,0.0
602,0.26228574,0.1089638,0.22521508,0.23315012,0.1207194,0.0496659,0.0
603,0.37286046,0.1017357,0.14713287,0.07018494,0.107344,0.20074198,0.0
604,0.08541518,0.23149094,0.25772417,0.15458831,0.1519316,0.11884978,0.0
605,0.1536137,0.09975322,0.08612386,0.12537313,0.39562404,0.13951203,0.0
606,0.07062242,0.24494056,0.1622983,0.09115552,0.11336432,0.31761882,0.0
607,0.22174552,0.10231067,0.15496789,0.13727501,0.20031574,0.1833852,0.0
608,0.04989718,0.11721612,0.22860795,0.28045994,0.2711331,0.05268573,0.0
609,0.05616712,0.06536808,0.18578999,0.07641678,0.30846182,0.30779624,0.0
610,0.13801023,0.10748513,0.12011907,0.17742914,0.20850925,0.24844714,0.0
611,0.12258767,0.11531026,0.21258071,0.37648827,0.0982731,0.07476002,0.0
612,0.17008248,0.17068112,0.2184437,0.17482522,0.07795022,0.18801723,0.0
613,0.32200938,0.07544589,0.22242412,0.23205361,0.09384672,0.05422022,0.0
614,0.11379266,0.1035938,0.05105939,0.26766074,0.19071683,0.27317655,0.0
615,0.21488273,0.10621615,0.3307922,0.04630825,0.14736922,0.15443142,0.0
616,0.21820018,0.12412071,0.3187268,0.07818603,0.21224329,0.04852288,0.0
617,0.06554177,0.21918014,0.09405764,0.25036088,0.12744145,0.24341808,0.0
618,0.08879448,0.32911018,0.08183017,0.3051465,0.07724039,0.11787827,0.0
619,0.33665097,0.19559455,0.08222404,0.09864347,0.11288341,0.17400354,0.0
620,0.15442668,0.1973524,0.05551814,0.23028906,0.27885553,0.08355818,0.0
621,0.12881097,0.13605376,0.09905093,0.31414825,0.15464385,0.16729234,0.0
622,0.20356236,0.0809942,0.11587811,0.435791,0.08339883,0.08037546,0.0
623,0.15591079,0.22391698,0.08265221,0.21729253,0.25882939,0.06139809,0.0
624,0.23411389,0.26613358,0.13110405,0.08745559,0.07833081,0.20286211,0.0
625,0.24143776,0.07955534,0.09144498,0.29507214,0.09306946,0.19942044,0.0
626,0.25055212,0.1808218,0.08542131,0.29128084,0.06257676,0.12934719,0.0
627,0.30430633,0.24013785,0.17154986,0.0891541,0.10434826,0.09050361,0.0
628,0.3404182,0.29925093,0.05381279,0.12958683,0.05409092,0.12284034,0.0
629,0.22098711,0.12549336,0.24848212,0.09757396,0.26486737,0.04259607,0.0
630,0.0833015,0.26540545,0.12846537,0.22346449,0.2062517,0.09311152,0.0
631,0.1900751,0.15518144,0.28639948,0.14755951,0.06608533,0.15469919,0.0
632,0.06085298,0.15937507,0.07035277,0.2900343,0.12609246,0.29329243,0.0
633,0.08629247,0.21899135,0.11076844,0.39538866,0.12141932,0.06713978,0.0
634,0.07829598,0.27369875,0.25765225,0.05673699,0.14210735,0.1915086,0.0
635,0.07834295,0.16870086,0.14037246,0.18965672,0.23164675,0.19128025,0.0
636,0.06937025,0.2937474,0.11150126,0.19707273,0.06812798,0.2601804,0.0
637,0.23737322,0.2811114,0.10952955,0.1523441,0.11490592,0.10473581,0.0
638,0.21743555,0.14459401,0.07562665,0.33190122,0.10130724,0.12913534,0.0
639,0.14959206,0.23241185,0.22212517,0.112453,0.17804556,0.1053724,0.0
640,0.22033371,0.16074106,0.05539946,0.19319582,0.06856198,0.30176803,0.0
641,0.08019634,0.24419796,0.23774828,0.0604426,0.06962907,0.30778584,0.0
642,0.14039277,0.34415165,0.19401497,0.17394091,0.08858762,0.05891213,0.0
643,0.40477479,0.12189516,0.17614621,0.08389045,0.08189322,0.13140015,0.0
644,0.21505934,0.28181824,0.24865027,0.08516488,0.06879014,0.10051718,0.0
645,0.19754578,0.1510197,0.14397621,0.06253149,0.15698017,0.28794658,0.0
646,0.26125225,0.08202802,0.21994339,0.28414723,0.06384731,0.08878178,0.0
647,0.26710635,0.15306753,0.16842878,0.15825942,0.16271727,0.09042059,0.0
648,0.08306723,0.11581529,0.3403853,0.0932425,0.19313939,0.17435034,0.0
649,0.14450836,0.08516207,0.2168655,0.30175784,0.09581527,0.15589094,0.0
650,0.11971899,0.20571516,0.04931798,0.08129376,0.24283408,0.30112004,0.0
651,0.06850705,0.11253991,0.22947168,0.21285903,0.162464,0.21415839,0.0
652,0.21046881,0.11327368,0.11122049,0.09448642,0.21361706,0.25693354,0.0
653,0.10333764,0.1203516,0.07411425,0.37019303,0.26864335,0.06336018,0.0
654,0.12077858,0.14704815,0.14176333,0.21374701,0.16841723,0.20824571,0.0
655,0.20209916,0.09130802,0.07781162,0.33261183,0.11277907,0.18339027,0.0
656,0.18779561,0.24640538,0.0725919,0.19234316,0.1968158,0.10404811,0.0
657,0.36990947,0.14802113,0.18153982,0.11467509,0.124262,0.06159249,0.0
658,0.10275447,0.36366108,0.09604113,0.07866018,0.10450258,0.25438055,0.0
659,0.07995012,0.4546082,0.1170662,0.11651976,0.09017615,0.14167951,0.0
660,0.19641867,0.07783873,0.20109338,0.35865334,0.10500017,0.06099571,0.0
661,0.08851385,0.06000389,0.10386471,0.29180723,0.2099738,0.24583644,0.0
662,0.21018158,0.07586392,0.05634604,0.21632117,0.32334352,0.11794379,0.0
663,0.14893581,0.07387625,0.19564736,0.13310339,0.3249583,0.12347887,0.0
664,0.32018396,0.07301673,0.19535355,0.09906082,0.1064845,0.20590039,0.0
665,0.22962432,0.2530479,0.07415032,0.12815063,0.19371977,0.121307,0.0
666,0.11435634,0.07163053,0.06831137,0.15613395,0.36343062,0.22613718,0.0
667,0.16782036,0.1662386,0.17749095,0.23100552,0.14928441,0.10816014,0.0
668,0.10810686,0.14322767,0.40477276,0.0913479,0.14125949,0.11128534,0.0
669,0.25650066,0.08125207,0.12505971,0.1489681,0.23931508,0.14890435,0.0
670,0.24283065,0.23859952,0.24695247,0.04967328,0.09990893,0.12203515,0.0
671,0.09296924,0.1011561,0.10410893,0.19815338,0.07401691,0.42959544,0.0
672,0.2878017,0.08551572,0.08656445,0.2706441,0.12510338,0.14437065,0.0
673,0.24943204,0.0486084,0.08010083,0.32395867,0.14982954,0.14807054,0.0
674,0.15746753,0.2089927,0.14514002,0.15867177,0.17621654,0.1535114,0.0
675,0.20967187,0.23792914,0.0414077,0.09470722,0.17741255,0.2388716,0.0
676,0.17875387,0.2565209,0.18630546,0.15649548,0.0939211,0.1280032,0.0
677,0.14164384,0.19871679,0.0776137,0.16734016,0.20253415,0.21215142,0.0
678,0.20767197,0.14240073,0.16772471,0.15817837,0.2729019,0.05112229,0.0
679,0.21610644,0.10935301,0.06983417,0.31493863,0.05381275,0.23595497,0.0
680,0.09390665,0.1928918,0.0877637,0.2461698,0.08042464,0.29884338,0.0
681,0.17727081,0.1458206,0.10834354,0.13802965,0.22180904,0.2087263,0.0
682,0.13604112,0.15533206,0.12599882,0.29766285,0.11360135,0.17136383,0.0
683,0.0588889,0.29872474,0.20193744,0.23514268,0.09053907,0.1147671,0.0
684,0.16426116,0.07408572,0.34365046,0.16481496,0.11157744,0.14161026,0.0
685,0.32188177,0.16347642,0.15308698,0.08702552,0.16717428,0.10735497,0.0
686,0.15102473,0.05955222,0.14344755,0.1927282,0.20381922,0.2494281,0.0
687,0.11954395,0.22515045,0.0732846,0.20560145,0.13417833,0.24224116,0.0
688,0.13576241,0.083026,0.18611296,0.11913942,0.33895758,0.13700166,0.0
689,0.1148935,0.3210393,0.07502102,0.2632296,0.13743614,0.0883805,0.0
690,0.13464712,0.2285098,0.06294363,0.10298459,0.29243842,0.17847647,0.0
691,0.35553026,0.24590127,0.0645927,0.17587645,0.089762,0.0683373,0.0
692,0.05113911,0.27046442,0.2952696,0.15795477,0.11010922,0.11506292,0.0
693,0.2519559,0.21554555,0.11279418,0.10006888,0.077558,0.24207744,0.0
694,0.11271999,0.31540835,0.12731048,0.16867258,0.2193197,0.05656887,0.0
695,0.23009256,0.17487602,0.26389548,0.21860713,0.04960369,0.06292509,0.0
696,0.06448413,0.11831283,0.21652864,0.18841307,0.09952161,0.31273973,0.0
697,0.15873791,0.11488191,0.09980835,0.3509078,0.14681144,0.12885259,0.0
698,0.26169127,0.08897132,0.08085642,0.25911143,0.14930065,0.16006887,0.0
699,0.07643633,0.3227892,0.2980297,0.08241453,0.12707338,0.0932568,0.0
700,0.07580286,0.17112032,0.17067975,0.282495,0.24167247,0.05822955,0.0
701,0.24258918,0.0668965,0.32301977,0.11701412,0.14017515,0.11030532,0.0
702,0.12019515,0.28222838,0.06031839,0.11750144,0.3135764,0.10618031,0.0
703,0.20006974,0.09718297,0.3404147,0.11033627,0.14437822,0.10761815,0.0
704,0.21935171,0.24977706,0.20574845,0.06800528,0.1934195,0.06369789,0.0
705,0.13303444,0.18948972,0.3585198,0.11609479,0.08586771,0.11699351,0.0
706,0.13508098,0.04583772,0.05269694,0.28422925,0.28373185,0.1984232,0.0
707,0.09451836,0.11390492,0.13865404,0.10428577,0.27968463,0.2689523,0.0
708,0.08415404,0.17446488,0.1750961,0.1534693,0.25967258,0.1531431,0.0
709,0.13009502,0.06894641,0.20454648,0.2536941,0.06206874,0.28064924,0.0
710,0.10200694,0.08685836,0.33990642,0.08629367,0.06099872,0.32393584,0.0
711,0.23118386,0.20537716,0.10964828,0.10374137,0.23726268,0.11278666,0.0
712,0.18687153,0.11604623,0.08584211,0.23187174,0.30771503,0.0716533,0.0
713,0.09358152,0.1333519,0.28329444,0.1171765,0.13027658,0.24231905,0.0
714,0.2765378,0.10189047,0.10802818,0.12268472,0.24015367,0.15070522,0.0
715,0.15617822,0.08415314,0.07504072,0.29182377,0.33924556,0.05355868,0.0
716,0.18265903,0.10934647,0.19061211,0.19485012,0.10568726,0.21684507,0.0
717,0.14323817,0.06881671,0.21460472,0.2438656,0.04404669,0.2854281,0.0
718,0.12266031,0.15229642,0.24941656,0.06247347,0.20832495,0.20482822,0.0
719,0.13685589,0.19420801,0.09624317,0.21190837,0.25088492,0.10989971,0.0
720,0.38883302,0.05658006,0.0860959,0.06516966,0.10587236,0.297449,0.0
721,0.2778384,0.17226642,0.08777411,0.07322457,0.14205532,0.24684113,0.0
722,0.16903834,0.13274626,0.23717432,0.3359432,0.06645033,0.05864744,0.0
723,0.12723802,0.09688104,0.08619657,0.22812639,0.38619766,0.07536028,0.0
724,0.10438368,0.32361078,0.26137948,0.08257652,0.13752647,0.09052307,0.0
725,0.0707318,0.20807697,0.22216159,0.06002311,0.18807003,0.25093645,0.0
726,0.06059182,0.05719314,0.05954019,0.2093654,0.2725857,0.3407237,0.0
727,0.06218225,0.08857035,0.16948214,0.10846532,0.24903981,0.3222601,0.0
728,0.27672803,0.14251375,0.17967871,0.05543284,0.0479981,0.29764852,0.0
729,0.13581578,0.36547926,0.08466236,0.13405915,0.1615627,0.11842075,0.0
730,0.14951976,0.16382301,0.30984142,0.09092987,0.13355033,0.15233557,0.0
731,0.08247831,0.08251516,0.36034837,0.13592249,0.10455278,0.23418294,0.0
732,0.20910648,0.03083251,0.16307524,0.21839328,0.18932872,0.18926388,0.0
733,0.15125754,0.10246352,0.2651426,0.09705216,0.2895507,0.09453354,0.0
734,0.24370681,0.23729688,0.13413066,0.25250047,0.08249112,0.04987402,0.0
735,0.15272158,0.07930124,0.17772187,0.3041156,0.15412408,0.13201563,0.0
736,0.06573544,0.44488335,0.07390645,0.19196783,0.09447457,0.12903243,0.0
737,0.20224258,0.05650819,0.06299021,0.36364788,0.16404088,0.15057029,0.0
738,0.16659452,0.10975256,0.27130657,0.14378329,0.1965843,0.11197884,0.0
739,0.17431147,0.1835022,0.19356865,0.24278611,0.15209302,0.05373851,0.0
740,0.22253169,0.05053741,0.06925097,0.25899893,0.2988443,0.09983667,0.0
741,0.11600524,0.15313466,0.2581586,0.07793824,0.22263983,0.1721235,0.0
742,0.31225997,0.06410699,0.0840798,0.15696925,0.26851103,0.11407296,0.0
743,0.18765761,0.15763398,0.05862645,0.1860073,0.2745736,0.135501,0.0
744,0.18762007,0.09846549,0.37768507,0.13024908,0.14094196,0.06503832,0.0
745,0.09831418,0.08276587,0.3770656,0.13711727,0.20299241,0.1017447,0.0
746,0.10917433,0.17930315,0.05918712,0.19461492,0.22201596,0.23570453,0.0
747,0.06999496,0.24653469,0.29367048,0.21204889,0.09345014,0.08430085,0.0
748,0.18510644,0.08251226,0.08455642,0.15442367,0.07357496,0.41982624,0.0
749,0.16602075,0.12892422,0.09425759,0.33186188,0.09947594,0.17945966,0.0
750,0.05875451,0.14269334,0.19729042,0.2683432,0.2450563,0.08786224,0.0
751,0.15270072,0.20629668,0.0756292,0.16565846,0.16725825,0.23245667,0.0
752,0.06382383,0.28554872,0.06953538,0.3500223,0.10881212,0.12225767,0.0
753,0.07176293,0.08420231,0.25930306,0.2750305,0.07646471,0.23323649,0.0
754,0.06989856,0.20409791,0.09883536,0.07943859,0.2423642,0.30536535,0.0
755,0.1797417,0.08228708,0.09500955,0.21489517,0.17387608,0.2541904,0.0
756,0.05159685,0.13158435,0.34001538,0.10800284,0.30873162,0.06006889,0.0
757,0.2735133,0.34244058,0.1329296,0.06315519,0.08233351,0.10562784,0.0
758,0.11203247,0.31253064,0.06541529,0.17478181,0.06318191,0.27205786,0.0
759,0.2635669,0.25722983,0.16399357,0.11450399,0.1459982,0.05470754,0.0
760,0.2732251,0.12015302,0.191452,0.12960362,0.10467125,0.18089506,0.0
761,0.05312137,0.25340605,0.26558825,0.12269575,0.19202408,0.11316454,0.0
762,0.2633992,0.05251112,0.25624025,0.23212276,0.07675999,0.11896666,0.0
763,0.13211878,0.20072332,0.23661968,0.10576715,0.2130713,0.11169979,0.0
764,0.05033974,0.12744178,0.2199884,0.30000013,0.25624624,0.04598377,0.0
765,0.11119091,0.13292117,0.2900955,0.15455969,0.11674489,0.19448785,0.0
766,0.2974051,0.15929265,0.07140013,0.12866116,0.25887713,0.08436392,0.0
767,0.22008653,0.08463102,0.3524656,0.19284914,0.08232623,0.06764139,0.0
768,0.12759757,0.15871438,0.3671641,0.15928362,0.11707021,0.07017008,0.0
769,0.15077339,0.24854131,0.16596228,0.06423283,0.17619954,0.19429071,0.0
770,0.25175825,0.28617656,0.07377362,0.12507053,0.1993105,0.06391066,0.0
771,0.25307232,0.27234143,0.15595552,0.18762347,0.06937741,0.06162982,0.0
772,0.07381815,0.12334195,0.1468041,0.35000807,0.09690347,0.20912427,0.0
773,0.12280409,0.20840323,0.28055578,0.1458228,0.18463172,0.05778232,0.0
774,0.24929278,0.3879622,0.13098356,0.08371382,0.06528103,0.08276661,0.0
775,0.23165432,0.23353401,0.27686673,0.12302471,0.07140779,0.06351235,0.0
776,0.18093163,0.28282306,0.11072562,0.09880284,0.20134737,0.12536943,0.0
777,0.11102822,0.36211607,0.08150965,0.12454852,0.25125334,0.06954412,0.0
778,0.14873199,0.19928786,0.10190683,0.10940813,0.3040876,0.13657755,0.0
779,0.28633934,0.11119542,0.0844895,0.10144889,0.35465285,0.0618741,0.0
780,0.05289834,0.2425341,0.08699907,0.20394228,0.11209824,0.301528,0.0
781,0.2620955,0.07234232,0.1815496,0.08839268,0.28362703,0.11199278,0.0
782,0.36644042,0.20290318,0.07318357,0.15524285,0.10759529,0.09463467,0.0
783,0.3055714,0.12060161,0.3601848,0.06593592,0.09298856,0.05471773,0.0
784,0.18382826,0.2573042,0.12377314,0.26605833,0.06760438,0.10143174,0.0
785,0.13538215,0.2697268,0.19440138,0.05395773,0.20989321,0.13663867,0.0
786,0.19462505,0.3158188,0.11852136,0.15362097,0.12251181,0.09490202,0.0
787,0.17019755,0.14835252,0.15115593,0.15101545,0.12717108,0.25210753,0.0
788,0.13386181,0.33238658,0.08481936,0.1323424,0.24950044,0.0670894,0.0
789,0.1694681,0.07776592,0.10833307,0.09416793,0.12054698,0.42971808,0.0
790,0.38007137,0.11217827,0.10154286,0.08179392,0.26711515,0.05729842,0.0
791,0.22151452,0.37267375,0.10121942,0.08252177,0.08047394,0.14159662,0.0
792,0.09387373,0.21651617,0.09685399,0.07581519,0.41163,0.10531097,0.0
793,0.06553955,0.31370535,0.0575202,0.11161481,0.23914568,0.21247439,0.0
794,0.15979199,0.23553671,0.14219162,0.20380367,0.1471121,0.11156389,0.0
795,0.09449102,0.21670026,0.08158584,0.09054499,0.34044212,0.17623577,0.0
796,0.09220188,0.12459267,0.11260136,0.09482656,0.26457047,0.3112071,0.0
797,0.13080558,0.1971643,0.30519372,0.12720829,0.09985302,0.13977508,0.0
798,0.0778402,0.0922932,0.26547334,0.284056,0.10695842,0.17337887,0.0
799,0.11104455,0.10307761,0.22671492,0.06121333,0.32846308,0.16948652,0.0
800,0.06185181,0.19840209,0.07650457,0.30808854,0.18835463,0.16679828,0.0
801,0.23656124,0.1069635,0.16785137,0.12838456,0.24821663,0.1120227,0.0
802,0.14573535,0.27228504,0.19242063,0.20109792,0.11582616,0.07263489,0.0
803,0.08349982,0.11903194,0.06856033,0.10969117,0.43830448,0.18091221,0.0
804,0.1000142,0.15372653,0.29652792,0.06588413,0.18621652,0.19763076,0.0
805,0.1406042,0.12467227,0.21840487,0.23378438,0.11145809,0.1710762,0.0
806,0.17204382,0.17912287,0.09643537,0.08738224,0.07849946,0.3865162,0.0
807,0.15740745,0.0652549,0.12054026,0.24820432,0.23453641,0.17405662,0.0
808,0.13327567,0.20461823,0.15016922,0.28757995,0.10508534,0.11927156,0.0
809,0.0526555,0.30410203,0.18800178,0.12972628,0.19728005,0.12823433,0.0
810,0.20013653,0.15049906,0.26007584,0.12629338,0.15485668,0.10813852,0.0
811,0.15630372,0.25808606,0.12181371,0.05134936,0.31066087,0.10178636,0.0
812,0.12961392,0.14830214,0.2893357,0.0879746,0.05337,0.2914037,0.0
813,0.07953852,0.16986337,0.24516442,0.10090474,0.30412817,0.10040074,0.0
814,0.29024637,0.07083819,0.09821642,0.2656242,0.08645693,0.18861796,0.0
815,0.28892973,0.19362837,0.0876029,0.28039283,0.0635739,0.08587223,0.0
816,0.29730082,0.15785769,0.21926764,0.09650357,0.05904672,0.17002356,0.0
817,0.2879646,0.19274236,0.26610753,0.06639659,0.06546339,0.1213255,0.0
818,0.24753709,0.16186681,0.13283734,0.15247531,0.11617725,0.18910623,0.0
819,0.20498137,0.12460634,0.22434057,0.18134812,0.11790098,0.14682266,0.0
820,0.0627522,0.11185588,0.21668133,0.27012706,0.21436416,0.1242194,0.0
821,0.084309,0.18852642,0.16851339,0.21285002,0.2884679,0.05733326,0.0
822,0.15658002,0.24245231,0.10861122,0.15749243,0.27036667,0.06449739,0.0
823,0.13771577,0.21149589,0.2467727,0.17161907,0.14800507,0.08439155,0.0
824,0.35360685,0.16038628,0.0680707,0.216805,0.12491791,0.07621338,0.0
825,0.1426436,0.11649351,0.17824005,0.07299009,0.1377785,0.35185426,0.0
826,0.04692909,0.17241712,0.05274989,0.33406794,0.12551,0.26832584,0.0
827,0.21907966,0.14842421,0.18134022,0.05227992,0.16135901,0.23751704,0.0
828,0.18555625,0.12488895,0.05275764,0.08946165,0.26194566,0.28538987,0.0
829,0.11767279,0.2101904,0.41418454,0.07179536,0.08717982,0.09897714,0.0
830,0.10519458,0.2891488,0.17444599,0.12796488,0.1327628,0.1704829,0.0
831,0.06503884,0.0735333,0.24825299,0.12142078,0.29570153,0.19605258,0.0
832,0.0981467,0.09789146,0.12403895,0.3068075,0.06659415,0.30652136,0.0
833,0.20306098,0.21258336,0.15363006,0.0403957,0.27607813,0.11425176,0.0
834,0.1619424,0.08024482,0.08662602,0.29020658,0.12128097,0.25969923,0.0
835,0.06682749,0.12117631,0.32424557,0.05492184,0.17886159,0.2539672,0.0
836,0.15017869,0.19652387,0.13424699,0.18032104,0.08319329,0.25553614,0.0
837,0.26972497,0.14587554,0.29505867,0.09100116,0.12187314,0.07646655,0.0
838,0.08393094,0.35681647,0.07536533,0.23023523,0.11223513,0.14141683,0.0
839,0.25742096,0.06566413,0.29787672,0.06344911,0.22834161,0.08724746,0.0
840,0.07893917,0.3966641,0.09172506,0.13981459,0.17479108,0.11806604,0.0
841,0.10274945,0.06714996,0.3781443,0.13492659,0.21743704,0.09959257,0.0
842,0.16225183,0.09518669,0.23814018,0.06729301,0.13775758,0.29937077,0.0
843,0.26797998,0.10030334,0.12251353,0.04970286,0.2299022,0.22959815,0.0
844,0.13265043,0.2803406,0.09580203,0.14651123,0.05877779,0.28591794,0.0
845,0.17157891,0.2734937,0.18457346,0.06268639,0.19270669,0.11496089,0.0
846,0.2203242,0.24930581,0.07895988,0.07790338,0.16930825,0.2041985,0.0
847,0.06997265,0.14145347,0.12718412,0.1988799,0.24280973,0.2197001,0.0
848,0.2592932,0.21984349,0.08783639,0.11698453,0.16417393,0.15186854,0.0
849,0.16071652,0.09650476,0.20194788,0.23966983,0.21627896,0.08488208,0.0
850,0.07576917,0.27246103,0.08822937,0.2479487,0.19388747,0.12170427,0.0
851,0.20446888,0.0527888,0.06076831,0.25041094,0.3369543,0.09460872,0.0
852,0.17320704,0.09608285,0.31697896,0.10703334,0.05387167,0.25282612,0.0
853,0.20347257,0.22154881,0.09827488,0.12167022,0.21641652,0.13861701,0.0
854,0.26509276,0.19089678,0.20381287,0.11833035,0.11976127,0.1021059,0.0
855,0.0546648,0.33292326,0.05483501,0.0684799,0.19279188,0.29630515,0.0
856,0.09966817,0.23210345,0.2945172,0.0861745,0.13777709,0.14975967,0.0
857,0.15362804,0.19579425,0.19031543,0.17034768,0.09570166,0.19421299,0.0
858,0.08109229,0.13648121,0.19869806,0.13041118,0.20320222,0.25011507,0.0
859,0.260085,0.07742454,0.09788732,0.11623336,0.29789636,0.15047342,0.0
860,0.22724259,0.32149816,0.11938445,0.14066531,0.05680442,0.13440518,0.0
861,0.20324971,0.40624782,0.09034032,0.0640536,0.11588343,0.12022518,0.0
862,0.20085035,0.28378177,0.06689365,0.11709078,0.26891473,0.06246875,0.0
863,0.09566747,0.14859916,0.1687326,0.26458868,0.18764918,0.13476288,0.0
864,0.3947693,0.14428815,0.22723682,0.07046314,0.08388062,0.07936198,0.0
865,0.14429857,0.13928516,0.15575571,0.2833298,0.10314017,0.17419054,0.0
866,0.20389344,0.1406081,0.08994491,0.28404891,0.16055939,0.12094528,0.0
867,0.26741388,0.14676736,0.15726167,0.11489993,0.17181751,0.14183958,0.0
868,0.13069102,0.0574919,0.27378732,0.11030358,0.13136536,0.2963608,0.0
869,0.25170106,0.12412407,0.11559926,0.08540917,0.19591817,0.22724836,0.0
870,0.17237818,0.2578742,0.08571089,0.08184312,0.24718894,0.15500468,0.0
871,0.08356643,0.24916393,0.10677537,0.14885221,0.1234516,0.28819042,0.0
872,0.12015173,0.16482092,0.08136027,0.12438171,0.2022982,0.3069872,0.0
873,0.10930158,0.10647157,0.2604469,0.05797777,0.37292615,0.0928761,0.0
874,0.10989696,0.06414314,0.19740435,0.283908,0.17596817,0.16867936,0.0
875,0.07027764,0.1146505,0.2568339,0.0639175,0.11971388,0.37460655,0.0
876,0.15217324,0.09985764,0.31131366,0.13136487,0.20251676,0.10277388,0.0
877,0.2565289,0.09409327,0.34787172,0.06139521,0.11143193,0.12867896,0.0
878,0.13510467,0.19695956,0.12959689,0.3413676,0.07658089,0.12039033,0.0
879,0.10453607,0.10462158,0.24998361,0.19690242,0.2615757,0.08238063,0.0
880,0.23038444,0.07136002,0.12012765,0.21655439,0.12257162,0.23900191,0.0
881,0.16265926,0.08399627,0.11078108,0.08445904,0.25907946,0.29902488,0.0
882,0.12196348,0.09764218,0.07682203,0.32728162,0.27345914,0.10283154,0.0
883,0.0816703,0.19279656,0.14966081,0.13045418,0.11555026,0.32986796,0.0
884,0.4024426,0.13802966,0.18173537,0.08396436,0.13300341,0.06082461,0.0
885,0.17874113,0.08653954,0.22786908,0.08654018,0.20140673,0.2189034,0.0
886,0.30106634,0.05224538,0.11445339,0.21517609,0.15903312,0.15802565,0.0
887,0.08703186,0.3435984,0.05778615,0.13553913,0.14145401,0.23459038,0.0
888,0.1946319,0.22072937,0.08558589,0.14558043,0.071634,0.28183842,0.0
889,0.10965747,0.27318618,0.29299265,0.22628193,0.0538652,0.04401659,0.0
890,0.12208224,0.186096,0.09716734,0.10645082,0.15180941,0.33639422,0.0
891,0.13239294,0.16009006,0.13037992,0.09556837,0.40017605,0.08139273,0.0
892,0.07099212,0.27257797,0.04778442,0.2772895,0.0928922,0.23846376,0.0
893,0.24892363,0.18734439,0.1883463,0.087292,0.09440845,0.19368522,0.0
894,0.12041871,0.1360528,0.10316178,0.22919989,0.13374338,0.27742347,0.0
895,0.13738942,0.25796974,0.09857932,0.1863601,0.10735475,0.21234663,0.0
896,0.05691076,0.3298377,0.30366665,0.15071945,0.07377008,0.08509535,0.0
897,0.15361199,0.10176369,0.30313295,0.10854578,0.12404914,0.2088964,0.0
898,0.19200332,0.29152438,0.30138808,0.04969072,0.0534496,0.11194393,0.0
899,0.06939346,0.24825515,0.20720454,0.07971876,0.1610797,0.23434845,0.0
900,0.2339915,0.04081534,0.1922155,0.2572855,0.12685029,0.1488419,0.0
901,0.23013622,0.11148057,0.26784903,0.1370339,0.17035381,0.08314639,0.0
902,0.15058374,0.10329057,0.08576941,0.23744121,0.30692437,0.11599062,0.0
903,0.24395432,0.123982,0.25191402,0.04588772,0.18069108,0.15357083,0.0
904,0.13894835,0.17432521,0.2372647,0.15252432,0.16872959,0.12820794,0.0
905,0.22559184,0.04576485,0.17061518,0.1759211,0.2582416,0.12386544,0.0
906,0.2806411,0.08541537,0.06479969,0.15512751,0.0874249,0.32659143,0.0
907,0.09321525,0.06225097,0.36291537,0.25713724,0.08452868,0.13995248,0.0
908,0.19317162,0.15217179,0.1962673,0.09419031,0.16479574,0.1994033,0.0
909,0.13147768,0.31765577,0.0885381,0.05776931,0.20148596,0.2030732,0.0
910,0.09957092,0.1696661,0.27757844,0.11942356,0.1790494,0.1547116,0.0
911,0.15861315,0.31966826,0.06161445,0.20146346,0.07621142,0.18242928,0.0
912,0.07857778,0.13898396,0.08903977,0.44923452,0.0769536,0.16721034,0.0
913,0.24149609,0.16580023,0.2087618,0.04571323,0.28678152,0.05144716,0.0
914,0.20325266,0.07187646,0.2528628,0.18017015,0.2004565,0.09138146,0.0
915,0.22446196,0.36209023,0.09211111,0.14487311,0.09809741,0.07836624,0.0
916,0.25126478,0.29801905,0.08248375,0.05805115,0.15947083,0.15071042,0.0
917,0.16882469,0.08210558,0.07756258,0.19312207,0.21088529,0.26749977,0.0
918,0.0946814,0.1770123,0.10483999,0.24570607,0.09387676,0.28388354,0.0
919,0.05537487,0.05243062,0.19581689,0.2422714,0.11486787,0.33923832,0.0
920,0.134061,0.1311099,0.06759258,0.21945976,0.19693834,0.25083852,0.0
921,0.13141225,0.25202933,0.1053561,0.1361506,0.19538954,0.17966214,0.0
922,0.31884924,0.32140943,0.05158139,0.06890862,0.08320256,0.15604882,0.0
923,0.19411355,0.08274444,0.08230578,0.23023343,0.13352145,0.2770814,0.0
924,0.29981345,0.17866531,0.11588812,0.09705934,0.13550086,0.17307289,0.0
925,0.23598705,0.29514775,0.11779685,0.16938937,0.07789565,0.10378344,0.0
926,0.08781604,0.14904495,0.05377277,0.2515993,0.21206154,0.24570541,0.0
927,0.22823292,0.07256079,0.2786854,0.1736971,0.14205815,0.10476571,0.0
928,0.13136946,0.17870273,0.2893517,0.20385635,0.06548951,0.13123025,0.0
929,0.17601669,0.08833709,0.17941764,0.12869531,0.10304622,0.32448706,0.0
930,0.16263774,0.04837502,0.19609055,0.25252533,0.09764614,0.24272513,0.0
931,0.26543933,0.06848796,0.26827678,0.17904332,0.1440335,0.07471907,0.0
932,0.07590061,0.1671704,0.06372274,0.28330612,0.25805023,0.15184996,0.0
933,0.11306579,0.26590306,0.15819712,0.05889611,0.28771603,0.11622191,0.0
934,0.09659219,0.06329291,0.18989208,0.21696065,0.08389097,0.3493712,0.0
935,0.14547844,0.21716437,0.13879913,0.2232458,0.19922632,0.07608595,0.0
936,0.19120082,0.31428945,0.08250048,0.07980938,0.08303738,0.24916254,0.0
937,0.10119129,0.21734793,0.23983686,0.21207221,0.04164984,0.18790182,0.0
938,0.2580928,0.10746396,0.11187842,0.09436364,0.1768114,0.25138974,0.0
939,0.12170983,0.20674835,0.13144927,0.27890715,0.12606741,0.13511796,0.0
940,0.21484527,0.17780754,0.11622646,0.3564922,0.06568249,0.06894603,0.0
941,0.08210677,0.08348312,0.12723903,0.35772553,0.19116144,0.15828404,0.0
942,0.08335012,0.08610545,0.22918034,0.28758177,0.0592552,0.25452715,0.0
943,0.07629023,0.06299073,0.34870082,0.12433042,0.09876648,0.28892133,0.0
944,0.07874785,0.13934924,0.1058078,0.21769337,0.2340706,0.2243311,0.0
945,0.2183367,0.09730995,0.2722865,0.27841437,0.04267557,0.09097692,0.0
946,0.20861688,0.327878,0.08489741,0.10709208,0.21768394,0.05383166,0.0
947,0.22613658,0.2002122,0.06775474,0.21669771,0.0927974,0.19640143,0.0
948,0.1143754,0.2385566,0.15970252,0.22975516,0.05146247,0.2061478,0.0
949,0.4022959,0.06854189,0.07289004,0.21882796,0.1027045,0.13473971,0.0
950,0.35486087,0.2868993,0.06587682,0.12859441,0.10466333,0.05910523,0.0
951,0.05701657,0.10866605,0.10098964,0.19823855,0.35436806,0.18072116,0.0
952,0.17952049,0.11081465,0.30263782,0.18990257,0.12888588,0.08823862,0.0
953,0.13977149,0.09614002,0.24749069,0.07487067,0.20639512,0.23533197,0.0
954,0.22273396,0.07148515,0.3188415,0.24997593,0.08208714,0.05487626,0.0
955,0.26125336,0.11687019,0.13908592,0.34654117,0.0669232,0.06932613,0.0
956,0.05970165,0.12417872,0.37777293,0.30725956,0.06907867,0.06200834,0.0
957,0.18377005,0.06018947,0.15508918,0.27243227,0.1563443,0.17217474,0.0
958,0.12488556,0.25299203,0.1130724,0.19470966,0.19539694,0.11894342,0.0
959,0.14500245,0.10018057,0.19502498,0.19690338,0.08919412,0.27369452,0.0
960,0.13672082,0.15962109,0.16838698,0.10048875,0.0662436,0.36853874,0.0
961,0.12679677,0.19963765,0.06665666,0.36433902,0.14695063,0.09561933,0.0
962,0.0972752,0.2286803,0.20745756,0.19130297,0.18688993,0.08839405,0.0
963,0.14441916,0.06641254,0.29389015,0.20281787,0.21646285,0.0759974,0.0
964,0.06006954,0.3268239,0.12889934,0.12088769,0.23185754,0.13146198,0.0
965,0.24428253,0.16652389,0.07403556,0.08226337,0.31267452,0.12022006,0.0
966,0.3614988,0.11760379,0.12173768,0.15478791,0.06807601,0.1762957,0.0
967,0.3096824,0.08885175,0.3439028,0.05746866,0.06715447,0.13293983,0.0
968,0.23581068,0.2511862,0.15767819,0.07046768,0.06993926,0.21491805,0.0
969,0.13354872,0.19042271,0.1328627,0.15040074,0.3050855,0.08767962,0.0
970,0.08146134,0.09489218,0.21026994,0.1344123,0.204253,0.27471122,0.0
971,0.04887459,0.29926533,0.18569528,0.07630398,0.30160597,0.08825482,0.0
972,0.08460651,0.13135387,0.2671176,0.09095905,0.27343267,0.15253031,0.0
973,0.08366017,0.06702359,0.12380818,0.32282525,0.21487416,0.18780868,0.0
974,0.34208545,0.21794188,0.06888644,0.11845855,0.08515651,0.1674711,0.0
975,0.12108769,0.0920443,0.13966326,0.47333544,0.09710055,0.07676869,0.0
976,0.10380805,0.09336324,0.14750665,0.33218336,0.09265104,0.23048769,0.0
977,0.27889702,0.08046377,0.35444784,0.05886823,0.15293345,0.07438979,0.0
978,0.1426302,0.20285866,0.08850762,0.08752812,0.29625204,0.18222333,0.0
979,0.05663628,0.3273138,0.05631032,0.10300921,0.2546176,0.2021128,0.0
980,0.09986114,0.06384797,0.25921857,0.08502675,0.3050442,0.18700135,0.0
981,0.25570267,0.11474023,0.25673094,0.05722572,0.09036076,0.22523963,0.0
982,0.17182694,0.25726137,0.17710906,0.09564149,0.25576168,0.04239946,0.0
983,0.363821,0.15534794,0.16349135,0.11549447,0.09302139,0.10882387,0.0
984,0.07905801,0.21403146,0.22643118,0.31778103,0.09405871,0.06863955,0.0
985,0.39415827,0.09796621,0.19210243,0.06789768,0.12939951,0.11847594,0.0
986,0.08298976,0.16367339,0.06367146,0.3516921,0.28081855,0.0571547,0.0
987,0.17858241,0.13943756,0.10464627,0.14467683,0.07066517,0.36199176,0.0
988,0.06815823,0.29005623,0.15093766,0.23452863,0.16834567,0.0879736,0.0
989,0.12456468,0.10046587,0.19997706,0.12597434,0.16871232,0.2803057,0.0
990,0.19312876,0.12420584,0.08842602,0.31558517,0.18767071,0.09098351,0.0
991,0.1702028,0.11477128,0.06037955,0.3930087,0.19979165,0.06184601,0.0
992,0.30072471,0.20119092,0.09377734,0.22003122,0.05490635,0.12936957,0.0
993,0.09508906,0.09376115,0.13597806,0.16228864,0.33316538,0.17971767,0.0
994,0.3663013,0.06691594,0.08558434,0.34785527,0.07136382,0.06197935,0.0
995,0.20979501,0.10559735,0.11969719,0.21807295,0.16988243,0.17695506,0.0
996,0.1760773,0.12339153,0.08592296,0.19388676,0.14387964,0.2768418,0.0
997,0.27728063,0.1454032,0.11735857,0.2387124,0.13008524,0.09116,0.0
998,0.26707283,0.05496022,0.07967233,0.17009614,0.2594364,0.16876213,0.0
999,0.12873667,0.10183514,0.34499764,0.06087995,0.14069834,0.22285226,0.0
1000,0.15909265,0.271519,0.16273569,0.12328473,0.08417311,0.19919476,0.0
1001,0.3822508,0.10071464,0.15421398,0.2001921,0.072275,0.09035357,0.0
1002,0.22927403,0.11125534,0.24857244,0.16881263,0.17765556,0.06443,0.0
1003,0.10575205,0.15352225,0.24323419,0.08655944,0.2795305,0.13140163,0.0
1004,0.08870341,0.08266488,0.24842498,0.16762277,0.19493575,0.21764818,0.0
1005,0.3516821,0.08977836,0.08447774,0.1675101,0.12520157,0.18135013,0.0
1006,0.23756893,0.09102821,0.14542308,0.33127922,0.13026616,0.06443446,0.0
1007,0.06934734,0.07323382,0.06331307,0.23266792,0.22690341,0.3345344,0.0
1008,0.09712394,0.09223884,0.32085365,0.28899536,0.09330253,0.10748572,0.0
1009,0.27381203,0.16590494,0.1494979,0.07189293,0.1558415,0.18305074,0.0
1010,0.17466609,0.17591722,0.261727,0.22226308,0.06874703,0.09667952,0.0
1011,0.09530932,0.10511516,0.36344978,0.1251164,0.21858045,0.09242888,0.0
1012,0.14369321,0.20614351,0.17560445,0.26979548,0.14373055,0.06103277,0.0
1013,0.06727166,0.16841246,0.09909564,0.12655678,0.25453267,0.28413075,0.0
1014,0.08343166,0.26420987,0.23552345,0.08665016,0.20478985,0.12539512,0.0
1015,0.05519496,0.29113454,0.05811884,0.26175547,0.2575685,0.07622764,0.0
1016,0.3257393,0.2860213,0.15313148,0.09911588,0.07923101,0.05676106,0.0
1017,0.44594112,0.14069873,0.07042733,0.15376762,0.07291459,0.11625063,0.0
1018,0.17391846,0.29711202,0.08370216,0.1569834,0.22598161,0.06230239,0.0
1019,0.20810097,0.11140034,0.10371707,0.11209206,0.25010186,0.21458766,0.0
1020,0.33086073,0.11388476,0.07221109,0.08758902,0.18735735,0.20809704,0.0
1021,0.0845005,0.25503582,0.16824585,0.08149055,0.11372449,0.2970028,0.0
1022,0.07721359,0.2830592,0.22993809,0.22546563,0.11090274,0.07342078,0.0
1023,0.15703018,0.17882533,0.3150178,0.10021301,0.13267589,0.11623777,0.0
1024,0.16223036,0.1584653,0.10327215,0.2800671,0.07879382,0.21717125,0.0
1025,0.17205513,0.06387307,0.32685927,0.06381298,0.16542591,0.20797358,0.0
1026,0.13248113,0.09889223,0.07380743,0.07894456,0.16607872,0.44979584,0.0
1027,0.07590199,0.23625325,0.3437328,0.11113536,0.11051597,0.12246066,0.0
1028,0.2829698,0.2415126,0.09006179,0.08546987,0.15723643,0.1427495,0.0
1029,0.08173267,0.39190426,0.06700235,0.17413567,0.19730759,0.08791742,0.0
1030,0.2287001,0.10196295,0.18291202,0.17942387,0.1334056,0.1735955,0.0
1031,0.05635258,0.09848402,0.18724178,0.21966255,0.18163943,0.25661966,0.0
1032,0.05927863,0.1568629,0.20240186,0.31100088,0.10712939,0.16332646,0.0
1033,0.05165737,0.07218499,0.21036294,0.26158005,0.26096028,0.14325438,0.0
1034,0.18958814,0.08026025,0.12149539,0.11043054,0.10115627,0.3970694,0.0
1035,0.12791996,0.2718266,0.1699484,0.16076276,0.15021452,0.11932783,0.0
1036,0.15134788,0.1160972,0.11684743,0.11103839,0.28169307,0.22297601,0.0
1037,0.08846927,0.0911961,0.22298521,0.10615586,0.28824016,0.20295344,0.0
1038,0.2845406,0.12957418,0.07962064,0.28544122,0.17130297,0.04952049,0.0
1039,0.08638265,0.13971816,0.21697447,0.26278278,0.08498773,0.20915425,0.0
1040,0.06271459,0.19456404,0.26724222,0.31891042,0.05869589,0.09787288,0.0
1041,0.21954897,0.1815688,0.08205838,0.0762006,0.22671877,0.21390451,0.0
1042,0.17233539,0.27931675,0.10551335,0.18085967,0.21273004,0.04924484,0.0
1043,0.23257391,0.05845081,0.19186132,0.11623459,0.26113456,0.13974486,0.0
1044,0.06366366,0.28175503,0.23204786,0.11350804,0.06239253,0.24663295,0.0
1045,0.24855843,0.2205304,0.06000332,0.2957968,0.0782845,0.09682652,0.0
1046,0.07941096,0.13475543,0.18374912,0.13355091,0.37073824,0.09779537,0.0
1047,0.31402364,0.24537182,0.06441792,0.14323738,0.09958974,0.1333595,0.0
1048,0.10015332,0.06368148,0.17104796,0.05949142,0.37332624,0.2322996,0.0
1049,0.26626992,0.21535356,0.08006858,0.21025622,0.15229967,0.07575205,0.0
1050,0.12842262,0.1134364,0.11288225,0.0908848,0.2617857,0.29258817,0.0
1051,0.25687802,0.10498115,0.15614402,0.15028705,0.24730015,0.08440956,0.0
1052,0.3128702,0.14973001,0.19076514,0.09506007,0.09030594,0.16126867,0.0
1053,0.17178455,0.07395681,0.13532475,0.12103517,0.16405626,0.33384246,0.0
1054,0.16739312,0.17066284,0.12098712,0.10361652,0.1575552,0.27978525,0.0
1055,0.10344713,0.14800985,0.07492919,0.21138868,0.13246782,0.32975736,0.0
1056,0.13823684,0.1647936,0.20641503,0.2791631,0.10572758,0.10566387,0.0
1057,0.25938013,0.10336332,0.314041,0.04902311,0.17260768,0.10158475,0.0
1058,0.21024232,0.07561751,0.23163664,0.24220496,0.13277495,0.10752363,0.0
1059,0.10296845,0.33397502,0.21955815,0.10200237,0.14729008,0.09420598,0.0
1060,0.10128212,0.0789321,0.29242596,0.2754139,0.13045748,0.1214884,0.0
1061,0.13369612,0.2551138,0.06131074,0.17082568,0.15539369,0.22366005,0.0
1062,0.11748102,0.12617658,0.16475448,0.0804353,0.33596936,0.17518325,0.0
1063,0.1597953,0.26227072,0.29866132,0.10265978,0.12347055,0.05314235,0.0
1064,0.0804719,0.10048363,0.28127545,0.16679528,0.08216322,0.28881052,0.0
1065,0.15489478,0.25304884,0.13927408,0.24325474,0.16647382,0.04305378,0.0
1066,0.268725,0.1500923,0.34534544,0.05763068,0.11077461,0.06743188,0.0
1067,0.12842454,0.16897793,0.20701008,0.1321545,0.05546318,0.30796978,0.0
1068,0.12629427,0.10151889,0.36165828,0.18263711,0.16949053,0.05840101,0.0
1069,0.08056973,0.11450274,0.0798685,0.2116471,0.10512464,0.40828735,0.0
1070,0.09970299,0.21085937,0.22413738,0.12851928,0.15922639,0.17755462,0.0
1071,0.17184773,0.20900173,0.05769151,0.10908301,0.16036847,0.29200757,0.0
1072,0.24256037,0.17707504,0.16761902,0.20973286,0.0897108,0.11330193,0.0
1073,0.24682733,0.16243288,0.10681787,0.11703799,0.0705678,0.29631612,0.0
1074,0.3151269,0.3156873,0.08827594,0.08268952,0.14447957,0.05374078,0.0
1075,0.21194366,0.14269315,0.14782345,0.25926927,0.12689646,0.11137412,0.0
1076,0.13711682,0.3544502,0.05019146,0.26378793,0.07059003,0.12386361,0.0
1077,0.06674845,0.17890361,0.1313153,0.17128852,0.1359277,0.31581643,0.0
1078,0.10083146,0.15316223,0.2386581,0.05812468,0.06622385,0.3829997,0.0
1079,0.22641942,0.13407366,0.245791,0.04546985,0.18532565,0.1629204,0.0
1080,0.1600218,0.11794458,0.09753358,0.15702356,0.14414829,0.32332817,0.0
1081,0.09570114,0.21598841,0.10027569,0.10743585,0.11507883,0.36552006,0.0
1082,0.15988845,0.15477146,0.15361202,0.07713164,0.3940465,0.06054997,0.0
1083,0.06325185,0.15409148,0.36591956,0.07966671,0.2120623,0.12500805,0.0
1084,0.34892818,0.2887027,0.10277979,0.07174914,0.09774232,0.09009797,0.0
1085,0.25433916,0.08555059,0.05833123,0.24852224,0.0701717,0.28308514,0.0
1086,0.07869761,0.35707763,0.12726682,0.15208322,0.1256661,0.15920866,0.0
1087,0.15294187,0.28724366,0.25355268,0.05869168,0.05930822,0.18826193,0.0
1088,0.12594679,0.32813534,0.08463322,0.10064589,0.26040572,0.10023297,0.0
1089,0.08192578,0.10913875,0.23695809,0.19521454,0.13833708,0.23842587,0.0
1090,0.09185428,0.13901614,0.14679368,0.34282604,0.20320277,0.07630708,0.0
1091,0.15610613,0.35510722,0.1464026,0.0982426,0.15586407,0.0882774,0.0
1092,0.14443938,0.29346573,0.093255,0.0852534,0.19115609,0.19243032,0.0
1093,0.16725966,0.27110565,0.2502579,0.05859482,0.19009793,0.06268411,0.0
1094,0.27442506,0.07145732,0.16519596,0.25982997,0.10870001,0.12039167,0.0
1095,0.10101495,0.09183944,0.14818281,0.41366756,0.13697396,0.10832123,0.0
1096,0.12842724,0.12674202,0.07996821,0.42394415,0.08160299,0.1593154,0.0
1097,0.1301847,0.28765944,0.13578947,0.17586288,0.09720155,0.17330198,0.0
1098,0.16158104,0.32696572,0.20518789,0.05831505,0.13096613,0.11698414,0.0
1099,0.25820956,0.17177878,0.2017839,0.0816877,0.11966385,0.16687617,0.0
1100,0.19982861,0.06790888,0.05243734,0.27873194,0.16288728,0.23820604,0.0
1101,0.32328737,0.06266107,0.19593248,0.08889999,0.2191356,0.11008355,0.0
1102,0.09254214,0.14237966,0.24618794,0.10993129,0.1455897,0.26336926,0.0
1103,0.1802374,0.17212714,0.30384234,0.10291841,0.127715,0.11315975,0.0
1104,0.13644809,0.08235638,0.11272977,0.2921879,0.07314536,0.3031325,0.0
1105,0.19037645,0.07879641,0.1949196,0.15149434,0.23401737,0.15039591,0.0
1106,0.130517,0.23189265,0.1286017,0.11614953,0.2850411,0.10779801,0.0
1107,0.27440947,0.06775536,0.36692706,0.10425086,0.06990885,0.11674838,0.0
1108,0.28549287,0.2723095,0.14965755,0.04582763,0.06888978,0.1778227,0.0
1109,0.22962691,0.07109805,0.41239402,0.10381849,0.07307714,0.1099854,0.0
1110,0.37933683,0.19357228,0.10213318,0.07550064,0.1906478,0.05880921,0.0
1111,0.12310158,0.10455171,0.20571968,0.41689873,0.06181686,0.0879113,0.0
1112,0.27110362,0.12722936,0.12866426,0.06655434,0.288512,0.11793645,0.0
1113,0.09088333,0.10721349,0.28297588,0.24967057,0.06967922,0.19957761,0.0
1114,0.25256377,0.4106489,0.06189816,0.10163808,0.1107423,0.0625088,0.0
1115,0.20781234,0.07788981,0.16701862,0.1634384,0.20235708,0.18148363,0.0
1116,0.2680947,0.08215168,0.11454259,0.13735287,0.1659548,0.23190337,0.0
1117,0.11224686,0.15100506,0.1606588,0.10189531,0.11883371,0.35536027,0.0
1118,0.20142344,0.24561451,0.07919057,0.2020716,0.1342238,0.13747607,0.0
1119,0.29516938,0.2186565,0.08509033,0.18311542,0.08533569,0.13263267,0.0
1120,0.16451986,0.30412373,0.1933238,0.07578704,0.06551111,0.19673443,0.0
1121,0.08130156,0.33031213,0.05076618,0.08281595,0.2689587,0.18584548,0.0
1122,0.21546905,0.32021382,0.05858002,0.12469626,0.1154913,0.16554955,0.0
1123,0.16408943,0.15412484,0.08642326,0.25638285,0.28845772,0.05052191,0.0
1124,0.10325305,0.12373731,0.24931103,0.24763513,0.23136254,0.04470092,0.0
1125,0.08809226,0.14557919,0.07848816,0.14972013,0.1369973,0.40112296,0.0
1126,0.20182058,0.20812371,0.09965062,0.11191168,0.27911848,0.09937499,0.0
1127,0.16448553,0.15371093,0.10831747,0.09362643,0.08265737,0.39720228,0.0
1128,0.13159652,0.13895656,0.09632926,0.12852947,0.29401603,0.21057214,0.0
1129,0.10954741,0.23651533,0.16073486,0.06339808,0.16728134,0.262523,0.0
1130,0.22192568,0.3155862,0.08052772,0.06784683,0.21894291,0.09517072,0.0
1131,0.07726812,0.2427921,0.18719704,0.20816413,0.08506183,0.19951677,0.0
1132,0.11536616,0.19073237,0.4150871,0.08029814,0.09692735,0.10158892,0.0
1133,0.17150533,0.09734492,0.1910149,0.12226135,0.33148935,0.08638415,0.0
1134,0.14628294,0.04425108,0.19264096,0.13712496,0.2416562,0.23804379,0.0
1135,0.08358799,0.08552157,0.09474687,0.32662585,0.3392546,0.0702631,0.0
1136,0.21217218,0.18469208,0.15815859,0.15265732,0.15457806,0.13774183,0.0
1137,0.26918298,0.17225608,0.25030103,0.13684209,0.07439902,0.09701887,0.0
1138,0.16439015,0.06183235,0.13853683,0.14666548,0.31108427,0.177491,0.0
1139,0.07388713,0.07743843,0.10007611,0.31009692,0.33627084,0.10223056,0.0
1140,0.07986713,0.2024771,0.08695582,0.19238316,0.11712633,0.3211904,0.0
1141,0.11141796,0.2773861,0.07460126,0.0876321,0.28087258,0.16809003,0.0
1142,0.22470999,0.07399724,0.22001699,0.19322309,0.09432239,0.19373035,0.0
1143,0.24788694,0.05685219,0.15305525,0.06211284,0.31057152,0.16952132,0.0
1144,0.06933609,0.31789836,0.13886054,0.14253634,0.07365526,0.25771338,0.0
1145,0.15094832,0.0835276,0.08306354,0.10447131,0.39805388,0.1799354,0.0
1146,0.38950223,0.21014963,0.13840836,0.07254165,0.12333812,0.06605991,0.0
1147,0.3217165,0.16314037,0.08590617,0.09471783,0.24061057,0.09390844,0.0
1148,0.28174984,0.0652356,0.05394214,0.27381268,0.08794071,0.23731905,0.0
1149,0.2017341,0.072133,0.11596623,0.43929335,0.07468231,0.096191,0.0
1150,0.05168148,0.22212142,0.07503763,0.21039823,0.2526222,0.18813905,0.0
1151,0.16771269,0.20001929,0.11999767,0.33343816,0.11250873,0.06632343,0.0
1152,0.06770778,0.14334014,0.24072231,0.06410746,0.3056063,0.17851606,0.0
1153,0.1009042,0.28643343,0.1631828,0.12891291,0.21779478,0.10277189,0.0
1154,0.27002355,0.28204012,0.06077205,0.06653325,0.16643518,0.15419582,0.0
1155,0.14977868,0.25630865,0.06441005,0.16579568,0.05667278,0.3070342,0.0
1156,0.07257442,0.19781406,0.15300404,0.07094575,0.32725975,0.1784019,0.0
1157,0.10871766,0.20953707,0.18956487,0.12872544,0.26059923,0.10285572,0.0
1158,0.19319586,0.12483309,0.29908824,0.06498398,0.2183546,0.09954415,0.0
1159,0.36240378,0.14063159,0.08552666,0.21874173,0.13141663,0.06127965,0.0
1160,0.24753028,0.09246619,0.17205168,0.09383075,0.22169907,0.17242207,0.0
1161,0.0523725,0.11277873,0.15262921,0.2771,0.20706773,0.19805183,0.0
1162,0.09566326,0.17797516,0.04119167,0.2892981,0.24990612,0.14596565,0.0
1163,0.16586226,0.07814878,0.08549554,0.32687443,0.10153136,0.24208768,0.0
1164,0.14412352,0.18499018,0.11712685,0.08819302,0.07507866,0.39048776,0.0
1165,0.08892012,0.27960086,0.07104319,0.20922549,0.19820154,0.15300879,0.0
1166,0.0568959,0.35594076,0.25265846,0.1141196,0.12398082,0.09640443,0.0
1167,0.13955827,0.22135682,0.1749933,0.20809008,0.16487606,0.09112548,0.0
1168,0.09543557,0.07448965,0.08427053,0.17840296,0.46634805,0.10105324,0.0
1169,0.05297316,0.30733448,0.05068169,0.08759214,0.3431121,0.15830642,0.0
1170,0.1198462,0.18050002,0.2573386,0.1966701,0.13268234,0.11296275,0.0
1171,0.33521345,0.21280673,0.08466344,0.0782869,0.13828138,0.15074809,0.0
1172,0.14177315,0.09161786,0.16440573,0.26990882,0.11344763,0.21884678,0.0
1173,0.12481263,0.2410611,0.32000956,0.2140496,0.05089047,0.04917663,0.0
1174,0.13389447,0.0911122,0.12110781,0.4248523,0.12566061,0.10337248,0.0
1175,0.11560623,0.16716611,0.10510914,0.39125618,0.06548285,0.1553795,0.0
1176,0.0704583,0.12780116,0.14338759,0.23334599,0.21547934,0.20952764,0.0
1177,0.2697039,0.06404845,0.21686071,0.12524106,0.23118971,0.09295613,0.0
1178,0.23095505,0.04497347,0.07040648,0.19922897,0.18786876,0.2665672,0.0
1179,0.08530509,0.06065268,0.28966492,0.28437436,0.12344211,0.15656087,0.0
1180,0.09063249,0.06058229,0.1417503,0.05625463,0.25739595,0.39338428,0.0
1181,0.27593,0.0798189,0.04576958,0.11614528,0.22598146,0.2563548,0.0
1182,0.36478254,0.07942111,0.09726178,0.06764793,0.09717573,0.2937108,0.0
1183,0.19412196,0.2517361,0.05010465,0.11652774,0.10703293,0.28047663,0.0
1184,0.0552604,0.21514368,0.32730877,0.05578432,0.17463516,0.17186762,0.0
1185,0.17602971,0.25364062,0.11634789,0.06166516,0.21272013,0.17959644,0.0
1186,0.13662083,0.09393419,0.15044017,0.31402376,0.11145198,0.19352904,0.0
1187,0.07570714,0.2735836,0.2776536,0.17766696,0.08904236,0.10634631,0.0
1188,0.08701155,0.15654714,0.3740046,0.05489316,0.08601843,0.24152514,0.0
1189,0.23227477,0.12575538,0.05196707,0.3702333,0.07555342,0.14421612,0.0
1190,0.1207754,0.17790599,0.19325595,0.32879627,0.06399677,0.11526965,0.0
1191,0.14641108,0.11528403,0.3288164,0.09513389,0.07786261,0.23649195,0.0
1192,0.14992307,0.20085725,0.11732834,0.13421747,0.281979,0.11569493,0.0
1193,0.24945247,0.26471496,0.07767839,0.24590583,0.08080082,0.08144759,0.0
1194,0.10226512,0.33351675,0.10519584,0.15117225,0.24746259,0.06038741,0.0
1195,0.06497016,0.05424514,0.28524274,0.19987161,0.06111745,0.33455282,0.0
1196,0.24105889,0.1741432,0.15115665,0.1593106,0.19581504,0.07851566,0.0
1197,0.05742711,0.1503306,0.17330582,0.24399324,0.08249659,0.29244655,0.0
1198,0.0991111,0.28162882,0.21128413,0.22434255,0.0970525,0.08658102,0.0
1199,0.19123949,0.09551267,0.21487397,0.0870536,0.16181982,0.24950044,0.0
1200,0.05703332,0.2787665,0.13310449,0.33567527,0.13510695,0.06031344,0.0
1201,0.23880386,0.08437261,0.23255241,0.07827616,0.05937554,0.3066194,0.0
1202,0.18312201,0.25771502,0.05661188,0.11862778,0.3012559,0.08266743,0.0
1203,0.23909461,0.11577851,0.06195963,0.23205148,0.25017706,0.10093873,0.0
1204,0.3666035,0.19922121,0.13086705,0.08385855,0.07678095,0.14266883,0.0
1205,0.3461513,0.14207906,0.06090427,0.20293006,0.1298362,0.11809915,0.0
1206,0.2461392,0.1906965,0.05863526,0.1040869,0.23589262,0.16454953,0.0
1207,0.10267503,0.18304707,0.2101466,0.06991737,0.20070843,0.23350553,0.0
1208,0.12211569,0.09085032,0.18274319,0.05679889,0.23754759,0.3099443,0.0
1209,0.13242052,0.2935208,0.15745553,0.07218812,0.08090232,0.26351267,0.0
1210,0.09239311,0.14421043,0.21227784,0.32089794,0.1256441,0.10457666,0.0
1211,0.14163904,0.13854131,0.21195626,0.12645683,0.20298924,0.17841737,0.0
1212,0.10538307,0.13703662,0.16320047,0.22375622,0.10036071,0.27026284,0.0
1213,0.16009998,0.16186202,0.18747507,0.16069962,0.1343331,0.1955302,0.0
1214,0.37996024,0.1581631,0.14407766,0.09342539,0.12566058,0.09871303,0.0
1215,0.13742104,0.14949627,0.15151733,0.16910146,0.12185419,0.2706097,0.0
1216,0.08351777,0.12441575,0.16570708,0.09507562,0.2661274,0.2651563,0.0
1217,0.11426037,0.13717683,0.26985374,0.1959277,0.16162653,0.12115481,0.0
1218,0.21475734,0.12823536,0.09852052,0.22372705,0.11465268,0.22010705,0.0
1219,0.06534011,0.23943117,0.07539786,0.22215411,0.24653159,0.15114513,0.0
1220,0.30302328,0.12422214,0.24479589,0.20952497,0.07011208,0.04832165,0.0
1221,0.28083622,0.16033027,0.05493475,0.12838177,0.3177843,0.05773266,0.0
1222,0.24697919,0.08548759,0.17441775,0.09590501,0.2832363,0.11397415,0.0
1223,0.32228053,0.17913944,0.17450798,0.16139269,0.08288582,0.07979366,0.0
1224,0.11482903,0.09915549,0.0617979,0.27019283,0.22745667,0.22656806,0.0
1225,0.28019735,0.15086922,0.15699019,0.10557012,0.13619451,0.17017859,0.0
1226,0.1054131,0.27674544,0.2447931,0.18759285,0.04812984,0.13732564,0.0
1227,0.14896232,0.08201677,0.14541267,0.3570636,0.12893417,0.13761038,0.0
1228,0.18917967,0.07392979,0.17892751,0.20602486,0.2298782,0.12205989,0.0
1229,0.06628921,0.32985973,0.20169215,0.24897611,0.05660017,0.09658262,0.0
1230,0.16045353,0.18537447,0.07150868,0.30084342,0.11179432,0.17002551,0.0
1231,0.04040212,0.24854666,0.23670235,0.10453303,0.21762586,0.15218991,0.0
1232,0.23925816,0.23298523,0.15092315,0.10365525,0.17298096,0.10019726,0.0
1233,0.19337007,0.1743929,0.23567528,0.07000986,0.22889626,0.09765555,0.0
1234,0.1646126,0.23213494,0.23634143,0.11844106,0.09500901,0.15346095,0.0
1235,0.28365925,0.29886708,0.14757077,0.08650715,0.0764337,0.10696213,0.0
1236,0.18302302,0.2375338,0.05674843,0.34301552,0.08848406,0.09119513,0.0
1237,0.26418608,0.25054565,0.13854882,0.07031935,0.05455456,0.2218455,0.0
1238,0.15557049,0.05809731,0.13319445,0.237176,0.23188882,0.18407287,0.0
1239,0.3597487,0.17975841,0.16034186,0.07373461,0.11813187,0.10828448,0.0
1240,0.0802307,0.08548984,0.35521847,0.08151706,0.1572374,0.24030656,0.0
1241,0.23019016,0.18803032,0.05773348,0.14053082,0.22428818,0.15922704,0.0
1242,0.04986187,0.14041285,0.30319542,0.25430274,0.18484862,0.06737849,0.0
1243,0.27950975,0.2402733,0.06411583,0.26567507,0.0664527,0.08397323,0.0
1244,0.1594194,0.27393898,0.07635593,0.16955194,0.06785709,0.25287667,0.0
1245,0.12480917,0.3212957,0.05968877,0.11316632,0.14311038,0.23792961,0.0
1246,0.06117692,0.18546751,0.1935921,0.21594004,0.14348975,0.20033371,0.0
1247,0.29639766,0.22271441,0.1497911,0.07837732,0.08014447,0.1725751,0.0
1248,0.20386568,0.1489207,0.10547662,0.0669045,0.34983906,0.12499354,0.0
1249,0.0722768,0.09965092,0.15153828,0.31815314,0.24410063,0.11428019,0.0
1250,0.11002732,0.2386374,0.19950105,0.09208138,0.22265899,0.13709377,0.0
1251,0.12600066,0.14783855,0.20654625,0.14506735,0.11495493,0.25959226,0.0
1252,0.08992653,0.19523047,0.10418809,0.3537056,0.15165232,0.105297,0.0
1253,0.1661646,0.08758307,0.21535505,0.2876025,0.04756546,0.19572933,0.0
1254,0.2553435,0.06908644,0.22776732,0.21865894,0.13124049,0.09790332,0.0
1255,0.19995528,0.20189755,0.11793002,0.17595252,0.16543272,0.13883188,0.0
1256,0.09186623,0.05572903,0.18294214,0.08689912,0.22775944,0.35480398,0.0
1257,0.3318883,0.13746294,0.12052737,0.24176028,0.05133131,0.11702974,0.0
1258,0.13539512,0.20789543,0.09533005,0.09335958,0.3394448,0.12857498,0.0
1259,0.10348794,0.2052279,0.29543832,0.086803,0.1017672,0.2072756,0.0
1260,0.12056132,0.0663495,0.20693187,0.2354857,0.23677915,0.13389252,0.0
1261,0.06206788,0.07115658,0.0591553,0.27071482,0.3437677,0.1931377,0.0
1262,0.08509521,0.0739934,0.35037914,0.06093787,0.24343298,0.18616141,0.0
1263,0.08634187,0.32132608,0.1258079,0.07933021,0.12685041,0.26034346,0.0
1264,0.08521543,0.24762759,0.12595484,0.15628973,0.07651052,0.30840188,0.0
1265,0.30706742,0.14053075,0.2730399,0.11789158,0.05675851,0.10471188,0.0
1266,0.12726016,0.2773897,0.0923288,0.09707532,0.28899965,0.11694628,0.0
1267,0.11514936,0.2311312,0.22378497,0.08001755,0.2648582,0.08505864,0.0
1268,0.09046903,0.22943449,0.08531004,0.38338757,0.10227754,0.10912131,0.0
1269,0.19174859,0.1459064,0.21451154,0.1668421,0.15478067,0.1262107,0.0
1270,0.25947943,0.11988339,0.27195147,0.222021,0.05474473,0.07192001,0.0
1271,0.205325,0.12531395,0.25137,0.2384178,0.07645498,0.10311824,0.0
1272,0.26951787,0.03944741,0.14133063,0.20556329,0.25091287,0.09322792,0.0
1273,0.39824498,0.0982069,0.20473528,0.08109193,0.08276312,0.1349579,0.0
1274,0.08579388,0.0881922,0.10543464,0.14907333,0.27271667,0.29878923,0.0
1275,0.24402896,0.1617838,0.0717655,0.37857902,0.05855065,0.08529198,0.0
1276,0.3556587,0.2829581,0.1321686,0.07960683,0.09436002,0.05524777,0.0
1277,0.3804992,0.08578252,0.08040823,0.12220953,0.26022545,0.07087506,0.0
1278,0.15973796,0.05375127,0.08569477,0.2715075,0.21051861,0.21878986,0.0
1279,0.12688859,0.09470069,0.15659006,0.08278012,0.29992276,0.23911783,0.0
1280,0.34620526,0.07576986,0.29511353,0.07927557,0.10763636,0.0959994,0.0
1281,0.2475817,0.08196257,0.14458728,0.09370152,0.35922104,0.07294591,0.0
1282,0.37985703,0.14890325,0.10050178,0.07200985,0.05674359,0.2419845,0.0
1283,0.16595253,0.1661924,0.0785167,0.12665674,0.21196547,0.25071612,0.0
1284,0.06610058,0.22075626,0.33011836,0.06868005,0.24935181,0.06499294,0.0
1285,0.34431997,0.12228765,0.12994048,0.1386836,0.15366407,0.11110424,0.0
1286,0.11640725,0.05402463,0.15369391,0.05952048,0.3786492,0.23770462,0.0
1287,0.22129275,0.16081063,0.03539924,0.21551183,0.15549746,0.21148807,0.0
1288,0.13290599,0.0644938,0.21626677,0.23242554,0.14530756,0.20860043,0.0
1289,0.12479923,0.2271296,0.21148212,0.2500935,0.09591328,0.0905823,0.0
1290,0.10619859,0.05261057,0.08587686,0.33773413,0.22154354,0.19603637,0.0
1291,0.21167006,0.36515495,0.12962107,0.09583787,0.10241965,0.09529644,0.0
1292,0.23128518,0.06950663,0.11194269,0.16148245,0.19057184,0.23521125,0.0
1293,0.12589596,0.34353527,0.18167733,0.22048374,0.05844114,0.06996651,0.0
1294,0.20676433,0.26695684,0.04113065,0.18435442,0.17345326,0.12734053,0.0
1295,0.16778696,0.11725996,0.10784169,0.334015,0.15525164,0.11784469,0.0
1296,0.12847345,0.24998549,0.12774289,0.07315025,0.35514188,0.06550605,0.0
1297,0.13670982,0.09203532,0.20510687,0.18918294,0.06164997,0.3153151,0.0
1298,0.15032794,0.05217124,0.1920627,0.22190058,0.33149448,0.05204301,0.0
1299,0.28583416,0.261551,0.06152932,0.10478373,0.21250567,0.0737961,0.0
1300,0.19316399,0.10187092,0.08452673,0.06110484,0.3234506,0.23588298,0.0
1301,0.05801806,0.2731878,0.05969422,0.14151685,0.2731028,0.1944803,0.0
1302,0.19525717,0.14573984,0.18055585,0.29316658,0.12598234,0.05929816,0.0
1303,0.3460862,0.10088634,0.12553445,0.08618843,0.07584385,0.2654606,0.0
1304,0.41221195,0.13792601,0.08421789,0.20163621,0.07161351,0.09239443,0.0
1305,0.09050795,0.07473537,0.20698689,0.12704587,0.2723825,0.22834145,0.0
1306,0.14920738,0.22748399,0.10782914,0.14233558,0.286509,0.08663479,0.0
1307,0.26329443,0.16256753,0.15087286,0.09285235,0.18515962,0.14525333,0.0
1308,0.09039714,0.10139654,0.31652522,0.08681084,0.30277973,0.10209063,0.0
1309,0.23956159,0.11570789,0.28661656,0.20538819,0.06037163,0.09235422,0.0
1310,0.24837987,0.20851642,0.15741341,0.08364291,0.23525998,0.06678741,0.0
1311,0.20212427,0.09662399,0.24337462,0.09338821,0.13282137,0.23166752,0.0
1312,0.2653281,0.04506898,0.30752397,0.05949152,0.2072133,0.1153741,0.0
1313,0.10961169,0.33299506,0.09018201,0.07598123,0.06998254,0.3212474,0.0
1314,0.11280245,0.17540392,0.36540177,0.12818995,0.11788145,0.10032054,0.0
1315,0.145879,0.19174217,0.1376932,0.06141054,0.20868643,0.25458866,0.0
1316,0.12501195,0.0868075,0.05693537,0.3075657,0.11868511,0.30499443,0.0
1317,0.13732341,0.37786427,0.10606724,0.1338133,0.15600836,0.08892342,0.0
1318,0.1719578,0.16741905,0.1131596,0.08705331,0.28908598,0.17132427,0.0
1319,0.24967834,0.2707452,0.13154419,0.05608659,0.18938112,0.10256451,0.0
1320,0.12635364,0.20753081,0.20231225,0.09469049,0.26414672,0.10496605,0.0
1321,0.24233155,0.07699028,0.08214941,0.07379864,0.2749078,0.24982238,0.0
1322,0.05966696,0.1875216,0.2248124,0.1261534,0.08516786,0.31667775,0.0
1323,0.10973051,0.15684254,0.28482175,0.07547482,0.2885118,0.08461855,0.0
1324,0.30747086,0.05498404,0.29943475,0.06655791,0.1454225,0.1261299,0.0
1325,0.18591993,0.17546734,0.08302763,0.15643881,0.23421074,0.1649356,0.0
1326,0.06503654,0.174857,0.23617662,0.11639835,0.05128977,0.35624173,0.0
1327,0.27796334,0.06572268,0.07163653,0.18795113,0.2585441,0.13818224,0.0
1328,0.33447614,0.18119457,0.09524287,0.19825512,0.09485553,0.09597574,0.0
1329,0.32231778,0.07321543,0.13907169,0.16385144,0.10749587,0.19404775,0.0
1330,0.18560146,0.21071346,0.08542801,0.13782306,0.30639067,0.07404338,0.0
1331,0.19427413,0.1299157,0.13633387,0.19460052,0.062548,0.2823278,0.0
1332,0.27438247,0.13509937,0.28060552,0.06180714,0.14630753,0.10179794,0.0
1333,0.142854,0.09610107,0.29665124,0.11218162,0.09052962,0.26168245,0.0
1334,0.23824333,0.05966969,0.18544893,0.05541339,0.2583964,0.2028283,0.0
1335,0.06512342,0.19339643,0.19077462,0.08567312,0.07210616,0.39292628,0.0
1336,0.23872384,0.22204109,0.1898456,0.11740598,0.07224683,0.15973666,0.0
1337,0.11850114,0.14600644,0.05959786,0.35491958,0.18969506,0.13127995,0.0
1338,0.07362545,0.11995819,0.31317985,0.17222874,0.09544986,0.225558,0.0
1339,0.10597734,0.28731415,0.07941469,0.3194475,0.1545799,0.05326649,0.0
1340,0.36134705,0.09960346,0.09705748,0.20210886,0.06798925,0.171894,0.0
1341,0.18642123,0.25524697,0.08371026,0.23794629,0.19167586,0.04499944,0.0
1342,0.0965097,0.24326433,0.1556976,0.04897831,0.2845999,0.17095008,0.0
1343,0.13597256,0.10271531,0.20595074,0.40393808,0.09637446,0.05504888,0.0
1344,0.17883664,0.09450624,0.14995402,0.17664732,0.1570404,0.24301538,0.0
1345,0.15767653,0.16032542,0.11341732,0.16589282,0.22488381,0.17780407,0.0
1346,0.10066374,0.14586656,0.29252854,0.06389711,0.2295762,0.16746783,0.0
1347,0.16762121,0.09532498,0.05315281,0.23898698,0.25467637,0.19023757,0.0
1348,0.09561276,0.202328,0.23052613,0.17843156,0.16180797,0.13129367,0.0
1349,0.097086,0.31636077,0.12857419,0.16096723,0.19725199,0.09975983,0.0
1350,0.07141265,0.12840942,0.25577298,0.28630543,0.170172,0.08792749,0.0
1351,0.15069714,0.15615036,0.09125231,0.06716522,0.42401698,0.11071797,0.0
1352,0.22275378,0.27535537,0.23062027,0.10218866,0.11920183,0.04988015,0.0
1353,0.16127057,0.08058409,0.4591031,0.11296404,0.09036667,0.09571154,0.0
1354,0.10134238,0.07303037,0.18245132,0.06635602,0.17580417,0.40101576,0.0
1355,0.31215543,0.08117256,0.04988611,0.17349257,0.22100085,0.16229236,0.0
1356,0.1769099,0.18633868,0.35093918,0.08517626,0.09035947,0.11027655,0.0
1357,0.29156792,0.3331,0.09338322,0.05965513,0.06376173,0.15853207,0.0
1358,0.2062587,0.07476326,0.23957433,0.14098738,0.22111781,0.11729846,0.0
1359,0.27616474,0.27347106,0.06443781,0.07747837,0.07201182,0.23643628,0.0
1360,0.05831125,0.41985303,0.19059281,0.10981577,0.09109665,0.13033056,0.0
1361,0.22950213,0.07810787,0.37283885,0.07366308,0.12847759,0.11741046,0.0
1362,0.08677978,0.10472418,0.07827973,0.13230048,0.22823128,0.3696846,0.0
1363,0.19570884,0.09064482,0.34685585,0.15012029,0.09047,0.12620024,0.0
1364,0.1894291,0.13762382,0.09023043,0.10232551,0.3277735,0.15261759,0.0
1365,0.06331833,0.14158075,0.15414266,0.15813243,0.23537704,0.24744888,0.0
1366,0.17809235,0.04157819,0.19479904,0.20948075,0.17727211,0.19877762,0.0
1367,0.22480848,0.10461868,0.09163928,0.28035635,0.07959057,0.2189866,0.0
1368,0.11563772,0.11432981,0.14158922,0.20510978,0.07315671,0.35017678,0.0
1369,0.11447383,0.13859944,0.15078385,0.17983964,0.13340136,0.28290188,0.0
1370,0.0589188,0.29911706,0.26856744,0.07701232,0.07429954,0.2220848,0.0
1371,0.3030978,0.0580194,0.08643597,0.07456035,0.14922237,0.3286641,0.0
1372,0.11313377,0.12160875,0.17499031,0.3211559,0.19608837,0.07302286,0.0
1373,0.10491556,0.13173214,0.16497388,0.08320281,0.31414407,0.20103146,0.0
1374,0.27370778,0.06078469,0.21373838,0.11396794,0.13662706,0.20117417,0.0
1375,0.18940657,0.14738664,0.12344704,0.25956252,0.09972395,0.18047333,0.0
1376,0.09109544,0.08923034,0.18855602,0.06397902,0.39031792,0.1768213,0.0
1377,0.10718688,0.21543828,0.1779575,0.19353612,0.21281798,0.09306321,0.0
1378,0.0576536,0.27804947,0.21420519,0.1320569,0.16152109,0.15651375,0.0
1379,0.0949642,0.35936356,0.11109151,0.24581781,0.06230392,0.12645897,0.0
1380,0.23764075,0.11152633,0.05038966,0.2525979,0.19985884,0.14798656,0.0
1381,0.33574742,0.11267584,0.16280001,0.24323134,0.0909031,0.05464224,0.0
1382,0.08836951,0.09974474,0.40830496,0.06824584,0.2707919,0.06454306,0.0
1383,0.1185449,0.26777747,0.08267294,0.07854892,0.29995617,0.1524996,0.0
1384,0.27668694,0.09534585,0.07717594,0.23772015,0.12762244,0.18544868,0.0
1385,0.17671286,0.11869662,0.12782419,0.3174609,0.12734441,0.13196099,0.0
1386,0.06969114,0.20016663,0.10095147,0.20053224,0.23580107,0.19285741,0.0
1387,0.14366075,0.23832381,0.20182498,0.1417963,0.12438817,0.15000598,0.0
1388,0.2730405,0.09156191,0.2156445,0.11875118,0.0840698,0.21693218,0.0
1389,0.11383018,0.14202748,0.1569512,0.33465245,0.07146908,0.18106958,0.0
1390,0.22169486,0.05301357,0.2626977,0.05413852,0.15611196,0.2523434,0.0
1391,0.1580423,0.27317634,0.0921445,0.10364708,0.09381404,0.2791757,0.0
1392,0.22746341,0.07193901,0.29223105,0.16904145,0.11427405,0.12505107,0.0
1393,0.1420349,0.1254336,0.11740993,0.14220506,0.35414624,0.11877027,0.0
1394,0.04862333,0.2655727,0.10461678,0.07019365,0.32411528,0.18687834,0.0
1395,0.14157596,0.22204477,0.12913385,0.18282638,0.18110076,0.14331825,0.0
1396,0.13560274,0.17560859,0.14716357,0.31108478,0.11684295,0.11369742,0.0
1397,0.2896761,0.19874588,0.07944452,0.16299944,0.20710126,0.06203284,0.0
1398,0.27764064,0.27133182,0.18397294,0.07331793,0.1182661,0.07547051,0.0
1399,0.11487594,0.27724,0.14265642,0.10570829,0.22201397,0.13750537,0.0
1400,0.11197775,0.2564483,0.15567806,0.06397372,0.07266667,0.33925557,0.0
1401,0.3195666,0.06560384,0.06473324,0.12515916,0.26121584,0.16372128,0.0
1402,0.2603279,0.18245539,0.13463905,0.13196625,0.11014966,0.18046172,0.0
1403,0.31322867,0.2603193,0.14867689,0.14110783,0.05328296,0.08338449,0.0
1404,0.20515324,0.27062303,0.11711759,0.06630699,0.22447595,0.11632321,0.0
1405,0.1894057,0.19634534,0.11320522,0.11887633,0.11883143,0.26333603,0.0
1406,0.23042755,0.06204227,0.11129731,0.15483755,0.22346115,0.21793419,0.0
1407,0.13036397,0.08373123,0.34802192,0.08821231,0.18918204,0.1604885,0.0
1408,0.09676327,0.31223935,0.19858256,0.15902597,0.11504356,0.11834522,0.0
1409,0.13485388,0.05810031,0.20561841,0.22381583,0.2654098,0.11220188,0.0
1410,0.1512246,0.13237736,0.17892203,0.15543477,0.21266887,0.1693723,0.0
1411,0.04946369,0.21288775,0.1852412,0.06819841,0.31466478,0.16954418,0.0
1412,0.15213832,0.263978,0.14041816,0.12784661,0.05954356,0.25607544,0.0
1413,0.15377647,0.15810278,0.26378965,0.12404241,0.177973,0.12231568,0.0
1414,0.15175922,0.4795293,0.08317108,0.07969054,0.10332476,0.10252517,0.0
1415,0.13021491,0.09251676,0.2921998,0.07086722,0.24905795,0.16514345,0.0
1416,0.26235017,0.06535947,0.10613368,0.12146156,0.28598374,0.15871145,0.0
1417,0.2852987,0.15782806,0.1115525,0.19677077,0.10488503,0.14366488,0.0
1418,0.1161354,0.12207657,0.10790733,0.10359524,0.44301608,0.10726934,0.0
1419,0.2165979,0.07750557,0.10738753,0.36795896,0.15514073,0.07540928,0.0
1420,0.1531146,0.07215931,0.13901122,0.1278729,0.44046915,0.06737282,0.0
1421,0.16016997,0.21755533,0.10946844,0.2644435,0.08181506,0.16654773,0.0
1422,0.05086504,0.2642643,0.21399103,0.1994588,0.1797833,0.09163754,0.0
1423,0.17121492,0.27161613,0.05779307,0.11405729,0.3275029,0.05781564,0.0
1424,0.18202023,0.08742491,0.05222356,0.23767626,0.11730818,0.32334688,0.0
1425,0.08937413,0.12202755,0.31363732,0.07009851,0.3313779,0.07348464,0.0
1426,0.17413342,0.12981743,0.09829717,0.10774679,0.16106512,0.32894003,0.0
1427,0.08987737,0.11262904,0.14981899,0.18703741,0.29622242,0.16441476,0.0
1428,0.07033955,0.1462054,0.15692851,0.42570448,0.08427942,0.1165427,0.0
1429,0.1493192,0.10236146,0.24660392,0.2142803,0.0977615,0.18967366,0.0
1430,0.10910909,0.0814967,0.1211617,0.2480343,0.32804424,0.11215397,0.0
1431,0.1211049,0.12924585,0.28053546,0.25577012,0.1356907,0.07765295,0.0
1432,0.11121434,0.08799431,0.3021054,0.05031132,0.2662047,0.18216991,0.0
1433,0.07419454,0.12953722,0.14796805,0.08027195,0.21635316,0.35167503,0.0
1434,0.15077893,0.18007149,0.24227805,0.08618739,0.28422886,0.05645522,0.0
1435,0.18945637,0.2423273,0.05072419,0.2730888,0.10801157,0.13639179,0.0
1436,0.1948788,0.13167952,0.11523424,0.28957763,0.09540638,0.17322351,0.0
1437,0.11801463,0.21523538,0.1821397,0.13993007,0.2747683,0.069912,0.0
1438,0.28278875,0.0580847,0.13713871,0.17839697,0.14537936,0.19821158,0.0
1439,0.12351666,0.07575694,0.20966987,0.17694755,0.3263815,0.08772741,0.0
1440,0.34693858,0.15866056,0.11582526,0.0532129,0.06513505,0.26022768,0.0
1441,0.08037796,0.07115258,0.2588073,0.2918772,0.07086474,0.22692025,0.0
1442,0.14455463,0.11475255,0.11377776,0.15126221,0.27183077,0.2038221,0.0
1443,0.29383457,0.12353812,0.17341563,0.16137204,0.10083754,0.14700216,0.0
1444,0.17606297,0.25379515,0.08943933,0.17417233,0.25229865,0.0542317,0.0
1445,0.13795595,0.2650554,0.2024506,0.11090206,0.12064292,0.16299304,0.0
1446,0.31642786,0.05806416,0.04402687,0.19615644,0.30471167,0.08061302,0.0
1447,0.1998172,0.22711578,0.28535932,0.1413404,0.07925255,0.0671147,0.0
1448,0.05048574,0.18171175,0.21448067,0.16603945,0.22048731,0.16679512,0.0
1449,0.21303776,0.12900455,0.14542541,0.2609873,0.17082609,0.08071881,0.0
1450,0.32832256,0.12036878,0.08103336,0.30041143,0.06890261,0.10096125,0.0
1451,0.10425915,0.31319422,0.05561514,0.27495995,0.09290501,0.15906651,0.0
1452,0.21752733,0.3072411,0.08497667,0.08771072,0.22756378,0.07498028,0.0
1453,0.15854725,0.12738481,0.39885667,0.08341812,0.08469453,0.1470987,0.0
1454,0.21600568,0.20096275,0.0875824,0.09016944,0.23279129,0.17248839,0.0
1455,0.212425,0.10015371,0.21106696,0.1520979,0.21591967,0.10833681,0.0
1456,0.10249649,0.1585485,0.06776179,0.20265989,0.40267766,0.06585573,0.0
1457,0.05865763,0.12672798,0.29332778,0.06744471,0.18162076,0.2722212,0.0
1458,0.18949127,0.24193661,0.04693769,0.26072973,0.1710778,0.08982694,0.0
1459,0.19018465,0.05506555,0.19771978,0.21297061,0.05159982,0.29245952,0.0
1460,0.09811196,0.08344735,0.18140197,0.09238449,0.21871288,0.32594132,0.0
1461,0.14375672,0.08524255,0.0821115,0.32336047,0.10180749,0.2637214,0.0
1462,0.1283185,0.3355905,0.28178298,0.08237018,0.10205621,0.06988164,0.0
1463,0.1279688,0.0779439,0.24504301,0.25803185,0.15958828,0.13142413,0.0
1464,0.11654239,0.3003168,0.20511436,0.09619061,0.11797348,0.16386229,0.0
1465,0.19166762,0.14875203,0.2589019,0.16108347,0.0602129,0.17938206,0.0
1466,0.21176052,0.10543515,0.19269304,0.26218578,0.08011342,0.14781216,0.0
1467,0.17135169,0.3015095,0.0810904,0.06131655,0.16073985,0.223992,0.0
1468,0.1807553,0.14374678,0.12492327,0.13587411,0.08066715,0.33403337,0.0
1469,0.07651629,0.21857303,0.297485,0.12159112,0.12844533,0.15738918,0.0
1470,0.13639297,0.35511166,0.14797433,0.1266276,0.08637184,0.14752166,0.0
1471,0.13029338,0.08358265,0.12460671,0.2783722,0.08480843,0.29833663,0.0
1472,0.18726633,0.16089801,0.18740588,0.14302807,0.11278956,0.20861219,0.0
1473,0.07333484,0.19063924,0.07326245,0.21132612,0.12834166,0.32309574,0.0
1474,0.12226436,0.06080446,0.29597437,0.24082421,0.05574685,0.22438571,0.0
1475,0.09439315,0.28971425,0.06522686,0.06624758,0.3548774,0.12954062,0.0
1476,0.05649295,0.30114204,0.27777937,0.07870789,0.1820548,0.10382295,0.0
1477,0.20421338,0.05795872,0.3320658,0.24113402,0.05074592,0.11388218,0.0
1478,0.0637859,0.20138462,0.2902673,0.15493578,0.16356635,0.12606011,0.0
1479,0.21401834,0.17157297,0.05519601,0.12014431,0.16713154,0.27193686,0.0
1480,0.11104957,0.24537228,0.07314299,0.13974376,0.1672499,0.26344147,0.0
1481,0.10087559,0.09079164,0.11508502,0.08720504,0.17244294,0.4335998,0.0
1482,0.13053292,0.14599256,0.35629204,0.07557836,0.10354355,0.18806058,0.0
1483,0.16089664,0.15071423,0.22802755,0.0933867,0.09725201,0.26972285,0.0
1484,0.12900233,0.15820538,0.09236194,0.19516665,0.09915434,0.32610935,0.0
1485,0.32314387,0.04710591,0.05281992,0.07423097,0.18128029,0.3214191,0.0
1486,0.21727525,0.11761961,0.08000141,0.13276969,0.38823077,0.06410325,0.0
1487,0.21431318,0.06187041,0.15869956,0.23999311,0.11116356,0.2139601,0.0
1488,0.05754262,0.26197147,0.27157176,0.11562449,0.18062748,0.11266227,0.0
1489,0.1746855,0.15436073,0.2566225,0.05541382,0.1401106,0.21880692,0.0
1490,0.22812629,0.08326273,0.16417743,0.17670333,0.1991574,0.14857285,0.0
1491,0.17641298,0.2882462,0.13815226,0.18996835,0.09537081,0.11184934,0.0
1492,0.33986494,0.07617773,0.06122104,0.30928743,0.09288451,0.12056439,0.0
1493,0.35944104,0.0630561,0.08025683,0.06786188,0.1321934,0.29719067,0.0
1494,0.33354795,0.21503142,0.16206047,0.0744349,0.12005182,0.09487348,0.0
1495,0.30663893,0.06619649,0.26648343,0.21547097,0.05616422,0.08904599,0.0
1496,0.27179638,0.2739533,0.20837314,0.06357773,0.09198891,0.09031059,0.0
1497,0.06467534,0.2200803,0.12131668,0.22181001,0.18397984,0.1881379,0.0
1498,0.21073908,0.22525564,0.26794866,0.04963521,0.13982883,0.10659257,0.0
1499,0.10828511,0.064393,0.28908184,0.14829108,0.06599811,0.3239509,0.0
1500,0.17088923,0.14967205,0.20720848,0.1537877,0.05309815,0.26534444,0.0
1501,0.09295224,0.36336955,0.17067352,0.05906484,0.10398186,0.20995796,0.0
1502,0.0982846,0.3650353,0.11872961,0.11250631,0.18335846,0.12208571,0.0
1503,0.33097154,0.08728635,0.13587712,0.19291826,0.16807504,0.08487174,0.0
1504,0.12688237,0.15451063,0.13301489,0.25792438,0.10255776,0.22510993,0.0
1505,0.28564075,0.1212488,0.20673455,0.1072192,0.18426302,0.09489377,0.0
1506,0.06524884,0.21085781,0.05808619,0.30215067,0.2920001,0.07165638,0.0
1507,0.1097523,0.31531987,0.15460415,0.26243365,0.08826094,0.06962918,0.0
1508,0.1755263,0.3451815,0.1274991,0.1389228,0.11808633,0.09478402,0.0
1509,0.3268307,0.13912274,0.10167959,0.19962119,0.12680687,0.10593892,0.0
1510,0.23817104,0.18281229,0.08795572,0.06629559,0.3603888,0.06437655,0.0
1511,0.08316296,0.27567112,0.1446545,0.29980946,0.11887188,0.07783005,0.0
1512,0.0556531,0.14166561,0.18815501,0.07855929,0.32174307,0.21422386,0.0
1513,0.12451649,0.1855291,0.15144463,0.26795188,0.14460121,0.12595661,0.0
1514,0.26479957,0.14627552,0.15577726,0.06342225,0.27121255,0.09851278,0.0
1515,0.06495015,0.09206975,0.17397107,0.10726035,0.14723638,0.4145123,0.0
1516,0.23945063,0.08089864,0.10341996,0.21779408,0.1407537,0.21768296,0.0
1517,0.29970407,0.20857443,0.111195,0.07628543,0.25508678,0.04915427,0.0
1518,0.11023998,0.07818748,0.33105594,0.13566072,0.12428492,0.22057098,0.0
1519,0.15839078,0.07510223,0.2927558,0.30259562,0.05996221,0.11119334,0.0
1520,0.07014108,0.18370466,0.09667972,0.19935,0.25779226,0.19233225,0.0
1521,0.11373443,0.24849181,0.27973926,0.0841411,0.16649263,0.10740074,0.0
1522,0.08763029,0.19372788,0.15125619,0.22360633,0.07857862,0.2652007,0.0
1523,0.28776214,0.18820353,0.10036296,0.2365449,0.04789434,0.13923217,0.0
1524,0.07174219,0.1941156,0.2599479,0.16834995,0.20821849,0.09762589,0.0
1525,0.22782141,0.13164806,0.2378325,0.07643778,0.21333529,0.11292505,0.0
1526,0.13448766,0.10361963,0.33748513,0.13091457,0.20072845,0.09276459,0.0
1527,0.16504988,0.12238208,0.12398953,0.05710912,0.3210725,0.21039692,0.0
1528,0.13545424,0.06954192,0.05632778,0.28728536,0.30732158,0.14406912,0.0
1529,0.17535588,0.05954203,0.17502438,0.23485434,0.14638223,0.20884125,0.0
1530,0.21114738,0.23283947,0.08000625,0.0568044,0.19194818,0.22725435,0.0
1531,0.10088038,0.10680558,0.20653106,0.19777723,0.23508611,0.15291965,0.0
1532,0.09685551,0.40979242,0.09638686,0.11208996,0.09448108,0.19039415,0.0
1533,0.05411821,0.1316396,0.31739372,0.09168454,0.07401957,0.33114445,0.0
1534,0.10166202,0.08819789,0.26152998,0.15920326,0.2774483,0.11195858,0.0
1535,0.27952302,0.12644039,0.11066476,0.04599116,0.13921604,0.29816467,0.0
1536,0.37941626,0.06887786,0.2519893,0.06399823,0.08965554,0.14606284,0.0
1537,0.2239317,0.1414259,0.10767905,0.1472293,0.1209115,0.25882253,0.0
1538,0.13130324,0.07382566,0.07700448,0.4222015,0.17649217,0.11917286,0.0
1539,0.17388941,0.19855587,0.08805643,0.17417006,0.23823532,0.12709285,0.0
1540,0.17534816,0.11521261,0.25749546,0.18221653,0.05002338,0.21970388,0.0
1541,0.28956646,0.04358874,0.14353156,0.17047225,0.06760255,0.28523847,0.0
1542,0.14737125,0.3032409,0.06468406,0.14972442,0.26675057,0.06822884,0.0
1543,0.25054306,0.10131802,0.15107957,0.11607598,0.16377777,0.21720561,0.0
1544,0.07990832,0.29419675,0.12810957,0.23447992,0.09541635,0.16788909,0.0
1545,0.21860051,0.3567748,0.11113168,0.15210013,0.07078909,0.09060374,0.0
1546,0.11458465,0.31322473,0.09118605,0.07485981,0.29978848,0.10635625,0.0
1547,0.19637811,0.25412792,0.10908324,0.20509087,0.08128356,0.15403631,0.0
1548,0.14660949,0.2835492,0.16612087,0.0886614,0.12588114,0.18917799,0.0
1549,0.28787434,0.07259762,0.08826293,0.19449595,0.05533147,0.30143768,0.0
1550,0.20032546,0.0952517,0.10087105,0.3629933,0.09604762,0.14451092,0.0
1551,0.06195574,0.31992966,0.22057638,0.20109402,0.06260026,0.13384391,0.0
1552,0.19854555,0.12102368,0.23158851,0.06739392,0.260358,0.1210904,0.0
1553,0.11744755,0.28172374,0.14292976,0.14958479,0.23681162,0.07150263,0.0
1554,0.33192137,0.11343513,0.06468087,0.10024518,0.3081677,0.08154979,0.0
1555,0.21357262,0.20311223,0.23167044,0.21686488,0.07064436,0.06413545,0.0
1556,0.27739143,0.11401612,0.11408202,0.16115251,0.23955084,0.09380711,0.0
1557,0.1373758,0.16802216,0.09080005,0.20879154,0.33969077,0.05531976,0.0
1558,0.22015174,0.22422738,0.10249983,0.07003316,0.13806966,0.24501826,0.0
1559,0.31733862,0.07242991,0.09315474,0.06550962,0.14509442,0.3064727,0.0
1560,0.2074881,0.11250318,0.14766532,0.22209285,0.21222939,0.09802125,0.0
1561,0.054265,0.20802931,0.0812328,0.25696823,0.25908098,0.14042372,0.0
1562,0.12226501,0.15627193,0.23212866,0.08543441,0.22892329,0.1749767,0.0
1563,0.08416214,0.32160443,0.05574634,0.17511865,0.11674207,0.24662636,0.0
1564,0.14159574,0.2633121,0.05663082,0.30233997,0.13064802,0.1054734,0.0
1565,0.16757387,0.1746826,0.0995107,0.10892987,0.07805897,0.371244,0.0
1566,0.17411245,0.16173503,0.13967861,0.29780906,0.16776909,0.05889579,0.0
1567,0.27646646,0.0701811,0.28633183,0.10799026,0.18508744,0.07394288,0.0
1568,0.10399297,0.085256,0.14674243,0.09716457,0.28100255,0.28584146,0.0
1569,0.23764619,0.07561909,0.23792985,0.09311452,0.1550849,0.20060545,0.0
1570,0.19528586,0.06231194,0.10060795,0.29995453,0.11009488,0.23174493,0.0
1571,0.37743807,0.26611263,0.06088474,0.14319393,0.09439697,0.05797365,0.0
1572,0.07597639,0.26645643,0.09463286,0.23852426,0.09711298,0.22729716,0.0
1573,0.09477808,0.14102319,0.33095893,0.205478,0.11993744,0.10782436,0.0
1574,0.25708,0.08555306,0.1513151,0.22991619,0.15549777,0.12063791,0.0
1575,0.17585981,0.1173728,0.08185997,0.2355732,0.19963948,0.18969478,0.0
1576,0.10102122,0.2689373,0.25611505,0.10129158,0.14558204,0.12705283,0.0
1577,0.28694946,0.19575779,0.1532645,0.07646201,0.2141701,0.07339623,0.0
1578,0.09940442,0.06942353,0.34112406,0.14735176,0.28398377,0.05871245,0.0
1579,0.07745134,0.17193304,0.15882924,0.17302132,0.21224572,0.20651929,0.0
1580,0.19168395,0.3178644,0.19059758,0.14866675,0.07539663,0.07579072,0.0
1581,0.27193624,0.09522097,0.07644162,0.29994914,0.15811169,0.09834041,0.0
1582,0.18052955,0.13736372,0.13359539,0.29156446,0.06804302,0.1889038,0.0
1583,0.13230945,0.22664727,0.12614559,0.10761152,0.32950488,0.07778134,0.0
1584,0.05232329,0.04732202,0.2212949,0.24796374,0.13827392,0.29282215,0.0
1585,0.11424161,0.22469291,0.16313556,0.11233923,0.27786994,0.10772078,0.0
1586,0.10868315,0.33348954,0.1349739,0.05255653,0.24871995,0.12157688,0.0
1587,0.14888965,0.25153074,0.09245897,0.13487238,0.20164943,0.17059888,0.0
1588,0.08721018,0.31314054,0.09205247,0.11564114,0.31715578,0.07479985,0.0
1589,0.22605626,0.26249295,0.19976448,0.19278504,0.05056465,0.06833666,0.0
1590,0.0982342,0.21440512,0.19100949,0.17373832,0.14622378,0.17638917,0.0
1591,0.10219117,0.23412699,0.05553394,0.29451874,0.09941065,0.21421848,0.0
1592,0.13305098,0.137884,0.24745618,0.29434937,0.06459634,0.12266313,0.0
1593,0.2015668,0.24614547,0.23228873,0.04354349,0.06007847,0.21637702,0.0
1594,0.23237741,0.11892486,0.18203424,0.14069429,0.24436526,0.08160388,0.0
1595,0.17619017,0.22621386,0.13823026,0.06489277,0.2987593,0.09571367,0.0
1596,0.17776975,0.11003113,0.27546895,0.24016792,0.13731207,0.05925021,0.0
1597,0.096456,0.15628931,0.24205032,0.10198714,0.27065533,0.1325619,0.0
1598,0.06549254,0.26599118,0.08883644,0.15731353,0.35533822,0.06702805,0.0
1599,0.08030073,0.08617858,0.16785249,0.11588658,0.19336435,0.35641736,0.0
1600,0.1973778,0.13429825,0.22533575,0.08173466,0.07650717,0.28474638,0.0
1601,0.10526419,0.21737826,0.41882178,0.08520391,0.0864355,0.0868964,0.0
1602,0.29101282,0.09740562,0.19175552,0.15272589,0.18878831,0.07831171,0.0
1603,0.06147562,0.17219508,0.23083293,0.11163103,0.27618405,0.14768127,0.0
1604,0.3877441,0.10448384,0.16725275,0.10687273,0.07963496,0.15401165,0.0
1605,0.13532923,0.1825443,0.14178142,0.2802651,0.12391441,0.13616548,0.0
1606,0.07509185,0.3236225,0.10889775,0.22683801,0.10238343,0.16316654,0.0
1607,0.08640715,0.09349196,0.15489863,0.08660747,0.47504532,0.10354944,0.0
1608,0.19319315,0.04103509,0.2080751,0.1626204,0.2417893,0.15328692,0.0
1609,0.07263239,0.13455158,0.08085589,0.19528505,0.30576092,0.21091412,0.0
1610,0.06055457,0.2442021,0.15450428,0.12888907,0.26468065,0.14716925,0.0
1611,0.3203516,0.06072589,0.08883175,0.23689032,0.05982048,0.23337996,0.0
1612,0.26107273,0.06430358,0.15340899,0.33505458,0.0597853,0.12637478,0.0
1613,0.33292344,0.10110301,0.10975837,0.2513089,0.12121113,0.08369516,0.0
1614,0.18462011,0.30218554,0.13668443,0.1256549,0.16614763,0.08470739,0.0
1615,0.14811268,0.07740869,0.26088017,0.2562291,0.1678619,0.08950743,0.0
1616,0.16766539,0.15802571,0.33838826,0.07769863,0.16973867,0.08848321,0.0
1617,0.29097497,0.09408943,0.19298412,0.10766973,0.17249009,0.1417917,0.0
1618,0.2570047,0.19126587,0.22923501,0.19857678,0.08095512,0.04296252,0.0
1619,0.33983094,0.07430708,0.11568356,0.1518795,0.18926784,0.1290311,0.0
1620,0.16051967,0.1919662,0.21042976,0.17114319,0.20261714,0.06332406,0.0
1621,0.09667421,0.09407449,0.11355566,0.2887013,0.23039411,0.17660023,0.0
1622,0.09809091,0.10340549,0.28382677,0.05248311,0.16523223,0.29696152,0.0
1623,0.09929858,0.18970485,0.37306294,0.14298074,0.09811481,0.09683806,0.0
1624,0.1148233,0.06138377,0.29198465,0.27844346,0.06672698,0.18663792,0.0
1625,0.26450995,0.10253168,0.23156121,0.12556815,0.14464694,0.131182,0.0
1626,0.20225178,0.08238765,0.17744854,0.1041581,0.16355176,0.27020222,0.0
1627,0.11457814,0.3152346,0.1076124,0.18471043,0.1237635,0.15410088,0.0
1628,0.06895914,0.2413274,0.08547102,0.25036168,0.29234698,0.06153372,0.0
1629,0.31898078,0.05393406,0.24421586,0.25116783,0.05482189,0.07687963,0.0
1630,0.34821197,0.22227545,0.10793762,0.07179717,0.16550574,0.084272,0.0
1631,0.10182811,0.12589169,0.06674851,0.07541642,0.32735577,0.30275956,0.0
1632,0.13403572,0.14212073,0.08751766,0.18211329,0.38818297,0.06602976,0.0
1633,0.26906952,0.14427444,0.11527848,0.2251803,0.05965582,0.18654141,0.0
1634,0.2916213,0.0825895,0.20415112,0.2094848,0.15241681,0.05973646,0.0
1635,0.1586252,0.22670801,0.29610863,0.09980282,0.13060352,0.08815176,0.0
1636,0.12670702,0.35989445,0.18663102,0.14462407,0.07955316,0.10259026,0.0
1637,0.2257601,0.05216387,0.29385996,0.21893135,0.1310612,0.07822351,0.0
1638,0.2442607,0.14707977,0.094256,0.22834852,0.14089851,0.14515649,0.0
1639,0.12418503,0.08307856,0.18368465,0.27270225,0.09437631,0.24197316,0.0
1640,0.15113887,0.2558192,0.0987882,0.15231913,0.13826315,0.20367146,0.0
1641,0.3537703,0.17447571,0.17134365,0.08580381,0.05993965,0.15466687,0.0
1642,0.10296449,0.09862082,0.15293954,0.26339462,0.06677657,0.31530395,0.0
1643,0.07734769,0.14583053,0.26798615,0.29192215,0.10247672,0.11443681,0.0
1644,0.14617069,0.08578419,0.21743979,0.16817021,0.14401762,0.23841746,0.0
1645,0.24102342,0.20972951,0.05070859,0.08754791,0.16533838,0.24565226,0.0
1646,0.14838907,0.373784,0.10001905,0.13871677,0.11848295,0.1206081,0.0
1647,0.07376939,0.2839908,0.07048227,0.07417993,0.28215095,0.21542668,0.0
1648,0.2400713,0.07075578,0.25063574,0.05868575,0.18291223,0.19693922,0.0
1649,0.49843523,0.10778734,0.1210256,0.07198071,0.09232615,0.10844491,0.0
1650,0.16074029,0.11845796,0.11532265,0.14155734,0.23281132,0.23111051,0.0
1651,0.27060053,0.06055841,0.10219415,0.27276006,0.14635275,0.14753406,0.0
1652,0.09563705,0.06620302,0.08218168,0.3975233,0.10899513,0.24945976,0.0
1653,0.24543776,0.1953506,0.13013841,0.24359621,0.13874221,0.04673477,0.0
1654,0.1610943,0.16520907,0.13573687,0.18859085,0.2560617,0.09330724,0.0
1655,0.0706426,0.07719671,0.08267713,0.46749607,0.1564399,0.14554763,0.0
1656,0.31876445,0.14500795,0.13466194,0.1586996,0.10943778,0.13342823,0.0
1657,0.03505977,0.2321187,0.18644722,0.21445632,0.14306682,0.1888512,0.0
1658,0.09277422,0.2406525,0.21391758,0.06171199,0.29829708,0.09264661,0.0
1659,0.19096936,0.16865443,0.0875285,0.10746485,0.19352816,0.25185466,0.0
1660,0.05738811,0.20862311,0.20252074,0.28000754,0.08671856,0.164742,0.0
1661,0.15745752,0.06399091,0.3759387,0.14225347,0.09972299,0.16063641,0.0
1662,0.15579449,0.33515966,0.16546199,0.16367318,0.09522086,0.08468986,0.0
1663,0.12391308,0.16358142,0.31649038,0.14177096,0.08692238,0.16732182,0.0
1664,0.16716857,0.06701884,0.0969943,0.0829624,0.38154414,0.20431186,0.0
1665,0.09865616,0.08787443,0.40323806,0.07435825,0.16218744,0.17368557,0.0
1666,0.0677639,0.07683564,0.09220588,0.11807498,0.25802195,0.3870977,0.0
1667,0.11099391,0.31297413,0.07098296,0.08923416,0.20844209,0.20737275,0.0
1668,0.14826703,0.23813024,0.12162852,0.2695914,0.1399449,0.08243798,0.0
1669,0.08662803,0.4553463,0.07375666,0.07517856,0.21857435,0.09051608,0.0
1670,0.12405895,0.3096114,0.22582887,0.1196214,0.13569628,0.08518314,0.0
1671,0.06049453,0.15521489,0.06065061,0.29373062,0.22994088,0.19996852,0.0
1672,0.24904533,0.16411148,0.05719449,0.27721575,0.13547677,0.11695624,0.0
1673,0.08136488,0.20763545,0.07621714,0.0968558,0.37295133,0.16497535,0.0
1674,0.20689124,0.1725742,0.06911372,0.28141135,0.17596719,0.09404236,0.0
1675,0.06655428,0.07588247,0.39529264,0.12747118,0.26094335,0.07385608,0.0
1676,0.06668482,0.25703377,0.11847787,0.10679251,0.14921765,0.30179343,0.0
1677,0.10309135,0.28924647,0.08849833,0.11492961,0.28888476,0.11534943,0.0
1678,0.09333127,0.32824215,0.11503065,0.08783866,0.2392191,0.13633819,0.0
1679,0.11895851,0.09449329,0.27204064,0.08059503,0.27360576,0.16030675,0.0
1680,0.10831789,0.26181933,0.16460226,0.10374721,0.1919516,0.16956164,0.0
1681,0.09614792,0.2546589,0.07375978,0.26718998,0.25109142,0.05715197,0.0
1682,0.26030988,0.27117336,0.12221972,0.07350918,0.19870184,0.074086,0.0
1683,0.06738034,0.22805333,0.0757801,0.19726636,0.3139051,0.11761478,0.0
1684,0.14948599,0.21315879,0.12739271,0.07786287,0.21247031,0.21962936,0.0
1685,0.14927074,0.312738,0.07952306,0.07505102,0.08714194,0.29627523,0.0
1686,0.30467385,0.13319156,0.11911978,0.04674532,0.23568885,0.16058072,0.0
1687,0.1543377,0.12511271,0.08536798,0.13326226,0.14144659,0.36047283,0.0
1688,0.08883972,0.10269779,0.3607838,0.21406522,0.08509614,0.14851741,0.0
1689,0.12163943,0.39972904,0.12464534,0.08059012,0.18146558,0.09193058,0.0
1690,0.08775976,0.32581338,0.05341907,0.11516587,0.20763186,0.21021014,0.0
1691,0.09246729,0.16402604,0.23159504,0.05736406,0.19484569,0.25970188,0.0
1692,0.13487387,0.20613816,0.10832802,0.05592279,0.22310413,0.27163306,0.0
1693,0.1296553,0.1873353,0.10279468,0.24845748,0.15258546,0.17917195,0.0
1694,0.22906357,0.16601202,0.23587695,0.08541904,0.076847,0.20678137,0.0
1695,0.31609264,0.07352062,0.06400623,0.17684719,0.10158846,0.26794484,0.0
1696,0.12695487,0.19861744,0.08633065,0.09850356,0.34275925,0.14683422,0.0
1697,0.14989963,0.07986871,0.2943833,0.15365113,0.17202759,0.15016963,0.0
1698,0.23491776,0.19687939,0.20617415,0.18987554,0.04603834,0.12611476,0.0
1699,0.09920523,0.16736917,0.20010093,0.31400436,0.10891495,0.11040541,0.0
1700,0.28514364,0.17366159,0.05115412,0.17041752,0.25891337,0.0607098,0.0
1701,0.11551899,0.22109401,0.13093735,0.2701532,0.07086979,0.19142658,0.0
1702,0.32400456,0.18505678,0.06249172,0.15134387,0.11818388,0.15891916,0.0
1703,0.24503733,0.07785279,0.22100686,0.1521348,0.13411783,0.1698504,0.0
1704,0.24855359,0.08039844,0.14196959,0.1934317,0.2536748,0.08197186,0.0
1705,0.18905257,0.06282327,0.16082917,0.16694418,0.2631017,0.15724906,0.0
1706,0.24690828,0.21573308,0.17142773,0.16172722,0.09165332,0.11255034,0.0
1707,0.27895468,0.08258247,0.13042524,0.2374166,0.14061822,0.13000269,0.0
1708,0.07033489,0.15059517,0.06018657,0.19814207,0.38537377,0.13536762,0.0
1709,0.3430466,0.07372287,0.15590571,0.06698626,0.1389529,0.22138557,0.0
1710,0.31872165,0.19239908,0.12327466,0.06845286,0.14892252,0.14822915,0.0
1711,0.10951005,0.20048888,0.37152436,0.11337885,0.13696621,0.06813172,0.0
1712,0.08800795,0.3335478,0.09017871,0.34140378,0.0579378,0.08892398,0.0
1713,0.07713608,0.11069204,0.15623821,0.2547106,0.22232291,0.17890015,0.0
1714,0.17808501,0.05462631,0.30406886,0.3198296,0.07931415,0.06407607,0.0
1715,0.24701874,0.12144603,0.18698384,0.22533938,0.1378658,0.08134622,0.0
1716,0.12783112,0.30230334,0.05448629,0.24617796,0.14565901,0.12354233,0.0
1717,0.10086751,0.34784776,0.08628474,0.14755836,0.19425066,0.12319094,0.0
1718,0.10718797,0.23017032,0.08395872,0.36741585,0.09742314,0.11384393,0.0
1719,0.10274155,0.2707088,0.16356204,0.10542721,0.12347636,0.23408408,0.0
1720,0.15016086,0.08701803,0.20556036,0.17929584,0.19565476,0.18231016,0.0
1721,0.1833627,0.10345137,0.23231073,0.31203988,0.06803361,0.10080175,0.0
1722,0.05810503,0.17041059,0.14148653,0.14090593,0.25651968,0.2325723,0.0
1723,0.12556988,0.22067465,0.20167446,0.18464269,0.21029519,0.0571431,0.0
1724,0.13346776,0.22303575,0.11796033,0.28700364,0.16045545,0.07807706,0.0
1725,0.10298643,0.08116648,0.13066244,0.1318216,0.16665259,0.38671046,0.0
1726,0.18978012,0.17162097,0.05263098,0.20962964,0.15267006,0.22366829,0.0
1727,0.06412312,0.13322507,0.22707143,0.2579792,0.20619552,0.11140569,0.0
1728,0.2285712,0.07292223,0.20414653,0.22655798,0.18549615,0.08230597,0.0
1729,0.09807492,0.24054882,0.22119868,0.12171979,0.19068307,0.1277748,0.0
1730,0.17744502,0.27361634,0.10680968,0.20394757,0.1402624,0.09791902,0.0
1731,0.11664668,0.17371967,0.33961913,0.09728567,0.21574578,0.05698312,0.0
1732,0.22173643,0.08117256,0.24715395,0.05518526,0.0996374,0.29511446,0.0
1733,0.1534092,0.17809838,0.10321862,0.20755312,0.30254433,0.05517641,0.0
1734,0.28296068,0.07217863,0.05854333,0.15585332,0.23257984,0.19788423,0.0
1735,0.09351128,0.0865315,0.18493201,0.47082177,0.07503113,0.08917225,0.0
1736,0.23409846,0.09038842,0.21736851,0.1169311,0.10399893,0.23721458,0.0
1737,0.05411299,0.32131073,0.10677794,0.0711009,0.26295492,0.1837426,0.0
1738,0.29333943,0.20348756,0.27507287,0.0695827,0.06344292,0.0950745,0.0
1739,0.14210822,0.30435306,0.13287455,0.0679298,0.28807905,0.06465535,0.0
1740,0.24228361,0.22952694,0.15848324,0.19132362,0.12348203,0.05490053,0.0
1741,0.08814631,0.2896224,0.2616854,0.20785956,0.06703483,0.08565143,0.0
1742,0.07061721,0.29344037,0.16801766,0.16201243,0.24053493,0.06537732,0.0
1743,0.10435738,0.22092025,0.15468782,0.20496024,0.2378024,0.07727192,0.0
1744,0.12117408,0.27418953,0.13315307,0.12048011,0.19305894,0.15794416,0.0
1745,0.04701348,0.2934742,0.04215196,0.11966911,0.2559258,0.2417655,0.0
1746,0.13481669,0.07330984,0.11490851,0.17741503,0.10153552,0.39801437,0.0
1747,0.31250098,0.15106906,0.1376183,0.08000019,0.20067118,0.11814028,0.0
1748,0.2533306,0.2046845,0.0743255,0.22597484,0.09331406,0.14837047,0.0
1749,0.07960492,0.2062794,0.16865653,0.1933279,0.1174606,0.23467061,0.0
1750,0.18809944,0.2936369,0.16788739,0.13577676,0.13236244,0.08223703,0.0
1751,0.1233301,0.09775917,0.194638,0.12812923,0.10086557,0.35527793,0.0
1752,0.16785282,0.15870023,0.15274723,0.2742009,0.09810238,0.14839636,0.0
1753,0.06284323,0.23978303,0.22944628,0.13379456,0.13078547,0.2033474,0.0
1754,0.06287334,0.29075366,0.0653824,0.2712911,0.2542429,0.05545648,0.0
1755,0.11604909,0.18264535,0.2149383,0.15383042,0.10292546,0.22961134,0.0
1756,0.2707386,0.0977207,0.08822937,0.19341096,0.0815513,0.26834905,0.0
1757,0.3245683,0.11094302,0.18806902,0.17092183,0.14652506,0.05897275,0.0
1758,0.25033674,0.05187304,0.31337306,0.18031627,0.07321159,0.13088933,0.0
1759,0.06731468,0.07109614,0.10005982,0.3358431,0.36953107,0.05615519,0.0
1760,0.08869799,0.07690943,0.2014695,0.09066179,0.29447803,0.2477833,0.0
1761,0.2319368,0.0912319,0.41118264,0.07818589,0.12130495,0.06615777,0.0
1762,0.22218762,0.07888936,0.2581257,0.08272053,0.06229936,0.29577747,0.0
1763,0.09573084,0.4407561,0.08462464,0.1293371,0.1128012,0.1367501,0.0
1764,0.19172873,0.08847951,0.07981995,0.24542077,0.06478108,0.32977,0.0
1765,0.42237997,0.17376325,0.0676891,0.15237837,0.10040191,0.0833874,0.0
1766,0.15416485,0.07151936,0.11141727,0.35084164,0.12598069,0.18607625,0.0
1767,0.3026976,0.18944824,0.06743961,0.08630764,0.23234299,0.12176393,0.0
1768,0.31206122,0.0998213,0.24900159,0.0770788,0.19163415,0.07040297,0.0
1769,0.13866007,0.1702889,0.19753549,0.13126872,0.18011978,0.18212709,0.0
1770,0.10654017,0.17330915,0.20537274,0.12123233,0.3253465,0.06819917,0.0
1771,0.17567986,0.28016892,0.09314203,0.19812074,0.09966714,0.15322125,0.0
1772,0.08656072,0.24205327,0.1925724,0.2087585,0.1127626,0.15729246,0.0
1773,0.07824759,0.10094737,0.18496576,0.12370449,0.290247,0.22188778,0.0
1774,0.06638761,0.077897,0.19707093,0.29636818,0.28036147,0.0819148,0.0
1775,0.06064653,0.18062049,0.21778423,0.17433076,0.22535004,0.14126796,0.0
1776,0.16350038,0.13011669,0.09003013,0.14038143,0.28699574,0.18897557,0.0
1777,0.25962174,0.069139,0.13932662,0.16876328,0.20574753,0.1574019,0.0
1778,0.09578531,0.30783817,0.07756197,0.11979751,0.33243743,0.0665796,0.0
1779,0.1501271,0.2937055,0.19128461,0.15854731,0.12953262,0.07680275,0.0
1780,0.11211377,0.09409958,0.34828833,0.1296373,0.06021719,0.2556438,0.0
1781,0.34524766,0.08657717,0.1611966,0.19439931,0.08905758,0.12352175,0.0
1782,0.10043488,0.24945396,0.05586288,0.09554917,0.31881258,0.17988652,0.0
1783,0.1202511,0.3111712,0.14081521,0.12453631,0.19268826,0.11053795,0.0
1784,0.07128879,0.16399068,0.16561435,0.24834849,0.1417765,0.2089812,0.0
1785,0.12290103,0.11607492,0.2475375,0.11971647,0.21691938,0.1768507,0.0
1786,0.06647821,0.31006825,0.06526834,0.09306904,0.3129391,0.15217705,0.0
1787,0.21857326,0.30432805,0.12730955,0.12937514,0.05356393,0.16685,0.0
1788,0.21664855,0.22934034,0.06768964,0.25327602,0.18483931,0.04820602,0.0
1789,0.22595859,0.17464273,0.23090328,0.21034384,0.05408597,0.10406557,0.0
1790,0.11621709,0.15344162,0.317214,0.16904753,0.07736623,0.16671345,0.0
1791,0.22150747,0.06087369,0.16744754,0.1183358,0.12239218,0.30944332,0.0
1792,0.1331559,0.13310625,0.3444887,0.06608342,0.14507577,0.17808999,0.0
1793,0.24874453,0.23318109,0.10424465,0.1436485,0.16951193,0.10066927,0.0
1794,0.30738747,0.1673421,0.06259473,0.08511149,0.08514967,0.29241452,0.0
1795,0.28651172,0.1596987,0.06783926,0.35277238,0.05866589,0.07451202,0.0
1796,0.17732343,0.2694218,0.08727106,0.15080206,0.1859965,0.12918511,0.0
1797,0.2096705,0.121232,0.1063551,0.22701089,0.13680063,0.19893087,0.0
1798,0.11430183,0.21667719,0.1753759,0.06792503,0.11983962,0.30588046,0.0
1799,0.2951807,0.1900227,0.06507652,0.15429433,0.06734585,0.22807989,0.0
1800,0.16606328,0.16199175,0.33161882,0.10983057,0.06881056,0.16168502,0.0
1801,0.20761943,0.19027333,0.15199108,0.11701166,0.1278636,0.20524095,0.0
1802,0.107008,0.2731519,0.06781409,0.16277458,0.18171823,0.20753317,0.0
1803,0.10190912,0.07625028,0.08030853,0.35584545,0.27047452,0.11521214,0.0
1804,0.3887096,0.14456382,0.11966306,0.15039647,0.08810152,0.10856553,0.0
1805,0.25005844,0.27593008,0.05227105,0.18610062,0.05502636,0.18061344,0.0
1806,0.11162997,0.19810182,0.3680954,0.08025271,0.08972098,0.15219907,0.0
1807,0.21367906,0.13198411,0.24526975,0.16989566,0.11485249,0.12431898,0.0
1808,0.09806726,0.17038052,0.08636907,0.07621455,0.20768772,0.36128086,0.0
1809,0.2604504,0.12047947,0.24808545,0.16447584,0.13483529,0.07167356,0.0
1810,0.10584673,0.04963227,0.20462885,0.31714296,0.09924148,0.22350778,0.0
1811,0.1408746,0.07701518,0.0987061,0.18360545,0.25454614,0.24525248,0.0
1812,0.25379765,0.12289857,0.12750357,0.26388484,0.17046012,0.06145525,0.0
1813,0.07988302,0.14099221,0.188202,0.32953888,0.19259478,0.06878909,0.0
1814,0.03914449,0.19426452,0.22657987,0.16088106,0.15681228,0.22231781,0.0
1815,0.2523556,0.10260629,0.06316428,0.2574492,0.09152617,0.23289838,0.0
1816,0.10932583,0.2200904,0.08246415,0.15547778,0.08418969,0.3484521,0.0
1817,0.10976994,0.19269171,0.06426856,0.12600149,0.25584486,0.2514234,0.0
1818,0.11002789,0.14931001,0.1576433,0.14416063,0.2703362,0.16852205,0.0
1819,0.1289302,0.08165338,0.11290589,0.14744776,0.14692986,0.38213286,0.0
1820,0.3210678,0.06999616,0.25402725,0.20795408,0.07653085,0.07042382,0.0
1821,0.0988947,0.0837265,0.12931103,0.25628877,0.2783865,0.15339252,0.0
1822,0.14334564,0.0985541,0.23002455,0.15599053,0.21506137,0.15702383,0.0
1823,0.16571741,0.07272595,0.4196103,0.10308964,0.09943749,0.13941914,0.0
1824,0.06675857,0.24544354,0.13887131,0.21876372,0.21524963,0.11491333,0.0
1825,0.2698829,0.14743786,0.27045304,0.08060125,0.1602603,0.07136469,0.0
1826,0.13011317,0.08730633,0.33417886,0.13949698,0.20986183,0.09904274,0.0
1827,0.12462825,0.16104427,0.18305397,0.2503798,0.06294584,0.21794786,0.0
1828,0.06719009,0.13826618,0.12949996,0.16331263,0.26473498,0.2369962,0.0
1829,0.20398267,0.1278008,0.21511018,0.15809087,0.07813851,0.216877,0.0
1830,0.18157186,0.07045683,0.06379006,0.2010902,0.08870231,0.39438865,0.0
1831,0.24282508,0.18035483,0.08029868,0.1715292,0.1814583,0.14353384,0.0
1832,0.15094282,0.24526422,0.16519926,0.1555815,0.07897775,0.20403446,0.0
1833,0.14493556,0.24331419,0.16007453,0.14614666,0.19542885,0.11010017,0.0
1834,0.07489562,0.2039533,0.12618607,0.18591052,0.18006644,0.22898802,0.0
1835,0.07519519,0.35629186,0.13075536,0.10469186,0.12812813,0.20493771,0.0
1836,0.18783405,0.15168566,0.08247079,0.17024854,0.1313215,0.27643955,0.0
1837,0.2801656,0.07989523,0.11987804,0.12344407,0.16969271,0.22692432,0.0
1838,0.25840926,0.22906803,0.10518196,0.0780962,0.22139552,0.10784898,0.0
1839,0.21881989,0.07027001,0.08828426,0.21070054,0.27126664,0.14065863,0.0
1840,0.19964196,0.24541266,0.12165733,0.07185862,0.09089973,0.2705297,0.0
1841,0.28155005,0.16392665,0.2502292,0.07075348,0.18413955,0.04940102,0.0
1842,0.24751328,0.13128409,0.30394882,0.05580911,0.15736143,0.10408325,0.0
1843,0.21692702,0.11487196,0.14692348,0.29904,0.0858328,0.13640474,0.0
1844,0.14398782,0.13147363,0.19785881,0.0805245,0.3186038,0.12755136,0.0
1845,0.13510513,0.09240767,0.10549191,0.14105521,0.21071073,0.3152293,0.0
1846,0.1468537,0.2702465,0.07306693,0.12293746,0.23561575,0.15127958,0.0
1847,0.28745088,0.11691419,0.33504912,0.08370841,0.08021944,0.09665793,0.0
1848,0.08798645,0.15978426,0.11938196,0.07605772,0.2583323,0.2984573,0.0
1849,0.19465472,0.07343971,0.3065636,0.09431541,0.08365025,0.24737634,0.0
1850,0.0701295,0.3250099,0.20240368,0.12336247,0.15459436,0.12450007,0.0
1851,0.09553616,0.17488712,0.10892662,0.3907408,0.11561073,0.1142986,0.0
1852,0.32142115,0.09665699,0.13425174,0.11072696,0.16305794,0.1738853,0.0
1853,0.07182065,0.2508526,0.23951271,0.2915542,0.053641,0.09261879,0.0
1854,0.24829051,0.19409667,0.09729478,0.10704274,0.14223129,0.2110441,0.0
1855,0.25285655,0.05985609,0.17184283,0.11729507,0.33649006,0.06165935,0.0
1856,0.27167222,0.20758887,0.06685733,0.13468489,0.08048487,0.23871182,0.0
1857,0.04731897,0.06849729,0.10093848,0.27792352,0.27519277,0.23012894,0.0
1858,0.08826331,0.10531335,0.18822058,0.13128825,0.24267417,0.24424036,0.0
1859,0.08259086,0.10747333,0.2539837,0.18622606,0.17236325,0.19736288,0.0
1860,0.11148543,0.10947026,0.33445463,0.19560814,0.18983543,0.05914611,0.0
1861,0.26146674,0.2021542,0.22143821,0.19215429,0.07912947,0.04365714,0.0
1862,0.12515678,0.16213544,0.17984277,0.16136554,0.07096819,0.30053124,0.0
1863,0.0593564,0.05550911,0.13383012,0.32838655,0.32490802,0.09800975,0.0
1864,0.09360865,0.12342764,0.07512627,0.08992695,0.16464487,0.45326558,0.0
1865,0.15656297,0.12506525,0.12655629,0.13976575,0.28054693,0.17150274,0.0
1866,0.12896933,0.09412025,0.12692878,0.22380982,0.2863955,0.13977633,0.0
1867,0.15396522,0.08829782,0.11865596,0.17565368,0.22920379,0.23422359,0.0
1868,0.24568933,0.23958978,0.06352944,0.07683721,0.17401192,0.2003424,0.0
1869,0.05842375,0.23283651,0.14828338,0.18149656,0.20321037,0.17574945,0.0
1870,0.26188114,0.0636785,0.2609652,0.19979852,0.08867966,0.12499699,0.0
1871,0.14841783,0.05729932,0.18410373,0.16216587,0.24346296,0.20455022,0.0
1872,0.31463835,0.16324928,0.06285439,0.10257997,0.08201028,0.27466765,0.0
1873,0.22288871,0.11258134,0.0660866,0.26114103,0.10648225,0.23082021,0.0
1874,0.17854373,0.15876715,0.15557465,0.09198484,0.11396602,0.30116355,0.0
1875,0.18663765,0.07229082,0.09609631,0.07233609,0.2880185,0.2846206,0.0
1876,0.28017154,0.15697923,0.0856778,0.29192534,0.09598695,0.08925904,0.0
1877,0.24978739,0.28705764,0.19991685,0.10661817,0.08777194,0.06884807,0.0
1878,0.06846522,0.38915947,0.19018656,0.17513576,0.07085297,0.1062,0.0
1879,0.06097936,0.3254559,0.0528521,0.10630867,0.24234593,0.21205811,0.0
1880,0.2886755,0.09819856,0.18640342,0.23595795,0.07624228,0.11452237,0.0
1881,0.12905805,0.27034345,0.07748471,0.15864527,0.14220364,0.22226483,0.0
1882,0.3256855,0.09324642,0.32800576,0.05685009,0.11733018,0.07888203,0.0
1883,0.19175924,0.22441946,0.15299751,0.13214777,0.24210693,0.05656913,0.0
1884,0.3364047,0.12489006,0.14756678,0.14272226,0.12803376,0.12038233,0.0
1885,0.14568914,0.27084792,0.33462304,0.06184636,0.07977896,0.1072146,0.0
1886,0.32870135,0.09947843,0.18839698,0.16489804,0.08380219,0.13472305,0.0
1887,0.10445845,0.07314549,0.07599714,0.35699892,0.25208718,0.13731278,0.0
1888,0.13986252,0.20646638,0.26195702,0.07676288,0.24747775,0.06747342,0.0
1889,0.22546257,0.16834538,0.14061561,0.1213341,0.22772427,0.1165181,0.0
1890,0.18428919,0.07913315,0.1522412,0.3349732,0.09280822,0.15655509,0.0
1891,0.06207468,0.06232834,0.22840323,0.26483282,0.17206404,0.21029696,0.0
1892,0.05255107,0.213502,0.1147572,0.1274881,0.30186033,0.18984129,0.0
1893,0.26601893,0.04533226,0.22113113,0.22691269,0.19478677,0.0458183,0.0
1894,0.333405,0.05086005,0.22270423,0.28160268,0.05188258,0.05954543,0.0
1895,0.10826998,0.08797888,0.15951121,0.366843,0.20434369,0.07305322,0.0
1896,0.11748107,0.09273542,0.11696873,0.07539038,0.29941887,0.29800546,0.0
1897,0.07367071,0.23779482,0.08046832,0.24765068,0.1066769,0.25373855,0.0
1898,0.21259892,0.12099499,0.09623919,0.16119167,0.11021163,0.2987636,0.0
1899,0.36750644,0.07650117,0.08182415,0.15658878,0.07721077,0.24036863,0.0
1900,0.187172,0.29885775,0.06349261,0.23810895,0.06824554,0.14412308,0.0
1901,0.13268276,0.25434667,0.09547471,0.16881119,0.09832731,0.25035733,0.0
1902,0.12954095,0.06805746,0.0892226,0.28389472,0.30167103,0.12761322,0.0
1903,0.26384175,0.22519216,0.09017712,0.1075644,0.1554249,0.15779962,0.0
1904,0.06342753,0.19979538,0.22939162,0.0835681,0.23158288,0.19223458,0.0
1905,0.0761258,0.20603725,0.06293795,0.21957347,0.20323503,0.23209059,0.0
1906,0.07900703,0.11090997,0.10286617,0.21739246,0.2540938,0.23573065,0.0
1907,0.24261755,0.35119358,0.05932303,0.1626023,0.09282543,0.09143799,0.0
1908,0.10632849,0.1995428,0.4224984,0.0661139,0.1009103,0.10460611,0.0
1909,0.07026207,0.37631813,0.07684179,0.21416788,0.1163699,0.1460402,0.0
1910,0.2510277,0.18956575,0.05300729,0.10566969,0.2142922,0.18643731,0.0
1911,0.25946444,0.2639803,0.11895587,0.07362042,0.05577759,0.22820134,0.0
1912,0.27928865,0.10310142,0.10285259,0.13134164,0.13720684,0.24620889,0.0
1913,0.06312253,0.07502295,0.22467534,0.09144835,0.28690422,0.2588266,0.0
1914,0.11313404,0.11035255,0.16721514,0.15549064,0.12902325,0.32478437,0.0
1915,0.10402966,0.10094081,0.25243285,0.2990244,0.12308263,0.12048972,0.0
1916,0.08432905,0.23226964,0.13148566,0.26734236,0.13309637,0.15147693,0.0
1917,0.19636588,0.15949021,0.08508842,0.09152481,0.20928112,0.2582495,0.0
1918,0.07675505,0.08261187,0.36552408,0.09580542,0.08297561,0.29632795,0.0
1919,0.21624328,0.06429605,0.05241045,0.17061308,0.29154012,0.20489705,0.0
1920,0.1909449,0.10377322,0.17274274,0.06868584,0.19114773,0.2727055,0.0
1921,0.07233375,0.17562273,0.4630688,0.11613654,0.0778843,0.09495384,0.0
1922,0.38955286,0.11397929,0.17210738,0.06145558,0.15140155,0.11150328,0.0
1923,0.3445792,0.17031884,0.15573597,0.09200607,0.14769088,0.08966911,0.0
1924,0.17120445,0.1193529,0.19918181,0.07998312,0.19575828,0.23451948,0.0
1925,0.23760659,0.10282008,0.28433126,0.16251615,0.04716014,0.16556582,0.0
1926,0.27592883,0.20041028,0.2675805,0.12359072,0.07959069,0.05289897,0.0
1927,0.09268687,0.09163125,0.17966026,0.18109356,0.21182695,0.2431011,0.0
1928,0.08263964,0.22970867,0.04343054,0.09290298,0.28820765,0.26311043,0.0
1929,0.2612333,0.06148679,0.17450604,0.31270492,0.09786977,0.09219914,0.0
1930,0.2405068,0.1422746,0.37246865,0.06836446,0.06779512,0.10859034,0.0
1931,0.19481319,0.08030181,0.18403652,0.12707137,0.18211512,0.23166208,0.0
1932,0.22043611,0.06847037,0.20459859,0.09114797,0.27438983,0.14095704,0.0
1933,0.22937013,0.09050194,0.15969375,0.09552485,0.06206943,0.36283997,0.0
1934,0.1691162,0.1383587,0.2659282,0.11446987,0.20438567,0.10774139,0.0
1935,0.06909762,0.12588952,0.29937962,0.06952461,0.32498446,0.11112426,0.0
1936,0.2924337,0.08822951,0.10547634,0.08860938,0.14235981,0.2828913,0.0
1937,0.27535358,0.08657156,0.20875718,0.09577726,0.12996128,0.20357923,0.0
1938,0.34418693,0.07162447,0.16035053,0.18594316,0.11487298,0.12302191,0.0
1939,0.05959886,0.10580719,0.09970504,0.27891055,0.1112604,0.3447179,0.0
1940,0.33043712,0.10060844,0.11510584,0.06994775,0.10873748,0.27516332,0.0
1941,0.21677338,0.31550092,0.11568307,0.05253343,0.19155018,0.10795905,0.0
1942,0.17654471,0.17826602,0.24841453,0.14661483,0.07493851,0.1752214,0.0
1943,0.16885927,0.10272855,0.16136086,0.09652935,0.05784387,0.41267812,0.0
1944,0.28586745,0.17901798,0.05131707,0.3036394,0.05986647,0.12029162,0.0
1945,0.20398842,0.09294382,0.10900913,0.36871338,0.06443178,0.16091338,0.0
1946,0.11016782,0.10159385,0.2575424,0.28574854,0.05093439,0.19401303,0.0
1947,0.08821782,0.2785633,0.283392,0.1040116,0.1172879,0.12852742,0.0
1948,0.22502533,0.11005386,0.1904224,0.10112443,0.11805248,0.25532147,0.0
1949,0.11337207,0.11444486,0.23059893,0.21638684,0.15196407,0.17323324,0.0
1950,0.12465275,0.17851408,0.16107406,0.25038132,0.04982019,0.23555757,0.0
1951,0.11974209,0.11127026,0.09419558,0.1895451,0.09817155,0.38707545,0.0
1952,0.27806655,0.09500419,0.18441904,0.2974639,0.0620175,0.08302882,0.0
1953,0.1883545,0.31423917,0.22859973,0.09525325,0.08272841,0.09082497,0.0
1954,0.13864492,0.25219294,0.19092405,0.12096402,0.07961125,0.21766281,0.0
1955,0.22016962,0.10821717,0.29432604,0.22726263,0.08101244,0.06901205,0.0
1956,0.04454516,0.22437105,0.22658664,0.20523298,0.24365468,0.05560945,0.0
1957,0.13440856,0.13925283,0.07548476,0.1015211,0.1817971,0.36753565,0.0
1958,0.17972603,0.11027677,0.24069718,0.18386574,0.04222564,0.24320863,0.0
1959,0.10757925,0.19238377,0.11311752,0.23791848,0.24518174,0.10381918,0.0
1960,0.397862,0.26408508,0.10705803,0.10483839,0.06271116,0.06344525,0.0
1961,0.19149514,0.18398704,0.27097037,0.14941166,0.13694818,0.06718758,0.0
1962,0.13582037,0.26898304,0.133613,0.06037619,0.27626368,0.12494373,0.0
1963,0.12984374,0.06400783,0.28994617,0.28998628,0.11506121,0.1111549,0.0
1964,0.10014573,0.13231234,0.34910578,0.25436026,0.0934092,0.07066675,0.0
1965,0.06776207,0.2595168,0.18731308,0.22741961,0.15233426,0.10565419,0.0
1966,0.1889362,0.06804354,0.18903583,0.18841815,0.19574077,0.1698254,0.0
1967,0.3226528,0.0785308,0.14042658,0.22849432,0.06523545,0.1646601,0.0
1968,0.10118189,0.12393026,0.16245385,0.19361559,0.31028068,0.10853781,0.0
1969,0.1306396,0.31467605,0.04748674,0.27817464,0.06924076,0.15978228,0.0
1970,0.1324777,0.34977904,0.0707625,0.12608099,0.22537982,0.09551999,0.0
1971,0.07309134,0.25923207,0.16322155,0.07413533,0.12741822,0.3029015,0.0
1972,0.32386523,0.06550667,0.1210026,0.26191196,0.07306231,0.1546513,0.0
1973,0.23340794,0.09841031,0.16732737,0.06030215,0.06063405,0.37991807,0.0
1974,0.15536717,0.09225442,0.10484304,0.39679837,0.08327435,0.16746266,0.0
1975,0.10777013,0.26212266,0.05143871,0.18014356,0.18037681,0.21814811,0.0
1976,0.05511632,0.05957545,0.30596855,0.22959897,0.06591527,0.28382546,0.0
1977,0.05726683,0.05275807,0.18161389,0.25050366,0.30293983,0.15491772,0.0
1978,0.17653945,0.1014774,0.17046617,0.07147322,0.32260764,0.15743612,0.0
1979,0.08682155,0.20469718,0.29309306,0.05337227,0.08288314,0.27913284,0.0
1980,0.10970068,0.2668925,0.06552971,0.08199888,0.30156407,0.17431416,0.0
1981,0.11899909,0.12095255,0.09575134,0.11814424,0.10726274,0.43889004,0.0
1982,0.17805794,0.27222762,0.10643056,0.23749533,0.1426102,0.06317835,0.0
1983,0.18497534,0.22158319,0.1112671,0.28277373,0.11197578,0.08742473,0.0
1984,0.27151075,0.1456055,0.21565214,0.04478931,0.10322473,0.21921758,0.0
1985,0.21506462,0.2902849,0.06980653,0.09124525,0.28311735,0.0504815,0.0
1986,0.3745647,0.06400245,0.18224953,0.15978087,0.15366334,0.06573908,0.0
1987,0.0728779,0.3169262,0.11064965,0.11559656,0.2311521,0.15279754,0.0
1988,0.1203919,0.11522868,0.3510595,0.19683804,0.0896501,0.1268318,0.0
1989,0.3360916,0.07506344,0.15197937,0.08295245,0.26987404,0.08403907,0.0
1990,0.10283816,0.07934923,0.08189297,0.44244376,0.20085312,0.09262285,0.0
1991,0.1030756,0.08794425,0.23570761,0.19240901,0.10582092,0.2750426,0.0
1992,0.2646037,0.19547243,0.17620142,0.05539538,0.15767512,0.15065189,0.0
1993,0.11947013,0.3589264,0.11642229,0.0910874,0.21203882,0.10205493,0.0
1994,0.30674338,0.15028238,0.09646121,0.08348192,0.10786748,0.25516367,0.0
1995,0.21123353,0.06349274,0.1613512,0.11243304,0.35288268,0.09860681,0.0
1996,0.18649696,0.11241116,0.29111466,0.17041692,0.17401016,0.06555018,0.0
1997,0.08401326,0.25161916,0.18089408,0.22390506,0.11570246,0.14386606,0.0
1998,0.21714796,0.12522925,0.22545907,0.11081704,0.15600048,0.16534615,0.0
1999,0.27737477,0.06723225,0.16304497,0.33648297,0.0589591,0.09690594,0.0
2000,0.08504445,0.23605865,0.10243213,0.10584324,0.40068305,0.0699385,0.0
2001,0.04293338,0.2233811,0.20676608,0.24743643,0.12721582,0.15226719,0.0
2002,0.1763726,0.26505688,0.08100226,0.05258268,0.24258867,0.18239692,0.0
2003,0.2117917,0.12508617,0.20090808,0.08639624,0.0640291,0.31178868,0.0
2004,0.1780905,0.11338441,0.08799087,0.23897815,0.14065005,0.24090597,0.0
2005,0.1381033,0.07013904,0.13152982,0.06638367,0.15713145,0.43671268,0.0
2006,0.28590906,0.23833138,0.05293376,0.16706395,0.04599371,0.20976815,0.0
2007,0.13396102,0.3618542,0.06654557,0.26219642,0.06392305,0.11151978,0.0
2008,0.16223672,0.12426001,0.18241885,0.11701184,0.28606084,0.12801172,0.0
2009,0.07732514,0.33836654,0.08084238,0.3098896,0.07425384,0.11932252,0.0
2010,0.10839446,0.09082522,0.06437124,0.34689224,0.09466386,0.29485288,0.0
2011,0.09001204,0.40416422,0.14362577,0.08807781,0.09092408,0.18319613,0.0
2012,0.20762774,0.28473476,0.04814648,0.05500039,0.22911698,0.17537355,0.0
2013,0.0628894,0.11174999,0.38880998,0.14311258,0.17051871,0.12291927,0.0
2014,0.09132154,0.17829384,0.07367872,0.16181646,0.07545866,0.41943073,0.0
2015,0.2671597,0.05550697,0.24250294,0.08714434,0.13278545,0.2149007,0.0
2016,0.11663755,0.15619063,0.24650654,0.07348989,0.23370826,0.17346716,0.0
2017,0.11044022,0.08401631,0.2321273,0.2763111,0.08923164,0.20787354,0.0
2018,0.06220371,0.09746884,0.16655815,0.19243224,0.27961627,0.20172077,0.0
2019,0.23354623,0.08534823,0.20853211,0.13156068,0.13135691,0.20965587,0.0
2020,0.10025354,0.19968642,0.10056324,0.34900618,0.14589958,0.10459102,0.0
2021,0.05823195,0.3172424,0.11490511,0.18046558,0.21759866,0.11155627,0.0
2022,0.2576014,0.13082802,0.0837322,0.10984005,0.12910977,0.28888854,0.0
2023,0.08379942,0.2439107,0.12187827,0.12716465,0.18141498,0.24183193,0.0
2024,0.29058087,0.16549218,0.11109618,0.08075177,0.23650782,0.11557119,0.0
2025,0.06815337,0.14026213,0.1451742,0.26792926,0.3252862,0.0531949,0.0
2026,0.3292262,0.09495117,0.19407454,0.12868048,0.15192427,0.10114332,0.0
2027,0.15487339,0.17672864,0.1106661,0.09603138,0.27081734,0.19088323,0.0
2028,0.22604787,0.05477266,0.17853199,0.08901522,0.20864856,0.2429837,0.0
2029,0.2810238,0.13070606,0.07045875,0.20177014,0.1823716,0.13366957,0.0
2030,0.08767649,0.14421915,0.18865158,0.08160537,0.35504785,0.14279945,0.0
2031,0.21665065,0.04790926,0.21108375,0.08395001,0.14507963,0.29532668,0.0
2032,0.22298011,0.08362618,0.10039297,0.29632676,0.14244655,0.15422747,0.0
2033,0.05537469,0.23662467,0.08267841,0.25303283,0.21191436,0.16037507,0.0
2034,0.14530778,0.12575816,0.05881788,0.33679995,0.167655,0.16566122,0.0
2035,0.20614368,0.08629097,0.26150423,0.19287533,0.19852783,0.05465805,0.0
2036,0.30703372,0.0619256,0.09174148,0.31403813,0.06628358,0.15897739,0.0
2037,0.17129815,0.13110593,0.11769843,0.29079995,0.1367674,0.15233015,0.0
2038,0.2683222,0.05877309,0.11549997,0.18211007,0.27352887,0.1017657,0.0
2039,0.1716507,0.26177552,0.08377455,0.21367067,0.14572762,0.12340088,0.0
2040,0.23195253,0.18697074,0.20560212,0.06205274,0.23821057,0.0752113,0.0
2041,0.06293673,0.06437226,0.30571577,0.22190642,0.05703329,0.28803548,0.0
2042,0.27170375,0.35887063,0.06393348,0.07415161,0.16105406,0.0702865,0.0
2043,0.224397,0.10213441,0.09452869,0.26187333,0.08597654,0.23108995,0.0
2044,0.07556417,0.07768693,0.10104952,0.17151284,0.07952941,0.49465704,0.0
2045,0.17767622,0.22744262,0.24282688,0.20328836,0.03805662,0.11070927,0.0
2046,0.19217381,0.18559511,0.17065056,0.22627947,0.08392379,0.14137729,0.0
2047,0.4134432,0.20064326,0.10847373,0.08654778,0.08086046,0.11003163,0.0
2048,0.15555997,0.25339848,0.06302942,0.05056651,0.24023563,0.23721002,0.0
2049,0.10332494,0.12082729,0.27466643,0.24869142,0.15727405,0.09521592,0.0
2050,0.12488265,0.24323998,0.0698168,0.08508528,0.18277878,0.2941964,0.0
2051,0.14483008,0.07843161,0.11500358,0.2890131,0.2610528,0.11166896,0.0
2052,0.10022441,0.07376835,0.2624042,0.14470856,0.3263072,0.09258727,0.0
2053,0.28901306,0.07605223,0.07621878,0.08072091,0.3397977,0.13819727,0.0
2054,0.2614592,0.11962709,0.08472005,0.22262429,0.11311969,0.19844969,0.0
2055,0.06625862,0.18788795,0.16005912,0.18602149,0.16799112,0.23178175,0.0
2056,0.19230995,0.31217203,0.25093502,0.11010193,0.09009179,0.04438926,0.0
2057,0.06966896,0.12583199,0.3225858,0.2003147,0.17542315,0.10617543,0.0
2058,0.05820461,0.19617948,0.16435383,0.06977385,0.26105714,0.25043106,0.0
2059,0.19174647,0.08073489,0.29919103,0.11026104,0.08495309,0.23311344,0.0
2060,0.09321468,0.09553988,0.3362168,0.17323841,0.11105132,0.1907389,0.0
2061,0.45643073,0.07901534,0.13118033,0.09691857,0.13801496,0.09844013,0.0
2062,0.3325434,0.06511204,0.07056686,0.24479666,0.21140456,0.07557644,0.0
2063,0.4773562,0.11556813,0.10346896,0.10068933,0.08858093,0.11433646,0.0
2064,0.19732283,0.17535493,0.10566964,0.2872849,0.1282121,0.10615555,0.0
2065,0.20503049,0.08620273,0.32494816,0.06464113,0.07399356,0.24518383,0.0
2066,0.05504926,0.2410021,0.19970979,0.13861136,0.21429859,0.15132895,0.0
2067,0.06957146,0.17247236,0.1639819,0.23795071,0.06446668,0.29155686,0.0
2068,0.10070163,0.11244874,0.43400404,0.16581447,0.10689158,0.08013958,0.0
2069,0.32138374,0.10383294,0.20287418,0.11448741,0.09914093,0.15828079,0.0
2070,0.29461208,0.06840527,0.15578455,0.08046088,0.12823838,0.2724988,0.0
2071,0.12593576,0.3642448,0.12281509,0.14620547,0.10393547,0.13686346,0.0
2072,0.22744654,0.31126273,0.15872015,0.16597337,0.08059464,0.05600257,0.0
2073,0.2686961,0.16259879,0.04282624,0.17958659,0.24093941,0.10535289,0.0
2074,0.25074637,0.0955663,0.06388424,0.21426308,0.24729343,0.12824656,0.0
2075,0.1373532,0.23571461,0.05472312,0.21205747,0.18444572,0.17570576,0.0
2076,0.34901947,0.16975598,0.06248047,0.20874676,0.15520723,0.05479019,0.0
2077,0.21469505,0.27736714,0.0785259,0.09061878,0.19973038,0.13906275,0.0
2078,0.1672929,0.24913323,0.04486806,0.18169908,0.12299836,0.23400831,0.0
2079,0.0713119,0.26239094,0.08630338,0.21716262,0.17023249,0.1925986,0.0
2080,0.10684679,0.38448977,0.0790261,0.1039931,0.1140372,0.21160702,0.0
2081,0.16305244,0.11919332,0.10345735,0.08131151,0.18752581,0.34545955,0.0
2082,0.09955028,0.35627407,0.07396837,0.11426523,0.09343999,0.26250216,0.0
2083,0.2655054,0.0543723,0.20134662,0.16074097,0.1988889,0.11914584,0.0
2084,0.19416767,0.28432864,0.12514658,0.18858476,0.06045956,0.1473128,0.0
2085,0.08387608,0.22157627,0.21956486,0.06598224,0.23389913,0.17510144,0.0
2086,0.22837281,0.23997854,0.15878497,0.1671944,0.03971175,0.16595758,0.0
2087,0.39869526,0.15083997,0.20243506,0.07774467,0.08322907,0.08705598,0.0
2088,0.25479025,0.17394702,0.08421504,0.3001656,0.04471619,0.142166,0.0
2089,0.07847516,0.1126357,0.1726282,0.3074511,0.06927549,0.25953433,0.0
2090,0.19233339,0.15136395,0.0956106,0.09300946,0.08074859,0.38693398,0.0
2091,0.0908231,0.06564099,0.11028298,0.27896184,0.07846723,0.37582386,0.0
2092,0.295132,0.12424289,0.22104757,0.18621193,0.08058133,0.09278429,0.0
2093,0.26739594,0.17379579,0.08870406,0.11381809,0.23712942,0.11915676,0.0
2094,0.05859477,0.0633458,0.1770065,0.19912036,0.08489375,0.41703877,0.0
2095,0.05921559,0.20645191,0.09675288,0.15842603,0.25414154,0.22501212,0.0
2096,0.21174262,0.09049586,0.17296419,0.17187151,0.23884234,0.11408358,0.0
2097,0.06372528,0.06055158,0.07915799,0.13623635,0.36314446,0.29718426,0.0
2098,0.1095772,0.29734257,0.11395177,0.06803153,0.3027722,0.10832474,0.0
2099,0.3013209,0.09734404,0.2120823,0.08331278,0.14093217,0.16500781,0.0
2100,0.12807886,0.25035068,0.09373175,0.11869806,0.22798401,0.18115659,0.0
2101,0.21664429,0.2411278,0.06988783,0.28877565,0.10492238,0.07864205,0.0
2102,0.12839273,0.16697921,0.24878028,0.12434898,0.06046515,0.27103356,0.0
2103,0.09046204,0.27522087,0.17099418,0.26225,0.10962082,0.09145198,0.0
2104,0.13901606,0.0930637,0.08111345,0.25426278,0.12599352,0.3065505,0.0
2105,0.21558778,0.08935828,0.25444093,0.1670117,0.1931767,0.08042472,0.0
2106,0.14519073,0.2556161,0.2593248,0.10368019,0.06529271,0.17089552,0.0
2107,0.1931013,0.14046812,0.05450821,0.17923102,0.3275581,0.10513327,0.0
2108,0.06960925,0.37366396,0.16043766,0.12976411,0.19346982,0.07305521,0.0
2109,0.07919193,0.10102754,0.20412593,0.36498165,0.1606795,0.08999347,0.0
2110,0.15101625,0.29221094,0.19092022,0.1080474,0.1354969,0.12230827,0.0
2111,0.20711447,0.11175419,0.06487014,0.09959526,0.24442859,0.27223742,0.0
2112,0.2149572,0.13939613,0.10167902,0.17654634,0.07184719,0.2955742,0.0
2113,0.18861622,0.35755423,0.06771917,0.205895,0.06306638,0.11714901,0.0
2114,0.2988219,0.3813518,0.06770143,0.05846817,0.12657975,0.06707696,0.0
2115,0.12894778,0.10772263,0.16783865,0.09936362,0.27995592,0.21617144,0.0
2116,0.12736204,0.1678844,0.16864116,0.14647476,0.17200284,0.2176348,0.0
2117,0.18162292,0.266771,0.10777709,0.1499331,0.18371658,0.11017936,0.0
2118,0.28700057,0.06121787,0.28068623,0.07313117,0.22881816,0.06914603,0.0
2119,0.20597172,0.21626309,0.07179363,0.1507134,0.07172373,0.2835344,0.0
2120,0.35992748,0.07886232,0.11046983,0.09806619,0.29047754,0.06219668,0.0
2121,0.28250933,0.05869174,0.20506896,0.21332449,0.16812414,0.07228137,0.0
2122,0.08311961,0.19466627,0.05764887,0.19090825,0.23602277,0.23763423,0.0
2123,0.11986074,0.15800954,0.08221348,0.30501053,0.20035127,0.13455442,0.0
2124,0.3107066,0.1742235,0.11380319,0.11641815,0.11491634,0.16993219,0.0
2125,0.05551152,0.2754119,0.08903575,0.20836069,0.27874002,0.09294016,0.0
2126,0.10893571,0.27367604,0.1368328,0.10993523,0.18460298,0.18601725,0.0
2127,0.07975947,0.05970225,0.06862291,0.3410344,0.28065962,0.17022142,0.0
2128,0.08667598,0.23503324,0.20727618,0.27527237,0.12463225,0.07110998,0.0
2129,0.2894874,0.07090769,0.21245979,0.10138635,0.08582033,0.23993845,0.0
2130,0.21782799,0.13338672,0.25334525,0.07731064,0.06563947,0.25248995,0.0
2131,0.15012948,0.05755411,0.11521591,0.28406888,0.07007675,0.32295492,0.0
2132,0.07372733,0.2578239,0.16194212,0.18481427,0.07245239,0.24924009,0.0
2133,0.06208983,0.33545935,0.16049053,0.31299016,0.06231941,0.06665075,0.0
2134,0.07619021,0.13803443,0.36740083,0.18694553,0.0786494,0.1527796,0.0
2135,0.34924325,0.05276328,0.05105853,0.1148257,0.1600877,0.27202147,0.0
2136,0.13672483,0.09340992,0.1047876,0.44553307,0.13401742,0.08552715,0.0
2137,0.19865549,0.0770231,0.05449644,0.27430615,0.13628311,0.25923568,0.0
2138,0.063125,0.22332297,0.1315526,0.33825794,0.07830103,0.16544053,0.0
2139,0.11880702,0.16201071,0.17523336,0.13847676,0.24571072,0.15976146,0.0
2140,0.08252471,0.31814277,0.21585393,0.05844212,0.09699207,0.22804432,0.0
2141,0.31734067,0.16632979,0.17408812,0.08614574,0.08442076,0.17167498,0.0
2142,0.13178393,0.33173114,0.13309151,0.23660041,0.08251902,0.08427411,0.0
2143,0.15994477,0.0623642,0.20808345,0.29591507,0.22135809,0.05233443,0.0
2144,0.1479735,0.24820565,0.20160645,0.0647545,0.23543952,0.10202041,0.0
2145,0.07154138,0.49202943,0.10946636,0.1667714,0.08999829,0.07019312,0.0
2146,0.07622121,0.28865784,0.11585651,0.05303573,0.18092397,0.28530475,0.0
2147,0.0649999,0.14160714,0.25347203,0.06244793,0.31646225,0.16101076,0.0
2148,0.10095676,0.07857481,0.08307681,0.22887188,0.25488222,0.25363746,0.0
2149,0.2327162,0.07103018,0.08054635,0.11490702,0.27829567,0.22250459,0.0
2150,0.0549644,0.05989813,0.2628076,0.27627552,0.23354673,0.11250763,0.0
2151,0.07078762,0.23213722,0.11732002,0.21753374,0.10561699,0.2566044,0.0
2152,0.18448895,0.10541512,0.24824509,0.05942109,0.12187981,0.28054994,0.0
2153,0.21108851,0.08505665,0.07607061,0.20062234,0.23193198,0.19522986,0.0
2154,0.07555318,0.2808813,0.05607413,0.22200148,0.27466866,0.09082118,0.0
2155,0.13053651,0.32879803,0.20597072,0.14599247,0.10187231,0.08683001,0.0
2156,0.1249365,0.17041238,0.20157027,0.17631125,0.21192856,0.11484113,0.0
2157,0.31002152,0.28540164,0.08692658,0.1336523,0.10648032,0.07751763,0.0
2158,0.25152814,0.065134,0.23780774,0.05279681,0.29262736,0.10010601,0.0
2159,0.15860513,0.04763212,0.24496213,0.10211662,0.18629257,0.26039144,0.0
2160,0.2696208,0.07939023,0.1325685,0.27803978,0.06664331,0.1737374,0.0
2161,0.25208908,0.10688048,0.23112182,0.14496347,0.1027786,0.16216654,0.0
2162,0.08156564,0.30613038,0.27788496,0.1282629,0.04173292,0.16442327,0.0
2163,0.15874742,0.14059062,0.2366384,0.26931325,0.08255657,0.11215376,0.0
2164,0.14872515,0.15811045,0.28268838,0.09035258,0.27044562,0.04967782,0.0
2165,0.13380711,0.07221143,0.1634102,0.09382708,0.39522922,0.14151499,0.0
2166,0.28262743,0.22162516,0.22138804,0.07743759,0.09713548,0.0997863,0.0
2167,0.45652986,0.06949128,0.07640002,0.08882199,0.08074202,0.2280148,0.0
2168,0.06945433,0.37149653,0.24118532,0.13712275,0.09300258,0.08773851,0.0
2169,0.2231602,0.23869257,0.16892906,0.23312466,0.09427814,0.04181533,0.0
2170,0.27904734,0.28783032,0.1270399,0.10396233,0.12478507,0.07733504,0.0
2171,0.0809713,0.23300315,0.2747164,0.05808105,0.20601977,0.1472084,0.0
2172,0.12773399,0.23781477,0.23432618,0.09882202,0.19245929,0.10884372,0.0
2173,0.2058622,0.10492949,0.2029179,0.20546733,0.10912053,0.1717026,0.0
2174,0.12052534,0.19294071,0.21495917,0.1972486,0.11640546,0.15792073,0.0
2175,0.08762272,0.10638861,0.15981068,0.26679268,0.19989318,0.17949209,0.0
2176,0.3612168,0.08142707,0.09621593,0.25514558,0.12451851,0.08147614,0.0
2177,0.21311729,0.32113945,0.10420057,0.09335387,0.08752381,0.18066497,0.0
2178,0.12724376,0.10112086,0.10660499,0.15013517,0.3021919,0.21270335,0.0
2179,0.06024236,0.38933948,0.1329596,0.09597325,0.2195469,0.10193835,0.0
2180,0.16668934,0.10237189,0.0441582,0.20841111,0.28699222,0.19137724,0.0
2181,0.21984059,0.28908744,0.15751152,0.15734017,0.05167137,0.1245489,0.0
2182,0.20642535,0.19437149,0.13076398,0.14703444,0.08431594,0.23708872,0.0
2183,0.08423359,0.17141765,0.3191213,0.06447449,0.27827194,0.08248105,0.0
2184,0.30039376,0.12770538,0.15502214,0.2196481,0.07856777,0.11866283,0.0
2185,0.1936615,0.2113257,0.15488704,0.06285796,0.089437,0.28783074,0.0
2186,0.24328876,0.21617444,0.14219582,0.10361949,0.20342341,0.09129809,0.0
2187,0.14073782,0.17452478,0.18453205,0.22707838,0.20213819,0.07098871,0.0
2188,0.10178751,0.3742033,0.18845047,0.10131553,0.1235861,0.1106571,0.0
2189,0.08534415,0.07121304,0.1579952,0.31497347,0.23877983,0.13169432,0.0
2190,0.20337845,0.30963242,0.1125705,0.20980538,0.09355812,0.07105511,0.0
2191,0.1302926,0.26420426,0.33374244,0.11098451,0.07075615,0.09002011,0.0
2192,0.08499283,0.09991252,0.11836605,0.26857492,0.28810528,0.1400484,0.0
2193,0.05373595,0.0781788,0.25804794,0.31357232,0.11732981,0.17913511,0.0
2194,0.15550588,0.11163946,0.19938159,0.2554851,0.18335477,0.0946332,0.0
2195,0.1442714,0.13244933,0.18269373,0.19436681,0.20937684,0.13684186,0.0
2196,0.05768104,0.10555571,0.25441653,0.27518037,0.0659871,0.24117927,0.0
2197,0.15434833,0.26046574,0.14082119,0.07240059,0.22081518,0.15114893,0.0
2198,0.07988791,0.24411447,0.09142045,0.11289103,0.12314539,0.34854072,0.0
2199,0.20487997,0.13949111,0.12494514,0.23220019,0.07521659,0.22326694,0.0
2200,0.21740986,0.16347215,0.1069698,0.24398528,0.15543944,0.11272352,0.0
2201,0.11720447,0.12159605,0.24935888,0.23664118,0.07287335,0.20232609,0.0
2202,0.27177584,0.06248267,0.13339733,0.3478426,0.06725737,0.11724418,0.0
2203,0.0878167,0.26261175,0.10664291,0.11889823,0.26183972,0.16219069,0.0
2204,0.22305939,0.13078387,0.19125737,0.06945208,0.24636228,0.13908502,0.0
2205,0.11729321,0.15272258,0.26655826,0.16825795,0.19866,0.09650799,0.0
2206,0.27203536,0.21324934,0.10270162,0.14491832,0.13965459,0.12744077,0.0
2207,0.07325093,0.18472618,0.15419936,0.09645097,0.21854998,0.2728225,0.0
2208,0.28338504,0.101132,0.34458697,0.08082636,0.10458095,0.08548867,0.0
2209,0.2368168,0.20971476,0.11622834,0.06893152,0.21102148,0.15728702,0.0
2210,0.11125275,0.06598315,0.3717169,0.06019446,0.08964128,0.30121142,0.0
2211,0.24201971,0.24635968,0.1921446,0.11903691,0.14211391,0.05832516,0.0
2212,0.22923286,0.19342142,0.08691587,0.22541323,0.09807877,0.1669379,0.0
2213,0.09816942,0.0604712,0.2302548,0.23189874,0.10639093,0.2728149,0.0
2214,0.23549646,0.15156515,0.14472787,0.21031864,0.10246672,0.15542515,0.0
2215,0.15887125,0.24545667,0.0715438,0.14286193,0.13504772,0.2462186,0.0
2216,0.09742964,0.2458446,0.16347213,0.15202454,0.11226095,0.22896823,0.0
2217,0.21723685,0.08557011,0.16704443,0.16079713,0.2845813,0.0847702,0.0
2218,0.25636634,0.09949271,0.064781,0.10868386,0.37633017,0.09434589,0.0
2219,0.1437676,0.05206802,0.1587536,0.25476277,0.2574044,0.1332436,0.0
2220,0.0833438,0.12261506,0.12166239,0.48800018,0.09553752,0.08884101,0.0
2221,0.33613938,0.26137868,0.07482739,0.11726297,0.10899433,0.10139728,0.0
2222,0.0410414,0.08013342,0.2172513,0.23156932,0.21304503,0.21695957,0.0
2223,0.2805879,0.09223869,0.17922173,0.172012,0.13680881,0.1391308,0.0
2224,0.14161724,0.07979944,0.07965975,0.36037546,0.10054254,0.2380056,0.0
2225,0.08238203,0.14536855,0.15261441,0.09154218,0.2060664,0.32202643,0.0
2226,0.26715422,0.16093151,0.06497186,0.16000184,0.25442258,0.09251804,0.0
2227,0.14342292,0.24739131,0.12862009,0.18885821,0.10817727,0.18353026,0.0
2228,0.10897337,0.07763684,0.37311524,0.05928283,0.0773232,0.3036686,0.0
2229,0.09383901,0.12455651,0.0755003,0.23827542,0.38213488,0.08569383,0.0
2230,0.28122696,0.0713108,0.22668904,0.11080176,0.10001732,0.2099541,0.0
2231,0.20152748,0.25089973,0.09364217,0.12602058,0.24621823,0.08169188,0.0
2232,0.36443698,0.14332353,0.10584816,0.2220946,0.08577555,0.07852127,0.0
2233,0.08629292,0.10979746,0.07075381,0.08294495,0.32192567,0.3282852,0.0
2234,0.23956133,0.18492109,0.12494358,0.22294258,0.17739178,0.05023962,0.0
2235,0.2817942,0.14315228,0.19169149,0.12543166,0.15741563,0.10051473,0.0
2236,0.22365426,0.26272216,0.08322076,0.17545319,0.19387163,0.06107802,0.0
2237,0.14841832,0.1649597,0.28704053,0.15624419,0.19643717,0.04690009,0.0
2238,0.2715727,0.17571738,0.21804501,0.06862584,0.0690744,0.19696471,0.0
2239,0.24271475,0.19899324,0.23880748,0.11129967,0.03938532,0.16879958,0.0
2240,0.17726868,0.17581253,0.14623092,0.23429216,0.16357821,0.10281744,0.0
2241,0.19994566,0.04705259,0.1873909,0.04606743,0.2521214,0.26742205,0.0
2242,0.10828675,0.09805048,0.3516746,0.07068795,0.25489575,0.11640438,0.0
2243,0.30225575,0.28603685,0.15530413,0.13490745,0.05822392,0.06327194,0.0
2244,0.07692812,0.27141446,0.10180584,0.26373217,0.04231993,0.24379946,0.0
2245,0.19395539,0.11971542,0.309054,0.11122258,0.18666272,0.07938986,0.0
2246,0.08297055,0.10735113,0.24009016,0.10887951,0.31603944,0.14466919,0.0
2247,0.06586209,0.09100784,0.26118776,0.36242667,0.15013081,0.06938483,0.0
2248,0.07289596,0.11318216,0.21073657,0.33497477,0.18634702,0.0818636,0.0
2249,0.04917746,0.2647538,0.23879424,0.13958576,0.19315751,0.11453135,0.0
2250,0.14194602,0.09167936,0.06838316,0.13318442,0.22888386,0.3359232,0.0
2251,0.25664428,0.13601139,0.10436209,0.09477809,0.3376329,0.07057126,0.0
2252,0.1660526,0.05309928,0.20251222,0.21724877,0.14170454,0.21938264,0.0
2253,0.13114487,0.19431299,0.20787571,0.09598146,0.2730246,0.09766046,0.0
2254,0.08067866,0.08452084,0.0815883,0.32547522,0.33745944,0.09027752,0.0
2255,0.04809534,0.16507226,0.22970022,0.09382755,0.21672867,0.24657594,0.0
2256,0.05324622,0.13269563,0.3001477,0.25881425,0.07907002,0.17602623,0.0
2257,0.37730262,0.05349486,0.07234104,0.29676908,0.13339433,0.06669807,0.0
2258,0.1771846,0.12165399,0.2561712,0.24005996,0.13153762,0.07339258,0.0
2259,0.15470769,0.09204518,0.05519878,0.18303695,0.2143522,0.30065924,0.0
2260,0.145223,0.1880469,0.15849599,0.14431326,0.24954388,0.11437696,0.0
2261,0.26570866,0.12186408,0.1353713,0.3105156,0.11626013,0.05028018,0.0
2262,0.20216063,0.10501691,0.11791889,0.24186975,0.11133259,0.22170125,0.0
2263,0.15100794,0.17925453,0.19111401,0.05660543,0.2469377,0.17508042,0.0
2264,0.3388254,0.18579032,0.22734724,0.09217529,0.0661235,0.08973819,0.0
2265,0.24237445,0.3319794,0.06784759,0.09598409,0.15942799,0.10238647,0.0
2266,0.19730872,0.07186884,0.32151055,0.0709238,0.09604398,0.24234405,0.0
2267,0.05248324,0.27339128,0.08423835,0.19876002,0.26652047,0.12460668,0.0
2268,0.15257388,0.26809943,0.08177269,0.24937919,0.12892228,0.11925255,0.0
2269,0.15962219,0.1429855,0.14547595,0.09277945,0.27845782,0.18067916,0.0
2270,0.14494291,0.10209826,0.09017204,0.17473084,0.09333798,0.39471796,0.0
2271,0.0820581,0.0849735,0.19800629,0.09818048,0.38839442,0.14838721,0.0
2272,0.08846042,0.11047185,0.18773848,0.14045306,0.339237,0.13363917,0.0
2273,0.14940943,0.21558058,0.10538647,0.19493414,0.11346316,0.22122622,0.0
2274,0.12155011,0.06870241,0.12045917,0.08215467,0.17521355,0.4319201,0.0
2275,0.28665656,0.10888171,0.10282183,0.18732522,0.22121404,0.09310065,0.0
2276,0.08797958,0.07510474,0.35434464,0.11191589,0.15457582,0.21607932,0.0
2277,0.25783628,0.0833429,0.06631108,0.19254448,0.32639703,0.07356828,0.0
2278,0.2866521,0.28763536,0.07533141,0.2190795,0.05438272,0.07691892,0.0
2279,0.15645297,0.20600794,0.09229928,0.21012644,0.14080136,0.19431204,0.0
2280,0.06214265,0.06864672,0.28025588,0.17528035,0.18242419,0.23125017,0.0
2281,0.26623213,0.08005036,0.13947594,0.20820056,0.18333657,0.12270445,0.0
2282,0.10556903,0.17726265,0.16534683,0.20332536,0.19749254,0.15100358,0.0
2283,0.11524504,0.07937105,0.2610764,0.15098152,0.33849716,0.05482885,0.0
2284,0.36008218,0.06581116,0.2355143,0.08767758,0.05246107,0.19845365,0.0
2285,0.12385746,0.13069832,0.21832779,0.14338768,0.21526513,0.16846354,0.0
2286,0.24854122,0.13686624,0.21443126,0.17593962,0.07428963,0.14993207,0.0
2287,0.06564385,0.3644059,0.31376183,0.06169741,0.12481122,0.06967974,0.0
2288,0.14883079,0.32309756,0.07562439,0.12624815,0.06373636,0.26246265,0.0
2289,0.11400546,0.36713603,0.07300548,0.06427769,0.16513446,0.21644096,0.0
2290,0.10692398,0.12622152,0.13915452,0.18644178,0.29740024,0.14385799,0.0
2291,0.07048438,0.07833049,0.06523173,0.3407542,0.250003,0.19519617,0.0
2292,0.10418154,0.11251066,0.22317123,0.32781076,0.09683456,0.13549122,0.0
2293,0.17561714,0.09289663,0.25816578,0.08856542,0.32753336,0.05722164,0.0
2294,0.137221,0.12247232,0.05825441,0.19831496,0.06866625,0.41507104,0.0
2295,0.11464787,0.14386016,0.37256315,0.12580916,0.1617005,0.08141921,0.0
2296,0.11860695,0.2076067,0.04900635,0.3409954,0.20301561,0.08076909,0.0
2297,0.36229607,0.18955259,0.13902631,0.07501576,0.12655847,0.10755077,0.0
2298,0.23603196,0.05442321,0.0669904,0.26393855,0.09446324,0.2841527,0.0
2299,0.14212134,0.17625546,0.0781683,0.18854333,0.16353005,0.25138146,0.0
2300,0.08297261,0.15528232,0.160255,0.31554025,0.20364457,0.08230525,0.0
2301,0.06777631,0.05785086,0.07932535,0.0990034,0.36847988,0.3275642,0.0
2302,0.25542483,0.08281881,0.1912571,0.07746338,0.09428614,0.29874972,0.0
2303,0.11101376,0.13622758,0.13311611,0.24639417,0.16553067,0.20771772,0.0
2304,0.18510655,0.0716207,0.36152416,0.23126054,0.07055096,0.07993706,0.0
2305,0.1366212,0.21190141,0.11928643,0.24657376,0.22854209,0.05707516,0.0
2306,0.26265377,0.05572186,0.14128375,0.23859386,0.04789194,0.25385478,0.0
2307,0.11482102,0.06515394,0.26556075,0.23118384,0.19421259,0.12906794,0.0
2308,0.05958485,0.13815187,0.28446388,0.20637962,0.21259743,0.0988223,0.0
2309,0.18994074,0.26225948,0.06805175,0.19357452,0.15370448,0.13246904,0.0
2310,0.29523173,0.36859983,0.07080222,0.08575954,0.06006459,0.11954217,0.0
2311,0.16025147,0.08099649,0.15429492,0.3368456,0.16414751,0.10346404,0.0
2312,0.35702682,0.07563991,0.05363039,0.05801883,0.17785375,0.27783027,0.0
2313,0.27108234,0.24792764,0.09440943,0.0629109,0.05266023,0.27100945,0.0
2314,0.21382427,0.2837608,0.23207274,0.14063893,0.07847713,0.05122613,0.0
2315,0.11556262,0.2670779,0.06794629,0.25819752,0.04711494,0.24410076,0.0
2316,0.23004073,0.16626792,0.10284176,0.15023096,0.10520662,0.24541193,0.0
2317,0.08020177,0.29709342,0.12802562,0.21462215,0.05007575,0.22998129,0.0
2318,0.12674816,0.11622281,0.08780065,0.1208435,0.101182,0.44720292,0.0
2319,0.152769,0.15357614,0.3163524,0.08249242,0.21894687,0.07586311,0.0
2320,0.24747232,0.2574347,0.0874398,0.04439014,0.27809355,0.08516945,0.0
2321,0.23096955,0.23209809,0.18240769,0.14958343,0.07039915,0.13454214,0.0
2322,0.13346285,0.21264765,0.11615711,0.0510761,0.21402296,0.2726334,0.0
2323,0.24013117,0.25792283,0.19918217,0.13515028,0.07483874,0.09277482,0.0
2324,0.2687458,0.07338875,0.17764083,0.07311852,0.24541828,0.16168785,0.0
2325,0.20628187,0.17721823,0.18023664,0.16885687,0.09006734,0.17733906,0.0
2326,0.21828721,0.21780469,0.14422262,0.2002106,0.13071017,0.08876469,0.0
2327,0.09199125,0.2178901,0.11701336,0.20572464,0.2697061,0.09767456,0.0
2328,0.2567995,0.09378869,0.08758736,0.12961061,0.3400917,0.09212213,0.0
2329,0.1266029,0.23328008,0.13427968,0.15806769,0.18004522,0.1677244,0.0
2330,0.22850043,0.11472201,0.04197702,0.2567575,0.2490153,0.10902777,0.0
2331,0.21253647,0.1682619,0.21041611,0.08170733,0.12827416,0.198804,0.0
2332,0.11346012,0.17285387,0.112629,0.33213794,0.20913069,0.05978832,0.0
2333,0.09035636,0.17444462,0.21856107,0.09553757,0.1547079,0.26639247,0.0
2334,0.2674299,0.0699233,0.2302465,0.11929508,0.24391952,0.06918565,0.0
2335,0.1587126,0.14262655,0.18950062,0.09151277,0.25985765,0.1577899,0.0
2336,0.07641958,0.42781237,0.12534146,0.09213921,0.11485107,0.16343634,0.0
2337,0.09582299,0.39315483,0.29617703,0.06509567,0.07173397,0.07801548,0.0
2338,0.16393425,0.25427812,0.04613511,0.25425628,0.21510571,0.06629055,0.0
2339,0.16191553,0.1049656,0.10618144,0.1517406,0.19446178,0.28073508,0.0
2340,0.06669009,0.16254672,0.42693853,0.10770187,0.15975113,0.0763717,0.0
2341,0.11479665,0.16471145,0.1869212,0.19247162,0.14482027,0.1962788,0.0
2342,0.08020258,0.23853053,0.26934868,0.09415504,0.21578437,0.10197883,0.0
2343,0.13943206,0.1993234,0.09420193,0.29157287,0.1653809,0.11008885,0.0
2344,0.10978708,0.15503511,0.29120192,0.12698206,0.0853746,0.23161925,0.0
2345,0.07826363,0.26420295,0.24579564,0.16717654,0.15685873,0.08770241,0.0
2346,0.10195625,0.19779573,0.10132062,0.29737815,0.11938705,0.18216217,0.0
2347,0.16963662,0.25633916,0.17626859,0.08499445,0.07019034,0.24257083,0.0
2348,0.08365556,0.06097098,0.146908,0.3806481,0.23633029,0.09148702,0.0
2349,0.08587633,0.12915085,0.1372937,0.20808426,0.26172912,0.17786567,0.0
2350,0.05040802,0.25466678,0.2515468,0.22256607,0.04795198,0.17286037,0.0
2351,0.08584522,0.14840572,0.11017951,0.1449786,0.39312533,0.11746562,0.0
2352,0.29024994,0.1310316,0.1039032,0.2102488,0.15424794,0.1103185,0.0
2353,0.21583626,0.10341952,0.0892164,0.33035687,0.05810479,0.20306619,0.0
2354,0.14096215,0.18997607,0.23430406,0.12481342,0.20778121,0.10216309,0.0
2355,0.13252743,0.17606008,0.30804044,0.07184989,0.23729053,0.07423167,0.0
2356,0.30550507,0.06175362,0.18571681,0.28679585,0.09537882,0.06484973,0.0
2357,0.1308587,0.42150018,0.18269636,0.08226454,0.08483664,0.09784359,0.0
2358,0.0793178,0.18292816,0.08421399,0.3613743,0.11645164,0.17571416,0.0
2359,0.06109468,0.11919263,0.14099485,0.1381339,0.33341056,0.20717333,0.0
2360,0.11506093,0.10999525,0.16707344,0.30529457,0.11571215,0.18686368,0.0
2361,0.1844816,0.26418146,0.08709279,0.32004446,0.07850519,0.06569444,0.0
2362,0.08591562,0.25067416,0.05911991,0.34839058,0.12112143,0.1347783,0.0
2363,0.05337527,0.11098076,0.08034598,0.20503089,0.26095843,0.2893086,0.0
2364,0.26421112,0.19464777,0.19534771,0.21200202,0.06225058,0.07154083,0.0
2365,0.18386415,0.13155608,0.31229088,0.07819185,0.19109069,0.10300627,0.0
2366,0.10133474,0.2564235,0.07735512,0.2019815,0.21732213,0.14558302,0.0
2367,0.1601596,0.28441924,0.1405104,0.05133662,0.15965295,0.2039212,0.0
2368,0.12821549,0.13609497,0.18425994,0.09685668,0.10394266,0.35063025,0.0
2369,0.12240507,0.30156773,0.11205645,0.10784157,0.3036021,0.05252713,0.0
2370,0.16149382,0.11474998,0.05898843,0.16305327,0.2612484,0.24046606,0.0
2371,0.05156935,0.05440726,0.28685406,0.3486269,0.167445,0.09109741,0.0
2372,0.1557804,0.11689875,0.20247924,0.17379776,0.14988557,0.20115827,0.0
2373,0.12292515,0.3407279,0.24726655,0.12991604,0.06902969,0.09013475,0.0
2374,0.11926463,0.11878099,0.07408776,0.16139369,0.44425854,0.08221435,0.0
2375,0.15843984,0.13910972,0.18896003,0.10522596,0.2042663,0.20399815,0.0
2376,0.25981465,0.10805031,0.15803313,0.12479244,0.06679744,0.28251198,0.0
2377,0.06528104,0.25944588,0.31859395,0.0759011,0.09696305,0.1838151,0.0
2378,0.1114743,0.14050315,0.23893997,0.08298342,0.07641579,0.34968337,0.0
2379,0.254025,0.18079284,0.1996901,0.14523181,0.06640042,0.15385984,0.0
2380,0.32719344,0.29370227,0.10718957,0.08271494,0.10561135,0.08358845,0.0
2381,0.13954015,0.08229971,0.27496457,0.33610237,0.07090217,0.09619109,0.0
2382,0.2124177,0.1364265,0.15052445,0.24990535,0.06542043,0.18530554,0.0
2383,0.16695946,0.23173195,0.09235637,0.272524,0.14236325,0.09406492,0.0
2384,0.19911985,0.09425112,0.12159345,0.09092671,0.06681388,0.42729503,0.0
2385,0.21516863,0.14107497,0.15826598,0.11450489,0.14043209,0.23055342,0.0
2386,0.14035825,0.21089928,0.13619123,0.08244181,0.27553034,0.15457915,0.0
2387,0.29672652,0.25579605,0.07204811,0.04676214,0.20573932,0.12292783,0.0
2388,0.15293525,0.06577484,0.34034762,0.06014394,0.3226289,0.05816939,0.0
2389,0.21045879,0.31615496,0.12771763,0.08652428,0.1907687,0.06837559,0.0
2390,0.19148317,0.21062513,0.15097862,0.08867338,0.06450348,0.29373637,0.0
2391,0.10509952,0.27438545,0.1860465,0.08394879,0.25818864,0.0923311,0.0
2392,0.20951441,0.31032154,0.05144699,0.17258772,0.1730846,0.08304472,0.0
2393,0.3545257,0.11247174,0.29750478,0.07000248,0.08407409,0.08142122,0.0
2394,0.0549759,0.23351292,0.21466976,0.2127795,0.14014311,0.14391887,0.0
2395,0.20325834,0.08428473,0.1966916,0.22051005,0.12812236,0.16713294,0.0
2396,0.28998917,0.19599652,0.1652856,0.06369866,0.17460701,0.11042296,0.0
2397,0.2673834,0.16684401,0.06513255,0.2708569,0.16148008,0.06830303,0.0
2398,0.28972676,0.06715814,0.20817992,0.27927744,0.0893499,0.06630779,0.0
2399,0.23599209,0.15601222,0.05754092,0.11618289,0.22501458,0.20925729,0.0
2400,0.08049714,0.20515412,0.23804276,0.2513615,0.12283743,0.102107,0.0
2401,0.11111523,0.1299748,0.11580245,0.20513454,0.21698639,0.22098662,0.0
2402,0.13721861,0.2534323,0.31894588,0.1643139,0.04707845,0.07901085,0.0
2403,0.23361455,0.07519709,0.20057523,0.22253399,0.11455135,0.15352775,0.0
2404,0.09743861,0.10181652,0.27167523,0.22851522,0.11474009,0.1858144,0.0
2405,0.22798862,0.0996008,0.10504369,0.17912441,0.29814354,0.09009885,0.0
2406,0.11557247,0.18990819,0.11154464,0.15008742,0.27238187,0.1605054,0.0
2407,0.15406974,0.10011231,0.10729343,0.11464037,0.16573574,0.3581484,0.0
2408,0.08583821,0.2491339,0.06291916,0.23548117,0.28745267,0.07917487,0.0
2409,0.17469107,0.14387667,0.08101381,0.21578231,0.19575977,0.18887638,0.0
2410,0.30893,0.06709224,0.13076973,0.11177628,0.06724807,0.31418362,0.0
2411,0.16836087,0.17436275,0.1241981,0.12868932,0.21570809,0.18868092,0.0
2412,0.37268096,0.21994564,0.14135094,0.07997758,0.10207245,0.08397243,0.0
2413,0.26666716,0.3311123,0.10788052,0.15797736,0.07270267,0.06365999,0.0
2414,0.10781467,0.0787322,0.1593116,0.18317491,0.13886566,0.33210093,0.0
2415,0.27486533,0.05678364,0.05497833,0.21428841,0.06696191,0.3321224,0.0
2416,0.09734501,0.16233975,0.20222297,0.16044487,0.18680775,0.19083965,0.0
2417,0.16114658,0.20653747,0.06425124,0.18474424,0.17289895,0.2104215,0.0
2418,0.18722217,0.2054838,0.35412684,0.0979493,0.05939713,0.09582072,0.0
2419,0.20988357,0.24262115,0.06519103,0.19688387,0.09313451,0.1922859,0.0
2420,0.18254186,0.35689518,0.1195306,0.11112048,0.15330535,0.07660653,0.0
2421,0.12454714,0.11093094,0.10247402,0.15471175,0.2122159,0.29512024,0.0
2422,0.12156008,0.08335017,0.11620701,0.2667749,0.24856637,0.16354144,0.0
2423,0.08824378,0.10650045,0.16061708,0.2753615,0.28021544,0.08906167,0.0
2424,0.24785256,0.20870183,0.16007303,0.0589474,0.0712923,0.25313288,0.0
2425,0.3655402,0.08258646,0.09127084,0.10253499,0.25169566,0.10637189,0.0
2426,0.19399373,0.06846683,0.11316573,0.32023275,0.1780741,0.12606701,0.0
2427,0.27357164,0.11476535,0.0728548,0.26224366,0.09926591,0.17729862,0.0
2428,0.07979396,0.260904,0.11477292,0.30901572,0.1486141,0.08689932,0.0
2429,0.29212606,0.12295672,0.05455317,0.25669435,0.1016496,0.17202014,0.0
2430,0.10270964,0.20055161,0.11479006,0.06385709,0.3723996,0.14569196,0.0
2431,0.18318829,0.09913755,0.11714727,0.29587087,0.10892399,0.19573198,0.0
2432,0.17599517,0.1488965,0.13283317,0.20530882,0.24729167,0.0896747,0.0
2433,0.13743192,0.19928281,0.10786892,0.10673567,0.09578802,0.3528926,0.0
2434,0.23197763,0.11207674,0.20670734,0.1364829,0.09449434,0.2182611,0.0
2435,0.08160911,0.12177726,0.1414306,0.42949173,0.12966558,0.09602573,0.0
2436,0.11275244,0.16274704,0.21163937,0.17554778,0.28375614,0.05355721,0.0
2437,0.07214914,0.08556223,0.1628761,0.30355045,0.14350073,0.23236138,0.0
2438,0.07521155,0.20364052,0.13844086,0.23301777,0.19928682,0.15040255,0.0
2439,0.14519188,0.17055413,0.26498264,0.16469233,0.08297028,0.17160879,0.0
2440,0.08960865,0.09313135,0.08486727,0.47129098,0.09474947,0.16635235,0.0
2441,0.3063788,0.13944526,0.09471604,0.16202745,0.18312708,0.11430538,0.0
2442,0.08026509,0.18205602,0.3579332,0.1723127,0.09202701,0.11540606,0.0
2443,0.05459412,0.20828453,0.09316316,0.3312191,0.22602311,0.08671594,0.0
2444,0.08371215,0.2761253,0.22974052,0.17049338,0.10186159,0.13806707,0.0
2445,0.16688961,0.08356199,0.17672904,0.2816829,0.248438,0.04269844,0.0
2446,0.2851304,0.19050457,0.15746878,0.08355889,0.09975107,0.18358618,0.0
2447,0.0927988,0.08966249,0.3902274,0.11518554,0.181837,0.13028876,0.0
2448,0.21317178,0.1643044,0.04616327,0.06698086,0.2301428,0.27923694,0.0
2449,0.34924832,0.13127467,0.19377534,0.07877953,0.13133255,0.11558959,0.0
2450,0.08513694,0.26558992,0.16995263,0.05096551,0.1699221,0.25843292,0.0
2451,0.19376142,0.17415303,0.3419871,0.12482896,0.08486468,0.08040475,0.0
2452,0.18664908,0.28449398,0.15426618,0.04143315,0.1589645,0.17419313,0.0
2453,0.12053199,0.3381827,0.20013623,0.06596607,0.14715257,0.12803045,0.0
2454,0.07284056,0.17695375,0.21490975,0.14210221,0.09390832,0.29928544,0.0
2455,0.08434749,0.05503091,0.21066952,0.06909476,0.34303153,0.23782581,0.0
2456,0.12431473,0.08487666,0.14115308,0.1797219,0.22563687,0.24429677,0.0
2457,0.11836435,0.4139593,0.10289709,0.09299798,0.1420993,0.12968196,0.0
2458,0.09223216,0.4024642,0.08531815,0.14448875,0.18413113,0.09136565,0.0
2459,0.09950384,0.10149916,0.46162444,0.10886851,0.09009951,0.13840453,0.0
2460,0.2139032,0.2456562,0.06284158,0.12991026,0.17530923,0.17237958,0.0
2461,0.12787211,0.05473299,0.1864851,0.20998742,0.13889396,0.28202838,0.0
2462,0.13269779,0.11126351,0.11850578,0.13318509,0.18028136,0.3240664,0.0
2463,0.08266562,0.0741405,0.19238588,0.14196882,0.22683387,0.2820053,0.0
2464,0.14126673,0.2474485,0.08721887,0.21566868,0.21403715,0.09436011,0.0
2465,0.110363,0.07505506,0.1043648,0.18630333,0.33216092,0.19175288,0.0
2466,0.13861905,0.27346534,0.23348668,0.06713814,0.08771933,0.19957142,0.0
2467,0.23636633,0.07692551,0.13325037,0.18099777,0.05544084,0.3170192,0.0
2468,0.18354648,0.10027472,0.1681377,0.2466043,0.2182547,0.08318207,0.0
2469,0.15862279,0.16732816,0.1547884,0.14416474,0.21903199,0.15606381,0.0
2470,0.1323213,0.3212474,0.21498545,0.107179,0.16584642,0.05842041,0.0
2471,0.12652932,0.1157335,0.20134188,0.23110506,0.13176551,0.19352476,0.0
2472,0.06064514,0.145039,0.3108061,0.136254,0.2773863,0.06986958,0.0
2473,0.19133817,0.2941589,0.1220594,0.06767441,0.23244004,0.09232911,0.0
2474,0.18466246,0.13723326,0.17740777,0.19034562,0.06957084,0.24078012,0.0
2475,0.13546462,0.16521206,0.18121785,0.16337703,0.12094966,0.2337788,0.0
2476,0.09146632,0.317169,0.20264445,0.08482262,0.15126488,0.15263267,0.0
2477,0.05635333,0.1892908,0.20209858,0.23617196,0.25037986,0.06570536,0.0
2478,0.1309108,0.19766416,0.07183042,0.06623978,0.19024037,0.34311444,0.0
2479,0.10525734,0.08247692,0.15086164,0.4179743,0.15687422,0.08655553,0.0
2480,0.12224636,0.05646406,0.26843712,0.05852295,0.23306304,0.26126656,0.0
2481,0.25645202,0.2051653,0.07140549,0.10237523,0.07695919,0.28764278,0.0
2482,0.12894073,0.08917774,0.34168607,0.13935141,0.1428287,0.15801536,0.0
2483,0.20847015,0.11925074,0.28157142,0.16721408,0.13179901,0.09169462,0.0
2484,0.18496655,0.24346577,0.20227666,0.05373365,0.19988213,0.11567526,0.0
2485,0.16752101,0.09180682,0.07928263,0.35554314,0.2475195,0.05832688,0.0
2486,0.35077536,0.19318302,0.0769044,0.07300159,0.20585048,0.10028523,0.0
2487,0.18639565,0.12721229,0.32843927,0.12120999,0.12490708,0.11183568,0.0
2488,0.2018306,0.13070144,0.24978474,0.20772961,0.12090617,0.08904739,0.0
2489,0.06628557,0.25391957,0.19587658,0.10129081,0.24434581,0.13828158,0.0
2490,0.19950451,0.0472005,0.2320586,0.15342773,0.07715672,0.290652,0.0
2491,0.08666533,0.42379978,0.09729727,0.23256075,0.08831282,0.0713641,0.0
2492,0.0852323,0.34241697,0.14888102,0.12782936,0.13951774,0.15612271,0.0
2493,0.18223585,0.07347301,0.08188518,0.3089382,0.15290463,0.20056319,0.0
2494,0.13167526,0.12852179,0.38284317,0.08288507,0.0755056,0.19856907,0.0
2495,0.1666266,0.05116238,0.34143236,0.20558392,0.17463541,0.06055925,0.0
2496,0.155843,0.18269016,0.24635415,0.17644402,0.08358368,0.15508503,0.0
2497,0.07126779,0.3945108,0.18289042,0.21088794,0.07059766,0.06984536,0.0
2498,0.21770324,0.19759575,0.05027761,0.27238718,0.05072867,0.21130753,0.0
2499,0.23245515,0.27616522,0.07878309,0.07289884,0.07414281,0.26555488,0.0
2500,0.23044993,0.13266633,0.1284359,0.18213677,0.12242864,0.2038824,0.0
2501,0.30161047,0.0892783,0.29216874,0.05658857,0.14655912,0.11379483,0.0
2502,0.11014285,0.21354304,0.09585947,0.32573527,0.09647658,0.15824279,0.0
2503,0.25610068,0.2467515,0.14390649,0.08234925,0.1219751,0.148917,0.0
2504,0.07849357,0.31300074,0.3928109,0.06858282,0.07098582,0.07612615,0.0
2505,0.20205405,0.19807807,0.06879719,0.23424697,0.12239143,0.17443222,0.0
2506,0.16030687,0.13848181,0.2688344,0.05567898,0.0960574,0.28064048,0.0
2507,0.24123226,0.1981247,0.23719993,0.14429408,0.13387474,0.04527414,0.0
2508,0.09066125,0.28366742,0.07908951,0.10627877,0.32377404,0.11652898,0.0
2509,0.10995751,0.08805892,0.07523509,0.4215441,0.19652005,0.10868432,0.0
2510,0.09298698,0.1484779,0.29584306,0.0642666,0.08282555,0.31559998,0.0
2511,0.34250546,0.07429763,0.17954375,0.10493894,0.12098311,0.17773111,0.0
2512,0.06431983,0.18674506,0.06212337,0.30262628,0.11593942,0.26824602,0.0
2513,0.14842421,0.11706242,0.0831663,0.2748755,0.07831109,0.2981605,0.0
2514,0.14944023,0.09041213,0.09822938,0.18551247,0.361746,0.11465973,0.0
2515,0.1952739,0.23053242,0.08028568,0.21551067,0.21146202,0.06693535,0.0
2516,0.05475018,0.23250885,0.19111371,0.20730774,0.06821721,0.24610226,0.0
2517,0.07110619,0.10452306,0.32933518,0.05709915,0.09209061,0.34584585,0.0
2518,0.06810852,0.103524,0.23310919,0.2486393,0.26280716,0.08381177,0.0
2519,0.3976362,0.0899011,0.08206782,0.13732769,0.11461063,0.17845663,0.0
2520,0.26432714,0.12107025,0.229436,0.12090102,0.1438207,0.12044481,0.0
2521,0.09342694,0.18093085,0.2470579,0.28204072,0.10579887,0.09074476,0.0
2522,0.22560278,0.21884206,0.2843831,0.08727419,0.07879002,0.10510778,0.0
2523,0.20506008,0.15299025,0.16511297,0.04446739,0.16668323,0.2656861,0.0
2524,0.19321805,0.26306054,0.10105342,0.08587757,0.2748259,0.08196454,0.0
2525,0.10912043,0.23886065,0.1423633,0.06961906,0.07436831,0.36566824,0.0
2526,0.13609445,0.07996017,0.10687884,0.08594085,0.4972499,0.09387574,0.0
2527,0.1629921,0.10162282,0.06884182,0.25398704,0.35586178,0.05669444,0.0
2528,0.05929636,0.19108836,0.20369631,0.10884567,0.24303462,0.19403873,0.0
2529,0.343821,0.11512142,0.06778352,0.31674027,0.06861559,0.0879182,0.0
2530,0.08173548,0.09717926,0.372291,0.20676541,0.16123419,0.08079466,0.0
2531,0.08868316,0.08402123,0.31235415,0.11312502,0.22508232,0.17673407,0.0
2532,0.07729246,0.30967546,0.15096569,0.2111547,0.18870826,0.06220339,0.0
2533,0.14382792,0.06014421,0.27492008,0.21224286,0.23905428,0.06981067,0.0
2534,0.2675654,0.1927428,0.06887581,0.20720069,0.11944444,0.14417084,0.0
2535,0.06525002,0.14025764,0.13027216,0.31667432,0.126759,0.22078675,0.0
2536,0.22597401,0.23764047,0.09263632,0.06625413,0.23340438,0.14409067,0.0
2537,0.06431733,0.12579925,0.17063704,0.0459636,0.30354714,0.28973567,0.0
2538,0.16785763,0.1203735,0.07001566,0.26689854,0.11354704,0.2613076,0.0
2539,0.170601,0.32225952,0.17733312,0.06247661,0.05693749,0.2103923,0.0
2540,0.07518098,0.08377024,0.29254553,0.28648153,0.1888491,0.07317255,0.0
2541,0.11118826,0.36909056,0.16845058,0.05997225,0.14563112,0.14566733,0.0
2542,0.18879676,0.08510327,0.23104592,0.21821158,0.08563871,0.19120382,0.0
2543,0.23137759,0.04856145,0.25820637,0.2792398,0.08952139,0.09309349,0.0
2544,0.0828495,0.30050528,0.06008936,0.32742593,0.09014142,0.13898838,0.0
2545,0.05237605,0.25392312,0.05080007,0.1174739,0.30570367,0.21972317,0.0
2546,0.14177833,0.10141631,0.19046389,0.1774063,0.26640883,0.12252641,0.0
2547,0.20808616,0.21897845,0.09456196,0.0728645,0.09307005,0.3124389,0.0
2548,0.17487,0.18311808,0.19795884,0.14399597,0.22924733,0.07080974,0.0
2549,0.18829933,0.2513965,0.10174567,0.2602456,0.09353077,0.10478216,0.0
2550,0.10390544,0.11532294,0.0907688,0.25409314,0.2387899,0.1971197,0.0
2551,0.11384312,0.1788132,0.05271002,0.31408748,0.15608396,0.1844622,0.0
2552,0.07703066,0.13898876,0.33672518,0.07905579,0.2744926,0.09370704,0.0
2553,0.06921507,0.08665669,0.29207486,0.27687734,0.19289409,0.08228189,0.0
2554,0.16023135,0.35395128,0.08659708,0.22110748,0.09961049,0.0785023,0.0
2555,0.13948429,0.08301126,0.10480097,0.27568328,0.2639876,0.13303262,0.0
2556,0.12406912,0.18673863,0.14612703,0.12405411,0.28935602,0.12965514,0.0
2557,0.1236301,0.1443763,0.22707681,0.21269958,0.19350351,0.09871376,0.0
2558,0.22457519,0.1632242,0.10118911,0.26646072,0.1336841,0.11086659,0.0
2559,0.22826323,0.04307329,0.26599437,0.20308204,0.15553685,0.10405028,0.0
2560,0.06517117,0.18299393,0.35436726,0.06022037,0.11907994,0.2181673,0.0
2561,0.17590442,0.0951087,0.08678624,0.32748562,0.09064548,0.22406952,0.0
2562,0.10673046,0.21401675,0.31804198,0.13171071,0.0666797,0.16282043,0.0
2563,0.3144074,0.09759737,0.12427832,0.06255824,0.32427523,0.07688344,0.0
2564,0.2993122,0.1501029,0.10666887,0.13014211,0.21461673,0.09915704,0.0
2565,0.34015948,0.22119018,0.08793234,0.20289855,0.07487533,0.07294413,0.0
2566,0.19239667,0.166779,0.26953527,0.10466926,0.14666699,0.11995281,0.0
2567,0.19734909,0.2311387,0.29227743,0.04069657,0.06177215,0.17676611,0.0
2568,0.27943915,0.10764856,0.30436411,0.0493712,0.07180369,0.18737336,0.0
2569,0.16032223,0.10014734,0.2948961,0.10006017,0.09291882,0.25165534,0.0
2570,0.13788176,0.08311155,0.29430705,0.1242414,0.23490207,0.12555613,0.0
2571,0.16621898,0.18333136,0.27160367,0.10547737,0.1152266,0.15814203,0.0
2572,0.34832042,0.0612039,0.11581389,0.11280678,0.29061982,0.07123519,0.0
2573,0.07878295,0.30093202,0.10390295,0.15445688,0.2237797,0.1381455,0.0
2574,0.08707373,0.09822524,0.15187272,0.29137883,0.2484366,0.12301282,0.0
2575,0.3118444,0.10134901,0.13014436,0.16505232,0.17299941,0.11861049,0.0
2576,0.26442775,0.14341289,0.07184662,0.15421183,0.0857938,0.28030714,0.0
2577,0.15024307,0.07669637,0.25498497,0.12603913,0.2814865,0.11054996,0.0
2578,0.24132845,0.12024958,0.23326023,0.18561433,0.09668152,0.12286592,0.0
2579,0.12738417,0.08903704,0.11354877,0.16021064,0.11057051,0.39924893,0.0
2580,0.08707655,0.08429728,0.07015566,0.16220321,0.2875372,0.30873013,0.0
2581,0.18197279,0.34157702,0.2753662,0.07065307,0.06322332,0.06720755,0.0
2582,0.29912367,0.07450447,0.14772159,0.21353903,0.05844146,0.20666985,0.0
2583,0.2427685,0.06497943,0.0892301,0.290539,0.25510958,0.0573734,0.0
2584,0.06457435,0.12288,0.08766618,0.2895804,0.23040971,0.20488942,0.0
2585,0.21570122,0.06347355,0.1375619,0.14296065,0.21802354,0.22227922,0.0
2586,0.14324786,0.38792586,0.1580633,0.13264932,0.07573971,0.10237405,0.0
2587,0.24896757,0.26319313,0.18793884,0.1589826,0.09904903,0.04186888,0.0
2588,0.08142082,0.12477371,0.08731905,0.22305207,0.25508785,0.2283465,0.0
2589,0.15769684,0.2635028,0.16257972,0.25297636,0.08305179,0.08019248,0.0
2590,0.10303395,0.29433164,0.1372429,0.09092272,0.16505596,0.20941284,0.0
2591,0.20173942,0.09402339,0.33152258,0.1690372,0.12977332,0.0739041,0.0
2592,0.09641898,0.2399364,0.1580268,0.06010802,0.2834035,0.16210628,0.0
2593,0.18007137,0.05342558,0.29047707,0.11431233,0.09967069,0.2620431,0.0
2594,0.17854138,0.07999759,0.07687085,0.20567156,0.29065076,0.16826786,0.0
2595,0.12610637,0.19089665,0.3326128,0.13946338,0.12969518,0.08122567,0.0
2596,0.13923481,0.23922259,0.07420696,0.2402614,0.06326526,0.24380901,0.0
2597,0.20913857,0.12615977,0.11213914,0.17918363,0.257388,0.11599082,0.0
2598,0.08306301,0.28638688,0.19559988,0.28928408,0.05974449,0.0859217,0.0
2599,0.08987486,0.13103065,0.25272048,0.09558346,0.15905015,0.2717404,0.0
2600,0.09077749,0.09542658,0.26992443,0.28218445,0.12659729,0.13508977,0.0
2601,0.25963587,0.08920959,0.04001058,0.2750106,0.20394321,0.13219014,0.0
2602,0.23523468,0.21785003,0.1584635,0.15172718,0.07046004,0.16626452,0.0
2603,0.05847025,0.10633606,0.29983032,0.16859286,0.26842004,0.09835055,0.0
2604,0.20055185,0.13675222,0.20124044,0.10866396,0.08834642,0.26444507,0.0
2605,0.10167799,0.23277378,0.14999713,0.11937028,0.278276,0.11790479,0.0
2606,0.19742148,0.10518783,0.36925864,0.06725189,0.11889385,0.14198625,0.0
2607,0.08067463,0.06793584,0.1241779,0.2694157,0.15928303,0.2985129,0.0
2608,0.32668558,0.29887104,0.07297432,0.04891574,0.06072192,0.19183154,0.0
2609,0.08394058,0.12103999,0.2745808,0.30423784,0.11878156,0.09741922,0.0
2610,0.16220604,0.19948083,0.2831701,0.21339492,0.05312259,0.0886255,0.0
2611,0.19581063,0.33631676,0.20195007,0.15059718,0.05152542,0.06379999,0.0
2612,0.24944729,0.14844058,0.16587225,0.11371156,0.08668499,0.23584329,0.0
2613,0.07109958,0.0786021,0.14984745,0.30542165,0.0840906,0.31093857,0.0
2614,0.3374507,0.16591042,0.14073052,0.06968704,0.09027386,0.19594753,0.0
2615,0.07259655,0.10257401,0.3496631,0.08926806,0.06823632,0.31766203,0.0
2616,0.16169278,0.07977793,0.17975079,0.25132194,0.28735304,0.0401035,0.0
2617,0.14250404,0.14529471,0.0797767,0.06494563,0.22436355,0.34311527,0.0
2618,0.188128,0.45084772,0.07623733,0.1070578,0.09325071,0.08447838,0.0
2619,0.2163673,0.13019706,0.20708379,0.15074964,0.22391982,0.07168241,0.0
2620,0.12515953,0.11414833,0.12880786,0.325252,0.10725967,0.19937254,0.0
2621,0.29510254,0.18026994,0.14552765,0.11193293,0.07647347,0.19069342,0.0
2622,0.27248308,0.08524383,0.16194095,0.27080372,0.06904422,0.1404842,0.0
2623,0.24955097,0.07376541,0.10902602,0.1018871,0.27031153,0.19545889,0.0
2624,0.06855117,0.06787678,0.11216909,0.23666838,0.31755683,0.19717772,0.0
2625,0.20253079,0.07267554,0.27279657,0.13907994,0.2410096,0.07190761,0.0
2626,0.07875685,0.42179757,0.10968722,0.06159344,0.1578341,0.17033087,0.0
2627,0.14185824,0.31248683,0.11697222,0.11109243,0.12000253,0.19758776,0.0
2628,0.19461581,0.06860335,0.20424414,0.04801916,0.2879254,0.19659224,0.0
2629,0.07463004,0.07795218,0.3290587,0.2969079,0.12881544,0.09263567,0.0
2630,0.17315003,0.08164126,0.08868095,0.314195,0.11081109,0.23152176,0.0
2631,0.14280312,0.2341084,0.16124499,0.08527476,0.15821488,0.21835382,0.0
2632,0.06814609,0.28932557,0.08501726,0.09950607,0.23956813,0.2184369,0.0
2633,0.3146912,0.06687643,0.06878913,0.16143394,0.15383185,0.23437735,0.0
2634,0.09260642,0.24947314,0.20144281,0.10643016,0.24523328,0.10481422,0.0
2635,0.147465,0.07976601,0.33431414,0.21347587,0.14438498,0.080594,0.0
2636,0.16130283,0.31478584,0.0508682,0.19706587,0.19588475,0.08009256,0.0
2637,0.2831698,0.11048422,0.13630049,0.2155882,0.05796501,0.19649227,0.0
2638,0.26583892,0.12736243,0.22211173,0.17676829,0.14551288,0.06240567,0.0
2639,0.05538549,0.13915342,0.34376574,0.10436653,0.28258085,0.07474796,0.0
2640,0.13656925,0.0944936,0.26087716,0.22926663,0.12951414,0.1492793,0.0
2641,0.08031105,0.05115329,0.2795299,0.31198263,0.09810963,0.17891355,0.0
2642,0.08912964,0.07544447,0.2127373,0.37688488,0.14880076,0.09700292,0.0
2643,0.28782,0.0575396,0.0841167,0.29293543,0.11091822,0.16667002,0.0
2644,0.17559153,0.1457609,0.09287342,0.31973872,0.07279159,0.1932438,0.0
2645,0.20595045,0.12088149,0.11596783,0.1271294,0.18853487,0.24153598,0.0
2646,0.24152867,0.11779451,0.12494971,0.17095712,0.10457332,0.24019665,0.0
2647,0.10717504,0.13947695,0.04939154,0.14631674,0.31302035,0.2446193,0.0
2648,0.06500581,0.09318005,0.32125875,0.07300655,0.07763384,0.369915,0.0
2649,0.33463505,0.05670194,0.11661851,0.06595352,0.29366955,0.13242148,0.0
2650,0.11897471,0.10774671,0.06647465,0.13790645,0.3457359,0.22316162,0.0
2651,0.15105452,0.21678892,0.11349066,0.14280356,0.19613355,0.17972885,0.0
2652,0.11614742,0.19919792,0.3068419,0.08635961,0.14761367,0.14383937,0.0
2653,0.16799353,0.05442516,0.16016257,0.1988988,0.07680027,0.3417197,0.0
2654,0.10115205,0.27979052,0.12159201,0.06168878,0.12725641,0.30852014,0.0
2655,0.17516854,0.18715537,0.09657647,0.24824654,0.23600702,0.05684606,0.0
2656,0.06880982,0.16479887,0.2464513,0.1768484,0.21040814,0.13268353,0.0
2657,0.28219953,0.10985843,0.1145693,0.22401305,0.18650194,0.08285781,0.0
2658,0.07140541,0.29707247,0.23552309,0.09091555,0.22218697,0.08289655,0.0
2659,0.10808105,0.17530741,0.24547891,0.1308709,0.089987,0.25027478,0.0
2660,0.07422488,0.30469516,0.34736845,0.06843313,0.06696852,0.13830994,0.0
2661,0.1533247,0.10623075,0.21094826,0.13434626,0.10097808,0.29417196,0.0
2662,0.23318157,0.12831756,0.10070624,0.14694278,0.19732867,0.19352314,0.0
2663,0.14307132,0.16087998,0.20870067,0.14131835,0.13415256,0.21187711,0.0
2664,0.27067077,0.27331018,0.12925282,0.17869395,0.04984849,0.09822363,0.0
2665,0.23290363,0.19464055,0.0833484,0.06316839,0.35238576,0.0735532,0.0
2666,0.32142636,0.1974515,0.08416858,0.14283545,0.13072342,0.12339465,0.0
2667,0.30388626,0.19397776,0.17144983,0.08918934,0.17815852,0.06333824,0.0
2668,0.2004477,0.1725899,0.08578774,0.09016005,0.20041105,0.25060353,0.0
2669,0.16585228,0.29624343,0.22966892,0.0495707,0.11867531,0.13998935,0.0
2670,0.14668597,0.1882289,0.05941066,0.35935572,0.05780675,0.18851203,0.0
2671,0.13187335,0.19470187,0.25799635,0.07998654,0.14579499,0.18964696,0.0
2672,0.13175206,0.27309522,0.26062673,0.13210018,0.11787806,0.08454772,0.0
2673,0.27658677,0.09053848,0.13437824,0.3805696,0.0561323,0.06179465,0.0
2674,0.24913396,0.07176033,0.10000189,0.25315422,0.2764221,0.04952752,0.0
2675,0.12069339,0.10195832,0.25091285,0.19538756,0.11901032,0.21203749,0.0
2676,0.13165075,0.18918031,0.20848958,0.27330583,0.05681105,0.14056244,0.0
2677,0.0772723,0.23711716,0.06444788,0.26760656,0.13404524,0.21951084,0.0
2678,0.24529436,0.06540558,0.10051451,0.26926968,0.10402296,0.21549289,0.0
2679,0.07024756,0.12675802,0.08696496,0.08253769,0.2701013,0.3633905,0.0
2680,0.22655404,0.11062896,0.10176069,0.08898167,0.08306578,0.38900897,0.0
2681,0.06356136,0.4019109,0.06433435,0.13076578,0.08031404,0.25911355,0.0
2682,0.04758006,0.16245207,0.1548896,0.2991465,0.098661,0.23727073,0.0
2683,0.16039312,0.16678162,0.06392995,0.22676341,0.12351609,0.2586158,0.0
2684,0.1322028,0.1087979,0.2911047,0.12539086,0.12552264,0.21698117,0.0
2685,0.2064465,0.05621622,0.23461427,0.28763056,0.08040521,0.13468726,0.0
2686,0.23428409,0.14930825,0.07453837,0.14394423,0.29606375,0.10186134,0.0
2687,0.22157282,0.26321676,0.06095962,0.07493772,0.11478837,0.26452476,0.0
2688,0.13692442,0.31261197,0.23765582,0.11258443,0.11130559,0.08891786,0.0
2689,0.16283847,0.06344155,0.4037582,0.20953457,0.06802004,0.09240714,0.0
2690,0.05442757,0.20309389,0.10833433,0.24431859,0.08496057,0.30486506,0.0
2691,0.10306744,0.110029,0.14242427,0.27461487,0.22676186,0.14310254,0.0
2692,0.2126654,0.21146154,0.06062735,0.0617216,0.2290052,0.22451888,0.0
2693,0.40565464,0.09319118,0.1593013,0.09709784,0.08313679,0.16161819,0.0
2694,0.2103361,0.0706632,0.08822312,0.1537878,0.07066686,0.4063229,0.0
2695,0.08450619,0.39950997,0.09171219,0.09375969,0.1359755,0.19453648,0.0
2696,0.07778253,0.12250956,0.20112169,0.16023718,0.35584524,0.08250376,0.0
2697,0.2589971,0.21032983,0.114518,0.06767461,0.09011563,0.25836486,0.0
2698,0.11716525,0.05934162,0.33991188,0.14199935,0.09183311,0.24974872,0.0
2699,0.08654748,0.2870052,0.06347301,0.28886738,0.08312248,0.19098453,0.0
2700,0.150628,0.07657129,0.308171,0.1957424,0.11096969,0.15791759,0.0
2701,0.17951195,0.09914578,0.2340945,0.06712559,0.22100544,0.1991167,0.0
2702,0.22875531,0.07986714,0.08265851,0.26229677,0.25229675,0.09412549,0.0
2703,0.17094094,0.19917886,0.23646182,0.20601583,0.13048498,0.05691752,0.0
2704,0.14076833,0.17663653,0.251958,0.22035255,0.05698541,0.15329915,0.0
2705,0.05860732,0.05227134,0.30191493,0.3152531,0.08596081,0.18599251,0.0
2706,0.04752383,0.18521558,0.1467638,0.33192286,0.04983849,0.23873542,0.0
2707,0.1131526,0.07545909,0.12227653,0.53404653,0.07542741,0.07963787,0.0
2708,0.07529754,0.34847045,0.28689322,0.10440068,0.11419095,0.07074717,0.0
2709,0.21743356,0.14156714,0.22682583,0.15846576,0.18305252,0.07265525,0.0
2710,0.0619954,0.3258286,0.29727304,0.10438016,0.13070329,0.07981947,0.0
2711,0.16966027,0.08797466,0.1792232,0.24537154,0.08490341,0.23286688,0.0
2712,0.07393585,0.11714125,0.2536244,0.27765632,0.05985654,0.21778558,0.0
2713,0.06419599,0.21660686,0.14681974,0.0841241,0.17306753,0.3151858,0.0
2714,0.07138775,0.1531765,0.28767812,0.2894553,0.09919924,0.09910309,0.0
2715,0.29522976,0.17241932,0.04717743,0.16993295,0.2658739,0.0493666,0.0
2716,0.24169289,0.11938682,0.24301332,0.08381966,0.2029742,0.10911313,0.0
2717,0.14039785,0.05837602,0.29041633,0.06093641,0.23088048,0.2189929,0.0
2718,0.17648995,0.09961647,0.12382299,0.24702846,0.15993841,0.1931037,0.0
2719,0.16615936,0.09767996,0.11922021,0.0711296,0.11829641,0.4275145,0.0
2720,0.14210555,0.29705673,0.11682226,0.20499262,0.12584798,0.1131748,0.0
2721,0.08604182,0.25252697,0.32264894,0.12217408,0.10010915,0.11649896,0.0
2722,0.20180997,0.10173835,0.11463795,0.05260739,0.27496943,0.25423697,0.0
2723,0.07724646,0.09039841,0.15166162,0.08599897,0.25731668,0.33737794,0.0
2724,0.22699246,0.11352006,0.15523836,0.1236867,0.15575632,0.224806,0.0
2725,0.10872123,0.33075166,0.06495076,0.3109099,0.09026547,0.09440098,0.0
2726,0.3335317,0.06299704,0.09692034,0.1903857,0.09449796,0.22166726,0.0
2727,0.10351774,0.15646468,0.20582968,0.14874537,0.23264244,0.15280016,0.0
2728,0.06574845,0.24701747,0.18413007,0.12199836,0.26609033,0.11501539,0.0
2729,0.06951445,0.06810006,0.07244185,0.41330802,0.30297095,0.07366466,0.0
2730,0.27723518,0.15588313,0.18742764,0.0591362,0.09656887,0.22374898,0.0
2731,0.1902035,0.15788847,0.2182132,0.18740374,0.03818445,0.2081066,0.0
2732,0.164118,0.27823362,0.08516175,0.07099168,0.18229756,0.21919744,0.0
2733,0.2301912,0.07658415,0.14401065,0.15744491,0.29423523,0.09753387,0.0
2734,0.13885169,0.12231019,0.15514475,0.17988315,0.23679367,0.16701654,0.0
2735,0.16497993,0.1521514,0.23856336,0.19669521,0.1750146,0.07259548,0.0
2736,0.24940298,0.04460249,0.31250203,0.08409544,0.14286394,0.1665331,0.0
2737,0.14714058,0.28337467,0.11034506,0.09254078,0.19125533,0.17534356,0.0
2738,0.1034776,0.35163373,0.11255689,0.24408115,0.10343346,0.08481712,0.0
2739,0.07283107,0.20157151,0.23027115,0.06517509,0.291518,0.13863312,0.0
2740,0.27982005,0.12365565,0.09949052,0.17141503,0.2797607,0.04585798,0.0
2741,0.07607819,0.4248435,0.09304892,0.14604324,0.07944624,0.18053986,0.0
2742,0.23487875,0.15526465,0.14373106,0.14831567,0.1079726,0.2098373,0.0
2743,0.19184539,0.07579026,0.27283058,0.1363092,0.22678341,0.09644114,0.0
2744,0.11329408,0.16643552,0.08663099,0.21187295,0.3216285,0.1001379,0.0
2745,0.38927427,0.11150252,0.20167296,0.08637842,0.14809819,0.06307373,0.0
2746,0.16392015,0.06973997,0.0603906,0.3209533,0.1303277,0.25466833,0.0
2747,0.09149379,0.09558296,0.20532833,0.2553912,0.22119741,0.13100639,0.0
2748,0.25324032,0.10582276,0.27101052,0.20794609,0.11237847,0.04960189,0.0
2749,0.07178876,0.21557112,0.38055548,0.16680077,0.07754093,0.08774289,0.0
2750,0.10253283,0.23904382,0.20361714,0.11323675,0.24603002,0.0955394,0.0
2751,0.20827597,0.14748745,0.20030329,0.2159438,0.18112718,0.04686229,0.0
2752,0.20842075,0.09281614,0.21670035,0.17826152,0.15345031,0.15035096,0.0
2753,0.35707712,0.06699342,0.07744735,0.3005717,0.13669719,0.06121318,0.0
2754,0.13819444,0.201317,0.13532455,0.1183538,0.09614501,0.31066513,0.0
2755,0.11205579,0.17420138,0.29323283,0.16011597,0.15540794,0.10498612,0.0
2756,0.08934906,0.10875717,0.17309757,0.3421876,0.07946364,0.20714499,0.0
2757,0.25036508,0.17404997,0.18601425,0.19744194,0.05401144,0.13811736,0.0
2758,0.1340795,0.06846248,0.15476732,0.28984827,0.13926385,0.21357857,0.0
2759,0.08040157,0.2443319,0.16175139,0.1199756,0.17441933,0.2191202,0.0
2760,0.06777224,0.23977976,0.08851162,0.16362831,0.07543388,0.36487418,0.0
2761,0.08569468,0.14721504,0.30424145,0.08644664,0.32471576,0.05168645,0.0
2762,0.29315087,0.11954048,0.09020895,0.16589901,0.19636945,0.13483126,0.0
2763,0.16792482,0.06932089,0.27146417,0.1204908,0.15595825,0.21484108,0.0
2764,0.09738351,0.30657154,0.10927133,0.11116856,0.3197299,0.05587516,0.0
2765,0.28613833,0.22002526,0.2430679,0.07687785,0.11933291,0.05455779,0.0
2766,0.09870363,0.37247333,0.12266047,0.09145764,0.21719393,0.09751108,0.0
2767,0.14309344,0.14928047,0.12214212,0.18463299,0.10225202,0.29859897,0.0
2768,0.1989697,0.06245806,0.17196712,0.3540371,0.08167394,0.13089406,0.0
2769,0.21804322,0.19960025,0.17124513,0.10558902,0.17996377,0.1255585,0.0
2770,0.14864764,0.16265701,0.19914642,0.12429784,0.19839543,0.16685574,0.0
2771,0.35444328,0.06502647,0.09797431,0.36659157,0.05895421,0.05701011,0.0
2772,0.18084854,0.32285306,0.13209127,0.07412075,0.24191506,0.0481713,0.0
2773,0.11321245,0.20402884,0.22925103,0.14067508,0.171177,0.1416556,0.0
2774,0.13857247,0.23004825,0.35486677,0.07422672,0.07894377,0.12334205,0.0
2775,0.10791915,0.23517308,0.14599527,0.06590283,0.08762815,0.35738152,0.0
2776,0.07313132,0.2851058,0.08813341,0.05494415,0.34412637,0.15455897,0.0
2777,0.20390657,0.18713726,0.35197175,0.09434464,0.09138162,0.07125814,0.0
2778,0.13380143,0.26951915,0.14816241,0.13881096,0.21570037,0.09400571,0.0
2779,0.08020984,0.06490378,0.07820196,0.39132112,0.27969468,0.1056686,0.0
2780,0.08356612,0.09588992,0.0922116,0.15050536,0.3012272,0.27659976,0.0
2781,0.2036314,0.19048381,0.28569308,0.10064695,0.0663576,0.15318716,0.0
2782,0.14258793,0.2180393,0.20227332,0.16045947,0.103138,0.17350195,0.0
2783,0.07897978,0.06909577,0.13393413,0.37925455,0.11993572,0.21879998,0.0
2784,0.23465836,0.26281175,0.05632421,0.13654909,0.10933053,0.20032604,0.0
2785,0.1659659,0.2654586,0.08511016,0.3039829,0.08563931,0.09384315,0.0
2786,0.08622351,0.12896022,0.21309718,0.07258932,0.38817686,0.11095284,0.0
2787,0.2720571,0.21148628,0.19026847,0.10742293,0.15844317,0.06032212,0.0
2788,0.09634513,0.07302848,0.16646771,0.2020278,0.34026814,0.12186276,0.0
2789,0.22213517,0.07385714,0.2188113,0.16744013,0.09304472,0.22471152,0.0
2790,0.14534393,0.08547138,0.22038072,0.13501841,0.10911611,0.3046694,0.0
2791,0.06913106,0.07646194,0.20243785,0.09748052,0.15615836,0.3983303,0.0
2792,0.19679578,0.0743811,0.15039636,0.21398646,0.2867127,0.07772761,0.0
2793,0.12375724,0.0663645,0.29882696,0.28775334,0.12025848,0.10303952,0.0
2794,0.20842712,0.16063862,0.08918465,0.10772831,0.11469993,0.3193214,0.0
2795,0.10191727,0.08480841,0.20047653,0.11921237,0.3655579,0.12802751,0.0
2796,0.17163745,0.12909329,0.16556025,0.2546645,0.100894,0.1781505,0.0
2797,0.12364621,0.12983496,0.17172685,0.06706674,0.28837666,0.21934858,0.0
2798,0.10801953,0.10260157,0.35350254,0.06894366,0.3035728,0.06335992,0.0
2799,0.1592995,0.10628077,0.25325054,0.20825674,0.16555321,0.10735917,0.0
2800,0.09478808,0.35945106,0.07862534,0.26942444,0.10308494,0.09462611,0.0
2801,0.13785106,0.09797078,0.25205627,0.16536364,0.11953655,0.22722168,0.0
2802,0.20957318,0.3037634,0.04882382,0.17169386,0.04483298,0.22131282,0.0
2803,0.06931289,0.273277,0.287223,0.08184277,0.09303123,0.19531313,0.0
2804,0.11527047,0.25932503,0.13935755,0.10719521,0.17069688,0.2081549,0.0
2805,0.28711176,0.3042904,0.0523478,0.06031866,0.17320043,0.12273083,0.0
2806,0.07724074,0.06753565,0.19152871,0.3204363,0.08369263,0.2595661,0.0
2807,0.11459042,0.21114607,0.07695839,0.351141,0.07302114,0.17314303,0.0
2808,0.12897967,0.1185405,0.14540158,0.08689941,0.15176593,0.36841294,0.0
2809,0.04881692,0.29681852,0.31425,0.08203116,0.0900642,0.16801924,0.0
2810,0.339389,0.07733273,0.08267871,0.23105703,0.14017698,0.12936544,0.0
2811,0.17763276,0.05782413,0.10355967,0.40473527,0.08530573,0.17094243,0.0
2812,0.10756392,0.10648783,0.31523338,0.31494585,0.08196616,0.07380283,0.0
2813,0.08907127,0.33693323,0.15904796,0.09577218,0.2247223,0.09445319,0.0
2814,0.13756225,0.09105656,0.2270279,0.1965891,0.10814445,0.23961969,0.0
2815,0.41132867,0.12899253,0.17076129,0.11758503,0.10120944,0.07012316,0.0
2816,0.12650691,0.14671606,0.16909428,0.09113375,0.18411286,0.28243616,0.0
2817,0.09258632,0.2538241,0.15754041,0.15348664,0.28617617,0.05638631,0.0
2818,0.12168703,0.1859131,0.12897168,0.13088587,0.36877847,0.06376392,0.0
2819,0.19007097,0.10259733,0.19074588,0.21342087,0.20666866,0.09649624,0.0
2820,0.0686355,0.24825376,0.17201783,0.14633946,0.13130373,0.23344967,0.0
2821,0.14487216,0.07605664,0.14747739,0.05707135,0.29858518,0.27593732,0.0
2822,0.09488467,0.14801735,0.20026933,0.3095945,0.0684768,0.17875727,0.0
2823,0.32239756,0.14107223,0.14262187,0.16555162,0.15907054,0.06928618,0.0
2824,0.04821249,0.25190365,0.05469843,0.29112002,0.23776448,0.11630104,0.0
2825,0.19702895,0.29378897,0.09650796,0.19272837,0.06405326,0.15589249,0.0
2826,0.16754249,0.09166823,0.16036287,0.22304153,0.25993046,0.09745439,0.0
2827,0.3024452,0.2781614,0.14843957,0.09034459,0.11433039,0.06627885,0.0
2828,0.17504555,0.12796415,0.12725602,0.1598755,0.10007544,0.30978334,0.0
2829,0.21274088,0.11269106,0.0922109,0.15006189,0.2793862,0.15290907,0.0
2830,0.26016456,0.16892412,0.06581595,0.0982765,0.17294332,0.23387542,0.0
2831,0.29439113,0.23245507,0.07549801,0.04933422,0.08534893,0.26297268,0.0
2832,0.20981064,0.33182478,0.0695998,0.12705685,0.20807534,0.05363259,0.0
2833,0.15319613,0.27579176,0.19362812,0.22028933,0.08228847,0.07480621,0.0
2834,0.20365773,0.17109224,0.11928074,0.19036636,0.14842309,0.16717994,0.0
2835,0.07402762,0.17301027,0.39515403,0.08999677,0.14310157,0.12470972,0.0
2836,0.06471392,0.18440571,0.16374196,0.2781297,0.10201622,0.20699249,0.0
2837,0.12680238,0.11800198,0.14313254,0.11138831,0.32807466,0.17260009,0.0
2838,0.2657519,0.05038248,0.26188418,0.15460326,0.13233824,0.13504003,0.0
2839,0.05406578,0.11545646,0.24131382,0.26696792,0.16845855,0.1537375,0.0
2840,0.27593344,0.10829695,0.09333053,0.06653175,0.32288575,0.1330216,0.0
2841,0.16475534,0.10616871,0.08753793,0.0794625,0.36041415,0.20166142,0.0
2842,0.1015581,0.05201465,0.31533623,0.12505534,0.20474264,0.20129302,0.0
2843,0.5384704,0.09307326,0.08517663,0.089142,0.09732819,0.09680951,0.0
2844,0.06644142,0.15762927,0.21168566,0.0704824,0.34077457,0.15298672,0.0
2845,0.11011088,0.3370672,0.10405152,0.12250909,0.24428773,0.08197363,0.0
2846,0.09103718,0.08707331,0.40054083,0.17941006,0.08762713,0.15431154,0.0
2847,0.14334594,0.09120704,0.07686687,0.19757277,0.31935918,0.17164822,0.0
2848,0.09914692,0.15334111,0.11882131,0.27619395,0.16618182,0.18631494,0.0
2849,0.09913532,0.23282447,0.10716304,0.10009801,0.32714438,0.13363478,0.0
2850,0.09514633,0.23661307,0.06212766,0.27675572,0.0530131,0.27634412,0.0
2851,0.07302486,0.13689846,0.04729163,0.18412015,0.2841226,0.2745423,0.0
2852,0.15763734,0.19799745,0.13316804,0.1471751,0.0633859,0.30063614,0.0
2853,0.11845521,0.30569857,0.08708213,0.20257938,0.20626895,0.07991572,0.0
2854,0.14336635,0.1034082,0.35913637,0.1372889,0.13458976,0.12221048,0.0
2855,0.06665229,0.16152649,0.3700829,0.06704762,0.26810172,0.06658898,0.0
2856,0.31330687,0.25121784,0.11431948,0.09236437,0.16716611,0.0616253,0.0
2857,0.24068142,0.07981908,0.23483479,0.07294101,0.24112299,0.13060063,0.0
2858,0.19924757,0.13191396,0.17275855,0.13608266,0.22083996,0.1391572,0.0
2859,0.10551036,0.3033356,0.07840813,0.32651827,0.13211413,0.05411356,0.0
2860,0.09825452,0.12952912,0.12876867,0.24219517,0.27977523,0.12147739,0.0
2861,0.0874124,0.2127324,0.20113808,0.22178526,0.13090354,0.14602832,0.0
2862,0.10206334,0.20038876,0.415464,0.07292678,0.12861831,0.08053881,0.0
2863,0.11041048,0.16456105,0.34850624,0.09727988,0.1342517,0.14499067,0.0
2864,0.3477966,0.1298037,0.06773859,0.14589952,0.1238317,0.18492986,0.0
2865,0.3380193,0.13900906,0.1526431,0.15313414,0.1444134,0.07278097,0.0
2866,0.09668025,0.32905886,0.24099793,0.0677008,0.09046225,0.17509988,0.0
2867,0.10218402,0.17735751,0.23556906,0.04244151,0.2691306,0.17331725,0.0
2868,0.3085056,0.06387541,0.23501013,0.23102091,0.08231291,0.07927509,0.0
2869,0.12433182,0.13283521,0.17788637,0.3392623,0.13137345,0.0943108,0.0
2870,0.11468249,0.20175858,0.3216495,0.17285857,0.08181001,0.10724089,0.0
2871,0.08365362,0.05708998,0.3225903,0.1418261,0.08702293,0.30781713,0.0
2872,0.1241716,0.12827487,0.19155645,0.28705764,0.14160433,0.12733504,0.0
2873,0.11863111,0.1196007,0.10691637,0.38191795,0.16804071,0.10489321,0.0
2874,0.12035914,0.14304483,0.20764287,0.13038455,0.31885007,0.07971849,0.0
2875,0.22457525,0.11672191,0.13390477,0.2243718,0.09325104,0.20717528,0.0
2876,0.22391422,0.21208669,0.05956717,0.05291297,0.16452473,0.28699422,0.0
2877,0.1870587,0.29841396,0.09988032,0.07498472,0.2666996,0.07296276,0.0
2878,0.12779564,0.2794502,0.12073224,0.08980589,0.25368857,0.12852745,0.0
2879,0.09722293,0.3321911,0.15805875,0.06519002,0.12888278,0.2184544,0.0
2880,0.20776501,0.10193499,0.21322456,0.09142,0.13402599,0.25162947,0.0
2881,0.25114486,0.12363219,0.07161314,0.21130331,0.09567151,0.24663499,0.0
2882,0.07918991,0.07712742,0.20199867,0.17118049,0.38656297,0.08394056,0.0
2883,0.17068167,0.11571794,0.07318816,0.07105895,0.36078575,0.20856752,0.0
2884,0.23419882,0.04275342,0.04419032,0.22044684,0.27264163,0.18576902,0.0
2885,0.25175086,0.26308915,0.2010861,0.1577742,0.06134638,0.06495337,0.0
2886,0.11532544,0.36746192,0.11345195,0.11666909,0.08448331,0.20260835,0.0
2887,0.09838787,0.09108126,0.16164859,0.07117098,0.49112087,0.08659039,0.0
2888,0.15120126,0.21036059,0.20985515,0.10093381,0.07472121,0.25292793,0.0
2889,0.06095198,0.22172885,0.17175925,0.19987501,0.26036662,0.08531824,0.0
2890,0.04681421,0.13936025,0.2514165,0.22318068,0.2213281,0.11790027,0.0
2891,0.1363124,0.09551696,0.2610737,0.18805219,0.06594376,0.25310102,0.0
2892,0.05847778,0.22687155,0.131417,0.27746338,0.11834589,0.1874244,0.0
2893,0.09356589,0.08006257,0.16187264,0.1754702,0.16459312,0.32443553,0.0
2894,0.17417027,0.17556334,0.3126837,0.05143499,0.18852083,0.09762688,0.0
2895,0.30186006,0.05156784,0.21397293,0.05981528,0.16657741,0.2062065,0.0
2896,0.12631427,0.08985537,0.15744074,0.2039222,0.22370234,0.19876505,0.0
2897,0.20602898,0.19194455,0.05807801,0.20775716,0.26703987,0.06915141,0.0
2898,0.26234478,0.11964952,0.0773248,0.08681734,0.11729796,0.33656558,0.0
2899,0.1231014,0.26670247,0.06431141,0.13343912,0.19804662,0.21439898,0.0
2900,0.20010498,0.22290711,0.19452712,0.11791031,0.11201062,0.15253983,0.0
2901,0.19251612,0.168862,0.12830769,0.23813267,0.15372185,0.11845964,0.0
2902,0.1523808,0.1598007,0.24684541,0.10658798,0.09974629,0.2346388,0.0
2903,0.09556372,0.2039024,0.15047528,0.06223358,0.21633352,0.2714915,0.0
2904,0.20584355,0.09674407,0.23577654,0.1639985,0.10043714,0.19720018,0.0
2905,0.1303493,0.08959291,0.29252157,0.3437619,0.07139683,0.07237754,0.0
2906,0.18985733,0.09624189,0.24298139,0.1502549,0.10714179,0.2135226,0.0
2907,0.09756546,0.1207537,0.2742243,0.0769489,0.28954864,0.14095896,0.0
2908,0.2595036,0.31320417,0.06850476,0.06626646,0.05289064,0.23963034,0.0
2909,0.13797955,0.08580337,0.10594415,0.42753968,0.10019288,0.14254038,0.0
2910,0.34962565,0.11470328,0.24340792,0.11104835,0.0614574,0.11975734,0.0
2911,0.12483479,0.3093101,0.05561446,0.16957177,0.1832824,0.15738644,0.0
2912,0.06881315,0.10719422,0.11091606,0.09098996,0.26389658,0.35818997,0.0
2913,0.12574217,0.09942088,0.19307631,0.27289382,0.18473618,0.12413064,0.0
2914,0.11167017,0.07081133,0.31093848,0.23607779,0.17736854,0.09313363,0.0
2915,0.10652395,0.19455652,0.12604196,0.05797803,0.20609428,0.30880526,0.0
2916,0.08998732,0.13340148,0.23104577,0.09248233,0.22867309,0.22441,0.0
2917,0.2620832,0.17120385,0.09466943,0.14879356,0.05970098,0.26354894,0.0
2918,0.24581252,0.22391951,0.07045094,0.2340547,0.09342127,0.13234101,0.0
2919,0.12173333,0.227242,0.14145447,0.3106209,0.11521571,0.08373351,0.0
2920,0.08391682,0.14884682,0.14772314,0.13392472,0.32980308,0.15578541,0.0
2921,0.07046722,0.09917112,0.25496697,0.22623686,0.0835117,0.2656462,0.0
2922,0.15550022,0.12179852,0.23644078,0.08115168,0.15427925,0.25082958,0.0
2923,0.12604311,0.32476637,0.07219031,0.06703347,0.17801666,0.23195009,0.0
2924,0.12553352,0.1769961,0.39183703,0.09278785,0.10918724,0.1036582,0.0
2925,0.17664193,0.08668474,0.3210103,0.08904024,0.09083273,0.23579007,0.0
2926,0.15574084,0.21316819,0.04459096,0.05416401,0.2656091,0.26672694,0.0
2927,0.30391207,0.07022603,0.20335889,0.17505854,0.0871054,0.16033912,0.0
2928,0.10379868,0.18598725,0.38853917,0.0965471,0.12711051,0.09801723,0.0
2929,0.10841968,0.34773472,0.16082616,0.10117283,0.12662807,0.15521851,0.0
2930,0.12589642,0.13840349,0.30067882,0.10161892,0.21587707,0.11752538,0.0
2931,0.37700626,0.10984699,0.09741591,0.1277284,0.1833267,0.10467578,0.0
2932,0.28390932,0.10176224,0.11067819,0.26220816,0.06729118,0.1741509,0.0
2933,0.08925917,0.26294982,0.07976382,0.1390024,0.26259428,0.16643046,0.0
2934,0.31428093,0.11540016,0.14616518,0.15464988,0.12692451,0.14257936,0.0
2935,0.23354039,0.19851959,0.11873266,0.2291977,0.09049056,0.12951913,0.0
2936,0.23507878,0.05960269,0.18884034,0.08223568,0.31284997,0.12139249,0.0
2937,0.26297265,0.11293916,0.23381782,0.14787985,0.17032526,0.07206524,0.0
2938,0.08746956,0.08140907,0.19093701,0.34619007,0.1582006,0.13579372,0.0
2939,0.20304482,0.2593389,0.11565275,0.04307134,0.13265081,0.24624132,0.0
2940,0.06494483,0.21218333,0.26263565,0.24494141,0.08836062,0.12693416,0.0
2941,0.18057148,0.10095182,0.09256878,0.39272407,0.17814192,0.05504187,0.0
2942,0.30187896,0.21394016,0.10684492,0.11819059,0.10480887,0.15433644,0.0
2943,0.21689919,0.25864044,0.11894668,0.13379876,0.14338888,0.12832607,0.0
2944,0.25154135,0.2949745,0.12893106,0.19051594,0.05238251,0.08165458,0.0
2945,0.06881475,0.2397872,0.15208124,0.06646141,0.27792084,0.19493452,0.0
2946,0.08245061,0.16341285,0.0611013,0.25102174,0.10768541,0.33432806,0.0
2947,0.08545374,0.11226416,0.13827014,0.30092025,0.06528392,0.2978078,0.0
2948,0.2773363,0.2734419,0.08777517,0.05642952,0.11371427,0.19130272,0.0
2949,0.0999278,0.29919603,0.25937754,0.09112212,0.07571944,0.17465712,0.0
2950,0.10504783,0.07123753,0.11112805,0.34101313,0.07556218,0.2960113,0.0
2951,0.07944676,0.30133063,0.19844446,0.22852871,0.081779,0.11047054,0.0
2952,0.06749631,0.04205681,0.2730652,0.06255325,0.27533945,0.27948898,0.0
2953,0.09870934,0.08334085,0.36316413,0.07786072,0.2633961,0.11352886,0.0
2954,0.20225006,0.213205,0.09917609,0.06808579,0.34277314,0.07450993,0.0
2955,0.27542543,0.08247135,0.14868084,0.17836139,0.07723067,0.23783031,0.0
2956,0.13201408,0.17120944,0.299105,0.19283512,0.11943643,0.0853999,0.0
2957,0.06438684,0.22941042,0.08138634,0.1979647,0.3258267,0.10102498,0.0
2958,0.0735269,0.27031532,0.15954554,0.05906206,0.05408904,0.3834612,0.0
2959,0.22739072,0.08969641,0.06956586,0.1854833,0.24697644,0.18088733,0.0
2960,0.06220317,0.0752259,0.24699563,0.06284185,0.25871167,0.2940218,0.0
2961,0.16321705,0.27812096,0.07062346,0.1524688,0.22444715,0.11112265,0.0
2962,0.09350777,0.27320677,0.13081576,0.10915813,0.16603263,0.22727895,0.0
2963,0.08716409,0.05579286,0.17394553,0.23895562,0.32976133,0.11438055,0.0
2964,0.22869845,0.14646192,0.14555635,0.15749787,0.17344716,0.14833827,0.0
2965,0.06394406,0.23755535,0.27982113,0.07717711,0.21818472,0.12331764,0.0
2966,0.09421775,0.10342606,0.1442471,0.33307853,0.08074334,0.24428722,0.0
2967,0.09368733,0.09848195,0.20445755,0.16378804,0.3128469,0.12673818,0.0
2968,0.13225484,0.19202492,0.20594178,0.14616047,0.25351596,0.07010207,0.0
2969,0.07421354,0.11973068,0.06101342,0.2740801,0.25674236,0.21421994,0.0
2970,0.21588539,0.15148874,0.11060578,0.09469201,0.15451698,0.2728111,0.0
2971,0.14538272,0.12779678,0.10242303,0.3178378,0.23547474,0.07108496,0.0
2972,0.09497166,0.18587944,0.1624876,0.19023909,0.23619406,0.13022812,0.0
2973,0.05254233,0.21521176,0.32868996,0.12304778,0.19933896,0.08116926,0.0
2974,0.12828591,0.3070933,0.09747018,0.09850813,0.23226252,0.13637991,0.0
2975,0.16163225,0.11917844,0.15141183,0.19411147,0.18308681,0.19057919,0.0
2976,0.10432033,0.14692001,0.09040014,0.22859176,0.28249827,0.14726946,0.0
2977,0.22212267,0.11210452,0.10546267,0.14445847,0.10379957,0.31205207,0.0
2978,0.33731514,0.10413489,0.22877064,0.14804013,0.08502344,0.0967157,0.0
2979,0.06442424,0.29538304,0.14076155,0.23541255,0.08631393,0.17770477,0.0
2980,0.12116973,0.23782778,0.15629095,0.15047564,0.21257722,0.12165858,0.0
2981,0.24948047,0.11200803,0.05907542,0.2186547,0.21819896,0.14258245,0.0
2982,0.07934451,0.2031732,0.30479786,0.24279682,0.093691,0.07619663,0.0
2983,0.04898507,0.0945764,0.12857832,0.23017672,0.20510626,0.2925773,0.0
2984,0.07521114,0.19287926,0.0955927,0.37980613,0.12180255,0.13470823,0.0
2985,0.09091444,0.27561045,0.3154754,0.06980743,0.14341149,0.10478085,0.0
2986,0.21448854,0.15563609,0.10639764,0.075101,0.09096543,0.35741132,0.0
2987,0.08557282,0.08180207,0.07985856,0.41343924,0.17259587,0.16673145,0.0
2988,0.17948505,0.15951455,0.28553057,0.10229579,0.2052463,0.06792783,0.0
2989,0.13366447,0.09285197,0.3742359,0.17644598,0.08388994,0.13891178,0.0
2990,0.08808016,0.07129676,0.39229155,0.05965675,0.32691637,0.06175841,0.0
2991,0.22635555,0.16861211,0.22533168,0.21669291,0.12037817,0.04262955,0.0
2992,0.14746088,0.24483797,0.06333046,0.08459704,0.16128425,0.29848942,0.0
2993,0.17547865,0.07402261,0.2774632,0.14113723,0.09140284,0.24049547,0.0
2994,0.23768874,0.15170145,0.20910564,0.14589554,0.16906956,0.08653902,0.0
2995,0.08747885,0.102931,0.19545653,0.2674833,0.11816315,0.22848715,0.0
2996,0.21896957,0.31706348,0.14469945,0.14048655,0.06699227,0.11178863,0.0
2997,0.04376604,0.07141259,0.285677,0.2228542,0.1114514,0.26483878,0.0
2998,0.25142863,0.12744053,0.10494391,0.13419032,0.27820417,0.10379245,0.0
2999,0.14611892,0.13369834,0.26867902,0.09447126,0.10767829,0.24935421,0.0
3000,0.31634104,0.07459944,0.22913782,0.06721054,0.1187511,0.19395998,0.0
3001,0.18060449,0.1506668,0.1601339,0.17744935,0.15836649,0.17277904,0.0
3002,0.1814806,0.14986329,0.16061287,0.17698613,0.15855964,0.17249753,0.0
3003,0.18124592,0.15018138,0.16091608,0.17685883,0.15824746,0.1725504,0.0
3004,0.1815959,0.14971751,0.16051169,0.17697331,0.1587334,0.17246814,0.0
3005,0.18159246,0.14974195,0.16066508,0.17679939,0.1587393,0.17246184,0.0
3006,0.18096526,0.15060076,0.16146357,0.17654575,0.15785114,0.17257337,0.0
3007,0.18132666,0.1500672,0.16080835,0.17692818,0.15835375,0.17251587,0.0
3008,0.18145485,0.14991222,0.16077997,0.17682737,0.1585364,0.17248908,0.0
3009,0.1815109,0.14984296,0.16073993,0.17681034,0.1586204,0.17247549,0.0
3010,0.18175025,0.14952572,0.16049477,0.17680018,0.15898044,0.17244864,0.0
3011,0.18135862,0.15004426,0.16095684,0.17672566,0.15840146,0.17251319,0.0
3012,0.18154551,0.14979213,0.16065925,0.17686509,0.15867051,0.17246747,0.0
3013,0.18162668,0.14969225,0.16058646,0.17685144,0.15878755,0.17245567,0.0
3014,0.18141755,0.14994504,0.16073492,0.176895,0.1584988,0.1725087,0.0
3015,0.18164529,0.14968374,0.16066486,0.17675959,0.15880585,0.17244078,0.0
3016,0.1816644,0.14962046,0.16037017,0.17703684,0.15883964,0.17246847,0.0
3017,0.18123108,0.15020052,0.16092837,0.17685011,0.15823108,0.17255892,0.0
3018,0.1815122,0.14982985,0.16065253,0.17690833,0.15861773,0.1724793,0.0
3019,0.18140881,0.14996757,0.16081312,0.17682955,0.15847676,0.17250425,0.0
3020,0.18150967,0.14983368,0.16066596,0.17688875,0.15862034,0.17248167,0.0
3021,0.1813752,0.15001181,0.16085927,0.17681581,0.15842703,0.17251095,0.0
3022,0.18157855,0.14975037,0.16061768,0.1768743,0.1587155,0.17246357,0.0
3023,0.18143314,0.1499157,0.16059303,0.17701827,0.15851407,0.17252576,0.0
3024,0.18155108,0.14977936,0.16059585,0.17691778,0.15867546,0.1724804,0.0
3025,0.17978878,0.14987159,0.16177857,0.1728187,0.16369149,0.17205085,0.0
3026,0.17970553,0.14996895,0.1619874,0.17289042,0.16353393,0.17191377,0.0
3027,0.17924905,0.15065463,0.16305646,0.17266414,0.16247296,0.17190279,0.0
3028,0.17987482,0.14965425,0.16147538,0.17288885,0.16412334,0.1719833,0.0
3029,0.17971274,0.14994016,0.16188122,0.17293833,0.16359118,0.17193633,0.0
3030,0.17908065,0.15089609,0.16333944,0.17261644,0.16213661,0.17193083,0.0
3031,0.17983785,0.14971904,0.16158,0.17289987,0.16399895,0.17196423,0.0
3032,0.17975405,0.1498535,0.16171254,0.17295417,0.1637597,0.17196614,0.0
3033,0.17979461,0.14980094,0.16171542,0.17285404,0.16387083,0.1719641,0.0
3034,0.17982289,0.14972809,0.16153659,0.17290461,0.16401231,0.17199543,0.0
3035,0.1794809,0.15030868,0.16259117,0.17278671,0.16296077,0.17187177,0.0
3036,0.17980236,0.14976713,0.16159536,0.17294091,0.16391717,0.17197703,0.0
3037,0.17976438,0.14985998,0.16181782,0.17285423,0.16375653,0.171947,0.0
3038,0.17980237,0.14981757,0.16183157,0.1727779,0.16383673,0.17193384,0.0
3039,0.17979012,0.14985627,0.16194947,0.17273216,0.1637617,0.1719103,0.0
3040,0.1798173,0.14971669,0.16144164,0.17298955,0.16402458,0.1720103,0.0
3041,0.17980808,0.14981844,0.16186196,0.17274487,0.16383697,0.17192969,0.0
3042,0.17971157,0.14996961,0.16204737,0.17282464,0.16354278,0.17190406,0.0
3043,0.17986704,0.14968151,0.16154945,0.17283072,0.16409233,0.17197895,0.0
3044,0.1797707,0.14979503,0.16151062,0.17305027,0.16386987,0.1720036,0.0
3045,0.17982125,0.14971992,0.16147447,0.17295076,0.16402301,0.17201066,0.0
3046,0.17986715,0.14974536,0.16186248,0.17264682,0.16395998,0.17191827,0.0
3047,0.17969322,0.15000819,0.16218944,0.17274058,0.16348119,0.17188735,0.0
3048,0.17980942,0.14975704,0.16159688,0.17290711,0.16394944,0.17198011,0.0
3049,0.17980553,0.14974079,0.16148059,0.17298648,0.16397911,0.17200747,0.0
3050,0.17906061,0.15091425,0.16321544,0.17273036,0.16213794,0.17194135,0.0
3051,0.17974156,0.14991736,0.16196175,0.17286356,0.16361408,0.17190167,0.0
3052,0.17979439,0.1498017,0.16171992,0.17285542,0.16386761,0.17196098,0.0
3053,0.179846,0.14969215,0.1614909,0.17289175,0.16407906,0.17200017,0.0
3054,0.17959005,0.15015857,0.16230313,0.1728704,0.16319652,0.17188121,0.0
3055,0.17986697,0.14967854,0.16153371,0.17284676,0.16409239,0.17198159,0.0
3056,0.17976007,0.14982665,0.16161674,0.17300461,0.16380887,0.17198302,0.0
3057,0.17783356,0.1494035,0.16276567,0.16939008,0.16935769,0.17124954,0.0
3058,0.17779514,0.14939511,0.16272007,0.16951117,0.1694116,0.17116697,0.0
3059,0.17785017,0.14934726,0.16276444,0.16940212,0.16946478,0.17117113,0.0
3060,0.17782734,0.14940715,0.16286013,0.16942336,0.169315,0.17116708,0.0
3061,0.17782897,0.14948104,0.1630674,0.16938691,0.1690779,0.17115779,0.0
3062,0.17769748,0.14988136,0.16369371,0.16948406,0.16815086,0.17109253,0.0
3063,0.17779437,0.14930664,0.16246243,0.16958295,0.16968845,0.17116505,0.0
3064,0.17782934,0.14938168,0.16279125,0.16942959,0.16939522,0.171173,0.0
3065,0.17772678,0.1498862,0.1638632,0.16937074,0.16806562,0.17108746,0.0
3066,0.17782308,0.14942709,0.16290414,0.16944154,0.16924937,0.17115486,0.0
3067,0.1776825,0.15002272,0.16412863,0.16935658,0.16776356,0.17104591,0.0
3068,0.17785415,0.14941345,0.16296907,0.16937749,0.16923317,0.17115267,0.0
3069,0.17750724,0.15034711,0.1645419,0.16946891,0.167125,0.17100985,0.0
3070,0.17755666,0.15027373,0.16437787,0.16950266,0.16730759,0.17098151,0.0
3071,0.1777975,0.14944097,0.16285856,0.16950624,0.1692473,0.17114945,0.0
3072,0.17714252,0.15080908,0.16512309,0.16946849,0.16625749,0.1711993,0.0
3073,0.17777376,0.14938259,0.16261138,0.16961741,0.16947475,0.17114004,0.0
3074,0.1777397,0.14946663,0.16273496,0.16960375,0.16928686,0.17116812,0.0
3075,0.17779171,0.14962353,0.16332886,0.16941518,0.1687005,0.17114022,0.0
3076,0.17782421,0.14939377,0.16281241,0.16944851,0.16935909,0.17116201,0.0
3077,0.17781483,0.14928788,0.16247442,0.16952904,0.16971807,0.17117575,0.0
3078,0.17782679,0.14940737,0.16285647,0.1694208,0.16931753,0.17117107,0.0
3079,0.17776115,0.14960209,0.16317469,0.16949351,0.16882256,0.17114596,0.0
3080,0.17783862,0.14926654,0.1624908,0.1694905,0.16973972,0.17117384,0.0
3081,0.17785041,0.14928466,0.16258349,0.16943671,0.16966605,0.17117867,0.0
3082,0.17766726,0.14990172,0.1636298,0.1695434,0.16816382,0.17109393,0.0
3083,0.1778138,0.14934975,0.16265284,0.16950594,0.16951613,0.17116146,0.0
3084,0.17773156,0.14964598,0.16318606,0.16953887,0.16875367,0.17114389,0.0
3085,0.17774837,0.14952318,0.162924,0.16956125,0.16908295,0.17116024,0.0
3086,0.17785072,0.14933315,0.1627257,0.16941312,0.16950731,0.17117009,0.0
3087,0.17780349,0.14936398,0.16265924,0.16950653,0.16949691,0.17116979,0.0
3088,0.17766838,0.14966124,0.16296041,0.16966295,0.16888104,0.17116594,0.0
3089,0.17568117,0.14938755,0.16385251,0.16624048,0.17454284,0.1702954,0.0
3090,0.17566703,0.14931808,0.16371796,0.16631404,0.17476304,0.17021984,0.0
3091,0.17571102,0.14914262,0.16338506,0.16626377,0.1752654,0.17023203,0.0
3092,0.17568482,0.1493504,0.16383655,0.16627754,0.17462517,0.17022549,0.0
3093,0.17566451,0.149387,0.16388251,0.1663044,0.17454283,0.1702187,0.0
3094,0.17571642,0.14925215,0.16367279,0.16624758,0.17488538,0.1702257,0.0
3095,0.17577665,0.14900704,0.16320264,0.16618629,0.1755812,0.17024615,0.0
3096,0.17567968,0.14944448,0.16405442,0.16625805,0.1743379,0.17022547,0.0
3097,0.17567478,0.14903195,0.16302307,0.16633655,0.17569697,0.1702367,0.0
3098,0.17573224,0.14908649,0.16328812,0.16623397,0.1754145,0.17024463,0.0
3099,0.17579354,0.14893794,0.16306588,0.16616845,0.17577729,0.17025696,0.0
3100,0.17573182,0.14908093,0.16327459,0.16623527,0.17543343,0.17024387,0.0
3101,0.17575738,0.14910786,0.16340615,0.16619568,0.17529286,0.17024007,0.0
3102,0.17573951,0.14925936,0.16374262,0.16620849,0.17481917,0.17023082,0.0
3103,0.175722,0.14928392,0.16376485,0.1662348,0.17476888,0.17022558,0.0
3104,0.17571644,0.14911143,0.16332087,0.16625993,0.17535777,0.1702336,0.0
3105,0.1757311,0.1492342,0.16365807,0.16622247,0.1749214,0.1702328,0.0
3106,0.17570062,0.14915335,0.16338654,0.1662772,0.17525107,0.17023124,0.0
3107,0.17571647,0.1492721,0.16371788,0.16624093,0.1748228,0.17022985,0.0
3108,0.17569241,0.14922693,0.16355053,0.16628309,0.17501986,0.17022716,0.0
3109,0.17571905,0.1491986,0.16354227,0.1662455,0.17506306,0.17023155,0.0
3110,0.17572896,0.14903235,0.16314974,0.16625161,0.1755936,0.17024373,0.0
3111,0.17562748,0.14922343,0.1633791,0.16637263,0.175167,0.17023033,0.0
3112,0.1756913,0.14926325,0.16363421,0.16627881,0.1749029,0.17022952,0.0
3113,0.17568895,0.14917716,0.16341716,0.16629197,0.17519449,0.17023017,0.0
3114,0.1756328,0.14913593,0.16317621,0.16637664,0.1754456,0.17023276,0.0
3115,0.17570592,0.1491573,0.1634034,0.16626523,0.1752311,0.17023696,0.0
3116,0.17570567,0.14908269,0.16321859,0.16627714,0.17547609,0.17023982,0.0
3117,0.17450874,0.15257536,0.16844168,0.16704994,0.16665806,0.17076616,0.0
3118,0.17579283,0.14900412,0.16327868,0.16622487,0.17550845,0.1701911,0.0
3119,0.17564654,0.1495277,0.16417901,0.16628037,0.17414726,0.17021905,0.0
3120,0.17570934,0.14916013,0.16342966,0.16626933,0.17520575,0.17022577,0.0
3121,0.17344654,0.14872085,0.1635472,0.16320318,0.18173572,0.16934644,0.0
3122,0.17338198,0.14895435,0.16380742,0.16334601,0.18125007,0.16926026,0.0
3123,0.17353475,0.14898199,0.16415782,0.16324908,0.18079141,0.16928488,0.0
3124,0.17333886,0.1489217,0.16368978,0.16337551,0.18142171,0.16925247,0.0
3125,0.17349221,0.14894606,0.16398956,0.16325825,0.1810415,0.16927253,0.0
3126,0.17327376,0.14964256,0.16507266,0.16357562,0.17916012,0.16927524,0.0
3127,0.17342044,0.14892195,0.16383797,0.16331354,0.18125507,0.16925098,0.0
3128,0.17339109,0.1490077,0.16392888,0.16335869,0.18104994,0.16926369,0.0
3129,0.17345487,0.14885342,0.16379218,0.16327518,0.18135259,0.16927178,0.0
3130,0.1734457,0.14889301,0.16383207,0.16328636,0.18127371,0.16926917,0.0
3131,0.17341541,0.14881061,0.16366154,0.1633021,0.18153813,0.16927215,0.0
3132,0.17338946,0.14886431,0.16369168,0.16332819,0.18145919,0.16926715,0.0
3133,0.17342712,0.14899355,0.1639644,0.16332564,0.18102086,0.16926837,0.0
3134,0.17343383,0.1487892,0.16366391,0.16328539,0.18155311,0.1692745,0.0
3135,0.17353366,0.14913304,0.1644857,0.16330492,0.18022965,0.16931301,0.0
3136,0.17349419,0.14897108,0.16405495,0.16327131,0.18093905,0.16926937,0.0
3137,0.17336294,0.14933257,0.1645922,0.16346833,0.17995588,0.16928813,0.0
3138,0.17353311,0.14882502,0.16388862,0.16321301,0.1812641,0.16927621,0.0
3139,0.17352495,0.15023279,0.16682136,0.1639619,0.17617945,0.16927955,0.0
3140,0.17358531,0.14893045,0.16417557,0.16320097,0.18084079,0.169267,0.0
3141,0.17352742,0.14882168,0.16387235,0.16321538,0.18128286,0.1692803,0.0
3142,0.17340975,0.14891435,0.16380078,0.16331743,0.18129455,0.16926314,0.0
3143,0.17339982,0.14887425,0.16372524,0.16332117,0.18141381,0.16926578,0.0
3144,0.17333728,0.14891586,0.1636751,0.16337541,0.1814395,0.16925685,0.0
3145,0.1735653,0.14890565,0.16406082,0.16319723,0.18098702,0.16928399,0.0
3146,0.1735011,0.14894247,0.16400298,0.16325113,0.18103223,0.1692701,0.0
3147,0.17349085,0.1490681,0.16425724,0.16331238,0.18058078,0.16929057,0.0
3148,0.17332314,0.14957434,0.16502903,0.16353817,0.17925736,0.16927794,0.0
3149,0.17349641,0.14875281,0.16372487,0.16323598,0.18151623,0.16927363,0.0
3150,0.17342028,0.14937092,0.16476752,0.16342622,0.17970765,0.16930741,0.0
3151,0.17337143,0.1491892,0.16429777,0.16343355,0.18043661,0.1692713,0.0
3152,0.17350504,0.1489182,0.16397518,0.16324426,0.1810882,0.1692691,0.0
3153,0.17149521,0.14795889,0.16442811,0.16076848,0.18694524,0.16840409,0.0
3154,0.17145139,0.14830613,0.16485603,0.16095477,0.18606763,0.16836408,0.0
3155,0.17152986,0.14802103,0.16458185,0.1608474,0.18665457,0.16836528,0.0
3156,0.17145528,0.14797369,0.16442484,0.1608672,0.18692806,0.16835086,0.0
3157,0.1713741,0.14815927,0.16457078,0.1609515,0.18660945,0.16833502,0.0
3158,0.17148814,0.14799917,0.16449946,0.16086051,0.18679483,0.16835792,0.0
3159,0.17135842,0.14800309,0.16434643,0.16091765,0.18704806,0.16832636,0.0
3160,0.17142537,0.14796576,0.16437644,0.16087908,0.18700832,0.16834505,0.0
3161,0.17149161,0.14811778,0.16465764,0.16088936,0.18647903,0.16836457,0.0
3162,0.1713633,0.14805914,0.16442919,0.16093068,0.18689293,0.16832477,0.0
3163,0.17151172,0.14812739,0.16469523,0.16088286,0.18641323,0.16836959,0.0
3164,0.17146224,0.14833367,0.16490743,0.16095516,0.18597503,0.16836648,0.0
3165,0.17142753,0.14895058,0.16585217,0.1612263,0.18414992,0.16839342,0.0
3166,0.17141865,0.1479587,0.1643718,0.16087344,0.18704921,0.16832818,0.0
3167,0.1713829,0.14855771,0.16510785,0.16102447,0.18556646,0.16836067,0.0
3168,0.1714658,0.14875095,0.16555443,0.16106907,0.1847595,0.16840026,0.0
3169,0.17139296,0.14790566,0.16426757,0.1608716,0.1872373,0.16832495,0.0
3170,0.17140338,0.14794503,0.16432106,0.16088311,0.1871065,0.16834092,0.0
3171,0.17138854,0.14788371,0.16422129,0.1608718,0.1872969,0.1683377,0.0
3172,0.17147829,0.14801137,0.16450043,0.16086964,0.18678097,0.1683592,0.0
3173,0.1714326,0.14806038,0.16451316,0.16090158,0.1867481,0.1683442,0.0
3174,0.17141367,0.14813887,0.16459295,0.16092882,0.18658248,0.16834319,0.0
3175,0.17136784,0.14798866,0.16433972,0.16090924,0.18706706,0.16832751,0.0
3176,0.17135191,0.14804068,0.16438797,0.16093193,0.18696247,0.1683251,0.0
3177,0.17142314,0.14831959,0.16483942,0.16096888,0.1860909,0.16835798,0.0
3178,0.17148301,0.14827375,0.16485633,0.16093127,0.18608972,0.16836593,0.0
3179,0.17189312,0.15010448,0.1679403,0.1620751,0.17918034,0.16880666,0.0
3180,0.17139947,0.1482762,0.16478536,0.16095483,0.18626885,0.16831529,0.0
3181,0.17139451,0.14794576,0.16431649,0.16088514,0.18712536,0.1683328,0.0
3182,0.17142338,0.147945,0.1643457,0.1608742,0.18706626,0.16834547,0.0
3183,0.17144433,0.14783745,0.16422677,0.16083458,0.18730433,0.16835257,0.0
3184,0.17151065,0.14809023,0.16464275,0.16087432,0.18651211,0.16836996,0.0
3185,0.16958866,0.14768323,0.16529123,0.15893413,0.19109373,0.16740906,0.0
3186,0.16958627,0.14756706,0.16517803,0.15896784,0.19133398,0.16736683,0.0
3187,0.16954327,0.14734708,0.16491534,0.15891534,0.19194013,0.16733885,0.0
3188,0.16954482,0.14768487,0.1652622,0.1590076,0.19113159,0.1673689,0.0
3189,0.16964227,0.14793442,0.16560717,0.15904103,0.19036052,0.16741455,0.0
3190,0.16954778,0.14719488,0.16475534,0.15887034,0.19230054,0.16733113,0.0
3191,0.16952707,0.14728677,0.16483426,0.15890753,0.1921073,0.16733709,0.0
3192,0.16964462,0.14730915,0.16495511,0.15888225,0.19183612,0.16737267,0.0
3193,0.16968022,0.14761178,0.16529502,0.15895687,0.19105062,0.16740543,0.0
3194,0.169661,0.14750284,0.16517162,0.15892862,0.19134974,0.16738625,0.0
3195,0.16942205,0.1471726,0.16460484,0.15889393,0.19260569,0.16730098,0.0
3196,0.16957858,0.14729817,0.16488884,0.1588985,0.19198166,0.16735423,0.0
3197,0.16951108,0.14719838,0.16471675,0.15888548,0.1923591,0.16732933,0.0
3198,0.1695768,0.14733899,0.16492851,0.15890718,0.19189376,0.1673547,0.0
3199,0.16951565,0.14721867,0.16474624,0.15889117,0.19229847,0.16732983,0.0
3200,0.1696025,0.14740264,0.16501461,0.15891795,0.19169545,0.16736686,0.0
3201,0.16971287,0.14738937,0.16509318,0.15888439,0.19152346,0.16739675,0.0
3202,0.16974731,0.1475047,0.16524026,0.15890795,0.19118354,0.16741621,0.0
3203,0.17001297,0.14832237,0.16629075,0.15915333,0.18870161,0.16751887,0.0
3204,0.16954212,0.14732672,0.16490676,0.15890202,0.19199674,0.1673256,0.0
3205,0.16960135,0.1475242,0.1651409,0.15895274,0.19140673,0.1673741,0.0
3206,0.16951498,0.14727654,0.16481619,0.15890568,0.19215843,0.16732816,0.0
3207,0.169603,0.14746875,0.1650841,0.15893668,0.19153617,0.16737127,0.0
3208,0.16941884,0.14741006,0.16487765,0.1589649,0.19202209,0.16730636,0.0
3209,0.16977103,0.14815454,0.16593468,0.1590783,0.18958706,0.16747434,0.0
3210,0.1694341,0.14734094,0.16482617,0.15893723,0.19216566,0.1672959,0.0
3211,0.16960989,0.14721233,0.16482612,0.15886898,0.192125,0.16735767,0.0
3212,0.16956249,0.14728248,0.16486186,0.15889709,0.19204909,0.167347,0.0
3213,0.1694369,0.14731143,0.16478035,0.1589347,0.19222677,0.16730988,0.0
3214,0.16954741,0.14769986,0.16527902,0.15901145,0.19109024,0.16737194,0.0
3215,0.1695422,0.14706364,0.16458711,0.15882905,0.19264317,0.16733477,0.0
3216,0.16960017,0.14752549,0.16513702,0.15895462,0.19140457,0.1673781,0.0
3217,0.16774051,0.14666592,0.16486037,0.15721181,0.19720961,0.16631182,0.0
3218,0.16837035,0.14823686,0.1668125,0.15785044,0.1921119,0.16661799,0.0
3219,0.16777185,0.14659666,0.16485387,0.15723778,0.19725987,0.1662799,0.0
3220,0.16776483,0.14664361,0.16486764,0.15727177,0.19714972,0.1663024,0.0
3221,0.16788054,0.14659528,0.16492964,0.15726165,0.19699568,0.16633712,0.0
3222,0.1677114,0.14667928,0.16484965,0.15727654,0.19719596,0.16628712,0.0
3223,0.16771519,0.14665127,0.16483116,0.15727338,0.19724308,0.1662859,0.0
3224,0.16785142,0.14670506,0.16499159,0.15728259,0.19683465,0.16633475,0.0
3225,0.16794534,0.14689541,0.16523446,0.15732558,0.19621764,0.16638151,0.0
3226,0.16773134,0.14653848,0.16475825,0.1572475,0.19744413,0.16628034,0.0
3227,0.16781025,0.14674054,0.16498311,0.15728992,0.19685136,0.16632484,0.0
3228,0.16777535,0.14655483,0.16480748,0.15725346,0.1973105,0.1662984,0.0
3229,0.16778107,0.14673148,0.16495086,0.15728757,0.19693469,0.16631432,0.0
3230,0.16776052,0.1468887,0.16506782,0.15732422,0.19663858,0.16632023,0.0
3231,0.16777605,0.14659454,0.16484098,0.15726034,0.19722873,0.16629937,0.0
3232,0.16807875,0.14671564,0.1651964,0.15728292,0.19631529,0.16641097,0.0
3233,0.16795124,0.14696498,0.16529997,0.1573401,0.19605438,0.1663893,0.0
3234,0.16779426,0.1467652,0.16499345,0.15728799,0.19684415,0.16631493,0.0
3235,0.16765626,0.14663085,0.16476493,0.15726821,0.19741602,0.16626368,0.0
3236,0.16846523,0.14833921,0.16701157,0.15793072,0.19157706,0.16667621,0.0
3237,0.16779831,0.14675088,0.16500051,0.15726277,0.19689028,0.16629721,0.0
3238,0.16788782,0.14657708,0.16492282,0.1572575,0.19701828,0.16633648,0.0
3239,0.16785215,0.14684139,0.16510549,0.15731165,0.19654246,0.16634682,0.0
3240,0.1678342,0.14649376,0.16481088,0.1572404,0.19730838,0.16631243,0.0
3241,0.16804184,0.14686789,0.16529305,0.15732068,0.19606265,0.16641387,0.0
3242,0.16784109,0.14670922,0.16498877,0.15727682,0.19685626,0.16632783,0.0
3243,0.167841,0.14684719,0.1651019,0.15731296,0.19655494,0.166342,0.0
3244,0.16770679,0.14658411,0.1647725,0.15725794,0.19740257,0.16627616,0.0
3245,0.16774261,0.14665574,0.16485758,0.1572748,0.19717278,0.16629647,0.0
3246,0.16776928,0.14642747,0.16469578,0.15722679,0.19758873,0.16629195,0.0
3247,0.16785082,0.1467448,0.16502059,0.15729068,0.1967533,0.16633992,0.0
3248,0.16774787,0.14679068,0.16497225,0.15729749,0.1968866,0.16630511,0.0
3249,0.1662729,0.1459584,0.16488528,0.15592603,0.20164107,0.16531628,0.0
3250,0.16615427,0.14599468,0.16482477,0.15597746,0.20178443,0.16526438,0.0
3251,0.16627459,0.14612198,0.16501383,0.15601474,0.20125952,0.16531527,0.0
3252,0.16650349,0.14661603,0.16559923,0.15617153,0.19966356,0.16544622,0.0
3253,0.16634358,0.14646018,0.16535233,0.15610515,0.20037253,0.16536625,0.0
3254,0.16635405,0.14645131,0.16535123,0.15610765,0.20036422,0.16537149,0.0
3255,0.16607758,0.14597453,0.16475624,0.15596102,0.20200051,0.16522998,0.0
3256,0.16622804,0.14603822,0.16491394,0.15599485,0.20153145,0.16529362,0.0
3257,0.16630684,0.1462148,0.16511367,0.15603963,0.20099029,0.16533484,0.0
3258,0.16606401,0.14594172,0.16471826,0.15595573,0.20209382,0.16522646,0.0
3259,0.16611683,0.14608324,0.16486472,0.15599622,0.20167796,0.16526102,0.0
3260,0.16619982,0.14588957,0.16478002,0.15595968,0.20189793,0.16527289,0.0
3261,0.1662047,0.14605196,0.16490617,0.15599437,0.20155536,0.1652875,0.0
3262,0.16632079,0.14635071,0.16523798,0.15608102,0.20065404,0.16535549,0.0
3263,0.16617277,0.14603825,0.16487621,0.15598337,0.20166051,0.16526887,0.0
3264,0.16629063,0.14630006,0.16517276,0.15606439,0.20083243,0.16533971,0.0
3265,0.16632421,0.14617562,0.16509654,0.15602638,0.20104551,0.16533183,0.0
3266,0.16613425,0.14597705,0.16479842,0.15596889,0.20186761,0.16525377,0.0
3267,0.16633336,0.1459414,0.16492014,0.15598197,0.20149884,0.16532433,0.0
3268,0.16611409,0.14592639,0.16474201,0.15595807,0.20201278,0.16524664,0.0
3269,0.16630384,0.14652826,0.16537447,0.15613125,0.2002888,0.16537331,0.0
3270,0.16654825,0.14666249,0.16567644,0.1561836,0.1994691,0.16546007,0.0
3271,0.16627955,0.14601582,0.16494405,0.15598105,0.20147933,0.16530026,0.0
3272,0.1663795,0.14622,0.16517282,0.15604675,0.20082147,0.1653595,0.0
3273,0.16633339,0.14616103,0.16509102,0.15602231,0.20105758,0.16533466,0.0
3274,0.16613705,0.14598449,0.16480607,0.15597066,0.20184632,0.16525543,0.0
3275,0.16607593,0.14601287,0.16477992,0.15597646,0.20191436,0.1652404,0.0
3276,0.16623722,0.14598751,0.16488251,0.15598452,0.2016151,0.1652932,0.0
3277,0.16656204,0.14685771,0.16585225,0.1562371,0.19899382,0.16549711,0.0
3278,0.16625214,0.1461275,0.16501056,0.15600057,0.20131437,0.16529499,0.0
3279,0.16633043,0.14624406,0.1651569,0.15604937,0.20087473,0.16534449,0.0
3280,0.16625567,0.14588478,0.16482092,0.15595847,0.20179047,0.16528961,0.0
3281,0.16484644,0.14576767,0.1650755,0.15508601,0.2049095,0.164315,0.0
3282,0.16476242,0.14555448,0.16485548,0.15506332,0.2055088,0.16425553,0.0
3283,0.16492885,0.14576106,0.1651305,0.15514563,0.20468722,0.16434672,0.0
3284,0.16485855,0.14576428,0.16508865,0.15512715,0.20485249,0.1643089,0.0
3285,0.165388,0.14680727,0.1663883,0.15544286,0.20125622,0.16471732,0.0
3286,0.16470648,0.14558037,0.16485001,0.15503764,0.20561698,0.16420852,0.0
3287,0.16475709,0.14554414,0.16484216,0.15506452,0.20553549,0.1642565,0.0
3288,0.16486655,0.14563036,0.1649814,0.15510038,0.2051106,0.16431071,0.0
3289,0.1648994,0.14575864,0.16510977,0.1551364,0.20476499,0.16433083,0.0
3290,0.16457364,0.14548825,0.16467988,0.15501466,0.20607837,0.16416526,0.0
3291,0.16493894,0.14578994,0.16516012,0.15515913,0.20459744,0.16435447,0.0
3292,0.16468658,0.14538069,0.16467185,0.15501782,0.20602381,0.16421922,0.0
3293,0.16461805,0.14526156,0.16453053,0.15499374,0.2064024,0.16419372,0.0
3294,0.16486917,0.14564033,0.16498849,0.15510826,0.20507628,0.16431749,0.0
3295,0.16483691,0.14562714,0.1649601,0.15509054,0.20519088,0.16429435,0.0
3296,0.16467874,0.14543088,0.16470364,0.15502796,0.20594062,0.16421819,0.0
3297,0.16469406,0.1455669,0.16481648,0.15505733,0.20563632,0.16422883,0.0
3298,0.1647217,0.14526452,0.16460302,0.15501246,0.20615758,0.16424078,0.0
3299,0.16472583,0.1454743,0.16476446,0.15504888,0.20573962,0.16424696,0.0
3300,0.16460969,0.14530791,0.16456166,0.15499803,0.20633458,0.16418806,0.0
3301,0.16496554,0.1458241,0.16520418,0.15517369,0.20446058,0.16437192,0.0
3302,0.16493803,0.14558744,0.16499726,0.15509892,0.20503917,0.16433914,0.0
3303,0.16484441,0.14554276,0.16489884,0.15507638,0.20533949,0.16429801,0.0
3304,0.16466977,0.1455104,0.1647582,0.1550396,0.20580699,0.16421507,0.0
3305,0.16471459,0.14544751,0.16473877,0.1550416,0.20581988,0.1642377,0.0
3306,0.16469319,0.14543205,0.16471216,0.15503453,0.20589967,0.16422838,0.0
3307,0.16476843,0.14564046,0.16492346,0.15508527,0.2053169,0.16426554,0.0
3308,0.16511981,0.146814,0.16623443,0.15538836,0.20183326,0.16461015,0.0
3309,0.16488643,0.14566752,0.16503853,0.15509653,0.20501326,0.16429761,0.0
3310,0.16486771,0.145672,0.16501796,0.15510784,0.20502387,0.16431066,0.0
3311,0.16465022,0.14520007,0.16450782,0.15498427,0.20645262,0.16420493,0.0
3312,0.16468178,0.14554033,0.16478562,0.15505296,0.20571251,0.1642268,0.0
3313,0.16358735,0.14511299,0.16490272,0.1542974,0.20871009,0.1633894,0.0
3314,0.16359307,0.1450938,0.16489531,0.15433045,0.2087,0.16338728,0.0
3315,0.16344498,0.14507107,0.16479345,0.15429126,0.20907633,0.16332297,0.0
3316,0.16353993,0.14507836,0.16485232,0.15431827,0.20884678,0.16336429,0.0
3317,0.16323581,0.14488815,0.16452044,0.15422408,0.20992462,0.16320692,0.0
3318,0.16340944,0.14458475,0.16435583,0.15424533,0.21017201,0.16323267,0.0
3319,0.16340926,0.14499973,0.16470762,0.15428215,0.20929438,0.16330688,0.0
3320,0.16377997,0.14578809,0.16561805,0.1544923,0.20670396,0.16361766,0.0
3321,0.16353087,0.14530712,0.16505882,0.15434462,0.20836723,0.16339132,0.0
3322,0.164024,0.14627928,0.16612965,0.15461886,0.20508006,0.16386811,0.0
3323,0.16376281,0.14523424,0.16512638,0.1543811,0.2080332,0.16346228,0.0
3324,0.16430564,0.14698158,0.166835,0.15473661,0.20285271,0.16428846,0.0
3325,0.16340686,0.14488015,0.16462593,0.15423882,0.20961203,0.16323619,0.0
3326,0.16352712,0.14515607,0.16491205,0.1543289,0.20869848,0.16337737,0.0
3327,0.1633682,0.14497362,0.16466804,0.15426409,0.20945191,0.16327418,0.0
3328,0.16342719,0.1450029,0.16472423,0.15428552,0.20925274,0.16330741,0.0
3329,0.16333497,0.14477792,0.16448072,0.15424068,0.2099345,0.16323131,0.0
3330,0.16383334,0.14573292,0.1655872,0.15450257,0.20670475,0.16363913,0.0
3331,0.16357219,0.14514473,0.1649347,0.15432328,0.2086493,0.16337582,0.0
3332,0.16346878,0.14499317,0.16474067,0.1542901,0.20918845,0.16331884,0.0
3333,0.16359968,0.14498056,0.16480103,0.1543239,0.2089207,0.16337408,0.0
3334,0.16353427,0.14521009,0.16496532,0.15433615,0.20856513,0.16338904,0.0
3335,0.16356702,0.14484723,0.16467093,0.15430072,0.20928006,0.163334,0.0
3336,0.1636708,0.14524785,0.16507421,0.1543793,0.20817165,0.16345623,0.0
3337,0.16355698,0.14501682,0.16481075,0.15431118,0.20894736,0.16335692,0.0
3338,0.16330802,0.14494441,0.1646082,0.15424708,0.20964524,0.1632471,0.0
3339,0.16344641,0.14482039,0.16457854,0.15427458,0.20959428,0.16328575,0.0
3340,0.16566385,0.15018001,0.17189053,0.15663026,0.1891143,0.16652109,0.0
3341,0.16355215,0.14502239,0.16487257,0.15422554,0.20907985,0.16324754,0.0
3342,0.16340688,0.14492989,0.16465159,0.15427157,0.20945548,0.16328466,0.0
3343,0.16349438,0.14482507,0.16460896,0.15428497,0.20948042,0.16330622,0.0
3344,0.1636378,0.14546978,0.16525578,0.15441486,0.20773256,0.16348925,0.0
3345,0.1624857,0.14496237,0.16500376,0.15389028,0.21077214,0.1628857,0.0
3346,0.1621561,0.14449884,0.1645044,0.15379244,0.21245968,0.16258849,0.0
3347,0.16217129,0.14459324,0.16459918,0.1537952,0.2122302,0.16261083,0.0
3348,0.16233896,0.14486907,0.16490202,0.15385622,0.2112723,0.16276142,0.0
3349,0.16232061,0.14479771,0.16483107,0.15384267,0.21147439,0.16273353,0.0
3350,0.16242936,0.1449019,0.16495116,0.15388781,0.21099968,0.16283013,0.0
3351,0.16224638,0.1445483,0.1645693,0.1538223,0.21215382,0.16265991,0.0
3352,0.16229264,0.1447611,0.1647874,0.15383264,0.21161252,0.16271366,0.0
3353,0.16231088,0.14474425,0.16477607,0.15383717,0.21161042,0.16272116,0.0
3354,0.16234258,0.1450602,0.1650908,0.15386598,0.21085411,0.16278633,0.0
3355,0.16246426,0.1452831,0.16529877,0.1539221,0.21011035,0.1629214,0.0
3356,0.16224176,0.14465721,0.16468191,0.15381026,0.21195559,0.1626533,0.0
3357,0.16219677,0.1448371,0.16484657,0.1538028,0.21166755,0.16264915,0.0
3358,0.1621595,0.14457217,0.16457933,0.15379164,0.21230249,0.16259488,0.0
3359,0.16237086,0.14473283,0.16477384,0.15386014,0.21149427,0.16276811,0.0
3360,0.16251355,0.14540797,0.16541146,0.15394379,0.20973277,0.16299038,0.0
3361,0.16232346,0.14492707,0.16496257,0.15384705,0.2111967,0.1627432,0.0
3362,0.16240671,0.1449092,0.16495584,0.15387979,0.21103685,0.16281159,0.0
3363,0.16226895,0.14456646,0.16459167,0.15382946,0.21206595,0.16267751,0.0
3364,0.16231658,0.14460601,0.16463667,0.1538462,0.21187334,0.16272113,0.0
3365,0.16201982,0.14445513,0.16443413,0.15374918,0.212852,0.16248967,0.0
3366,0.16231985,0.14491294,0.16494103,0.15385428,0.21121682,0.16275506,0.0
3367,0.16225186,0.1447263,0.1647498,0.15381439,0.211786,0.16267172,0.0
3368,0.16226614,0.14462964,0.16465388,0.15382569,0.21194443,0.16268024,0.0
3369,0.16219522,0.14474307,0.1647537,0.15379664,0.21187493,0.16263647,0.0
3370,0.16253443,0.14518298,0.16520517,0.15395041,0.21015857,0.16296849,0.0
3371,0.16231667,0.14467937,0.16471535,0.15383527,0.21173994,0.16271335,0.0
3372,0.16224201,0.14456232,0.16458105,0.15382154,0.21213236,0.16266073,0.0
3373,0.16226351,0.1447528,0.1647744,0.15382184,0.21169709,0.16269037,0.0
3374,0.16220896,0.1445708,0.16458505,0.15380922,0.21219164,0.1626343,0.0
3375,0.16220908,0.14457034,0.16458294,0.15381023,0.21218969,0.16263771,0.0
3376,0.162229,0.14460714,0.16462341,0.15381452,0.21207176,0.1626541,0.0
3377,0.16089514,0.14424022,0.16431259,0.15352154,0.21492735,0.1621032,0.0
3378,0.16138619,0.14493358,0.16492088,0.15373956,0.21237843,0.16264133,0.0
3379,0.16095105,0.14423522,0.16430876,0.15355483,0.2147988,0.16215134,0.0
3380,0.16125673,0.14476441,0.16478178,0.15367024,0.21301739,0.16250943,0.0
3381,0.16129497,0.14497884,0.16497625,0.15368775,0.21250772,0.16255449,0.0
3382,0.16099013,0.1442969,0.16436487,0.15356307,0.214588,0.162197,0.0
3383,0.16135098,0.1452334,0.16527277,0.15372033,0.21182711,0.16259547,0.0
3384,0.16101122,0.14461806,0.16466466,0.15355082,0.21390413,0.1622511,0.0
3385,0.1611839,0.14462274,0.16465995,0.1536324,0.21347797,0.16242307,0.0
3386,0.16113283,0.14470464,0.16473585,0.15360747,0.21343397,0.16238518,0.0
3387,0.1609082,0.14422555,0.1643106,0.1535388,0.21491063,0.16210634,0.0
3388,0.16100432,0.14429332,0.16436361,0.15357019,0.21454525,0.16222332,0.0
3389,0.16091993,0.1442512,0.1643349,0.15353926,0.21482685,0.16212782,0.0
3390,0.16086508,0.14426358,0.16435783,0.15351348,0.21493027,0.16206978,0.0
3391,0.16097452,0.14428097,0.16435748,0.15355948,0.21463865,0.16218896,0.0
3392,0.16093417,0.14421666,0.1642989,0.1535513,0.21485841,0.16214052,0.0
3393,0.16105416,0.1446183,0.16466503,0.15357035,0.2137789,0.16231321,0.0
3394,0.16098657,0.14443243,0.1645013,0.15354404,0.21432446,0.16221116,0.0
3395,0.16088957,0.14413877,0.16423008,0.15354483,0.21511365,0.16208316,0.0
3396,0.16112603,0.14470175,0.16473746,0.15360557,0.21344198,0.16238725,0.0
3397,0.16107109,0.14447817,0.1645313,0.1535764,0.21403904,0.16230392,0.0
3398,0.16094343,0.14427355,0.16435249,0.1535463,0.21473233,0.16215187,0.0
3399,0.16140814,0.14530745,0.1653358,0.15375002,0.21154532,0.1626532,0.0
3400,0.16096002,0.1444758,0.16454048,0.15353198,0.21431552,0.16217616,0.0
3401,0.16090949,0.14412178,0.16421051,0.15355664,0.21509902,0.16210255,0.0
3402,0.16093366,0.14421171,0.16429462,0.15355162,0.21486598,0.16214241,0.0
3403,0.16103227,0.14446037,0.16452128,0.15356097,0.21415399,0.16227113,0.0
3404,0.16120626,0.14481476,0.16483454,0.15364493,0.21303566,0.16246386,0.0
3405,0.16108175,0.1443813,0.16443397,0.15359072,0.21420798,0.16230425,0.0
3406,0.16096129,0.14440124,0.16447456,0.15353385,0.21444504,0.16218391,0.0
3407,0.16155754,0.1456954,0.16580553,0.15388992,0.21029034,0.16276124,0.0
3408,0.16096188,0.14440411,0.16447338,0.15353318,0.21446502,0.16216248,0.0
3409,0.16000518,0.14405203,0.16406839,0.15351972,0.21656343,0.16179119,0.0
3410,0.15993959,0.14374454,0.16379684,0.15354696,0.21726313,0.16170888,0.0
3411,0.16004807,0.14409296,0.16411264,0.15353347,0.21636353,0.16184933,0.0
3412,0.16004303,0.14423697,0.16424558,0.15352221,0.21610348,0.1618488,0.0
3413,0.16000465,0.14411853,0.16414224,0.1535134,0.21642889,0.16179234,0.0
3414,0.16159454,0.14704254,0.16761014,0.1544614,0.20589387,0.16339752,0.0
3415,0.16009025,0.14414752,0.1641426,0.1535407,0.21624552,0.16183344,0.0
3416,0.15997963,0.14403409,0.16406341,0.15351708,0.21663982,0.16176602,0.0
3417,0.1599135,0.14399295,0.16403355,0.15349877,0.21686724,0.161694,0.0
3418,0.15993822,0.14405406,0.1640901,0.15349826,0.21669666,0.16172269,0.0
3419,0.15994754,0.14394858,0.16398768,0.15351994,0.21686625,0.16172999,0.0
3420,0.16000333,0.14416364,0.16418439,0.1535105,0.21633714,0.16180097,0.0
3421,0.16005316,0.1442117,0.1642227,0.15352651,0.21613109,0.1618549,0.0
3422,0.16021729,0.14457677,0.16460694,0.15361325,0.21496746,0.16201833,0.0
3423,0.16010381,0.1442659,0.16426578,0.15354358,0.21591452,0.16190638,0.0
3424,0.15996581,0.14397834,0.16401164,0.15352169,0.21677545,0.16174716,0.0
3425,0.15998757,0.14402854,0.16405864,0.15352143,0.2166268,0.16177708,0.0
3426,0.16003838,0.14407127,0.16409317,0.15353422,0.21643034,0.16183257,0.0
3427,0.16007273,0.14424583,0.16425076,0.15353192,0.21601708,0.16188169,0.0
3428,0.15993024,0.14399557,0.16403297,0.15350507,0.21682765,0.16170853,0.0
3429,0.16011548,0.14441638,0.1644583,0.15356982,0.2155341,0.16190596,0.0
3430,0.15996678,0.14402533,0.16405693,0.15351439,0.21669078,0.16174582,0.0
3431,0.16008316,0.1443838,0.16443945,0.15356068,0.21567197,0.16186088,0.0
3432,0.15992303,0.14397839,0.16401783,0.15350541,0.21687785,0.16169748,0.0
3433,0.16014557,0.14432736,0.1643222,0.15356025,0.21567641,0.16196825,0.0
3434,0.1599351,0.14405338,0.16408668,0.15349689,0.2167144,0.16171354,0.0
3435,0.1601186,0.14421822,0.1642229,0.1535483,0.21596515,0.16192685,0.0
3436,0.15996161,0.14392436,0.16396005,0.153529,0.21688238,0.16174255,0.0
3437,0.16058332,0.14526114,0.1653892,0.15380767,0.21259633,0.16236235,0.0
3438,0.15992011,0.14398772,0.16402122,0.15350202,0.21689023,0.16167866,0.0
3439,0.15994684,0.14418106,0.16426523,0.15351276,0.2163979,0.1616963,0.0
3440,0.15999183,0.14406174,0.16409126,0.15351829,0.21655916,0.16177772,0.0
3441,0.15914363,0.14370115,0.16371964,0.15364449,0.21843201,0.16135904,0.0
3442,0.1594723,0.1443729,0.16443086,0.15378703,0.21623577,0.16170114,0.0
3443,0.15918575,0.14396772,0.16406387,0.1536918,0.21772929,0.16136155,0.0
3444,0.15916416,0.14382136,0.16388567,0.15366058,0.21810688,0.1613613,0.0
3445,0.15913783,0.14374821,0.16380273,0.15365271,0.21831748,0.16134104,0.0
3446,0.15917413,0.14394838,0.16404982,0.1536886,0.21777941,0.16135964,0.0
3447,0.15920058,0.14372236,0.1637367,0.15366137,0.2182537,0.16142534,0.0
3448,0.15918267,0.14368726,0.16370437,0.15365808,0.21835983,0.16140772,0.0
3449,0.15918866,0.14394343,0.16402525,0.15368558,0.21776748,0.16138954,0.0
3450,0.15917969,0.14390622,0.16398074,0.15367778,0.21787642,0.16137919,0.0
3451,0.159321,0.14399731,0.16399784,0.15369608,0.21741304,0.16157474,0.0
3452,0.15922102,0.14398973,0.16406494,0.1536959,0.21760736,0.16142108,0.0
3453,0.15910439,0.14363806,0.1636735,0.15364212,0.21862993,0.16131207,0.0
3454,0.15911277,0.14371718,0.16377859,0.1536483,0.21842915,0.161314,0.0
3455,0.15916298,0.14377639,0.16382329,0.15365654,0.21820608,0.16137475,0.0
3456,0.15900981,0.14361198,0.16371052,0.15363418,0.21885498,0.1611786,0.0
