idx,rep,seed,run_timestamp,exit_code,miss_ratio,byte_miss_ratio,throughput_mqps,trace_file,cache_ratio,config
1,1,101,bestcfg_penalty_3t_3m_20260207_000001__meta_reag_001_r01,0,0.368201,0.225527,0.01,"data/MetaCDN/meta_reag.oracleGeneral.zst",0.1,"LOH_PARALLEL_SAFE=1 LOH_SKIP_PIP_INSTALL=1 LOH_SKIP_BUILD=1 LOH_DEBUG_LEVEL=1 CACHESIM_VERBOSE=0 CACHESIM_NUM_REQ=3000000 LOH_RL_ALGO=SAC LOH_ACTION_SCALE=1.0 LOH_SCORE_USE_COMPOUND=1 LOH_SCORE_USE_IRT=1 LOH_USE_SOFTMAX=1 LOH_USE_HEURISTIC_SIGNS=0 LOH_INCLUDE_HIT_MISS_FEATURES=0 LOH_INCLUDE_CACHE_FEATURES=0 LOH_INCLUDE_CANDIDATE_FEATURES=0 LOH_INCLUDE_TOPK_CANDIDATE_FEATURES=0 LOH_INCLUDE_AVGTOPK_CANDIDATE_FEATURES=0 LOH_INCLUDE_REQUEST=0 LOH_ENABLE_PENALTY=1 LOH_REWARD_USE_PENALTY=0"
2,1,201,bestcfg_penalty_3t_3m_20260207_000001__meta_reag_002_r01,0,0.368211,0.225867,0.01,"data/MetaCDN/meta_reag.oracleGeneral.zst",0.1,"LOH_PARALLEL_SAFE=1 LOH_SKIP_PIP_INSTALL=1 LOH_SKIP_BUILD=1 LOH_DEBUG_LEVEL=1 CACHESIM_VERBOSE=0 CACHESIM_NUM_REQ=3000000 LOH_RL_ALGO=SAC LOH_ACTION_SCALE=1.0 LOH_SCORE_USE_COMPOUND=1 LOH_SCORE_USE_IRT=1 LOH_USE_SOFTMAX=1 LOH_USE_HEURISTIC_SIGNS=0 LOH_INCLUDE_HIT_MISS_FEATURES=0 LOH_INCLUDE_CACHE_FEATURES=0 LOH_INCLUDE_CANDIDATE_FEATURES=0 LOH_INCLUDE_TOPK_CANDIDATE_FEATURES=0 LOH_INCLUDE_AVGTOPK_CANDIDATE_FEATURES=0 LOH_INCLUDE_REQUEST=0 LOH_ENABLE_PENALTY=1 LOH_REWARD_USE_PENALTY=1 LOH_PENALTY_SCALE=reciprocal LOH_PENALTY_REWARD_FORMULA=relative LOH_REWARD_W_PENALTY=0.1 LOH_PENALTY_CUTOFF=0 LOH_PENALTY_DMAX=400000 LOH_PENALTY_EMPTY_AS_GOOD=1 LOH_PENALTY_REFINE_ON_LATE=1 LOH_PENALTY_NO_EVICT_REWARD=keep LOH_PENALTY_BASELINE_DECAY=0.99 LOH_SURVIVAL_BINS=64 LOH_SURVIVAL_QUANTILE=0.99 LOH_SURVIVAL_MINCOUNT=1000 LOH_PENALTY_NET_GOOD_SCALE=1.0 LOH_PENALTY_NET_PENALTY_SCALE=1.0"
3,1,301,bestcfg_penalty_3t_3m_20260207_000001__meta_reag_003_r01,0,0.368246,0.225172,0.01,"data/MetaCDN/meta_reag.oracleGeneral.zst",0.1,"LOH_PARALLEL_SAFE=1 LOH_SKIP_PIP_INSTALL=1 LOH_SKIP_BUILD=1 LOH_DEBUG_LEVEL=1 CACHESIM_VERBOSE=0 CACHESIM_NUM_REQ=3000000 LOH_RL_ALGO=SAC LOH_ACTION_SCALE=1.0 LOH_SCORE_USE_COMPOUND=1 LOH_SCORE_USE_IRT=1 LOH_USE_SOFTMAX=1 LOH_USE_HEURISTIC_SIGNS=0 LOH_INCLUDE_HIT_MISS_FEATURES=0 LOH_INCLUDE_CACHE_FEATURES=0 LOH_INCLUDE_CANDIDATE_FEATURES=0 LOH_INCLUDE_TOPK_CANDIDATE_FEATURES=0 LOH_INCLUDE_AVGTOPK_CANDIDATE_FEATURES=0 LOH_INCLUDE_REQUEST=0 LOH_ENABLE_PENALTY=1 LOH_REWARD_USE_PENALTY=1 LOH_PENALTY_SCALE=reciprocal LOH_PENALTY_REWARD_FORMULA=relative LOH_REWARD_W_PENALTY=0.2 LOH_PENALTY_CUTOFF=0 LOH_PENALTY_DMAX=400000 LOH_PENALTY_EMPTY_AS_GOOD=1 LOH_PENALTY_REFINE_ON_LATE=1 LOH_PENALTY_NO_EVICT_REWARD=keep LOH_PENALTY_BASELINE_DECAY=0.99 LOH_SURVIVAL_BINS=64 LOH_SURVIVAL_QUANTILE=0.99 LOH_SURVIVAL_MINCOUNT=1000 LOH_PENALTY_NET_GOOD_SCALE=1.0 LOH_PENALTY_NET_PENALTY_SCALE=1.0"
4,1,401,bestcfg_penalty_3t_3m_20260207_000001__meta_reag_004_r01,0,0.368284,0.225248,0.01,"data/MetaCDN/meta_reag.oracleGeneral.zst",0.1,"LOH_PARALLEL_SAFE=1 LOH_SKIP_PIP_INSTALL=1 LOH_SKIP_BUILD=1 LOH_DEBUG_LEVEL=1 CACHESIM_VERBOSE=0 CACHESIM_NUM_REQ=3000000 LOH_RL_ALGO=SAC LOH_ACTION_SCALE=1.0 LOH_SCORE_USE_COMPOUND=1 LOH_SCORE_USE_IRT=1 LOH_USE_SOFTMAX=1 LOH_USE_HEURISTIC_SIGNS=0 LOH_INCLUDE_HIT_MISS_FEATURES=0 LOH_INCLUDE_CACHE_FEATURES=0 LOH_INCLUDE_CANDIDATE_FEATURES=0 LOH_INCLUDE_TOPK_CANDIDATE_FEATURES=0 LOH_INCLUDE_AVGTOPK_CANDIDATE_FEATURES=0 LOH_INCLUDE_REQUEST=0 LOH_ENABLE_PENALTY=1 LOH_REWARD_USE_PENALTY=1 LOH_PENALTY_SCALE=reciprocal LOH_PENALTY_REWARD_FORMULA=relative LOH_REWARD_W_PENALTY=0.5 LOH_PENALTY_CUTOFF=0 LOH_PENALTY_DMAX=400000 LOH_PENALTY_EMPTY_AS_GOOD=1 LOH_PENALTY_REFINE_ON_LATE=1 LOH_PENALTY_NO_EVICT_REWARD=keep LOH_PENALTY_BASELINE_DECAY=0.99 LOH_SURVIVAL_BINS=64 LOH_SURVIVAL_QUANTILE=0.99 LOH_SURVIVAL_MINCOUNT=1000 LOH_PENALTY_NET_GOOD_SCALE=1.0 LOH_PENALTY_NET_PENALTY_SCALE=1.0"
5,1,501,bestcfg_penalty_3t_3m_20260207_000001__meta_reag_005_r01,0,0.368345,0.224500,0.01,"data/MetaCDN/meta_reag.oracleGeneral.zst",0.1,"LOH_PARALLEL_SAFE=1 LOH_SKIP_PIP_INSTALL=1 LOH_SKIP_BUILD=1 LOH_DEBUG_LEVEL=1 CACHESIM_VERBOSE=0 CACHESIM_NUM_REQ=3000000 LOH_RL_ALGO=SAC LOH_ACTION_SCALE=1.0 LOH_SCORE_USE_COMPOUND=1 LOH_SCORE_USE_IRT=1 LOH_USE_SOFTMAX=1 LOH_USE_HEURISTIC_SIGNS=0 LOH_INCLUDE_HIT_MISS_FEATURES=0 LOH_INCLUDE_CACHE_FEATURES=0 LOH_INCLUDE_CANDIDATE_FEATURES=0 LOH_INCLUDE_TOPK_CANDIDATE_FEATURES=0 LOH_INCLUDE_AVGTOPK_CANDIDATE_FEATURES=0 LOH_INCLUDE_REQUEST=0 LOH_ENABLE_PENALTY=1 LOH_REWARD_USE_PENALTY=1 LOH_PENALTY_SCALE=reciprocal LOH_PENALTY_REWARD_FORMULA=relative LOH_REWARD_W_PENALTY=1.0 LOH_PENALTY_CUTOFF=0 LOH_PENALTY_DMAX=400000 LOH_PENALTY_EMPTY_AS_GOOD=1 LOH_PENALTY_REFINE_ON_LATE=1 LOH_PENALTY_NO_EVICT_REWARD=keep LOH_PENALTY_BASELINE_DECAY=0.99 LOH_SURVIVAL_BINS=64 LOH_SURVIVAL_QUANTILE=0.99 LOH_SURVIVAL_MINCOUNT=1000 LOH_PENALTY_NET_GOOD_SCALE=1.0 LOH_PENALTY_NET_PENALTY_SCALE=1.0"
6,1,601,bestcfg_penalty_3t_3m_20260207_000001__meta_reag_006_r01,0,0.368217,0.225535,0.01,"data/MetaCDN/meta_reag.oracleGeneral.zst",0.1,"LOH_PARALLEL_SAFE=1 LOH_SKIP_PIP_INSTALL=1 LOH_SKIP_BUILD=1 LOH_DEBUG_LEVEL=1 CACHESIM_VERBOSE=0 CACHESIM_NUM_REQ=3000000 LOH_RL_ALGO=SAC LOH_ACTION_SCALE=1.0 LOH_SCORE_USE_COMPOUND=1 LOH_SCORE_USE_IRT=1 LOH_USE_SOFTMAX=1 LOH_USE_HEURISTIC_SIGNS=0 LOH_INCLUDE_HIT_MISS_FEATURES=0 LOH_INCLUDE_CACHE_FEATURES=0 LOH_INCLUDE_CANDIDATE_FEATURES=0 LOH_INCLUDE_TOPK_CANDIDATE_FEATURES=0 LOH_INCLUDE_AVGTOPK_CANDIDATE_FEATURES=0 LOH_INCLUDE_REQUEST=0 LOH_ENABLE_PENALTY=1 LOH_REWARD_USE_PENALTY=1 LOH_PENALTY_SCALE=reciprocal LOH_PENALTY_REWARD_FORMULA=centered LOH_REWARD_W_PENALTY=0.1 LOH_PENALTY_CUTOFF=0 LOH_PENALTY_DMAX=400000 LOH_PENALTY_EMPTY_AS_GOOD=1 LOH_PENALTY_REFINE_ON_LATE=1 LOH_PENALTY_NO_EVICT_REWARD=keep LOH_PENALTY_BASELINE_DECAY=0.99 LOH_SURVIVAL_BINS=64 LOH_SURVIVAL_QUANTILE=0.99 LOH_SURVIVAL_MINCOUNT=1000 LOH_PENALTY_NET_GOOD_SCALE=1.0 LOH_PENALTY_NET_PENALTY_SCALE=1.0"
7,1,701,bestcfg_penalty_3t_3m_20260207_000001__meta_reag_007_r01,0,0.368334,0.225199,0.01,"data/MetaCDN/meta_reag.oracleGeneral.zst",0.1,"LOH_PARALLEL_SAFE=1 LOH_SKIP_PIP_INSTALL=1 LOH_SKIP_BUILD=1 LOH_DEBUG_LEVEL=1 CACHESIM_VERBOSE=0 CACHESIM_NUM_REQ=3000000 LOH_RL_ALGO=SAC LOH_ACTION_SCALE=1.0 LOH_SCORE_USE_COMPOUND=1 LOH_SCORE_USE_IRT=1 LOH_USE_SOFTMAX=1 LOH_USE_HEURISTIC_SIGNS=0 LOH_INCLUDE_HIT_MISS_FEATURES=0 LOH_INCLUDE_CACHE_FEATURES=0 LOH_INCLUDE_CANDIDATE_FEATURES=0 LOH_INCLUDE_TOPK_CANDIDATE_FEATURES=0 LOH_INCLUDE_AVGTOPK_CANDIDATE_FEATURES=0 LOH_INCLUDE_REQUEST=0 LOH_ENABLE_PENALTY=1 LOH_REWARD_USE_PENALTY=1 LOH_PENALTY_SCALE=reciprocal LOH_PENALTY_REWARD_FORMULA=centered LOH_REWARD_W_PENALTY=0.2 LOH_PENALTY_CUTOFF=0 LOH_PENALTY_DMAX=400000 LOH_PENALTY_EMPTY_AS_GOOD=1 LOH_PENALTY_REFINE_ON_LATE=1 LOH_PENALTY_NO_EVICT_REWARD=keep LOH_PENALTY_BASELINE_DECAY=0.99 LOH_SURVIVAL_BINS=64 LOH_SURVIVAL_QUANTILE=0.99 LOH_SURVIVAL_MINCOUNT=1000 LOH_PENALTY_NET_GOOD_SCALE=1.0 LOH_PENALTY_NET_PENALTY_SCALE=1.0"
8,1,801,bestcfg_penalty_3t_3m_20260207_000001__meta_reag_008_r01,0,0.368327,0.224582,0.01,"data/MetaCDN/meta_reag.oracleGeneral.zst",0.1,"LOH_PARALLEL_SAFE=1 LOH_SKIP_PIP_INSTALL=1 LOH_SKIP_BUILD=1 LOH_DEBUG_LEVEL=1 CACHESIM_VERBOSE=0 CACHESIM_NUM_REQ=3000000 LOH_RL_ALGO=SAC LOH_ACTION_SCALE=1.0 LOH_SCORE_USE_COMPOUND=1 LOH_SCORE_USE_IRT=1 LOH_USE_SOFTMAX=1 LOH_USE_HEURISTIC_SIGNS=0 LOH_INCLUDE_HIT_MISS_FEATURES=0 LOH_INCLUDE_CACHE_FEATURES=0 LOH_INCLUDE_CANDIDATE_FEATURES=0 LOH_INCLUDE_TOPK_CANDIDATE_FEATURES=0 LOH_INCLUDE_AVGTOPK_CANDIDATE_FEATURES=0 LOH_INCLUDE_REQUEST=0 LOH_ENABLE_PENALTY=1 LOH_REWARD_USE_PENALTY=1 LOH_PENALTY_SCALE=reciprocal LOH_PENALTY_REWARD_FORMULA=centered LOH_REWARD_W_PENALTY=0.5 LOH_PENALTY_CUTOFF=0 LOH_PENALTY_DMAX=400000 LOH_PENALTY_EMPTY_AS_GOOD=1 LOH_PENALTY_REFINE_ON_LATE=1 LOH_PENALTY_NO_EVICT_REWARD=keep LOH_PENALTY_BASELINE_DECAY=0.99 LOH_SURVIVAL_BINS=64 LOH_SURVIVAL_QUANTILE=0.99 LOH_SURVIVAL_MINCOUNT=1000 LOH_PENALTY_NET_GOOD_SCALE=1.0 LOH_PENALTY_NET_PENALTY_SCALE=1.0"
9,1,901,bestcfg_penalty_3t_3m_20260207_000001__meta_reag_009_r01,0,0.368221,0.225352,0.01,"data/MetaCDN/meta_reag.oracleGeneral.zst",0.1,"LOH_PARALLEL_SAFE=1 LOH_SKIP_PIP_INSTALL=1 LOH_SKIP_BUILD=1 LOH_DEBUG_LEVEL=1 CACHESIM_VERBOSE=0 CACHESIM_NUM_REQ=3000000 LOH_RL_ALGO=SAC LOH_ACTION_SCALE=1.0 LOH_SCORE_USE_COMPOUND=1 LOH_SCORE_USE_IRT=1 LOH_USE_SOFTMAX=1 LOH_USE_HEURISTIC_SIGNS=0 LOH_INCLUDE_HIT_MISS_FEATURES=0 LOH_INCLUDE_CACHE_FEATURES=0 LOH_INCLUDE_CANDIDATE_FEATURES=0 LOH_INCLUDE_TOPK_CANDIDATE_FEATURES=0 LOH_INCLUDE_AVGTOPK_CANDIDATE_FEATURES=0 LOH_INCLUDE_REQUEST=0 LOH_ENABLE_PENALTY=1 LOH_REWARD_USE_PENALTY=1 LOH_PENALTY_SCALE=reciprocal LOH_PENALTY_REWARD_FORMULA=centered LOH_REWARD_W_PENALTY=1.0 LOH_PENALTY_CUTOFF=0 LOH_PENALTY_DMAX=400000 LOH_PENALTY_EMPTY_AS_GOOD=1 LOH_PENALTY_REFINE_ON_LATE=1 LOH_PENALTY_NO_EVICT_REWARD=keep LOH_PENALTY_BASELINE_DECAY=0.99 LOH_SURVIVAL_BINS=64 LOH_SURVIVAL_QUANTILE=0.99 LOH_SURVIVAL_MINCOUNT=1000 LOH_PENALTY_NET_GOOD_SCALE=1.0 LOH_PENALTY_NET_PENALTY_SCALE=1.0"
10,1,1001,bestcfg_penalty_3t_3m_20260207_000001__meta_reag_010_r01,0,0.368165,0.224950,0.01,"data/MetaCDN/meta_reag.oracleGeneral.zst",0.1,"LOH_PARALLEL_SAFE=1 LOH_SKIP_PIP_INSTALL=1 LOH_SKIP_BUILD=1 LOH_DEBUG_LEVEL=1 CACHESIM_VERBOSE=0 CACHESIM_NUM_REQ=3000000 LOH_RL_ALGO=SAC LOH_ACTION_SCALE=1.0 LOH_SCORE_USE_COMPOUND=1 LOH_SCORE_USE_IRT=1 LOH_USE_SOFTMAX=1 LOH_USE_HEURISTIC_SIGNS=0 LOH_INCLUDE_HIT_MISS_FEATURES=0 LOH_INCLUDE_CACHE_FEATURES=0 LOH_INCLUDE_CANDIDATE_FEATURES=0 LOH_INCLUDE_TOPK_CANDIDATE_FEATURES=0 LOH_INCLUDE_AVGTOPK_CANDIDATE_FEATURES=0 LOH_INCLUDE_REQUEST=0 LOH_ENABLE_PENALTY=1 LOH_REWARD_USE_PENALTY=1 LOH_PENALTY_SCALE=reciprocal LOH_PENALTY_REWARD_FORMULA=one_minus LOH_REWARD_W_PENALTY=0.1 LOH_PENALTY_CUTOFF=0 LOH_PENALTY_DMAX=400000 LOH_PENALTY_EMPTY_AS_GOOD=1 LOH_PENALTY_REFINE_ON_LATE=1 LOH_PENALTY_NO_EVICT_REWARD=keep LOH_PENALTY_BASELINE_DECAY=0.99 LOH_SURVIVAL_BINS=64 LOH_SURVIVAL_QUANTILE=0.99 LOH_SURVIVAL_MINCOUNT=1000 LOH_PENALTY_NET_GOOD_SCALE=1.0 LOH_PENALTY_NET_PENALTY_SCALE=1.0"
11,1,1101,bestcfg_penalty_3t_3m_20260207_000001__meta_reag_011_r01,0,0.368233,0.225567,0.01,"data/MetaCDN/meta_reag.oracleGeneral.zst",0.1,"LOH_PARALLEL_SAFE=1 LOH_SKIP_PIP_INSTALL=1 LOH_SKIP_BUILD=1 LOH_DEBUG_LEVEL=1 CACHESIM_VERBOSE=0 CACHESIM_NUM_REQ=3000000 LOH_RL_ALGO=SAC LOH_ACTION_SCALE=1.0 LOH_SCORE_USE_COMPOUND=1 LOH_SCORE_USE_IRT=1 LOH_USE_SOFTMAX=1 LOH_USE_HEURISTIC_SIGNS=0 LOH_INCLUDE_HIT_MISS_FEATURES=0 LOH_INCLUDE_CACHE_FEATURES=0 LOH_INCLUDE_CANDIDATE_FEATURES=0 LOH_INCLUDE_TOPK_CANDIDATE_FEATURES=0 LOH_INCLUDE_AVGTOPK_CANDIDATE_FEATURES=0 LOH_INCLUDE_REQUEST=0 LOH_ENABLE_PENALTY=1 LOH_REWARD_USE_PENALTY=1 LOH_PENALTY_SCALE=reciprocal LOH_PENALTY_REWARD_FORMULA=one_minus LOH_REWARD_W_PENALTY=0.2 LOH_PENALTY_CUTOFF=0 LOH_PENALTY_DMAX=400000 LOH_PENALTY_EMPTY_AS_GOOD=1 LOH_PENALTY_REFINE_ON_LATE=1 LOH_PENALTY_NO_EVICT_REWARD=keep LOH_PENALTY_BASELINE_DECAY=0.99 LOH_SURVIVAL_BINS=64 LOH_SURVIVAL_QUANTILE=0.99 LOH_SURVIVAL_MINCOUNT=1000 LOH_PENALTY_NET_GOOD_SCALE=1.0 LOH_PENALTY_NET_PENALTY_SCALE=1.0"
12,1,1201,bestcfg_penalty_3t_3m_20260207_000001__meta_reag_012_r01,0,0.368268,0.224865,0.01,"data/MetaCDN/meta_reag.oracleGeneral.zst",0.1,"LOH_PARALLEL_SAFE=1 LOH_SKIP_PIP_INSTALL=1 LOH_SKIP_BUILD=1 LOH_DEBUG_LEVEL=1 CACHESIM_VERBOSE=0 CACHESIM_NUM_REQ=3000000 LOH_RL_ALGO=SAC LOH_ACTION_SCALE=1.0 LOH_SCORE_USE_COMPOUND=1 LOH_SCORE_USE_IRT=1 LOH_USE_SOFTMAX=1 LOH_USE_HEURISTIC_SIGNS=0 LOH_INCLUDE_HIT_MISS_FEATURES=0 LOH_INCLUDE_CACHE_FEATURES=0 LOH_INCLUDE_CANDIDATE_FEATURES=0 LOH_INCLUDE_TOPK_CANDIDATE_FEATURES=0 LOH_INCLUDE_AVGTOPK_CANDIDATE_FEATURES=0 LOH_INCLUDE_REQUEST=0 LOH_ENABLE_PENALTY=1 LOH_REWARD_USE_PENALTY=1 LOH_PENALTY_SCALE=reciprocal LOH_PENALTY_REWARD_FORMULA=one_minus LOH_REWARD_W_PENALTY=0.5 LOH_PENALTY_CUTOFF=0 LOH_PENALTY_DMAX=400000 LOH_PENALTY_EMPTY_AS_GOOD=1 LOH_PENALTY_REFINE_ON_LATE=1 LOH_PENALTY_NO_EVICT_REWARD=keep LOH_PENALTY_BASELINE_DECAY=0.99 LOH_SURVIVAL_BINS=64 LOH_SURVIVAL_QUANTILE=0.99 LOH_SURVIVAL_MINCOUNT=1000 LOH_PENALTY_NET_GOOD_SCALE=1.0 LOH_PENALTY_NET_PENALTY_SCALE=1.0"
13,1,1301,bestcfg_penalty_3t_3m_20260207_000001__meta_reag_013_r01,0,0.368205,0.224917,0.01,"data/MetaCDN/meta_reag.oracleGeneral.zst",0.1,"LOH_PARALLEL_SAFE=1 LOH_SKIP_PIP_INSTALL=1 LOH_SKIP_BUILD=1 LOH_DEBUG_LEVEL=1 CACHESIM_VERBOSE=0 CACHESIM_NUM_REQ=3000000 LOH_RL_ALGO=SAC LOH_ACTION_SCALE=1.0 LOH_SCORE_USE_COMPOUND=1 LOH_SCORE_USE_IRT=1 LOH_USE_SOFTMAX=1 LOH_USE_HEURISTIC_SIGNS=0 LOH_INCLUDE_HIT_MISS_FEATURES=0 LOH_INCLUDE_CACHE_FEATURES=0 LOH_INCLUDE_CANDIDATE_FEATURES=0 LOH_INCLUDE_TOPK_CANDIDATE_FEATURES=0 LOH_INCLUDE_AVGTOPK_CANDIDATE_FEATURES=0 LOH_INCLUDE_REQUEST=0 LOH_ENABLE_PENALTY=1 LOH_REWARD_USE_PENALTY=1 LOH_PENALTY_SCALE=reciprocal LOH_PENALTY_REWARD_FORMULA=one_minus LOH_REWARD_W_PENALTY=1.0 LOH_PENALTY_CUTOFF=0 LOH_PENALTY_DMAX=400000 LOH_PENALTY_EMPTY_AS_GOOD=1 LOH_PENALTY_REFINE_ON_LATE=1 LOH_PENALTY_NO_EVICT_REWARD=keep LOH_PENALTY_BASELINE_DECAY=0.99 LOH_SURVIVAL_BINS=64 LOH_SURVIVAL_QUANTILE=0.99 LOH_SURVIVAL_MINCOUNT=1000 LOH_PENALTY_NET_GOOD_SCALE=1.0 LOH_PENALTY_NET_PENALTY_SCALE=1.0"
14,1,1401,bestcfg_penalty_3t_3m_20260207_000001__meta_reag_014_r01,0,0.368249,0.224904,0.01,"data/MetaCDN/meta_reag.oracleGeneral.zst",0.1,"LOH_PARALLEL_SAFE=1 LOH_SKIP_PIP_INSTALL=1 LOH_SKIP_BUILD=1 LOH_DEBUG_LEVEL=1 CACHESIM_VERBOSE=0 CACHESIM_NUM_REQ=3000000 LOH_RL_ALGO=SAC LOH_ACTION_SCALE=1.0 LOH_SCORE_USE_COMPOUND=1 LOH_SCORE_USE_IRT=1 LOH_USE_SOFTMAX=1 LOH_USE_HEURISTIC_SIGNS=0 LOH_INCLUDE_HIT_MISS_FEATURES=0 LOH_INCLUDE_CACHE_FEATURES=0 LOH_INCLUDE_CANDIDATE_FEATURES=0 LOH_INCLUDE_TOPK_CANDIDATE_FEATURES=0 LOH_INCLUDE_AVGTOPK_CANDIDATE_FEATURES=0 LOH_INCLUDE_REQUEST=0 LOH_ENABLE_PENALTY=1 LOH_REWARD_USE_PENALTY=1 LOH_PENALTY_SCALE=reciprocal LOH_PENALTY_REWARD_FORMULA=neg LOH_REWARD_W_PENALTY=0.1 LOH_PENALTY_CUTOFF=0 LOH_PENALTY_DMAX=400000 LOH_PENALTY_EMPTY_AS_GOOD=1 LOH_PENALTY_REFINE_ON_LATE=1 LOH_PENALTY_NO_EVICT_REWARD=keep LOH_PENALTY_BASELINE_DECAY=0.99 LOH_SURVIVAL_BINS=64 LOH_SURVIVAL_QUANTILE=0.99 LOH_SURVIVAL_MINCOUNT=1000 LOH_PENALTY_NET_GOOD_SCALE=1.0 LOH_PENALTY_NET_PENALTY_SCALE=1.0"
15,1,1501,bestcfg_penalty_3t_3m_20260207_000001__meta_reag_015_r01,0,0.368214,0.225071,0.01,"data/MetaCDN/meta_reag.oracleGeneral.zst",0.1,"LOH_PARALLEL_SAFE=1 LOH_SKIP_PIP_INSTALL=1 LOH_SKIP_BUILD=1 LOH_DEBUG_LEVEL=1 CACHESIM_VERBOSE=0 CACHESIM_NUM_REQ=3000000 LOH_RL_ALGO=SAC LOH_ACTION_SCALE=1.0 LOH_SCORE_USE_COMPOUND=1 LOH_SCORE_USE_IRT=1 LOH_USE_SOFTMAX=1 LOH_USE_HEURISTIC_SIGNS=0 LOH_INCLUDE_HIT_MISS_FEATURES=0 LOH_INCLUDE_CACHE_FEATURES=0 LOH_INCLUDE_CANDIDATE_FEATURES=0 LOH_INCLUDE_TOPK_CANDIDATE_FEATURES=0 LOH_INCLUDE_AVGTOPK_CANDIDATE_FEATURES=0 LOH_INCLUDE_REQUEST=0 LOH_ENABLE_PENALTY=1 LOH_REWARD_USE_PENALTY=1 LOH_PENALTY_SCALE=reciprocal LOH_PENALTY_REWARD_FORMULA=neg LOH_REWARD_W_PENALTY=0.2 LOH_PENALTY_CUTOFF=0 LOH_PENALTY_DMAX=400000 LOH_PENALTY_EMPTY_AS_GOOD=1 LOH_PENALTY_REFINE_ON_LATE=1 LOH_PENALTY_NO_EVICT_REWARD=keep LOH_PENALTY_BASELINE_DECAY=0.99 LOH_SURVIVAL_BINS=64 LOH_SURVIVAL_QUANTILE=0.99 LOH_SURVIVAL_MINCOUNT=1000 LOH_PENALTY_NET_GOOD_SCALE=1.0 LOH_PENALTY_NET_PENALTY_SCALE=1.0"
16,1,1601,bestcfg_penalty_3t_3m_20260207_000001__meta_reag_016_r01,0,0.368280,0.225393,0.01,"data/MetaCDN/meta_reag.oracleGeneral.zst",0.1,"LOH_PARALLEL_SAFE=1 LOH_SKIP_PIP_INSTALL=1 LOH_SKIP_BUILD=1 LOH_DEBUG_LEVEL=1 CACHESIM_VERBOSE=0 CACHESIM_NUM_REQ=3000000 LOH_RL_ALGO=SAC LOH_ACTION_SCALE=1.0 LOH_SCORE_USE_COMPOUND=1 LOH_SCORE_USE_IRT=1 LOH_USE_SOFTMAX=1 LOH_USE_HEURISTIC_SIGNS=0 LOH_INCLUDE_HIT_MISS_FEATURES=0 LOH_INCLUDE_CACHE_FEATURES=0 LOH_INCLUDE_CANDIDATE_FEATURES=0 LOH_INCLUDE_TOPK_CANDIDATE_FEATURES=0 LOH_INCLUDE_AVGTOPK_CANDIDATE_FEATURES=0 LOH_INCLUDE_REQUEST=0 LOH_ENABLE_PENALTY=1 LOH_REWARD_USE_PENALTY=1 LOH_PENALTY_SCALE=reciprocal LOH_PENALTY_REWARD_FORMULA=neg LOH_REWARD_W_PENALTY=0.5 LOH_PENALTY_CUTOFF=0 LOH_PENALTY_DMAX=400000 LOH_PENALTY_EMPTY_AS_GOOD=1 LOH_PENALTY_REFINE_ON_LATE=1 LOH_PENALTY_NO_EVICT_REWARD=keep LOH_PENALTY_BASELINE_DECAY=0.99 LOH_SURVIVAL_BINS=64 LOH_SURVIVAL_QUANTILE=0.99 LOH_SURVIVAL_MINCOUNT=1000 LOH_PENALTY_NET_GOOD_SCALE=1.0 LOH_PENALTY_NET_PENALTY_SCALE=1.0"
17,1,1701,bestcfg_penalty_3t_3m_20260207_000001__meta_reag_017_r01,0,0.368201,0.225241,0.01,"data/MetaCDN/meta_reag.oracleGeneral.zst",0.1,"LOH_PARALLEL_SAFE=1 LOH_SKIP_PIP_INSTALL=1 LOH_SKIP_BUILD=1 LOH_DEBUG_LEVEL=1 CACHESIM_VERBOSE=0 CACHESIM_NUM_REQ=3000000 LOH_RL_ALGO=SAC LOH_ACTION_SCALE=1.0 LOH_SCORE_USE_COMPOUND=1 LOH_SCORE_USE_IRT=1 LOH_USE_SOFTMAX=1 LOH_USE_HEURISTIC_SIGNS=0 LOH_INCLUDE_HIT_MISS_FEATURES=0 LOH_INCLUDE_CACHE_FEATURES=0 LOH_INCLUDE_CANDIDATE_FEATURES=0 LOH_INCLUDE_TOPK_CANDIDATE_FEATURES=0 LOH_INCLUDE_AVGTOPK_CANDIDATE_FEATURES=0 LOH_INCLUDE_REQUEST=0 LOH_ENABLE_PENALTY=1 LOH_REWARD_USE_PENALTY=1 LOH_PENALTY_SCALE=reciprocal LOH_PENALTY_REWARD_FORMULA=neg LOH_REWARD_W_PENALTY=1.0 LOH_PENALTY_CUTOFF=0 LOH_PENALTY_DMAX=400000 LOH_PENALTY_EMPTY_AS_GOOD=1 LOH_PENALTY_REFINE_ON_LATE=1 LOH_PENALTY_NO_EVICT_REWARD=keep LOH_PENALTY_BASELINE_DECAY=0.99 LOH_SURVIVAL_BINS=64 LOH_SURVIVAL_QUANTILE=0.99 LOH_SURVIVAL_MINCOUNT=1000 LOH_PENALTY_NET_GOOD_SCALE=1.0 LOH_PENALTY_NET_PENALTY_SCALE=1.0"
18,1,1801,bestcfg_penalty_3t_3m_20260207_000001__meta_reag_018_r01,0,0.368213,0.224926,0.01,"data/MetaCDN/meta_reag.oracleGeneral.zst",0.1,"LOH_PARALLEL_SAFE=1 LOH_SKIP_PIP_INSTALL=1 LOH_SKIP_BUILD=1 LOH_DEBUG_LEVEL=1 CACHESIM_VERBOSE=0 CACHESIM_NUM_REQ=3000000 LOH_RL_ALGO=SAC LOH_ACTION_SCALE=1.0 LOH_SCORE_USE_COMPOUND=1 LOH_SCORE_USE_IRT=1 LOH_USE_SOFTMAX=1 LOH_USE_HEURISTIC_SIGNS=0 LOH_INCLUDE_HIT_MISS_FEATURES=0 LOH_INCLUDE_CACHE_FEATURES=0 LOH_INCLUDE_CANDIDATE_FEATURES=0 LOH_INCLUDE_TOPK_CANDIDATE_FEATURES=0 LOH_INCLUDE_AVGTOPK_CANDIDATE_FEATURES=0 LOH_INCLUDE_REQUEST=0 LOH_ENABLE_PENALTY=1 LOH_REWARD_USE_PENALTY=1 LOH_PENALTY_SCALE=reciprocal LOH_PENALTY_REWARD_FORMULA=net LOH_REWARD_W_PENALTY=1.0 LOH_PENALTY_CUTOFF=0 LOH_PENALTY_DMAX=400000 LOH_PENALTY_EMPTY_AS_GOOD=1 LOH_PENALTY_REFINE_ON_LATE=1 LOH_PENALTY_NO_EVICT_REWARD=keep LOH_PENALTY_BASELINE_DECAY=0.99 LOH_SURVIVAL_BINS=64 LOH_SURVIVAL_QUANTILE=0.99 LOH_SURVIVAL_MINCOUNT=1000 LOH_PENALTY_NET_GOOD_SCALE=1.0 LOH_PENALTY_NET_PENALTY_SCALE=1.0"
19,1,1901,bestcfg_penalty_3t_3m_20260207_000001__meta_reag_019_r01,0,0.368208,0.224994,0.01,"data/MetaCDN/meta_reag.oracleGeneral.zst",0.1,"LOH_PARALLEL_SAFE=1 LOH_SKIP_PIP_INSTALL=1 LOH_SKIP_BUILD=1 LOH_DEBUG_LEVEL=1 CACHESIM_VERBOSE=0 CACHESIM_NUM_REQ=3000000 LOH_RL_ALGO=SAC LOH_ACTION_SCALE=1.0 LOH_SCORE_USE_COMPOUND=1 LOH_SCORE_USE_IRT=1 LOH_USE_SOFTMAX=1 LOH_USE_HEURISTIC_SIGNS=0 LOH_INCLUDE_HIT_MISS_FEATURES=0 LOH_INCLUDE_CACHE_FEATURES=0 LOH_INCLUDE_CANDIDATE_FEATURES=0 LOH_INCLUDE_TOPK_CANDIDATE_FEATURES=0 LOH_INCLUDE_AVGTOPK_CANDIDATE_FEATURES=0 LOH_INCLUDE_REQUEST=0 LOH_ENABLE_PENALTY=1 LOH_REWARD_USE_PENALTY=1 LOH_PENALTY_SCALE=reciprocal LOH_PENALTY_REWARD_FORMULA=net LOH_REWARD_W_PENALTY=2.0 LOH_PENALTY_CUTOFF=0 LOH_PENALTY_DMAX=400000 LOH_PENALTY_EMPTY_AS_GOOD=1 LOH_PENALTY_REFINE_ON_LATE=1 LOH_PENALTY_NO_EVICT_REWARD=keep LOH_PENALTY_BASELINE_DECAY=0.99 LOH_SURVIVAL_BINS=64 LOH_SURVIVAL_QUANTILE=0.99 LOH_SURVIVAL_MINCOUNT=1000 LOH_PENALTY_NET_GOOD_SCALE=1.0 LOH_PENALTY_NET_PENALTY_SCALE=1.0"
20,1,2001,bestcfg_penalty_3t_3m_20260207_000001__meta_reag_020_r01,0,0.368202,0.225572,0.01,"data/MetaCDN/meta_reag.oracleGeneral.zst",0.1,"LOH_PARALLEL_SAFE=1 LOH_SKIP_PIP_INSTALL=1 LOH_SKIP_BUILD=1 LOH_DEBUG_LEVEL=1 CACHESIM_VERBOSE=0 CACHESIM_NUM_REQ=3000000 LOH_RL_ALGO=SAC LOH_ACTION_SCALE=1.0 LOH_SCORE_USE_COMPOUND=1 LOH_SCORE_USE_IRT=1 LOH_USE_SOFTMAX=1 LOH_USE_HEURISTIC_SIGNS=0 LOH_INCLUDE_HIT_MISS_FEATURES=0 LOH_INCLUDE_CACHE_FEATURES=0 LOH_INCLUDE_CANDIDATE_FEATURES=0 LOH_INCLUDE_TOPK_CANDIDATE_FEATURES=0 LOH_INCLUDE_AVGTOPK_CANDIDATE_FEATURES=0 LOH_INCLUDE_REQUEST=0 LOH_ENABLE_PENALTY=1 LOH_REWARD_USE_PENALTY=1 LOH_PENALTY_SCALE=reciprocal LOH_PENALTY_REWARD_FORMULA=net LOH_REWARD_W_PENALTY=3.0 LOH_PENALTY_CUTOFF=0 LOH_PENALTY_DMAX=400000 LOH_PENALTY_EMPTY_AS_GOOD=1 LOH_PENALTY_REFINE_ON_LATE=1 LOH_PENALTY_NO_EVICT_REWARD=keep LOH_PENALTY_BASELINE_DECAY=0.99 LOH_SURVIVAL_BINS=64 LOH_SURVIVAL_QUANTILE=0.99 LOH_SURVIVAL_MINCOUNT=1000 LOH_PENALTY_NET_GOOD_SCALE=1.0 LOH_PENALTY_NET_PENALTY_SCALE=1.0"
21,1,2101,bestcfg_penalty_3t_3m_20260207_000001__meta_reag_021_r01,0,0.368223,0.224796,0.01,"data/MetaCDN/meta_reag.oracleGeneral.zst",0.1,"LOH_PARALLEL_SAFE=1 LOH_SKIP_PIP_INSTALL=1 LOH_SKIP_BUILD=1 LOH_DEBUG_LEVEL=1 CACHESIM_VERBOSE=0 CACHESIM_NUM_REQ=3000000 LOH_RL_ALGO=SAC LOH_ACTION_SCALE=1.0 LOH_SCORE_USE_COMPOUND=1 LOH_SCORE_USE_IRT=1 LOH_USE_SOFTMAX=1 LOH_USE_HEURISTIC_SIGNS=0 LOH_INCLUDE_HIT_MISS_FEATURES=0 LOH_INCLUDE_CACHE_FEATURES=0 LOH_INCLUDE_CANDIDATE_FEATURES=0 LOH_INCLUDE_TOPK_CANDIDATE_FEATURES=0 LOH_INCLUDE_AVGTOPK_CANDIDATE_FEATURES=0 LOH_INCLUDE_REQUEST=0 LOH_ENABLE_PENALTY=1 LOH_REWARD_USE_PENALTY=1 LOH_PENALTY_SCALE=reciprocal LOH_PENALTY_REWARD_FORMULA=net2 LOH_REWARD_W_PENALTY=1.0 LOH_PENALTY_CUTOFF=0 LOH_PENALTY_DMAX=400000 LOH_PENALTY_EMPTY_AS_GOOD=1 LOH_PENALTY_REFINE_ON_LATE=1 LOH_PENALTY_NO_EVICT_REWARD=keep LOH_PENALTY_BASELINE_DECAY=0.99 LOH_SURVIVAL_BINS=64 LOH_SURVIVAL_QUANTILE=0.99 LOH_SURVIVAL_MINCOUNT=1000 LOH_PENALTY_NET_GOOD_SCALE=1.0 LOH_PENALTY_NET_PENALTY_SCALE=1.0"
22,1,2201,bestcfg_penalty_3t_3m_20260207_000001__meta_reag_022_r01,0,0.368214,0.225382,0.01,"data/MetaCDN/meta_reag.oracleGeneral.zst",0.1,"LOH_PARALLEL_SAFE=1 LOH_SKIP_PIP_INSTALL=1 LOH_SKIP_BUILD=1 LOH_DEBUG_LEVEL=1 CACHESIM_VERBOSE=0 CACHESIM_NUM_REQ=3000000 LOH_RL_ALGO=SAC LOH_ACTION_SCALE=1.0 LOH_SCORE_USE_COMPOUND=1 LOH_SCORE_USE_IRT=1 LOH_USE_SOFTMAX=1 LOH_USE_HEURISTIC_SIGNS=0 LOH_INCLUDE_HIT_MISS_FEATURES=0 LOH_INCLUDE_CACHE_FEATURES=0 LOH_INCLUDE_CANDIDATE_FEATURES=0 LOH_INCLUDE_TOPK_CANDIDATE_FEATURES=0 LOH_INCLUDE_AVGTOPK_CANDIDATE_FEATURES=0 LOH_INCLUDE_REQUEST=0 LOH_ENABLE_PENALTY=1 LOH_REWARD_USE_PENALTY=1 LOH_PENALTY_SCALE=reciprocal LOH_PENALTY_REWARD_FORMULA=net2 LOH_REWARD_W_PENALTY=2.0 LOH_PENALTY_CUTOFF=0 LOH_PENALTY_DMAX=400000 LOH_PENALTY_EMPTY_AS_GOOD=1 LOH_PENALTY_REFINE_ON_LATE=1 LOH_PENALTY_NO_EVICT_REWARD=keep LOH_PENALTY_BASELINE_DECAY=0.99 LOH_SURVIVAL_BINS=64 LOH_SURVIVAL_QUANTILE=0.99 LOH_SURVIVAL_MINCOUNT=1000 LOH_PENALTY_NET_GOOD_SCALE=1.0 LOH_PENALTY_NET_PENALTY_SCALE=1.0"
23,1,2301,bestcfg_penalty_3t_3m_20260207_000001__meta_reag_023_r01,0,0.368202,0.224932,0.01,"data/MetaCDN/meta_reag.oracleGeneral.zst",0.1,"LOH_PARALLEL_SAFE=1 LOH_SKIP_PIP_INSTALL=1 LOH_SKIP_BUILD=1 LOH_DEBUG_LEVEL=1 CACHESIM_VERBOSE=0 CACHESIM_NUM_REQ=3000000 LOH_RL_ALGO=SAC LOH_ACTION_SCALE=1.0 LOH_SCORE_USE_COMPOUND=1 LOH_SCORE_USE_IRT=1 LOH_USE_SOFTMAX=1 LOH_USE_HEURISTIC_SIGNS=0 LOH_INCLUDE_HIT_MISS_FEATURES=0 LOH_INCLUDE_CACHE_FEATURES=0 LOH_INCLUDE_CANDIDATE_FEATURES=0 LOH_INCLUDE_TOPK_CANDIDATE_FEATURES=0 LOH_INCLUDE_AVGTOPK_CANDIDATE_FEATURES=0 LOH_INCLUDE_REQUEST=0 LOH_ENABLE_PENALTY=1 LOH_REWARD_USE_PENALTY=1 LOH_PENALTY_SCALE=reciprocal LOH_PENALTY_REWARD_FORMULA=net2 LOH_REWARD_W_PENALTY=3.0 LOH_PENALTY_CUTOFF=0 LOH_PENALTY_DMAX=400000 LOH_PENALTY_EMPTY_AS_GOOD=1 LOH_PENALTY_REFINE_ON_LATE=1 LOH_PENALTY_NO_EVICT_REWARD=keep LOH_PENALTY_BASELINE_DECAY=0.99 LOH_SURVIVAL_BINS=64 LOH_SURVIVAL_QUANTILE=0.99 LOH_SURVIVAL_MINCOUNT=1000 LOH_PENALTY_NET_GOOD_SCALE=1.0 LOH_PENALTY_NET_PENALTY_SCALE=1.0"
24,1,2401,bestcfg_penalty_3t_3m_20260207_000001__meta_reag_024_r01,0,0.368284,0.224993,0.01,"data/MetaCDN/meta_reag.oracleGeneral.zst",0.1,"LOH_PARALLEL_SAFE=1 LOH_SKIP_PIP_INSTALL=1 LOH_SKIP_BUILD=1 LOH_DEBUG_LEVEL=1 CACHESIM_VERBOSE=0 CACHESIM_NUM_REQ=3000000 LOH_RL_ALGO=SAC LOH_ACTION_SCALE=1.0 LOH_SCORE_USE_COMPOUND=1 LOH_SCORE_USE_IRT=1 LOH_USE_SOFTMAX=1 LOH_USE_HEURISTIC_SIGNS=0 LOH_INCLUDE_HIT_MISS_FEATURES=0 LOH_INCLUDE_CACHE_FEATURES=0 LOH_INCLUDE_CANDIDATE_FEATURES=0 LOH_INCLUDE_TOPK_CANDIDATE_FEATURES=0 LOH_INCLUDE_AVGTOPK_CANDIDATE_FEATURES=0 LOH_INCLUDE_REQUEST=0 LOH_ENABLE_PENALTY=1 LOH_REWARD_USE_PENALTY=1 LOH_PENALTY_SCALE=log LOH_PENALTY_REWARD_FORMULA=relative LOH_REWARD_W_PENALTY=0.1 LOH_PENALTY_CUTOFF=0 LOH_PENALTY_DMAX=400000 LOH_PENALTY_EMPTY_AS_GOOD=1 LOH_PENALTY_REFINE_ON_LATE=1 LOH_PENALTY_NO_EVICT_REWARD=keep LOH_PENALTY_BASELINE_DECAY=0.99 LOH_SURVIVAL_BINS=64 LOH_SURVIVAL_QUANTILE=0.99 LOH_SURVIVAL_MINCOUNT=1000 LOH_PENALTY_NET_GOOD_SCALE=1.0 LOH_PENALTY_NET_PENALTY_SCALE=1.0"
25,1,2501,bestcfg_penalty_3t_3m_20260207_000001__meta_reag_025_r01,0,0.368320,0.225122,0.01,"data/MetaCDN/meta_reag.oracleGeneral.zst",0.1,"LOH_PARALLEL_SAFE=1 LOH_SKIP_PIP_INSTALL=1 LOH_SKIP_BUILD=1 LOH_DEBUG_LEVEL=1 CACHESIM_VERBOSE=0 CACHESIM_NUM_REQ=3000000 LOH_RL_ALGO=SAC LOH_ACTION_SCALE=1.0 LOH_SCORE_USE_COMPOUND=1 LOH_SCORE_USE_IRT=1 LOH_USE_SOFTMAX=1 LOH_USE_HEURISTIC_SIGNS=0 LOH_INCLUDE_HIT_MISS_FEATURES=0 LOH_INCLUDE_CACHE_FEATURES=0 LOH_INCLUDE_CANDIDATE_FEATURES=0 LOH_INCLUDE_TOPK_CANDIDATE_FEATURES=0 LOH_INCLUDE_AVGTOPK_CANDIDATE_FEATURES=0 LOH_INCLUDE_REQUEST=0 LOH_ENABLE_PENALTY=1 LOH_REWARD_USE_PENALTY=1 LOH_PENALTY_SCALE=log LOH_PENALTY_REWARD_FORMULA=relative LOH_REWARD_W_PENALTY=0.2 LOH_PENALTY_CUTOFF=0 LOH_PENALTY_DMAX=400000 LOH_PENALTY_EMPTY_AS_GOOD=1 LOH_PENALTY_REFINE_ON_LATE=1 LOH_PENALTY_NO_EVICT_REWARD=keep LOH_PENALTY_BASELINE_DECAY=0.99 LOH_SURVIVAL_BINS=64 LOH_SURVIVAL_QUANTILE=0.99 LOH_SURVIVAL_MINCOUNT=1000 LOH_PENALTY_NET_GOOD_SCALE=1.0 LOH_PENALTY_NET_PENALTY_SCALE=1.0"
26,1,2601,bestcfg_penalty_3t_3m_20260207_000001__meta_reag_026_r01,0,0.368237,0.225420,0.01,"data/MetaCDN/meta_reag.oracleGeneral.zst",0.1,"LOH_PARALLEL_SAFE=1 LOH_SKIP_PIP_INSTALL=1 LOH_SKIP_BUILD=1 LOH_DEBUG_LEVEL=1 CACHESIM_VERBOSE=0 CACHESIM_NUM_REQ=3000000 LOH_RL_ALGO=SAC LOH_ACTION_SCALE=1.0 LOH_SCORE_USE_COMPOUND=1 LOH_SCORE_USE_IRT=1 LOH_USE_SOFTMAX=1 LOH_USE_HEURISTIC_SIGNS=0 LOH_INCLUDE_HIT_MISS_FEATURES=0 LOH_INCLUDE_CACHE_FEATURES=0 LOH_INCLUDE_CANDIDATE_FEATURES=0 LOH_INCLUDE_TOPK_CANDIDATE_FEATURES=0 LOH_INCLUDE_AVGTOPK_CANDIDATE_FEATURES=0 LOH_INCLUDE_REQUEST=0 LOH_ENABLE_PENALTY=1 LOH_REWARD_USE_PENALTY=1 LOH_PENALTY_SCALE=log LOH_PENALTY_REWARD_FORMULA=relative LOH_REWARD_W_PENALTY=0.5 LOH_PENALTY_CUTOFF=0 LOH_PENALTY_DMAX=400000 LOH_PENALTY_EMPTY_AS_GOOD=1 LOH_PENALTY_REFINE_ON_LATE=1 LOH_PENALTY_NO_EVICT_REWARD=keep LOH_PENALTY_BASELINE_DECAY=0.99 LOH_SURVIVAL_BINS=64 LOH_SURVIVAL_QUANTILE=0.99 LOH_SURVIVAL_MINCOUNT=1000 LOH_PENALTY_NET_GOOD_SCALE=1.0 LOH_PENALTY_NET_PENALTY_SCALE=1.0"
27,1,2701,bestcfg_penalty_3t_3m_20260207_000001__meta_reag_027_r01,0,0.368288,0.225180,0.01,"data/MetaCDN/meta_reag.oracleGeneral.zst",0.1,"LOH_PARALLEL_SAFE=1 LOH_SKIP_PIP_INSTALL=1 LOH_SKIP_BUILD=1 LOH_DEBUG_LEVEL=1 CACHESIM_VERBOSE=0 CACHESIM_NUM_REQ=3000000 LOH_RL_ALGO=SAC LOH_ACTION_SCALE=1.0 LOH_SCORE_USE_COMPOUND=1 LOH_SCORE_USE_IRT=1 LOH_USE_SOFTMAX=1 LOH_USE_HEURISTIC_SIGNS=0 LOH_INCLUDE_HIT_MISS_FEATURES=0 LOH_INCLUDE_CACHE_FEATURES=0 LOH_INCLUDE_CANDIDATE_FEATURES=0 LOH_INCLUDE_TOPK_CANDIDATE_FEATURES=0 LOH_INCLUDE_AVGTOPK_CANDIDATE_FEATURES=0 LOH_INCLUDE_REQUEST=0 LOH_ENABLE_PENALTY=1 LOH_REWARD_USE_PENALTY=1 LOH_PENALTY_SCALE=log LOH_PENALTY_REWARD_FORMULA=relative LOH_REWARD_W_PENALTY=1.0 LOH_PENALTY_CUTOFF=0 LOH_PENALTY_DMAX=400000 LOH_PENALTY_EMPTY_AS_GOOD=1 LOH_PENALTY_REFINE_ON_LATE=1 LOH_PENALTY_NO_EVICT_REWARD=keep LOH_PENALTY_BASELINE_DECAY=0.99 LOH_SURVIVAL_BINS=64 LOH_SURVIVAL_QUANTILE=0.99 LOH_SURVIVAL_MINCOUNT=1000 LOH_PENALTY_NET_GOOD_SCALE=1.0 LOH_PENALTY_NET_PENALTY_SCALE=1.0"
28,1,2801,bestcfg_penalty_3t_3m_20260207_000001__meta_reag_028_r01,0,0.368274,0.225087,0.01,"data/MetaCDN/meta_reag.oracleGeneral.zst",0.1,"LOH_PARALLEL_SAFE=1 LOH_SKIP_PIP_INSTALL=1 LOH_SKIP_BUILD=1 LOH_DEBUG_LEVEL=1 CACHESIM_VERBOSE=0 CACHESIM_NUM_REQ=3000000 LOH_RL_ALGO=SAC LOH_ACTION_SCALE=1.0 LOH_SCORE_USE_COMPOUND=1 LOH_SCORE_USE_IRT=1 LOH_USE_SOFTMAX=1 LOH_USE_HEURISTIC_SIGNS=0 LOH_INCLUDE_HIT_MISS_FEATURES=0 LOH_INCLUDE_CACHE_FEATURES=0 LOH_INCLUDE_CANDIDATE_FEATURES=0 LOH_INCLUDE_TOPK_CANDIDATE_FEATURES=0 LOH_INCLUDE_AVGTOPK_CANDIDATE_FEATURES=0 LOH_INCLUDE_REQUEST=0 LOH_ENABLE_PENALTY=1 LOH_REWARD_USE_PENALTY=1 LOH_PENALTY_SCALE=log LOH_PENALTY_REWARD_FORMULA=centered LOH_REWARD_W_PENALTY=0.1 LOH_PENALTY_CUTOFF=0 LOH_PENALTY_DMAX=400000 LOH_PENALTY_EMPTY_AS_GOOD=1 LOH_PENALTY_REFINE_ON_LATE=1 LOH_PENALTY_NO_EVICT_REWARD=keep LOH_PENALTY_BASELINE_DECAY=0.99 LOH_SURVIVAL_BINS=64 LOH_SURVIVAL_QUANTILE=0.99 LOH_SURVIVAL_MINCOUNT=1000 LOH_PENALTY_NET_GOOD_SCALE=1.0 LOH_PENALTY_NET_PENALTY_SCALE=1.0"
29,1,2901,bestcfg_penalty_3t_3m_20260207_000001__meta_reag_029_r01,0,0.368128,0.224500,0.01,"data/MetaCDN/meta_reag.oracleGeneral.zst",0.1,"LOH_PARALLEL_SAFE=1 LOH_SKIP_PIP_INSTALL=1 LOH_SKIP_BUILD=1 LOH_DEBUG_LEVEL=1 CACHESIM_VERBOSE=0 CACHESIM_NUM_REQ=3000000 LOH_RL_ALGO=SAC LOH_ACTION_SCALE=1.0 LOH_SCORE_USE_COMPOUND=1 LOH_SCORE_USE_IRT=1 LOH_USE_SOFTMAX=1 LOH_USE_HEURISTIC_SIGNS=0 LOH_INCLUDE_HIT_MISS_FEATURES=0 LOH_INCLUDE_CACHE_FEATURES=0 LOH_INCLUDE_CANDIDATE_FEATURES=0 LOH_INCLUDE_TOPK_CANDIDATE_FEATURES=0 LOH_INCLUDE_AVGTOPK_CANDIDATE_FEATURES=0 LOH_INCLUDE_REQUEST=0 LOH_ENABLE_PENALTY=1 LOH_REWARD_USE_PENALTY=1 LOH_PENALTY_SCALE=log LOH_PENALTY_REWARD_FORMULA=centered LOH_REWARD_W_PENALTY=0.2 LOH_PENALTY_CUTOFF=0 LOH_PENALTY_DMAX=400000 LOH_PENALTY_EMPTY_AS_GOOD=1 LOH_PENALTY_REFINE_ON_LATE=1 LOH_PENALTY_NO_EVICT_REWARD=keep LOH_PENALTY_BASELINE_DECAY=0.99 LOH_SURVIVAL_BINS=64 LOH_SURVIVAL_QUANTILE=0.99 LOH_SURVIVAL_MINCOUNT=1000 LOH_PENALTY_NET_GOOD_SCALE=1.0 LOH_PENALTY_NET_PENALTY_SCALE=1.0"
30,1,3001,bestcfg_penalty_3t_3m_20260207_000001__meta_reag_030_r01,0,0.368195,0.225064,0.01,"data/MetaCDN/meta_reag.oracleGeneral.zst",0.1,"LOH_PARALLEL_SAFE=1 LOH_SKIP_PIP_INSTALL=1 LOH_SKIP_BUILD=1 LOH_DEBUG_LEVEL=1 CACHESIM_VERBOSE=0 CACHESIM_NUM_REQ=3000000 LOH_RL_ALGO=SAC LOH_ACTION_SCALE=1.0 LOH_SCORE_USE_COMPOUND=1 LOH_SCORE_USE_IRT=1 LOH_USE_SOFTMAX=1 LOH_USE_HEURISTIC_SIGNS=0 LOH_INCLUDE_HIT_MISS_FEATURES=0 LOH_INCLUDE_CACHE_FEATURES=0 LOH_INCLUDE_CANDIDATE_FEATURES=0 LOH_INCLUDE_TOPK_CANDIDATE_FEATURES=0 LOH_INCLUDE_AVGTOPK_CANDIDATE_FEATURES=0 LOH_INCLUDE_REQUEST=0 LOH_ENABLE_PENALTY=1 LOH_REWARD_USE_PENALTY=1 LOH_PENALTY_SCALE=log LOH_PENALTY_REWARD_FORMULA=centered LOH_REWARD_W_PENALTY=0.5 LOH_PENALTY_CUTOFF=0 LOH_PENALTY_DMAX=400000 LOH_PENALTY_EMPTY_AS_GOOD=1 LOH_PENALTY_REFINE_ON_LATE=1 LOH_PENALTY_NO_EVICT_REWARD=keep LOH_PENALTY_BASELINE_DECAY=0.99 LOH_SURVIVAL_BINS=64 LOH_SURVIVAL_QUANTILE=0.99 LOH_SURVIVAL_MINCOUNT=1000 LOH_PENALTY_NET_GOOD_SCALE=1.0 LOH_PENALTY_NET_PENALTY_SCALE=1.0"
31,1,3101,bestcfg_penalty_3t_3m_20260207_000001__meta_reag_031_r01,0,0.368311,0.225006,0.01,"data/MetaCDN/meta_reag.oracleGeneral.zst",0.1,"LOH_PARALLEL_SAFE=1 LOH_SKIP_PIP_INSTALL=1 LOH_SKIP_BUILD=1 LOH_DEBUG_LEVEL=1 CACHESIM_VERBOSE=0 CACHESIM_NUM_REQ=3000000 LOH_RL_ALGO=SAC LOH_ACTION_SCALE=1.0 LOH_SCORE_USE_COMPOUND=1 LOH_SCORE_USE_IRT=1 LOH_USE_SOFTMAX=1 LOH_USE_HEURISTIC_SIGNS=0 LOH_INCLUDE_HIT_MISS_FEATURES=0 LOH_INCLUDE_CACHE_FEATURES=0 LOH_INCLUDE_CANDIDATE_FEATURES=0 LOH_INCLUDE_TOPK_CANDIDATE_FEATURES=0 LOH_INCLUDE_AVGTOPK_CANDIDATE_FEATURES=0 LOH_INCLUDE_REQUEST=0 LOH_ENABLE_PENALTY=1 LOH_REWARD_USE_PENALTY=1 LOH_PENALTY_SCALE=log LOH_PENALTY_REWARD_FORMULA=centered LOH_REWARD_W_PENALTY=1.0 LOH_PENALTY_CUTOFF=0 LOH_PENALTY_DMAX=400000 LOH_PENALTY_EMPTY_AS_GOOD=1 LOH_PENALTY_REFINE_ON_LATE=1 LOH_PENALTY_NO_EVICT_REWARD=keep LOH_PENALTY_BASELINE_DECAY=0.99 LOH_SURVIVAL_BINS=64 LOH_SURVIVAL_QUANTILE=0.99 LOH_SURVIVAL_MINCOUNT=1000 LOH_PENALTY_NET_GOOD_SCALE=1.0 LOH_PENALTY_NET_PENALTY_SCALE=1.0"
32,1,3201,bestcfg_penalty_3t_3m_20260207_000001__meta_reag_032_r01,0,0.368171,0.225414,0.01,"data/MetaCDN/meta_reag.oracleGeneral.zst",0.1,"LOH_PARALLEL_SAFE=1 LOH_SKIP_PIP_INSTALL=1 LOH_SKIP_BUILD=1 LOH_DEBUG_LEVEL=1 CACHESIM_VERBOSE=0 CACHESIM_NUM_REQ=3000000 LOH_RL_ALGO=SAC LOH_ACTION_SCALE=1.0 LOH_SCORE_USE_COMPOUND=1 LOH_SCORE_USE_IRT=1 LOH_USE_SOFTMAX=1 LOH_USE_HEURISTIC_SIGNS=0 LOH_INCLUDE_HIT_MISS_FEATURES=0 LOH_INCLUDE_CACHE_FEATURES=0 LOH_INCLUDE_CANDIDATE_FEATURES=0 LOH_INCLUDE_TOPK_CANDIDATE_FEATURES=0 LOH_INCLUDE_AVGTOPK_CANDIDATE_FEATURES=0 LOH_INCLUDE_REQUEST=0 LOH_ENABLE_PENALTY=1 LOH_REWARD_USE_PENALTY=1 LOH_PENALTY_SCALE=log LOH_PENALTY_REWARD_FORMULA=one_minus LOH_REWARD_W_PENALTY=0.1 LOH_PENALTY_CUTOFF=0 LOH_PENALTY_DMAX=400000 LOH_PENALTY_EMPTY_AS_GOOD=1 LOH_PENALTY_REFINE_ON_LATE=1 LOH_PENALTY_NO_EVICT_REWARD=keep LOH_PENALTY_BASELINE_DECAY=0.99 LOH_SURVIVAL_BINS=64 LOH_SURVIVAL_QUANTILE=0.99 LOH_SURVIVAL_MINCOUNT=1000 LOH_PENALTY_NET_GOOD_SCALE=1.0 LOH_PENALTY_NET_PENALTY_SCALE=1.0"
33,1,3301,bestcfg_penalty_3t_3m_20260207_000001__meta_reag_033_r01,0,0.368168,0.225490,0.01,"data/MetaCDN/meta_reag.oracleGeneral.zst",0.1,"LOH_PARALLEL_SAFE=1 LOH_SKIP_PIP_INSTALL=1 LOH_SKIP_BUILD=1 LOH_DEBUG_LEVEL=1 CACHESIM_VERBOSE=0 CACHESIM_NUM_REQ=3000000 LOH_RL_ALGO=SAC LOH_ACTION_SCALE=1.0 LOH_SCORE_USE_COMPOUND=1 LOH_SCORE_USE_IRT=1 LOH_USE_SOFTMAX=1 LOH_USE_HEURISTIC_SIGNS=0 LOH_INCLUDE_HIT_MISS_FEATURES=0 LOH_INCLUDE_CACHE_FEATURES=0 LOH_INCLUDE_CANDIDATE_FEATURES=0 LOH_INCLUDE_TOPK_CANDIDATE_FEATURES=0 LOH_INCLUDE_AVGTOPK_CANDIDATE_FEATURES=0 LOH_INCLUDE_REQUEST=0 LOH_ENABLE_PENALTY=1 LOH_REWARD_USE_PENALTY=1 LOH_PENALTY_SCALE=log LOH_PENALTY_REWARD_FORMULA=one_minus LOH_REWARD_W_PENALTY=0.2 LOH_PENALTY_CUTOFF=0 LOH_PENALTY_DMAX=400000 LOH_PENALTY_EMPTY_AS_GOOD=1 LOH_PENALTY_REFINE_ON_LATE=1 LOH_PENALTY_NO_EVICT_REWARD=keep LOH_PENALTY_BASELINE_DECAY=0.99 LOH_SURVIVAL_BINS=64 LOH_SURVIVAL_QUANTILE=0.99 LOH_SURVIVAL_MINCOUNT=1000 LOH_PENALTY_NET_GOOD_SCALE=1.0 LOH_PENALTY_NET_PENALTY_SCALE=1.0"
34,1,3401,bestcfg_penalty_3t_3m_20260207_000001__meta_reag_034_r01,0,0.368237,0.224809,0.01,"data/MetaCDN/meta_reag.oracleGeneral.zst",0.1,"LOH_PARALLEL_SAFE=1 LOH_SKIP_PIP_INSTALL=1 LOH_SKIP_BUILD=1 LOH_DEBUG_LEVEL=1 CACHESIM_VERBOSE=0 CACHESIM_NUM_REQ=3000000 LOH_RL_ALGO=SAC LOH_ACTION_SCALE=1.0 LOH_SCORE_USE_COMPOUND=1 LOH_SCORE_USE_IRT=1 LOH_USE_SOFTMAX=1 LOH_USE_HEURISTIC_SIGNS=0 LOH_INCLUDE_HIT_MISS_FEATURES=0 LOH_INCLUDE_CACHE_FEATURES=0 LOH_INCLUDE_CANDIDATE_FEATURES=0 LOH_INCLUDE_TOPK_CANDIDATE_FEATURES=0 LOH_INCLUDE_AVGTOPK_CANDIDATE_FEATURES=0 LOH_INCLUDE_REQUEST=0 LOH_ENABLE_PENALTY=1 LOH_REWARD_USE_PENALTY=1 LOH_PENALTY_SCALE=log LOH_PENALTY_REWARD_FORMULA=one_minus LOH_REWARD_W_PENALTY=0.5 LOH_PENALTY_CUTOFF=0 LOH_PENALTY_DMAX=400000 LOH_PENALTY_EMPTY_AS_GOOD=1 LOH_PENALTY_REFINE_ON_LATE=1 LOH_PENALTY_NO_EVICT_REWARD=keep LOH_PENALTY_BASELINE_DECAY=0.99 LOH_SURVIVAL_BINS=64 LOH_SURVIVAL_QUANTILE=0.99 LOH_SURVIVAL_MINCOUNT=1000 LOH_PENALTY_NET_GOOD_SCALE=1.0 LOH_PENALTY_NET_PENALTY_SCALE=1.0"
35,1,3501,bestcfg_penalty_3t_3m_20260207_000001__meta_reag_035_r01,0,0.368170,0.225683,0.01,"data/MetaCDN/meta_reag.oracleGeneral.zst",0.1,"LOH_PARALLEL_SAFE=1 LOH_SKIP_PIP_INSTALL=1 LOH_SKIP_BUILD=1 LOH_DEBUG_LEVEL=1 CACHESIM_VERBOSE=0 CACHESIM_NUM_REQ=3000000 LOH_RL_ALGO=SAC LOH_ACTION_SCALE=1.0 LOH_SCORE_USE_COMPOUND=1 LOH_SCORE_USE_IRT=1 LOH_USE_SOFTMAX=1 LOH_USE_HEURISTIC_SIGNS=0 LOH_INCLUDE_HIT_MISS_FEATURES=0 LOH_INCLUDE_CACHE_FEATURES=0 LOH_INCLUDE_CANDIDATE_FEATURES=0 LOH_INCLUDE_TOPK_CANDIDATE_FEATURES=0 LOH_INCLUDE_AVGTOPK_CANDIDATE_FEATURES=0 LOH_INCLUDE_REQUEST=0 LOH_ENABLE_PENALTY=1 LOH_REWARD_USE_PENALTY=1 LOH_PENALTY_SCALE=log LOH_PENALTY_REWARD_FORMULA=one_minus LOH_REWARD_W_PENALTY=1.0 LOH_PENALTY_CUTOFF=0 LOH_PENALTY_DMAX=400000 LOH_PENALTY_EMPTY_AS_GOOD=1 LOH_PENALTY_REFINE_ON_LATE=1 LOH_PENALTY_NO_EVICT_REWARD=keep LOH_PENALTY_BASELINE_DECAY=0.99 LOH_SURVIVAL_BINS=64 LOH_SURVIVAL_QUANTILE=0.99 LOH_SURVIVAL_MINCOUNT=1000 LOH_PENALTY_NET_GOOD_SCALE=1.0 LOH_PENALTY_NET_PENALTY_SCALE=1.0"
36,1,3601,bestcfg_penalty_3t_3m_20260207_000001__meta_reag_036_r01,0,0.368247,0.225335,0.01,"data/MetaCDN/meta_reag.oracleGeneral.zst",0.1,"LOH_PARALLEL_SAFE=1 LOH_SKIP_PIP_INSTALL=1 LOH_SKIP_BUILD=1 LOH_DEBUG_LEVEL=1 CACHESIM_VERBOSE=0 CACHESIM_NUM_REQ=3000000 LOH_RL_ALGO=SAC LOH_ACTION_SCALE=1.0 LOH_SCORE_USE_COMPOUND=1 LOH_SCORE_USE_IRT=1 LOH_USE_SOFTMAX=1 LOH_USE_HEURISTIC_SIGNS=0 LOH_INCLUDE_HIT_MISS_FEATURES=0 LOH_INCLUDE_CACHE_FEATURES=0 LOH_INCLUDE_CANDIDATE_FEATURES=0 LOH_INCLUDE_TOPK_CANDIDATE_FEATURES=0 LOH_INCLUDE_AVGTOPK_CANDIDATE_FEATURES=0 LOH_INCLUDE_REQUEST=0 LOH_ENABLE_PENALTY=1 LOH_REWARD_USE_PENALTY=1 LOH_PENALTY_SCALE=log LOH_PENALTY_REWARD_FORMULA=neg LOH_REWARD_W_PENALTY=0.1 LOH_PENALTY_CUTOFF=0 LOH_PENALTY_DMAX=400000 LOH_PENALTY_EMPTY_AS_GOOD=1 LOH_PENALTY_REFINE_ON_LATE=1 LOH_PENALTY_NO_EVICT_REWARD=keep LOH_PENALTY_BASELINE_DECAY=0.99 LOH_SURVIVAL_BINS=64 LOH_SURVIVAL_QUANTILE=0.99 LOH_SURVIVAL_MINCOUNT=1000 LOH_PENALTY_NET_GOOD_SCALE=1.0 LOH_PENALTY_NET_PENALTY_SCALE=1.0"
37,1,3701,bestcfg_penalty_3t_3m_20260207_000001__meta_reag_037_r01,0,0.368272,0.225318,0.01,"data/MetaCDN/meta_reag.oracleGeneral.zst",0.1,"LOH_PARALLEL_SAFE=1 LOH_SKIP_PIP_INSTALL=1 LOH_SKIP_BUILD=1 LOH_DEBUG_LEVEL=1 CACHESIM_VERBOSE=0 CACHESIM_NUM_REQ=3000000 LOH_RL_ALGO=SAC LOH_ACTION_SCALE=1.0 LOH_SCORE_USE_COMPOUND=1 LOH_SCORE_USE_IRT=1 LOH_USE_SOFTMAX=1 LOH_USE_HEURISTIC_SIGNS=0 LOH_INCLUDE_HIT_MISS_FEATURES=0 LOH_INCLUDE_CACHE_FEATURES=0 LOH_INCLUDE_CANDIDATE_FEATURES=0 LOH_INCLUDE_TOPK_CANDIDATE_FEATURES=0 LOH_INCLUDE_AVGTOPK_CANDIDATE_FEATURES=0 LOH_INCLUDE_REQUEST=0 LOH_ENABLE_PENALTY=1 LOH_REWARD_USE_PENALTY=1 LOH_PENALTY_SCALE=log LOH_PENALTY_REWARD_FORMULA=neg LOH_REWARD_W_PENALTY=0.2 LOH_PENALTY_CUTOFF=0 LOH_PENALTY_DMAX=400000 LOH_PENALTY_EMPTY_AS_GOOD=1 LOH_PENALTY_REFINE_ON_LATE=1 LOH_PENALTY_NO_EVICT_REWARD=keep LOH_PENALTY_BASELINE_DECAY=0.99 LOH_SURVIVAL_BINS=64 LOH_SURVIVAL_QUANTILE=0.99 LOH_SURVIVAL_MINCOUNT=1000 LOH_PENALTY_NET_GOOD_SCALE=1.0 LOH_PENALTY_NET_PENALTY_SCALE=1.0"
38,1,3801,bestcfg_penalty_3t_3m_20260207_000001__meta_reag_038_r01,0,0.368232,0.225176,0.01,"data/MetaCDN/meta_reag.oracleGeneral.zst",0.1,"LOH_PARALLEL_SAFE=1 LOH_SKIP_PIP_INSTALL=1 LOH_SKIP_BUILD=1 LOH_DEBUG_LEVEL=1 CACHESIM_VERBOSE=0 CACHESIM_NUM_REQ=3000000 LOH_RL_ALGO=SAC LOH_ACTION_SCALE=1.0 LOH_SCORE_USE_COMPOUND=1 LOH_SCORE_USE_IRT=1 LOH_USE_SOFTMAX=1 LOH_USE_HEURISTIC_SIGNS=0 LOH_INCLUDE_HIT_MISS_FEATURES=0 LOH_INCLUDE_CACHE_FEATURES=0 LOH_INCLUDE_CANDIDATE_FEATURES=0 LOH_INCLUDE_TOPK_CANDIDATE_FEATURES=0 LOH_INCLUDE_AVGTOPK_CANDIDATE_FEATURES=0 LOH_INCLUDE_REQUEST=0 LOH_ENABLE_PENALTY=1 LOH_REWARD_USE_PENALTY=1 LOH_PENALTY_SCALE=log LOH_PENALTY_REWARD_FORMULA=neg LOH_REWARD_W_PENALTY=0.5 LOH_PENALTY_CUTOFF=0 LOH_PENALTY_DMAX=400000 LOH_PENALTY_EMPTY_AS_GOOD=1 LOH_PENALTY_REFINE_ON_LATE=1 LOH_PENALTY_NO_EVICT_REWARD=keep LOH_PENALTY_BASELINE_DECAY=0.99 LOH_SURVIVAL_BINS=64 LOH_SURVIVAL_QUANTILE=0.99 LOH_SURVIVAL_MINCOUNT=1000 LOH_PENALTY_NET_GOOD_SCALE=1.0 LOH_PENALTY_NET_PENALTY_SCALE=1.0"
39,1,3901,bestcfg_penalty_3t_3m_20260207_000001__meta_reag_039_r01,0,0.368219,0.224628,0.01,"data/MetaCDN/meta_reag.oracleGeneral.zst",0.1,"LOH_PARALLEL_SAFE=1 LOH_SKIP_PIP_INSTALL=1 LOH_SKIP_BUILD=1 LOH_DEBUG_LEVEL=1 CACHESIM_VERBOSE=0 CACHESIM_NUM_REQ=3000000 LOH_RL_ALGO=SAC LOH_ACTION_SCALE=1.0 LOH_SCORE_USE_COMPOUND=1 LOH_SCORE_USE_IRT=1 LOH_USE_SOFTMAX=1 LOH_USE_HEURISTIC_SIGNS=0 LOH_INCLUDE_HIT_MISS_FEATURES=0 LOH_INCLUDE_CACHE_FEATURES=0 LOH_INCLUDE_CANDIDATE_FEATURES=0 LOH_INCLUDE_TOPK_CANDIDATE_FEATURES=0 LOH_INCLUDE_AVGTOPK_CANDIDATE_FEATURES=0 LOH_INCLUDE_REQUEST=0 LOH_ENABLE_PENALTY=1 LOH_REWARD_USE_PENALTY=1 LOH_PENALTY_SCALE=log LOH_PENALTY_REWARD_FORMULA=neg LOH_REWARD_W_PENALTY=1.0 LOH_PENALTY_CUTOFF=0 LOH_PENALTY_DMAX=400000 LOH_PENALTY_EMPTY_AS_GOOD=1 LOH_PENALTY_REFINE_ON_LATE=1 LOH_PENALTY_NO_EVICT_REWARD=keep LOH_PENALTY_BASELINE_DECAY=0.99 LOH_SURVIVAL_BINS=64 LOH_SURVIVAL_QUANTILE=0.99 LOH_SURVIVAL_MINCOUNT=1000 LOH_PENALTY_NET_GOOD_SCALE=1.0 LOH_PENALTY_NET_PENALTY_SCALE=1.0"
40,1,4001,bestcfg_penalty_3t_3m_20260207_000001__meta_reag_040_r01,0,0.368215,0.225061,0.01,"data/MetaCDN/meta_reag.oracleGeneral.zst",0.1,"LOH_PARALLEL_SAFE=1 LOH_SKIP_PIP_INSTALL=1 LOH_SKIP_BUILD=1 LOH_DEBUG_LEVEL=1 CACHESIM_VERBOSE=0 CACHESIM_NUM_REQ=3000000 LOH_RL_ALGO=SAC LOH_ACTION_SCALE=1.0 LOH_SCORE_USE_COMPOUND=1 LOH_SCORE_USE_IRT=1 LOH_USE_SOFTMAX=1 LOH_USE_HEURISTIC_SIGNS=0 LOH_INCLUDE_HIT_MISS_FEATURES=0 LOH_INCLUDE_CACHE_FEATURES=0 LOH_INCLUDE_CANDIDATE_FEATURES=0 LOH_INCLUDE_TOPK_CANDIDATE_FEATURES=0 LOH_INCLUDE_AVGTOPK_CANDIDATE_FEATURES=0 LOH_INCLUDE_REQUEST=0 LOH_ENABLE_PENALTY=1 LOH_REWARD_USE_PENALTY=1 LOH_PENALTY_SCALE=log LOH_PENALTY_REWARD_FORMULA=net LOH_REWARD_W_PENALTY=1.0 LOH_PENALTY_CUTOFF=0 LOH_PENALTY_DMAX=400000 LOH_PENALTY_EMPTY_AS_GOOD=1 LOH_PENALTY_REFINE_ON_LATE=1 LOH_PENALTY_NO_EVICT_REWARD=keep LOH_PENALTY_BASELINE_DECAY=0.99 LOH_SURVIVAL_BINS=64 LOH_SURVIVAL_QUANTILE=0.99 LOH_SURVIVAL_MINCOUNT=1000 LOH_PENALTY_NET_GOOD_SCALE=1.0 LOH_PENALTY_NET_PENALTY_SCALE=1.0"
41,1,4101,bestcfg_penalty_3t_3m_20260207_000001__meta_reag_041_r01,0,0.368222,0.224889,0.01,"data/MetaCDN/meta_reag.oracleGeneral.zst",0.1,"LOH_PARALLEL_SAFE=1 LOH_SKIP_PIP_INSTALL=1 LOH_SKIP_BUILD=1 LOH_DEBUG_LEVEL=1 CACHESIM_VERBOSE=0 CACHESIM_NUM_REQ=3000000 LOH_RL_ALGO=SAC LOH_ACTION_SCALE=1.0 LOH_SCORE_USE_COMPOUND=1 LOH_SCORE_USE_IRT=1 LOH_USE_SOFTMAX=1 LOH_USE_HEURISTIC_SIGNS=0 LOH_INCLUDE_HIT_MISS_FEATURES=0 LOH_INCLUDE_CACHE_FEATURES=0 LOH_INCLUDE_CANDIDATE_FEATURES=0 LOH_INCLUDE_TOPK_CANDIDATE_FEATURES=0 LOH_INCLUDE_AVGTOPK_CANDIDATE_FEATURES=0 LOH_INCLUDE_REQUEST=0 LOH_ENABLE_PENALTY=1 LOH_REWARD_USE_PENALTY=1 LOH_PENALTY_SCALE=log LOH_PENALTY_REWARD_FORMULA=net LOH_REWARD_W_PENALTY=2.0 LOH_PENALTY_CUTOFF=0 LOH_PENALTY_DMAX=400000 LOH_PENALTY_EMPTY_AS_GOOD=1 LOH_PENALTY_REFINE_ON_LATE=1 LOH_PENALTY_NO_EVICT_REWARD=keep LOH_PENALTY_BASELINE_DECAY=0.99 LOH_SURVIVAL_BINS=64 LOH_SURVIVAL_QUANTILE=0.99 LOH_SURVIVAL_MINCOUNT=1000 LOH_PENALTY_NET_GOOD_SCALE=1.0 LOH_PENALTY_NET_PENALTY_SCALE=1.0"
42,1,4201,bestcfg_penalty_3t_3m_20260207_000001__meta_reag_042_r01,0,0.368269,0.225712,0.01,"data/MetaCDN/meta_reag.oracleGeneral.zst",0.1,"LOH_PARALLEL_SAFE=1 LOH_SKIP_PIP_INSTALL=1 LOH_SKIP_BUILD=1 LOH_DEBUG_LEVEL=1 CACHESIM_VERBOSE=0 CACHESIM_NUM_REQ=3000000 LOH_RL_ALGO=SAC LOH_ACTION_SCALE=1.0 LOH_SCORE_USE_COMPOUND=1 LOH_SCORE_USE_IRT=1 LOH_USE_SOFTMAX=1 LOH_USE_HEURISTIC_SIGNS=0 LOH_INCLUDE_HIT_MISS_FEATURES=0 LOH_INCLUDE_CACHE_FEATURES=0 LOH_INCLUDE_CANDIDATE_FEATURES=0 LOH_INCLUDE_TOPK_CANDIDATE_FEATURES=0 LOH_INCLUDE_AVGTOPK_CANDIDATE_FEATURES=0 LOH_INCLUDE_REQUEST=0 LOH_ENABLE_PENALTY=1 LOH_REWARD_USE_PENALTY=1 LOH_PENALTY_SCALE=log LOH_PENALTY_REWARD_FORMULA=net LOH_REWARD_W_PENALTY=3.0 LOH_PENALTY_CUTOFF=0 LOH_PENALTY_DMAX=400000 LOH_PENALTY_EMPTY_AS_GOOD=1 LOH_PENALTY_REFINE_ON_LATE=1 LOH_PENALTY_NO_EVICT_REWARD=keep LOH_PENALTY_BASELINE_DECAY=0.99 LOH_SURVIVAL_BINS=64 LOH_SURVIVAL_QUANTILE=0.99 LOH_SURVIVAL_MINCOUNT=1000 LOH_PENALTY_NET_GOOD_SCALE=1.0 LOH_PENALTY_NET_PENALTY_SCALE=1.0"
43,1,4301,bestcfg_penalty_3t_3m_20260207_000001__meta_reag_043_r01,0,0.368142,0.224880,0.01,"data/MetaCDN/meta_reag.oracleGeneral.zst",0.1,"LOH_PARALLEL_SAFE=1 LOH_SKIP_PIP_INSTALL=1 LOH_SKIP_BUILD=1 LOH_DEBUG_LEVEL=1 CACHESIM_VERBOSE=0 CACHESIM_NUM_REQ=3000000 LOH_RL_ALGO=SAC LOH_ACTION_SCALE=1.0 LOH_SCORE_USE_COMPOUND=1 LOH_SCORE_USE_IRT=1 LOH_USE_SOFTMAX=1 LOH_USE_HEURISTIC_SIGNS=0 LOH_INCLUDE_HIT_MISS_FEATURES=0 LOH_INCLUDE_CACHE_FEATURES=0 LOH_INCLUDE_CANDIDATE_FEATURES=0 LOH_INCLUDE_TOPK_CANDIDATE_FEATURES=0 LOH_INCLUDE_AVGTOPK_CANDIDATE_FEATURES=0 LOH_INCLUDE_REQUEST=0 LOH_ENABLE_PENALTY=1 LOH_REWARD_USE_PENALTY=1 LOH_PENALTY_SCALE=log LOH_PENALTY_REWARD_FORMULA=net2 LOH_REWARD_W_PENALTY=1.0 LOH_PENALTY_CUTOFF=0 LOH_PENALTY_DMAX=400000 LOH_PENALTY_EMPTY_AS_GOOD=1 LOH_PENALTY_REFINE_ON_LATE=1 LOH_PENALTY_NO_EVICT_REWARD=keep LOH_PENALTY_BASELINE_DECAY=0.99 LOH_SURVIVAL_BINS=64 LOH_SURVIVAL_QUANTILE=0.99 LOH_SURVIVAL_MINCOUNT=1000 LOH_PENALTY_NET_GOOD_SCALE=1.0 LOH_PENALTY_NET_PENALTY_SCALE=1.0"
44,1,4401,bestcfg_penalty_3t_3m_20260207_000001__meta_reag_044_r01,0,0.368118,0.225014,0.01,"data/MetaCDN/meta_reag.oracleGeneral.zst",0.1,"LOH_PARALLEL_SAFE=1 LOH_SKIP_PIP_INSTALL=1 LOH_SKIP_BUILD=1 LOH_DEBUG_LEVEL=1 CACHESIM_VERBOSE=0 CACHESIM_NUM_REQ=3000000 LOH_RL_ALGO=SAC LOH_ACTION_SCALE=1.0 LOH_SCORE_USE_COMPOUND=1 LOH_SCORE_USE_IRT=1 LOH_USE_SOFTMAX=1 LOH_USE_HEURISTIC_SIGNS=0 LOH_INCLUDE_HIT_MISS_FEATURES=0 LOH_INCLUDE_CACHE_FEATURES=0 LOH_INCLUDE_CANDIDATE_FEATURES=0 LOH_INCLUDE_TOPK_CANDIDATE_FEATURES=0 LOH_INCLUDE_AVGTOPK_CANDIDATE_FEATURES=0 LOH_INCLUDE_REQUEST=0 LOH_ENABLE_PENALTY=1 LOH_REWARD_USE_PENALTY=1 LOH_PENALTY_SCALE=log LOH_PENALTY_REWARD_FORMULA=net2 LOH_REWARD_W_PENALTY=2.0 LOH_PENALTY_CUTOFF=0 LOH_PENALTY_DMAX=400000 LOH_PENALTY_EMPTY_AS_GOOD=1 LOH_PENALTY_REFINE_ON_LATE=1 LOH_PENALTY_NO_EVICT_REWARD=keep LOH_PENALTY_BASELINE_DECAY=0.99 LOH_SURVIVAL_BINS=64 LOH_SURVIVAL_QUANTILE=0.99 LOH_SURVIVAL_MINCOUNT=1000 LOH_PENALTY_NET_GOOD_SCALE=1.0 LOH_PENALTY_NET_PENALTY_SCALE=1.0"
45,1,4501,bestcfg_penalty_3t_3m_20260207_000001__meta_reag_045_r01,0,0.368316,0.224539,0.01,"data/MetaCDN/meta_reag.oracleGeneral.zst",0.1,"LOH_PARALLEL_SAFE=1 LOH_SKIP_PIP_INSTALL=1 LOH_SKIP_BUILD=1 LOH_DEBUG_LEVEL=1 CACHESIM_VERBOSE=0 CACHESIM_NUM_REQ=3000000 LOH_RL_ALGO=SAC LOH_ACTION_SCALE=1.0 LOH_SCORE_USE_COMPOUND=1 LOH_SCORE_USE_IRT=1 LOH_USE_SOFTMAX=1 LOH_USE_HEURISTIC_SIGNS=0 LOH_INCLUDE_HIT_MISS_FEATURES=0 LOH_INCLUDE_CACHE_FEATURES=0 LOH_INCLUDE_CANDIDATE_FEATURES=0 LOH_INCLUDE_TOPK_CANDIDATE_FEATURES=0 LOH_INCLUDE_AVGTOPK_CANDIDATE_FEATURES=0 LOH_INCLUDE_REQUEST=0 LOH_ENABLE_PENALTY=1 LOH_REWARD_USE_PENALTY=1 LOH_PENALTY_SCALE=log LOH_PENALTY_REWARD_FORMULA=net2 LOH_REWARD_W_PENALTY=3.0 LOH_PENALTY_CUTOFF=0 LOH_PENALTY_DMAX=400000 LOH_PENALTY_EMPTY_AS_GOOD=1 LOH_PENALTY_REFINE_ON_LATE=1 LOH_PENALTY_NO_EVICT_REWARD=keep LOH_PENALTY_BASELINE_DECAY=0.99 LOH_SURVIVAL_BINS=64 LOH_SURVIVAL_QUANTILE=0.99 LOH_SURVIVAL_MINCOUNT=1000 LOH_PENALTY_NET_GOOD_SCALE=1.0 LOH_PENALTY_NET_PENALTY_SCALE=1.0"
46,1,4601,bestcfg_penalty_3t_3m_20260207_000001__meta_reag_046_r01,0,0.368293,0.225017,0.01,"data/MetaCDN/meta_reag.oracleGeneral.zst",0.1,"LOH_PARALLEL_SAFE=1 LOH_SKIP_PIP_INSTALL=1 LOH_SKIP_BUILD=1 LOH_DEBUG_LEVEL=1 CACHESIM_VERBOSE=0 CACHESIM_NUM_REQ=3000000 LOH_RL_ALGO=SAC LOH_ACTION_SCALE=1.0 LOH_SCORE_USE_COMPOUND=1 LOH_SCORE_USE_IRT=1 LOH_USE_SOFTMAX=1 LOH_USE_HEURISTIC_SIGNS=0 LOH_INCLUDE_HIT_MISS_FEATURES=0 LOH_INCLUDE_CACHE_FEATURES=0 LOH_INCLUDE_CANDIDATE_FEATURES=0 LOH_INCLUDE_TOPK_CANDIDATE_FEATURES=0 LOH_INCLUDE_AVGTOPK_CANDIDATE_FEATURES=0 LOH_INCLUDE_REQUEST=0 LOH_ENABLE_PENALTY=1 LOH_REWARD_USE_PENALTY=1 LOH_PENALTY_SCALE=survival LOH_PENALTY_REWARD_FORMULA=relative LOH_REWARD_W_PENALTY=0.1 LOH_PENALTY_CUTOFF=0 LOH_PENALTY_DMAX=400000 LOH_PENALTY_EMPTY_AS_GOOD=1 LOH_PENALTY_REFINE_ON_LATE=1 LOH_PENALTY_NO_EVICT_REWARD=keep LOH_PENALTY_BASELINE_DECAY=0.99 LOH_SURVIVAL_BINS=64 LOH_SURVIVAL_QUANTILE=0.99 LOH_SURVIVAL_MINCOUNT=1000 LOH_PENALTY_NET_GOOD_SCALE=1.0 LOH_PENALTY_NET_PENALTY_SCALE=1.0"
47,1,4701,bestcfg_penalty_3t_3m_20260207_000001__meta_reag_047_r01,0,0.368223,0.225405,0.01,"data/MetaCDN/meta_reag.oracleGeneral.zst",0.1,"LOH_PARALLEL_SAFE=1 LOH_SKIP_PIP_INSTALL=1 LOH_SKIP_BUILD=1 LOH_DEBUG_LEVEL=1 CACHESIM_VERBOSE=0 CACHESIM_NUM_REQ=3000000 LOH_RL_ALGO=SAC LOH_ACTION_SCALE=1.0 LOH_SCORE_USE_COMPOUND=1 LOH_SCORE_USE_IRT=1 LOH_USE_SOFTMAX=1 LOH_USE_HEURISTIC_SIGNS=0 LOH_INCLUDE_HIT_MISS_FEATURES=0 LOH_INCLUDE_CACHE_FEATURES=0 LOH_INCLUDE_CANDIDATE_FEATURES=0 LOH_INCLUDE_TOPK_CANDIDATE_FEATURES=0 LOH_INCLUDE_AVGTOPK_CANDIDATE_FEATURES=0 LOH_INCLUDE_REQUEST=0 LOH_ENABLE_PENALTY=1 LOH_REWARD_USE_PENALTY=1 LOH_PENALTY_SCALE=survival LOH_PENALTY_REWARD_FORMULA=relative LOH_REWARD_W_PENALTY=0.2 LOH_PENALTY_CUTOFF=0 LOH_PENALTY_DMAX=400000 LOH_PENALTY_EMPTY_AS_GOOD=1 LOH_PENALTY_REFINE_ON_LATE=1 LOH_PENALTY_NO_EVICT_REWARD=keep LOH_PENALTY_BASELINE_DECAY=0.99 LOH_SURVIVAL_BINS=64 LOH_SURVIVAL_QUANTILE=0.99 LOH_SURVIVAL_MINCOUNT=1000 LOH_PENALTY_NET_GOOD_SCALE=1.0 LOH_PENALTY_NET_PENALTY_SCALE=1.0"
48,1,4801,bestcfg_penalty_3t_3m_20260207_000001__meta_reag_048_r01,0,0.368353,0.224929,0.01,"data/MetaCDN/meta_reag.oracleGeneral.zst",0.1,"LOH_PARALLEL_SAFE=1 LOH_SKIP_PIP_INSTALL=1 LOH_SKIP_BUILD=1 LOH_DEBUG_LEVEL=1 CACHESIM_VERBOSE=0 CACHESIM_NUM_REQ=3000000 LOH_RL_ALGO=SAC LOH_ACTION_SCALE=1.0 LOH_SCORE_USE_COMPOUND=1 LOH_SCORE_USE_IRT=1 LOH_USE_SOFTMAX=1 LOH_USE_HEURISTIC_SIGNS=0 LOH_INCLUDE_HIT_MISS_FEATURES=0 LOH_INCLUDE_CACHE_FEATURES=0 LOH_INCLUDE_CANDIDATE_FEATURES=0 LOH_INCLUDE_TOPK_CANDIDATE_FEATURES=0 LOH_INCLUDE_AVGTOPK_CANDIDATE_FEATURES=0 LOH_INCLUDE_REQUEST=0 LOH_ENABLE_PENALTY=1 LOH_REWARD_USE_PENALTY=1 LOH_PENALTY_SCALE=survival LOH_PENALTY_REWARD_FORMULA=relative LOH_REWARD_W_PENALTY=0.5 LOH_PENALTY_CUTOFF=0 LOH_PENALTY_DMAX=400000 LOH_PENALTY_EMPTY_AS_GOOD=1 LOH_PENALTY_REFINE_ON_LATE=1 LOH_PENALTY_NO_EVICT_REWARD=keep LOH_PENALTY_BASELINE_DECAY=0.99 LOH_SURVIVAL_BINS=64 LOH_SURVIVAL_QUANTILE=0.99 LOH_SURVIVAL_MINCOUNT=1000 LOH_PENALTY_NET_GOOD_SCALE=1.0 LOH_PENALTY_NET_PENALTY_SCALE=1.0"
49,1,4901,bestcfg_penalty_3t_3m_20260207_000001__meta_reag_049_r01,0,0.368281,0.225472,0.01,"data/MetaCDN/meta_reag.oracleGeneral.zst",0.1,"LOH_PARALLEL_SAFE=1 LOH_SKIP_PIP_INSTALL=1 LOH_SKIP_BUILD=1 LOH_DEBUG_LEVEL=1 CACHESIM_VERBOSE=0 CACHESIM_NUM_REQ=3000000 LOH_RL_ALGO=SAC LOH_ACTION_SCALE=1.0 LOH_SCORE_USE_COMPOUND=1 LOH_SCORE_USE_IRT=1 LOH_USE_SOFTMAX=1 LOH_USE_HEURISTIC_SIGNS=0 LOH_INCLUDE_HIT_MISS_FEATURES=0 LOH_INCLUDE_CACHE_FEATURES=0 LOH_INCLUDE_CANDIDATE_FEATURES=0 LOH_INCLUDE_TOPK_CANDIDATE_FEATURES=0 LOH_INCLUDE_AVGTOPK_CANDIDATE_FEATURES=0 LOH_INCLUDE_REQUEST=0 LOH_ENABLE_PENALTY=1 LOH_REWARD_USE_PENALTY=1 LOH_PENALTY_SCALE=survival LOH_PENALTY_REWARD_FORMULA=relative LOH_REWARD_W_PENALTY=1.0 LOH_PENALTY_CUTOFF=0 LOH_PENALTY_DMAX=400000 LOH_PENALTY_EMPTY_AS_GOOD=1 LOH_PENALTY_REFINE_ON_LATE=1 LOH_PENALTY_NO_EVICT_REWARD=keep LOH_PENALTY_BASELINE_DECAY=0.99 LOH_SURVIVAL_BINS=64 LOH_SURVIVAL_QUANTILE=0.99 LOH_SURVIVAL_MINCOUNT=1000 LOH_PENALTY_NET_GOOD_SCALE=1.0 LOH_PENALTY_NET_PENALTY_SCALE=1.0"
50,1,5001,bestcfg_penalty_3t_3m_20260207_000001__meta_reag_050_r01,0,0.368210,0.224534,0.01,"data/MetaCDN/meta_reag.oracleGeneral.zst",0.1,"LOH_PARALLEL_SAFE=1 LOH_SKIP_PIP_INSTALL=1 LOH_SKIP_BUILD=1 LOH_DEBUG_LEVEL=1 CACHESIM_VERBOSE=0 CACHESIM_NUM_REQ=3000000 LOH_RL_ALGO=SAC LOH_ACTION_SCALE=1.0 LOH_SCORE_USE_COMPOUND=1 LOH_SCORE_USE_IRT=1 LOH_USE_SOFTMAX=1 LOH_USE_HEURISTIC_SIGNS=0 LOH_INCLUDE_HIT_MISS_FEATURES=0 LOH_INCLUDE_CACHE_FEATURES=0 LOH_INCLUDE_CANDIDATE_FEATURES=0 LOH_INCLUDE_TOPK_CANDIDATE_FEATURES=0 LOH_INCLUDE_AVGTOPK_CANDIDATE_FEATURES=0 LOH_INCLUDE_REQUEST=0 LOH_ENABLE_PENALTY=1 LOH_REWARD_USE_PENALTY=1 LOH_PENALTY_SCALE=survival LOH_PENALTY_REWARD_FORMULA=centered LOH_REWARD_W_PENALTY=0.1 LOH_PENALTY_CUTOFF=0 LOH_PENALTY_DMAX=400000 LOH_PENALTY_EMPTY_AS_GOOD=1 LOH_PENALTY_REFINE_ON_LATE=1 LOH_PENALTY_NO_EVICT_REWARD=keep LOH_PENALTY_BASELINE_DECAY=0.99 LOH_SURVIVAL_BINS=64 LOH_SURVIVAL_QUANTILE=0.99 LOH_SURVIVAL_MINCOUNT=1000 LOH_PENALTY_NET_GOOD_SCALE=1.0 LOH_PENALTY_NET_PENALTY_SCALE=1.0"
51,1,5101,bestcfg_penalty_3t_3m_20260207_000001__meta_reag_051_r01,0,0.368185,0.225621,0.01,"data/MetaCDN/meta_reag.oracleGeneral.zst",0.1,"LOH_PARALLEL_SAFE=1 LOH_SKIP_PIP_INSTALL=1 LOH_SKIP_BUILD=1 LOH_DEBUG_LEVEL=1 CACHESIM_VERBOSE=0 CACHESIM_NUM_REQ=3000000 LOH_RL_ALGO=SAC LOH_ACTION_SCALE=1.0 LOH_SCORE_USE_COMPOUND=1 LOH_SCORE_USE_IRT=1 LOH_USE_SOFTMAX=1 LOH_USE_HEURISTIC_SIGNS=0 LOH_INCLUDE_HIT_MISS_FEATURES=0 LOH_INCLUDE_CACHE_FEATURES=0 LOH_INCLUDE_CANDIDATE_FEATURES=0 LOH_INCLUDE_TOPK_CANDIDATE_FEATURES=0 LOH_INCLUDE_AVGTOPK_CANDIDATE_FEATURES=0 LOH_INCLUDE_REQUEST=0 LOH_ENABLE_PENALTY=1 LOH_REWARD_USE_PENALTY=1 LOH_PENALTY_SCALE=survival LOH_PENALTY_REWARD_FORMULA=centered LOH_REWARD_W_PENALTY=0.2 LOH_PENALTY_CUTOFF=0 LOH_PENALTY_DMAX=400000 LOH_PENALTY_EMPTY_AS_GOOD=1 LOH_PENALTY_REFINE_ON_LATE=1 LOH_PENALTY_NO_EVICT_REWARD=keep LOH_PENALTY_BASELINE_DECAY=0.99 LOH_SURVIVAL_BINS=64 LOH_SURVIVAL_QUANTILE=0.99 LOH_SURVIVAL_MINCOUNT=1000 LOH_PENALTY_NET_GOOD_SCALE=1.0 LOH_PENALTY_NET_PENALTY_SCALE=1.0"
52,1,5201,bestcfg_penalty_3t_3m_20260207_000001__meta_reag_052_r01,0,0.368287,0.225231,0.01,"data/MetaCDN/meta_reag.oracleGeneral.zst",0.1,"LOH_PARALLEL_SAFE=1 LOH_SKIP_PIP_INSTALL=1 LOH_SKIP_BUILD=1 LOH_DEBUG_LEVEL=1 CACHESIM_VERBOSE=0 CACHESIM_NUM_REQ=3000000 LOH_RL_ALGO=SAC LOH_ACTION_SCALE=1.0 LOH_SCORE_USE_COMPOUND=1 LOH_SCORE_USE_IRT=1 LOH_USE_SOFTMAX=1 LOH_USE_HEURISTIC_SIGNS=0 LOH_INCLUDE_HIT_MISS_FEATURES=0 LOH_INCLUDE_CACHE_FEATURES=0 LOH_INCLUDE_CANDIDATE_FEATURES=0 LOH_INCLUDE_TOPK_CANDIDATE_FEATURES=0 LOH_INCLUDE_AVGTOPK_CANDIDATE_FEATURES=0 LOH_INCLUDE_REQUEST=0 LOH_ENABLE_PENALTY=1 LOH_REWARD_USE_PENALTY=1 LOH_PENALTY_SCALE=survival LOH_PENALTY_REWARD_FORMULA=centered LOH_REWARD_W_PENALTY=0.5 LOH_PENALTY_CUTOFF=0 LOH_PENALTY_DMAX=400000 LOH_PENALTY_EMPTY_AS_GOOD=1 LOH_PENALTY_REFINE_ON_LATE=1 LOH_PENALTY_NO_EVICT_REWARD=keep LOH_PENALTY_BASELINE_DECAY=0.99 LOH_SURVIVAL_BINS=64 LOH_SURVIVAL_QUANTILE=0.99 LOH_SURVIVAL_MINCOUNT=1000 LOH_PENALTY_NET_GOOD_SCALE=1.0 LOH_PENALTY_NET_PENALTY_SCALE=1.0"
53,1,5301,bestcfg_penalty_3t_3m_20260207_000001__meta_reag_053_r01,0,0.368299,0.224805,0.01,"data/MetaCDN/meta_reag.oracleGeneral.zst",0.1,"LOH_PARALLEL_SAFE=1 LOH_SKIP_PIP_INSTALL=1 LOH_SKIP_BUILD=1 LOH_DEBUG_LEVEL=1 CACHESIM_VERBOSE=0 CACHESIM_NUM_REQ=3000000 LOH_RL_ALGO=SAC LOH_ACTION_SCALE=1.0 LOH_SCORE_USE_COMPOUND=1 LOH_SCORE_USE_IRT=1 LOH_USE_SOFTMAX=1 LOH_USE_HEURISTIC_SIGNS=0 LOH_INCLUDE_HIT_MISS_FEATURES=0 LOH_INCLUDE_CACHE_FEATURES=0 LOH_INCLUDE_CANDIDATE_FEATURES=0 LOH_INCLUDE_TOPK_CANDIDATE_FEATURES=0 LOH_INCLUDE_AVGTOPK_CANDIDATE_FEATURES=0 LOH_INCLUDE_REQUEST=0 LOH_ENABLE_PENALTY=1 LOH_REWARD_USE_PENALTY=1 LOH_PENALTY_SCALE=survival LOH_PENALTY_REWARD_FORMULA=centered LOH_REWARD_W_PENALTY=1.0 LOH_PENALTY_CUTOFF=0 LOH_PENALTY_DMAX=400000 LOH_PENALTY_EMPTY_AS_GOOD=1 LOH_PENALTY_REFINE_ON_LATE=1 LOH_PENALTY_NO_EVICT_REWARD=keep LOH_PENALTY_BASELINE_DECAY=0.99 LOH_SURVIVAL_BINS=64 LOH_SURVIVAL_QUANTILE=0.99 LOH_SURVIVAL_MINCOUNT=1000 LOH_PENALTY_NET_GOOD_SCALE=1.0 LOH_PENALTY_NET_PENALTY_SCALE=1.0"
54,1,5401,bestcfg_penalty_3t_3m_20260207_000001__meta_reag_054_r01,0,0.368235,0.225446,0.01,"data/MetaCDN/meta_reag.oracleGeneral.zst",0.1,"LOH_PARALLEL_SAFE=1 LOH_SKIP_PIP_INSTALL=1 LOH_SKIP_BUILD=1 LOH_DEBUG_LEVEL=1 CACHESIM_VERBOSE=0 CACHESIM_NUM_REQ=3000000 LOH_RL_ALGO=SAC LOH_ACTION_SCALE=1.0 LOH_SCORE_USE_COMPOUND=1 LOH_SCORE_USE_IRT=1 LOH_USE_SOFTMAX=1 LOH_USE_HEURISTIC_SIGNS=0 LOH_INCLUDE_HIT_MISS_FEATURES=0 LOH_INCLUDE_CACHE_FEATURES=0 LOH_INCLUDE_CANDIDATE_FEATURES=0 LOH_INCLUDE_TOPK_CANDIDATE_FEATURES=0 LOH_INCLUDE_AVGTOPK_CANDIDATE_FEATURES=0 LOH_INCLUDE_REQUEST=0 LOH_ENABLE_PENALTY=1 LOH_REWARD_USE_PENALTY=1 LOH_PENALTY_SCALE=survival LOH_PENALTY_REWARD_FORMULA=one_minus LOH_REWARD_W_PENALTY=0.1 LOH_PENALTY_CUTOFF=0 LOH_PENALTY_DMAX=400000 LOH_PENALTY_EMPTY_AS_GOOD=1 LOH_PENALTY_REFINE_ON_LATE=1 LOH_PENALTY_NO_EVICT_REWARD=keep LOH_PENALTY_BASELINE_DECAY=0.99 LOH_SURVIVAL_BINS=64 LOH_SURVIVAL_QUANTILE=0.99 LOH_SURVIVAL_MINCOUNT=1000 LOH_PENALTY_NET_GOOD_SCALE=1.0 LOH_PENALTY_NET_PENALTY_SCALE=1.0"
55,1,5501,bestcfg_penalty_3t_3m_20260207_000001__meta_reag_055_r01,0,0.368202,0.225025,0.01,"data/MetaCDN/meta_reag.oracleGeneral.zst",0.1,"LOH_PARALLEL_SAFE=1 LOH_SKIP_PIP_INSTALL=1 LOH_SKIP_BUILD=1 LOH_DEBUG_LEVEL=1 CACHESIM_VERBOSE=0 CACHESIM_NUM_REQ=3000000 LOH_RL_ALGO=SAC LOH_ACTION_SCALE=1.0 LOH_SCORE_USE_COMPOUND=1 LOH_SCORE_USE_IRT=1 LOH_USE_SOFTMAX=1 LOH_USE_HEURISTIC_SIGNS=0 LOH_INCLUDE_HIT_MISS_FEATURES=0 LOH_INCLUDE_CACHE_FEATURES=0 LOH_INCLUDE_CANDIDATE_FEATURES=0 LOH_INCLUDE_TOPK_CANDIDATE_FEATURES=0 LOH_INCLUDE_AVGTOPK_CANDIDATE_FEATURES=0 LOH_INCLUDE_REQUEST=0 LOH_ENABLE_PENALTY=1 LOH_REWARD_USE_PENALTY=1 LOH_PENALTY_SCALE=survival LOH_PENALTY_REWARD_FORMULA=one_minus LOH_REWARD_W_PENALTY=0.2 LOH_PENALTY_CUTOFF=0 LOH_PENALTY_DMAX=400000 LOH_PENALTY_EMPTY_AS_GOOD=1 LOH_PENALTY_REFINE_ON_LATE=1 LOH_PENALTY_NO_EVICT_REWARD=keep LOH_PENALTY_BASELINE_DECAY=0.99 LOH_SURVIVAL_BINS=64 LOH_SURVIVAL_QUANTILE=0.99 LOH_SURVIVAL_MINCOUNT=1000 LOH_PENALTY_NET_GOOD_SCALE=1.0 LOH_PENALTY_NET_PENALTY_SCALE=1.0"
56,1,5601,bestcfg_penalty_3t_3m_20260207_000001__meta_reag_056_r01,0,0.368249,0.224503,0.01,"data/MetaCDN/meta_reag.oracleGeneral.zst",0.1,"LOH_PARALLEL_SAFE=1 LOH_SKIP_PIP_INSTALL=1 LOH_SKIP_BUILD=1 LOH_DEBUG_LEVEL=1 CACHESIM_VERBOSE=0 CACHESIM_NUM_REQ=3000000 LOH_RL_ALGO=SAC LOH_ACTION_SCALE=1.0 LOH_SCORE_USE_COMPOUND=1 LOH_SCORE_USE_IRT=1 LOH_USE_SOFTMAX=1 LOH_USE_HEURISTIC_SIGNS=0 LOH_INCLUDE_HIT_MISS_FEATURES=0 LOH_INCLUDE_CACHE_FEATURES=0 LOH_INCLUDE_CANDIDATE_FEATURES=0 LOH_INCLUDE_TOPK_CANDIDATE_FEATURES=0 LOH_INCLUDE_AVGTOPK_CANDIDATE_FEATURES=0 LOH_INCLUDE_REQUEST=0 LOH_ENABLE_PENALTY=1 LOH_REWARD_USE_PENALTY=1 LOH_PENALTY_SCALE=survival LOH_PENALTY_REWARD_FORMULA=one_minus LOH_REWARD_W_PENALTY=0.5 LOH_PENALTY_CUTOFF=0 LOH_PENALTY_DMAX=400000 LOH_PENALTY_EMPTY_AS_GOOD=1 LOH_PENALTY_REFINE_ON_LATE=1 LOH_PENALTY_NO_EVICT_REWARD=keep LOH_PENALTY_BASELINE_DECAY=0.99 LOH_SURVIVAL_BINS=64 LOH_SURVIVAL_QUANTILE=0.99 LOH_SURVIVAL_MINCOUNT=1000 LOH_PENALTY_NET_GOOD_SCALE=1.0 LOH_PENALTY_NET_PENALTY_SCALE=1.0"
57,1,5701,bestcfg_penalty_3t_3m_20260207_000001__meta_reag_057_r01,0,0.368143,0.224849,0.01,"data/MetaCDN/meta_reag.oracleGeneral.zst",0.1,"LOH_PARALLEL_SAFE=1 LOH_SKIP_PIP_INSTALL=1 LOH_SKIP_BUILD=1 LOH_DEBUG_LEVEL=1 CACHESIM_VERBOSE=0 CACHESIM_NUM_REQ=3000000 LOH_RL_ALGO=SAC LOH_ACTION_SCALE=1.0 LOH_SCORE_USE_COMPOUND=1 LOH_SCORE_USE_IRT=1 LOH_USE_SOFTMAX=1 LOH_USE_HEURISTIC_SIGNS=0 LOH_INCLUDE_HIT_MISS_FEATURES=0 LOH_INCLUDE_CACHE_FEATURES=0 LOH_INCLUDE_CANDIDATE_FEATURES=0 LOH_INCLUDE_TOPK_CANDIDATE_FEATURES=0 LOH_INCLUDE_AVGTOPK_CANDIDATE_FEATURES=0 LOH_INCLUDE_REQUEST=0 LOH_ENABLE_PENALTY=1 LOH_REWARD_USE_PENALTY=1 LOH_PENALTY_SCALE=survival LOH_PENALTY_REWARD_FORMULA=one_minus LOH_REWARD_W_PENALTY=1.0 LOH_PENALTY_CUTOFF=0 LOH_PENALTY_DMAX=400000 LOH_PENALTY_EMPTY_AS_GOOD=1 LOH_PENALTY_REFINE_ON_LATE=1 LOH_PENALTY_NO_EVICT_REWARD=keep LOH_PENALTY_BASELINE_DECAY=0.99 LOH_SURVIVAL_BINS=64 LOH_SURVIVAL_QUANTILE=0.99 LOH_SURVIVAL_MINCOUNT=1000 LOH_PENALTY_NET_GOOD_SCALE=1.0 LOH_PENALTY_NET_PENALTY_SCALE=1.0"
58,1,5801,bestcfg_penalty_3t_3m_20260207_000001__meta_reag_058_r01,0,0.368241,0.225755,0.01,"data/MetaCDN/meta_reag.oracleGeneral.zst",0.1,"LOH_PARALLEL_SAFE=1 LOH_SKIP_PIP_INSTALL=1 LOH_SKIP_BUILD=1 LOH_DEBUG_LEVEL=1 CACHESIM_VERBOSE=0 CACHESIM_NUM_REQ=3000000 LOH_RL_ALGO=SAC LOH_ACTION_SCALE=1.0 LOH_SCORE_USE_COMPOUND=1 LOH_SCORE_USE_IRT=1 LOH_USE_SOFTMAX=1 LOH_USE_HEURISTIC_SIGNS=0 LOH_INCLUDE_HIT_MISS_FEATURES=0 LOH_INCLUDE_CACHE_FEATURES=0 LOH_INCLUDE_CANDIDATE_FEATURES=0 LOH_INCLUDE_TOPK_CANDIDATE_FEATURES=0 LOH_INCLUDE_AVGTOPK_CANDIDATE_FEATURES=0 LOH_INCLUDE_REQUEST=0 LOH_ENABLE_PENALTY=1 LOH_REWARD_USE_PENALTY=1 LOH_PENALTY_SCALE=survival LOH_PENALTY_REWARD_FORMULA=neg LOH_REWARD_W_PENALTY=0.1 LOH_PENALTY_CUTOFF=0 LOH_PENALTY_DMAX=400000 LOH_PENALTY_EMPTY_AS_GOOD=1 LOH_PENALTY_REFINE_ON_LATE=1 LOH_PENALTY_NO_EVICT_REWARD=keep LOH_PENALTY_BASELINE_DECAY=0.99 LOH_SURVIVAL_BINS=64 LOH_SURVIVAL_QUANTILE=0.99 LOH_SURVIVAL_MINCOUNT=1000 LOH_PENALTY_NET_GOOD_SCALE=1.0 LOH_PENALTY_NET_PENALTY_SCALE=1.0"
59,1,5901,bestcfg_penalty_3t_3m_20260207_000001__meta_reag_059_r01,0,0.368143,0.225083,0.01,"data/MetaCDN/meta_reag.oracleGeneral.zst",0.1,"LOH_PARALLEL_SAFE=1 LOH_SKIP_PIP_INSTALL=1 LOH_SKIP_BUILD=1 LOH_DEBUG_LEVEL=1 CACHESIM_VERBOSE=0 CACHESIM_NUM_REQ=3000000 LOH_RL_ALGO=SAC LOH_ACTION_SCALE=1.0 LOH_SCORE_USE_COMPOUND=1 LOH_SCORE_USE_IRT=1 LOH_USE_SOFTMAX=1 LOH_USE_HEURISTIC_SIGNS=0 LOH_INCLUDE_HIT_MISS_FEATURES=0 LOH_INCLUDE_CACHE_FEATURES=0 LOH_INCLUDE_CANDIDATE_FEATURES=0 LOH_INCLUDE_TOPK_CANDIDATE_FEATURES=0 LOH_INCLUDE_AVGTOPK_CANDIDATE_FEATURES=0 LOH_INCLUDE_REQUEST=0 LOH_ENABLE_PENALTY=1 LOH_REWARD_USE_PENALTY=1 LOH_PENALTY_SCALE=survival LOH_PENALTY_REWARD_FORMULA=neg LOH_REWARD_W_PENALTY=0.2 LOH_PENALTY_CUTOFF=0 LOH_PENALTY_DMAX=400000 LOH_PENALTY_EMPTY_AS_GOOD=1 LOH_PENALTY_REFINE_ON_LATE=1 LOH_PENALTY_NO_EVICT_REWARD=keep LOH_PENALTY_BASELINE_DECAY=0.99 LOH_SURVIVAL_BINS=64 LOH_SURVIVAL_QUANTILE=0.99 LOH_SURVIVAL_MINCOUNT=1000 LOH_PENALTY_NET_GOOD_SCALE=1.0 LOH_PENALTY_NET_PENALTY_SCALE=1.0"
60,1,6001,bestcfg_penalty_3t_3m_20260207_000001__meta_reag_060_r01,0,0.368281,0.225383,0.01,"data/MetaCDN/meta_reag.oracleGeneral.zst",0.1,"LOH_PARALLEL_SAFE=1 LOH_SKIP_PIP_INSTALL=1 LOH_SKIP_BUILD=1 LOH_DEBUG_LEVEL=1 CACHESIM_VERBOSE=0 CACHESIM_NUM_REQ=3000000 LOH_RL_ALGO=SAC LOH_ACTION_SCALE=1.0 LOH_SCORE_USE_COMPOUND=1 LOH_SCORE_USE_IRT=1 LOH_USE_SOFTMAX=1 LOH_USE_HEURISTIC_SIGNS=0 LOH_INCLUDE_HIT_MISS_FEATURES=0 LOH_INCLUDE_CACHE_FEATURES=0 LOH_INCLUDE_CANDIDATE_FEATURES=0 LOH_INCLUDE_TOPK_CANDIDATE_FEATURES=0 LOH_INCLUDE_AVGTOPK_CANDIDATE_FEATURES=0 LOH_INCLUDE_REQUEST=0 LOH_ENABLE_PENALTY=1 LOH_REWARD_USE_PENALTY=1 LOH_PENALTY_SCALE=survival LOH_PENALTY_REWARD_FORMULA=neg LOH_REWARD_W_PENALTY=0.5 LOH_PENALTY_CUTOFF=0 LOH_PENALTY_DMAX=400000 LOH_PENALTY_EMPTY_AS_GOOD=1 LOH_PENALTY_REFINE_ON_LATE=1 LOH_PENALTY_NO_EVICT_REWARD=keep LOH_PENALTY_BASELINE_DECAY=0.99 LOH_SURVIVAL_BINS=64 LOH_SURVIVAL_QUANTILE=0.99 LOH_SURVIVAL_MINCOUNT=1000 LOH_PENALTY_NET_GOOD_SCALE=1.0 LOH_PENALTY_NET_PENALTY_SCALE=1.0"
61,1,6101,bestcfg_penalty_3t_3m_20260207_000001__meta_reag_061_r01,0,0.368135,0.225091,0.01,"data/MetaCDN/meta_reag.oracleGeneral.zst",0.1,"LOH_PARALLEL_SAFE=1 LOH_SKIP_PIP_INSTALL=1 LOH_SKIP_BUILD=1 LOH_DEBUG_LEVEL=1 CACHESIM_VERBOSE=0 CACHESIM_NUM_REQ=3000000 LOH_RL_ALGO=SAC LOH_ACTION_SCALE=1.0 LOH_SCORE_USE_COMPOUND=1 LOH_SCORE_USE_IRT=1 LOH_USE_SOFTMAX=1 LOH_USE_HEURISTIC_SIGNS=0 LOH_INCLUDE_HIT_MISS_FEATURES=0 LOH_INCLUDE_CACHE_FEATURES=0 LOH_INCLUDE_CANDIDATE_FEATURES=0 LOH_INCLUDE_TOPK_CANDIDATE_FEATURES=0 LOH_INCLUDE_AVGTOPK_CANDIDATE_FEATURES=0 LOH_INCLUDE_REQUEST=0 LOH_ENABLE_PENALTY=1 LOH_REWARD_USE_PENALTY=1 LOH_PENALTY_SCALE=survival LOH_PENALTY_REWARD_FORMULA=neg LOH_REWARD_W_PENALTY=1.0 LOH_PENALTY_CUTOFF=0 LOH_PENALTY_DMAX=400000 LOH_PENALTY_EMPTY_AS_GOOD=1 LOH_PENALTY_REFINE_ON_LATE=1 LOH_PENALTY_NO_EVICT_REWARD=keep LOH_PENALTY_BASELINE_DECAY=0.99 LOH_SURVIVAL_BINS=64 LOH_SURVIVAL_QUANTILE=0.99 LOH_SURVIVAL_MINCOUNT=1000 LOH_PENALTY_NET_GOOD_SCALE=1.0 LOH_PENALTY_NET_PENALTY_SCALE=1.0"
62,1,6201,bestcfg_penalty_3t_3m_20260207_000001__meta_reag_062_r01,0,0.368269,0.225440,0.01,"data/MetaCDN/meta_reag.oracleGeneral.zst",0.1,"LOH_PARALLEL_SAFE=1 LOH_SKIP_PIP_INSTALL=1 LOH_SKIP_BUILD=1 LOH_DEBUG_LEVEL=1 CACHESIM_VERBOSE=0 CACHESIM_NUM_REQ=3000000 LOH_RL_ALGO=SAC LOH_ACTION_SCALE=1.0 LOH_SCORE_USE_COMPOUND=1 LOH_SCORE_USE_IRT=1 LOH_USE_SOFTMAX=1 LOH_USE_HEURISTIC_SIGNS=0 LOH_INCLUDE_HIT_MISS_FEATURES=0 LOH_INCLUDE_CACHE_FEATURES=0 LOH_INCLUDE_CANDIDATE_FEATURES=0 LOH_INCLUDE_TOPK_CANDIDATE_FEATURES=0 LOH_INCLUDE_AVGTOPK_CANDIDATE_FEATURES=0 LOH_INCLUDE_REQUEST=0 LOH_ENABLE_PENALTY=1 LOH_REWARD_USE_PENALTY=1 LOH_PENALTY_SCALE=survival LOH_PENALTY_REWARD_FORMULA=net LOH_REWARD_W_PENALTY=1.0 LOH_PENALTY_CUTOFF=0 LOH_PENALTY_DMAX=400000 LOH_PENALTY_EMPTY_AS_GOOD=1 LOH_PENALTY_REFINE_ON_LATE=1 LOH_PENALTY_NO_EVICT_REWARD=keep LOH_PENALTY_BASELINE_DECAY=0.99 LOH_SURVIVAL_BINS=64 LOH_SURVIVAL_QUANTILE=0.99 LOH_SURVIVAL_MINCOUNT=1000 LOH_PENALTY_NET_GOOD_SCALE=1.0 LOH_PENALTY_NET_PENALTY_SCALE=1.0"
63,1,6301,bestcfg_penalty_3t_3m_20260207_000001__meta_reag_063_r01,0,0.368215,0.225108,0.01,"data/MetaCDN/meta_reag.oracleGeneral.zst",0.1,"LOH_PARALLEL_SAFE=1 LOH_SKIP_PIP_INSTALL=1 LOH_SKIP_BUILD=1 LOH_DEBUG_LEVEL=1 CACHESIM_VERBOSE=0 CACHESIM_NUM_REQ=3000000 LOH_RL_ALGO=SAC LOH_ACTION_SCALE=1.0 LOH_SCORE_USE_COMPOUND=1 LOH_SCORE_USE_IRT=1 LOH_USE_SOFTMAX=1 LOH_USE_HEURISTIC_SIGNS=0 LOH_INCLUDE_HIT_MISS_FEATURES=0 LOH_INCLUDE_CACHE_FEATURES=0 LOH_INCLUDE_CANDIDATE_FEATURES=0 LOH_INCLUDE_TOPK_CANDIDATE_FEATURES=0 LOH_INCLUDE_AVGTOPK_CANDIDATE_FEATURES=0 LOH_INCLUDE_REQUEST=0 LOH_ENABLE_PENALTY=1 LOH_REWARD_USE_PENALTY=1 LOH_PENALTY_SCALE=survival LOH_PENALTY_REWARD_FORMULA=net LOH_REWARD_W_PENALTY=2.0 LOH_PENALTY_CUTOFF=0 LOH_PENALTY_DMAX=400000 LOH_PENALTY_EMPTY_AS_GOOD=1 LOH_PENALTY_REFINE_ON_LATE=1 LOH_PENALTY_NO_EVICT_REWARD=keep LOH_PENALTY_BASELINE_DECAY=0.99 LOH_SURVIVAL_BINS=64 LOH_SURVIVAL_QUANTILE=0.99 LOH_SURVIVAL_MINCOUNT=1000 LOH_PENALTY_NET_GOOD_SCALE=1.0 LOH_PENALTY_NET_PENALTY_SCALE=1.0"
64,1,6401,bestcfg_penalty_3t_3m_20260207_000001__meta_reag_064_r01,0,0.368195,0.225112,0.01,"data/MetaCDN/meta_reag.oracleGeneral.zst",0.1,"LOH_PARALLEL_SAFE=1 LOH_SKIP_PIP_INSTALL=1 LOH_SKIP_BUILD=1 LOH_DEBUG_LEVEL=1 CACHESIM_VERBOSE=0 CACHESIM_NUM_REQ=3000000 LOH_RL_ALGO=SAC LOH_ACTION_SCALE=1.0 LOH_SCORE_USE_COMPOUND=1 LOH_SCORE_USE_IRT=1 LOH_USE_SOFTMAX=1 LOH_USE_HEURISTIC_SIGNS=0 LOH_INCLUDE_HIT_MISS_FEATURES=0 LOH_INCLUDE_CACHE_FEATURES=0 LOH_INCLUDE_CANDIDATE_FEATURES=0 LOH_INCLUDE_TOPK_CANDIDATE_FEATURES=0 LOH_INCLUDE_AVGTOPK_CANDIDATE_FEATURES=0 LOH_INCLUDE_REQUEST=0 LOH_ENABLE_PENALTY=1 LOH_REWARD_USE_PENALTY=1 LOH_PENALTY_SCALE=survival LOH_PENALTY_REWARD_FORMULA=net LOH_REWARD_W_PENALTY=3.0 LOH_PENALTY_CUTOFF=0 LOH_PENALTY_DMAX=400000 LOH_PENALTY_EMPTY_AS_GOOD=1 LOH_PENALTY_REFINE_ON_LATE=1 LOH_PENALTY_NO_EVICT_REWARD=keep LOH_PENALTY_BASELINE_DECAY=0.99 LOH_SURVIVAL_BINS=64 LOH_SURVIVAL_QUANTILE=0.99 LOH_SURVIVAL_MINCOUNT=1000 LOH_PENALTY_NET_GOOD_SCALE=1.0 LOH_PENALTY_NET_PENALTY_SCALE=1.0"
65,1,6501,bestcfg_penalty_3t_3m_20260207_000001__meta_reag_065_r01,0,0.368308,0.224606,0.01,"data/MetaCDN/meta_reag.oracleGeneral.zst",0.1,"LOH_PARALLEL_SAFE=1 LOH_SKIP_PIP_INSTALL=1 LOH_SKIP_BUILD=1 LOH_DEBUG_LEVEL=1 CACHESIM_VERBOSE=0 CACHESIM_NUM_REQ=3000000 LOH_RL_ALGO=SAC LOH_ACTION_SCALE=1.0 LOH_SCORE_USE_COMPOUND=1 LOH_SCORE_USE_IRT=1 LOH_USE_SOFTMAX=1 LOH_USE_HEURISTIC_SIGNS=0 LOH_INCLUDE_HIT_MISS_FEATURES=0 LOH_INCLUDE_CACHE_FEATURES=0 LOH_INCLUDE_CANDIDATE_FEATURES=0 LOH_INCLUDE_TOPK_CANDIDATE_FEATURES=0 LOH_INCLUDE_AVGTOPK_CANDIDATE_FEATURES=0 LOH_INCLUDE_REQUEST=0 LOH_ENABLE_PENALTY=1 LOH_REWARD_USE_PENALTY=1 LOH_PENALTY_SCALE=survival LOH_PENALTY_REWARD_FORMULA=net2 LOH_REWARD_W_PENALTY=1.0 LOH_PENALTY_CUTOFF=0 LOH_PENALTY_DMAX=400000 LOH_PENALTY_EMPTY_AS_GOOD=1 LOH_PENALTY_REFINE_ON_LATE=1 LOH_PENALTY_NO_EVICT_REWARD=keep LOH_PENALTY_BASELINE_DECAY=0.99 LOH_SURVIVAL_BINS=64 LOH_SURVIVAL_QUANTILE=0.99 LOH_SURVIVAL_MINCOUNT=1000 LOH_PENALTY_NET_GOOD_SCALE=1.0 LOH_PENALTY_NET_PENALTY_SCALE=1.0"
66,1,6601,bestcfg_penalty_3t_3m_20260207_000001__meta_reag_066_r01,0,0.368264,0.225619,0.01,"data/MetaCDN/meta_reag.oracleGeneral.zst",0.1,"LOH_PARALLEL_SAFE=1 LOH_SKIP_PIP_INSTALL=1 LOH_SKIP_BUILD=1 LOH_DEBUG_LEVEL=1 CACHESIM_VERBOSE=0 CACHESIM_NUM_REQ=3000000 LOH_RL_ALGO=SAC LOH_ACTION_SCALE=1.0 LOH_SCORE_USE_COMPOUND=1 LOH_SCORE_USE_IRT=1 LOH_USE_SOFTMAX=1 LOH_USE_HEURISTIC_SIGNS=0 LOH_INCLUDE_HIT_MISS_FEATURES=0 LOH_INCLUDE_CACHE_FEATURES=0 LOH_INCLUDE_CANDIDATE_FEATURES=0 LOH_INCLUDE_TOPK_CANDIDATE_FEATURES=0 LOH_INCLUDE_AVGTOPK_CANDIDATE_FEATURES=0 LOH_INCLUDE_REQUEST=0 LOH_ENABLE_PENALTY=1 LOH_REWARD_USE_PENALTY=1 LOH_PENALTY_SCALE=survival LOH_PENALTY_REWARD_FORMULA=net2 LOH_REWARD_W_PENALTY=2.0 LOH_PENALTY_CUTOFF=0 LOH_PENALTY_DMAX=400000 LOH_PENALTY_EMPTY_AS_GOOD=1 LOH_PENALTY_REFINE_ON_LATE=1 LOH_PENALTY_NO_EVICT_REWARD=keep LOH_PENALTY_BASELINE_DECAY=0.99 LOH_SURVIVAL_BINS=64 LOH_SURVIVAL_QUANTILE=0.99 LOH_SURVIVAL_MINCOUNT=1000 LOH_PENALTY_NET_GOOD_SCALE=1.0 LOH_PENALTY_NET_PENALTY_SCALE=1.0"
67,1,6701,bestcfg_penalty_3t_3m_20260207_000001__meta_reag_067_r01,0,0.368273,0.224753,0.01,"data/MetaCDN/meta_reag.oracleGeneral.zst",0.1,"LOH_PARALLEL_SAFE=1 LOH_SKIP_PIP_INSTALL=1 LOH_SKIP_BUILD=1 LOH_DEBUG_LEVEL=1 CACHESIM_VERBOSE=0 CACHESIM_NUM_REQ=3000000 LOH_RL_ALGO=SAC LOH_ACTION_SCALE=1.0 LOH_SCORE_USE_COMPOUND=1 LOH_SCORE_USE_IRT=1 LOH_USE_SOFTMAX=1 LOH_USE_HEURISTIC_SIGNS=0 LOH_INCLUDE_HIT_MISS_FEATURES=0 LOH_INCLUDE_CACHE_FEATURES=0 LOH_INCLUDE_CANDIDATE_FEATURES=0 LOH_INCLUDE_TOPK_CANDIDATE_FEATURES=0 LOH_INCLUDE_AVGTOPK_CANDIDATE_FEATURES=0 LOH_INCLUDE_REQUEST=0 LOH_ENABLE_PENALTY=1 LOH_REWARD_USE_PENALTY=1 LOH_PENALTY_SCALE=survival LOH_PENALTY_REWARD_FORMULA=net2 LOH_REWARD_W_PENALTY=3.0 LOH_PENALTY_CUTOFF=0 LOH_PENALTY_DMAX=400000 LOH_PENALTY_EMPTY_AS_GOOD=1 LOH_PENALTY_REFINE_ON_LATE=1 LOH_PENALTY_NO_EVICT_REWARD=keep LOH_PENALTY_BASELINE_DECAY=0.99 LOH_SURVIVAL_BINS=64 LOH_SURVIVAL_QUANTILE=0.99 LOH_SURVIVAL_MINCOUNT=1000 LOH_PENALTY_NET_GOOD_SCALE=1.0 LOH_PENALTY_NET_PENALTY_SCALE=1.0"
68,1,6801,bestcfg_penalty_3t_3m_20260207_000001__meta_reag_068_r01,0,0.368154,0.224714,0.01,"data/MetaCDN/meta_reag.oracleGeneral.zst",0.1,"LOH_PARALLEL_SAFE=1 LOH_SKIP_PIP_INSTALL=1 LOH_SKIP_BUILD=1 LOH_DEBUG_LEVEL=1 CACHESIM_VERBOSE=0 CACHESIM_NUM_REQ=3000000 LOH_RL_ALGO=SAC LOH_ACTION_SCALE=1.0 LOH_SCORE_USE_COMPOUND=1 LOH_SCORE_USE_IRT=1 LOH_USE_SOFTMAX=1 LOH_USE_HEURISTIC_SIGNS=0 LOH_INCLUDE_HIT_MISS_FEATURES=0 LOH_INCLUDE_CACHE_FEATURES=0 LOH_INCLUDE_CANDIDATE_FEATURES=0 LOH_INCLUDE_TOPK_CANDIDATE_FEATURES=0 LOH_INCLUDE_AVGTOPK_CANDIDATE_FEATURES=0 LOH_INCLUDE_REQUEST=0 LOH_ENABLE_PENALTY=1 LOH_REWARD_USE_PENALTY=1 LOH_PENALTY_SCALE=binary LOH_PENALTY_REWARD_FORMULA=relative LOH_REWARD_W_PENALTY=0.1 LOH_PENALTY_CUTOFF=0 LOH_PENALTY_DMAX=400000 LOH_PENALTY_EMPTY_AS_GOOD=1 LOH_PENALTY_REFINE_ON_LATE=1 LOH_PENALTY_NO_EVICT_REWARD=keep LOH_PENALTY_BASELINE_DECAY=0.99 LOH_SURVIVAL_BINS=64 LOH_SURVIVAL_QUANTILE=0.99 LOH_SURVIVAL_MINCOUNT=1000 LOH_PENALTY_NET_GOOD_SCALE=1.0 LOH_PENALTY_NET_PENALTY_SCALE=1.0"
69,1,6901,bestcfg_penalty_3t_3m_20260207_000001__meta_reag_069_r01,0,0.368239,0.225187,0.01,"data/MetaCDN/meta_reag.oracleGeneral.zst",0.1,"LOH_PARALLEL_SAFE=1 LOH_SKIP_PIP_INSTALL=1 LOH_SKIP_BUILD=1 LOH_DEBUG_LEVEL=1 CACHESIM_VERBOSE=0 CACHESIM_NUM_REQ=3000000 LOH_RL_ALGO=SAC LOH_ACTION_SCALE=1.0 LOH_SCORE_USE_COMPOUND=1 LOH_SCORE_USE_IRT=1 LOH_USE_SOFTMAX=1 LOH_USE_HEURISTIC_SIGNS=0 LOH_INCLUDE_HIT_MISS_FEATURES=0 LOH_INCLUDE_CACHE_FEATURES=0 LOH_INCLUDE_CANDIDATE_FEATURES=0 LOH_INCLUDE_TOPK_CANDIDATE_FEATURES=0 LOH_INCLUDE_AVGTOPK_CANDIDATE_FEATURES=0 LOH_INCLUDE_REQUEST=0 LOH_ENABLE_PENALTY=1 LOH_REWARD_USE_PENALTY=1 LOH_PENALTY_SCALE=binary LOH_PENALTY_REWARD_FORMULA=relative LOH_REWARD_W_PENALTY=0.2 LOH_PENALTY_CUTOFF=0 LOH_PENALTY_DMAX=400000 LOH_PENALTY_EMPTY_AS_GOOD=1 LOH_PENALTY_REFINE_ON_LATE=1 LOH_PENALTY_NO_EVICT_REWARD=keep LOH_PENALTY_BASELINE_DECAY=0.99 LOH_SURVIVAL_BINS=64 LOH_SURVIVAL_QUANTILE=0.99 LOH_SURVIVAL_MINCOUNT=1000 LOH_PENALTY_NET_GOOD_SCALE=1.0 LOH_PENALTY_NET_PENALTY_SCALE=1.0"
70,1,7001,bestcfg_penalty_3t_3m_20260207_000001__meta_reag_070_r01,0,0.368287,0.225124,0.01,"data/MetaCDN/meta_reag.oracleGeneral.zst",0.1,"LOH_PARALLEL_SAFE=1 LOH_SKIP_PIP_INSTALL=1 LOH_SKIP_BUILD=1 LOH_DEBUG_LEVEL=1 CACHESIM_VERBOSE=0 CACHESIM_NUM_REQ=3000000 LOH_RL_ALGO=SAC LOH_ACTION_SCALE=1.0 LOH_SCORE_USE_COMPOUND=1 LOH_SCORE_USE_IRT=1 LOH_USE_SOFTMAX=1 LOH_USE_HEURISTIC_SIGNS=0 LOH_INCLUDE_HIT_MISS_FEATURES=0 LOH_INCLUDE_CACHE_FEATURES=0 LOH_INCLUDE_CANDIDATE_FEATURES=0 LOH_INCLUDE_TOPK_CANDIDATE_FEATURES=0 LOH_INCLUDE_AVGTOPK_CANDIDATE_FEATURES=0 LOH_INCLUDE_REQUEST=0 LOH_ENABLE_PENALTY=1 LOH_REWARD_USE_PENALTY=1 LOH_PENALTY_SCALE=binary LOH_PENALTY_REWARD_FORMULA=relative LOH_REWARD_W_PENALTY=0.5 LOH_PENALTY_CUTOFF=0 LOH_PENALTY_DMAX=400000 LOH_PENALTY_EMPTY_AS_GOOD=1 LOH_PENALTY_REFINE_ON_LATE=1 LOH_PENALTY_NO_EVICT_REWARD=keep LOH_PENALTY_BASELINE_DECAY=0.99 LOH_SURVIVAL_BINS=64 LOH_SURVIVAL_QUANTILE=0.99 LOH_SURVIVAL_MINCOUNT=1000 LOH_PENALTY_NET_GOOD_SCALE=1.0 LOH_PENALTY_NET_PENALTY_SCALE=1.0"
71,1,7101,bestcfg_penalty_3t_3m_20260207_000001__meta_reag_071_r01,0,0.368324,0.225013,0.01,"data/MetaCDN/meta_reag.oracleGeneral.zst",0.1,"LOH_PARALLEL_SAFE=1 LOH_SKIP_PIP_INSTALL=1 LOH_SKIP_BUILD=1 LOH_DEBUG_LEVEL=1 CACHESIM_VERBOSE=0 CACHESIM_NUM_REQ=3000000 LOH_RL_ALGO=SAC LOH_ACTION_SCALE=1.0 LOH_SCORE_USE_COMPOUND=1 LOH_SCORE_USE_IRT=1 LOH_USE_SOFTMAX=1 LOH_USE_HEURISTIC_SIGNS=0 LOH_INCLUDE_HIT_MISS_FEATURES=0 LOH_INCLUDE_CACHE_FEATURES=0 LOH_INCLUDE_CANDIDATE_FEATURES=0 LOH_INCLUDE_TOPK_CANDIDATE_FEATURES=0 LOH_INCLUDE_AVGTOPK_CANDIDATE_FEATURES=0 LOH_INCLUDE_REQUEST=0 LOH_ENABLE_PENALTY=1 LOH_REWARD_USE_PENALTY=1 LOH_PENALTY_SCALE=binary LOH_PENALTY_REWARD_FORMULA=relative LOH_REWARD_W_PENALTY=1.0 LOH_PENALTY_CUTOFF=0 LOH_PENALTY_DMAX=400000 LOH_PENALTY_EMPTY_AS_GOOD=1 LOH_PENALTY_REFINE_ON_LATE=1 LOH_PENALTY_NO_EVICT_REWARD=keep LOH_PENALTY_BASELINE_DECAY=0.99 LOH_SURVIVAL_BINS=64 LOH_SURVIVAL_QUANTILE=0.99 LOH_SURVIVAL_MINCOUNT=1000 LOH_PENALTY_NET_GOOD_SCALE=1.0 LOH_PENALTY_NET_PENALTY_SCALE=1.0"
72,1,7201,bestcfg_penalty_3t_3m_20260207_000001__meta_reag_072_r01,0,0.368215,0.224958,0.01,"data/MetaCDN/meta_reag.oracleGeneral.zst",0.1,"LOH_PARALLEL_SAFE=1 LOH_SKIP_PIP_INSTALL=1 LOH_SKIP_BUILD=1 LOH_DEBUG_LEVEL=1 CACHESIM_VERBOSE=0 CACHESIM_NUM_REQ=3000000 LOH_RL_ALGO=SAC LOH_ACTION_SCALE=1.0 LOH_SCORE_USE_COMPOUND=1 LOH_SCORE_USE_IRT=1 LOH_USE_SOFTMAX=1 LOH_USE_HEURISTIC_SIGNS=0 LOH_INCLUDE_HIT_MISS_FEATURES=0 LOH_INCLUDE_CACHE_FEATURES=0 LOH_INCLUDE_CANDIDATE_FEATURES=0 LOH_INCLUDE_TOPK_CANDIDATE_FEATURES=0 LOH_INCLUDE_AVGTOPK_CANDIDATE_FEATURES=0 LOH_INCLUDE_REQUEST=0 LOH_ENABLE_PENALTY=1 LOH_REWARD_USE_PENALTY=1 LOH_PENALTY_SCALE=binary LOH_PENALTY_REWARD_FORMULA=centered LOH_REWARD_W_PENALTY=0.1 LOH_PENALTY_CUTOFF=0 LOH_PENALTY_DMAX=400000 LOH_PENALTY_EMPTY_AS_GOOD=1 LOH_PENALTY_REFINE_ON_LATE=1 LOH_PENALTY_NO_EVICT_REWARD=keep LOH_PENALTY_BASELINE_DECAY=0.99 LOH_SURVIVAL_BINS=64 LOH_SURVIVAL_QUANTILE=0.99 LOH_SURVIVAL_MINCOUNT=1000 LOH_PENALTY_NET_GOOD_SCALE=1.0 LOH_PENALTY_NET_PENALTY_SCALE=1.0"
73,1,7301,bestcfg_penalty_3t_3m_20260207_000001__meta_reag_073_r01,0,0.368246,0.225043,0.01,"data/MetaCDN/meta_reag.oracleGeneral.zst",0.1,"LOH_PARALLEL_SAFE=1 LOH_SKIP_PIP_INSTALL=1 LOH_SKIP_BUILD=1 LOH_DEBUG_LEVEL=1 CACHESIM_VERBOSE=0 CACHESIM_NUM_REQ=3000000 LOH_RL_ALGO=SAC LOH_ACTION_SCALE=1.0 LOH_SCORE_USE_COMPOUND=1 LOH_SCORE_USE_IRT=1 LOH_USE_SOFTMAX=1 LOH_USE_HEURISTIC_SIGNS=0 LOH_INCLUDE_HIT_MISS_FEATURES=0 LOH_INCLUDE_CACHE_FEATURES=0 LOH_INCLUDE_CANDIDATE_FEATURES=0 LOH_INCLUDE_TOPK_CANDIDATE_FEATURES=0 LOH_INCLUDE_AVGTOPK_CANDIDATE_FEATURES=0 LOH_INCLUDE_REQUEST=0 LOH_ENABLE_PENALTY=1 LOH_REWARD_USE_PENALTY=1 LOH_PENALTY_SCALE=binary LOH_PENALTY_REWARD_FORMULA=centered LOH_REWARD_W_PENALTY=0.2 LOH_PENALTY_CUTOFF=0 LOH_PENALTY_DMAX=400000 LOH_PENALTY_EMPTY_AS_GOOD=1 LOH_PENALTY_REFINE_ON_LATE=1 LOH_PENALTY_NO_EVICT_REWARD=keep LOH_PENALTY_BASELINE_DECAY=0.99 LOH_SURVIVAL_BINS=64 LOH_SURVIVAL_QUANTILE=0.99 LOH_SURVIVAL_MINCOUNT=1000 LOH_PENALTY_NET_GOOD_SCALE=1.0 LOH_PENALTY_NET_PENALTY_SCALE=1.0"
74,1,7401,bestcfg_penalty_3t_3m_20260207_000001__meta_reag_074_r01,0,0.368229,0.225166,0.01,"data/MetaCDN/meta_reag.oracleGeneral.zst",0.1,"LOH_PARALLEL_SAFE=1 LOH_SKIP_PIP_INSTALL=1 LOH_SKIP_BUILD=1 LOH_DEBUG_LEVEL=1 CACHESIM_VERBOSE=0 CACHESIM_NUM_REQ=3000000 LOH_RL_ALGO=SAC LOH_ACTION_SCALE=1.0 LOH_SCORE_USE_COMPOUND=1 LOH_SCORE_USE_IRT=1 LOH_USE_SOFTMAX=1 LOH_USE_HEURISTIC_SIGNS=0 LOH_INCLUDE_HIT_MISS_FEATURES=0 LOH_INCLUDE_CACHE_FEATURES=0 LOH_INCLUDE_CANDIDATE_FEATURES=0 LOH_INCLUDE_TOPK_CANDIDATE_FEATURES=0 LOH_INCLUDE_AVGTOPK_CANDIDATE_FEATURES=0 LOH_INCLUDE_REQUEST=0 LOH_ENABLE_PENALTY=1 LOH_REWARD_USE_PENALTY=1 LOH_PENALTY_SCALE=binary LOH_PENALTY_REWARD_FORMULA=centered LOH_REWARD_W_PENALTY=0.5 LOH_PENALTY_CUTOFF=0 LOH_PENALTY_DMAX=400000 LOH_PENALTY_EMPTY_AS_GOOD=1 LOH_PENALTY_REFINE_ON_LATE=1 LOH_PENALTY_NO_EVICT_REWARD=keep LOH_PENALTY_BASELINE_DECAY=0.99 LOH_SURVIVAL_BINS=64 LOH_SURVIVAL_QUANTILE=0.99 LOH_SURVIVAL_MINCOUNT=1000 LOH_PENALTY_NET_GOOD_SCALE=1.0 LOH_PENALTY_NET_PENALTY_SCALE=1.0"
75,1,7501,bestcfg_penalty_3t_3m_20260207_000001__meta_reag_075_r01,0,0.368294,0.225351,0.01,"data/MetaCDN/meta_reag.oracleGeneral.zst",0.1,"LOH_PARALLEL_SAFE=1 LOH_SKIP_PIP_INSTALL=1 LOH_SKIP_BUILD=1 LOH_DEBUG_LEVEL=1 CACHESIM_VERBOSE=0 CACHESIM_NUM_REQ=3000000 LOH_RL_ALGO=SAC LOH_ACTION_SCALE=1.0 LOH_SCORE_USE_COMPOUND=1 LOH_SCORE_USE_IRT=1 LOH_USE_SOFTMAX=1 LOH_USE_HEURISTIC_SIGNS=0 LOH_INCLUDE_HIT_MISS_FEATURES=0 LOH_INCLUDE_CACHE_FEATURES=0 LOH_INCLUDE_CANDIDATE_FEATURES=0 LOH_INCLUDE_TOPK_CANDIDATE_FEATURES=0 LOH_INCLUDE_AVGTOPK_CANDIDATE_FEATURES=0 LOH_INCLUDE_REQUEST=0 LOH_ENABLE_PENALTY=1 LOH_REWARD_USE_PENALTY=1 LOH_PENALTY_SCALE=binary LOH_PENALTY_REWARD_FORMULA=centered LOH_REWARD_W_PENALTY=1.0 LOH_PENALTY_CUTOFF=0 LOH_PENALTY_DMAX=400000 LOH_PENALTY_EMPTY_AS_GOOD=1 LOH_PENALTY_REFINE_ON_LATE=1 LOH_PENALTY_NO_EVICT_REWARD=keep LOH_PENALTY_BASELINE_DECAY=0.99 LOH_SURVIVAL_BINS=64 LOH_SURVIVAL_QUANTILE=0.99 LOH_SURVIVAL_MINCOUNT=1000 LOH_PENALTY_NET_GOOD_SCALE=1.0 LOH_PENALTY_NET_PENALTY_SCALE=1.0"
76,1,7601,bestcfg_penalty_3t_3m_20260207_000001__meta_reag_076_r01,0,0.368207,0.224763,0.01,"data/MetaCDN/meta_reag.oracleGeneral.zst",0.1,"LOH_PARALLEL_SAFE=1 LOH_SKIP_PIP_INSTALL=1 LOH_SKIP_BUILD=1 LOH_DEBUG_LEVEL=1 CACHESIM_VERBOSE=0 CACHESIM_NUM_REQ=3000000 LOH_RL_ALGO=SAC LOH_ACTION_SCALE=1.0 LOH_SCORE_USE_COMPOUND=1 LOH_SCORE_USE_IRT=1 LOH_USE_SOFTMAX=1 LOH_USE_HEURISTIC_SIGNS=0 LOH_INCLUDE_HIT_MISS_FEATURES=0 LOH_INCLUDE_CACHE_FEATURES=0 LOH_INCLUDE_CANDIDATE_FEATURES=0 LOH_INCLUDE_TOPK_CANDIDATE_FEATURES=0 LOH_INCLUDE_AVGTOPK_CANDIDATE_FEATURES=0 LOH_INCLUDE_REQUEST=0 LOH_ENABLE_PENALTY=1 LOH_REWARD_USE_PENALTY=1 LOH_PENALTY_SCALE=binary LOH_PENALTY_REWARD_FORMULA=one_minus LOH_REWARD_W_PENALTY=0.1 LOH_PENALTY_CUTOFF=0 LOH_PENALTY_DMAX=400000 LOH_PENALTY_EMPTY_AS_GOOD=1 LOH_PENALTY_REFINE_ON_LATE=1 LOH_PENALTY_NO_EVICT_REWARD=keep LOH_PENALTY_BASELINE_DECAY=0.99 LOH_SURVIVAL_BINS=64 LOH_SURVIVAL_QUANTILE=0.99 LOH_SURVIVAL_MINCOUNT=1000 LOH_PENALTY_NET_GOOD_SCALE=1.0 LOH_PENALTY_NET_PENALTY_SCALE=1.0"
77,1,7701,bestcfg_penalty_3t_3m_20260207_000001__meta_reag_077_r01,0,0.368161,0.224584,0.01,"data/MetaCDN/meta_reag.oracleGeneral.zst",0.1,"LOH_PARALLEL_SAFE=1 LOH_SKIP_PIP_INSTALL=1 LOH_SKIP_BUILD=1 LOH_DEBUG_LEVEL=1 CACHESIM_VERBOSE=0 CACHESIM_NUM_REQ=3000000 LOH_RL_ALGO=SAC LOH_ACTION_SCALE=1.0 LOH_SCORE_USE_COMPOUND=1 LOH_SCORE_USE_IRT=1 LOH_USE_SOFTMAX=1 LOH_USE_HEURISTIC_SIGNS=0 LOH_INCLUDE_HIT_MISS_FEATURES=0 LOH_INCLUDE_CACHE_FEATURES=0 LOH_INCLUDE_CANDIDATE_FEATURES=0 LOH_INCLUDE_TOPK_CANDIDATE_FEATURES=0 LOH_INCLUDE_AVGTOPK_CANDIDATE_FEATURES=0 LOH_INCLUDE_REQUEST=0 LOH_ENABLE_PENALTY=1 LOH_REWARD_USE_PENALTY=1 LOH_PENALTY_SCALE=binary LOH_PENALTY_REWARD_FORMULA=one_minus LOH_REWARD_W_PENALTY=0.2 LOH_PENALTY_CUTOFF=0 LOH_PENALTY_DMAX=400000 LOH_PENALTY_EMPTY_AS_GOOD=1 LOH_PENALTY_REFINE_ON_LATE=1 LOH_PENALTY_NO_EVICT_REWARD=keep LOH_PENALTY_BASELINE_DECAY=0.99 LOH_SURVIVAL_BINS=64 LOH_SURVIVAL_QUANTILE=0.99 LOH_SURVIVAL_MINCOUNT=1000 LOH_PENALTY_NET_GOOD_SCALE=1.0 LOH_PENALTY_NET_PENALTY_SCALE=1.0"
78,1,7801,bestcfg_penalty_3t_3m_20260207_000001__meta_reag_078_r01,0,0.368275,0.224404,0.01,"data/MetaCDN/meta_reag.oracleGeneral.zst",0.1,"LOH_PARALLEL_SAFE=1 LOH_SKIP_PIP_INSTALL=1 LOH_SKIP_BUILD=1 LOH_DEBUG_LEVEL=1 CACHESIM_VERBOSE=0 CACHESIM_NUM_REQ=3000000 LOH_RL_ALGO=SAC LOH_ACTION_SCALE=1.0 LOH_SCORE_USE_COMPOUND=1 LOH_SCORE_USE_IRT=1 LOH_USE_SOFTMAX=1 LOH_USE_HEURISTIC_SIGNS=0 LOH_INCLUDE_HIT_MISS_FEATURES=0 LOH_INCLUDE_CACHE_FEATURES=0 LOH_INCLUDE_CANDIDATE_FEATURES=0 LOH_INCLUDE_TOPK_CANDIDATE_FEATURES=0 LOH_INCLUDE_AVGTOPK_CANDIDATE_FEATURES=0 LOH_INCLUDE_REQUEST=0 LOH_ENABLE_PENALTY=1 LOH_REWARD_USE_PENALTY=1 LOH_PENALTY_SCALE=binary LOH_PENALTY_REWARD_FORMULA=one_minus LOH_REWARD_W_PENALTY=0.5 LOH_PENALTY_CUTOFF=0 LOH_PENALTY_DMAX=400000 LOH_PENALTY_EMPTY_AS_GOOD=1 LOH_PENALTY_REFINE_ON_LATE=1 LOH_PENALTY_NO_EVICT_REWARD=keep LOH_PENALTY_BASELINE_DECAY=0.99 LOH_SURVIVAL_BINS=64 LOH_SURVIVAL_QUANTILE=0.99 LOH_SURVIVAL_MINCOUNT=1000 LOH_PENALTY_NET_GOOD_SCALE=1.0 LOH_PENALTY_NET_PENALTY_SCALE=1.0"
79,1,7901,bestcfg_penalty_3t_3m_20260207_000001__meta_reag_079_r01,0,0.368251,0.224772,0.01,"data/MetaCDN/meta_reag.oracleGeneral.zst",0.1,"LOH_PARALLEL_SAFE=1 LOH_SKIP_PIP_INSTALL=1 LOH_SKIP_BUILD=1 LOH_DEBUG_LEVEL=1 CACHESIM_VERBOSE=0 CACHESIM_NUM_REQ=3000000 LOH_RL_ALGO=SAC LOH_ACTION_SCALE=1.0 LOH_SCORE_USE_COMPOUND=1 LOH_SCORE_USE_IRT=1 LOH_USE_SOFTMAX=1 LOH_USE_HEURISTIC_SIGNS=0 LOH_INCLUDE_HIT_MISS_FEATURES=0 LOH_INCLUDE_CACHE_FEATURES=0 LOH_INCLUDE_CANDIDATE_FEATURES=0 LOH_INCLUDE_TOPK_CANDIDATE_FEATURES=0 LOH_INCLUDE_AVGTOPK_CANDIDATE_FEATURES=0 LOH_INCLUDE_REQUEST=0 LOH_ENABLE_PENALTY=1 LOH_REWARD_USE_PENALTY=1 LOH_PENALTY_SCALE=binary LOH_PENALTY_REWARD_FORMULA=one_minus LOH_REWARD_W_PENALTY=1.0 LOH_PENALTY_CUTOFF=0 LOH_PENALTY_DMAX=400000 LOH_PENALTY_EMPTY_AS_GOOD=1 LOH_PENALTY_REFINE_ON_LATE=1 LOH_PENALTY_NO_EVICT_REWARD=keep LOH_PENALTY_BASELINE_DECAY=0.99 LOH_SURVIVAL_BINS=64 LOH_SURVIVAL_QUANTILE=0.99 LOH_SURVIVAL_MINCOUNT=1000 LOH_PENALTY_NET_GOOD_SCALE=1.0 LOH_PENALTY_NET_PENALTY_SCALE=1.0"
80,1,8001,bestcfg_penalty_3t_3m_20260207_000001__meta_reag_080_r01,0,0.368183,0.225019,0.01,"data/MetaCDN/meta_reag.oracleGeneral.zst",0.1,"LOH_PARALLEL_SAFE=1 LOH_SKIP_PIP_INSTALL=1 LOH_SKIP_BUILD=1 LOH_DEBUG_LEVEL=1 CACHESIM_VERBOSE=0 CACHESIM_NUM_REQ=3000000 LOH_RL_ALGO=SAC LOH_ACTION_SCALE=1.0 LOH_SCORE_USE_COMPOUND=1 LOH_SCORE_USE_IRT=1 LOH_USE_SOFTMAX=1 LOH_USE_HEURISTIC_SIGNS=0 LOH_INCLUDE_HIT_MISS_FEATURES=0 LOH_INCLUDE_CACHE_FEATURES=0 LOH_INCLUDE_CANDIDATE_FEATURES=0 LOH_INCLUDE_TOPK_CANDIDATE_FEATURES=0 LOH_INCLUDE_AVGTOPK_CANDIDATE_FEATURES=0 LOH_INCLUDE_REQUEST=0 LOH_ENABLE_PENALTY=1 LOH_REWARD_USE_PENALTY=1 LOH_PENALTY_SCALE=binary LOH_PENALTY_REWARD_FORMULA=neg LOH_REWARD_W_PENALTY=0.1 LOH_PENALTY_CUTOFF=0 LOH_PENALTY_DMAX=400000 LOH_PENALTY_EMPTY_AS_GOOD=1 LOH_PENALTY_REFINE_ON_LATE=1 LOH_PENALTY_NO_EVICT_REWARD=keep LOH_PENALTY_BASELINE_DECAY=0.99 LOH_SURVIVAL_BINS=64 LOH_SURVIVAL_QUANTILE=0.99 LOH_SURVIVAL_MINCOUNT=1000 LOH_PENALTY_NET_GOOD_SCALE=1.0 LOH_PENALTY_NET_PENALTY_SCALE=1.0"
81,1,8101,bestcfg_penalty_3t_3m_20260207_000001__meta_reag_081_r01,0,0.368223,0.225878,0.01,"data/MetaCDN/meta_reag.oracleGeneral.zst",0.1,"LOH_PARALLEL_SAFE=1 LOH_SKIP_PIP_INSTALL=1 LOH_SKIP_BUILD=1 LOH_DEBUG_LEVEL=1 CACHESIM_VERBOSE=0 CACHESIM_NUM_REQ=3000000 LOH_RL_ALGO=SAC LOH_ACTION_SCALE=1.0 LOH_SCORE_USE_COMPOUND=1 LOH_SCORE_USE_IRT=1 LOH_USE_SOFTMAX=1 LOH_USE_HEURISTIC_SIGNS=0 LOH_INCLUDE_HIT_MISS_FEATURES=0 LOH_INCLUDE_CACHE_FEATURES=0 LOH_INCLUDE_CANDIDATE_FEATURES=0 LOH_INCLUDE_TOPK_CANDIDATE_FEATURES=0 LOH_INCLUDE_AVGTOPK_CANDIDATE_FEATURES=0 LOH_INCLUDE_REQUEST=0 LOH_ENABLE_PENALTY=1 LOH_REWARD_USE_PENALTY=1 LOH_PENALTY_SCALE=binary LOH_PENALTY_REWARD_FORMULA=neg LOH_REWARD_W_PENALTY=0.2 LOH_PENALTY_CUTOFF=0 LOH_PENALTY_DMAX=400000 LOH_PENALTY_EMPTY_AS_GOOD=1 LOH_PENALTY_REFINE_ON_LATE=1 LOH_PENALTY_NO_EVICT_REWARD=keep LOH_PENALTY_BASELINE_DECAY=0.99 LOH_SURVIVAL_BINS=64 LOH_SURVIVAL_QUANTILE=0.99 LOH_SURVIVAL_MINCOUNT=1000 LOH_PENALTY_NET_GOOD_SCALE=1.0 LOH_PENALTY_NET_PENALTY_SCALE=1.0"
82,1,8201,bestcfg_penalty_3t_3m_20260207_000001__meta_reag_082_r01,0,0.368152,0.225577,0.01,"data/MetaCDN/meta_reag.oracleGeneral.zst",0.1,"LOH_PARALLEL_SAFE=1 LOH_SKIP_PIP_INSTALL=1 LOH_SKIP_BUILD=1 LOH_DEBUG_LEVEL=1 CACHESIM_VERBOSE=0 CACHESIM_NUM_REQ=3000000 LOH_RL_ALGO=SAC LOH_ACTION_SCALE=1.0 LOH_SCORE_USE_COMPOUND=1 LOH_SCORE_USE_IRT=1 LOH_USE_SOFTMAX=1 LOH_USE_HEURISTIC_SIGNS=0 LOH_INCLUDE_HIT_MISS_FEATURES=0 LOH_INCLUDE_CACHE_FEATURES=0 LOH_INCLUDE_CANDIDATE_FEATURES=0 LOH_INCLUDE_TOPK_CANDIDATE_FEATURES=0 LOH_INCLUDE_AVGTOPK_CANDIDATE_FEATURES=0 LOH_INCLUDE_REQUEST=0 LOH_ENABLE_PENALTY=1 LOH_REWARD_USE_PENALTY=1 LOH_PENALTY_SCALE=binary LOH_PENALTY_REWARD_FORMULA=neg LOH_REWARD_W_PENALTY=0.5 LOH_PENALTY_CUTOFF=0 LOH_PENALTY_DMAX=400000 LOH_PENALTY_EMPTY_AS_GOOD=1 LOH_PENALTY_REFINE_ON_LATE=1 LOH_PENALTY_NO_EVICT_REWARD=keep LOH_PENALTY_BASELINE_DECAY=0.99 LOH_SURVIVAL_BINS=64 LOH_SURVIVAL_QUANTILE=0.99 LOH_SURVIVAL_MINCOUNT=1000 LOH_PENALTY_NET_GOOD_SCALE=1.0 LOH_PENALTY_NET_PENALTY_SCALE=1.0"
83,1,8301,bestcfg_penalty_3t_3m_20260207_000001__meta_reag_083_r01,0,0.368186,0.225870,0.01,"data/MetaCDN/meta_reag.oracleGeneral.zst",0.1,"LOH_PARALLEL_SAFE=1 LOH_SKIP_PIP_INSTALL=1 LOH_SKIP_BUILD=1 LOH_DEBUG_LEVEL=1 CACHESIM_VERBOSE=0 CACHESIM_NUM_REQ=3000000 LOH_RL_ALGO=SAC LOH_ACTION_SCALE=1.0 LOH_SCORE_USE_COMPOUND=1 LOH_SCORE_USE_IRT=1 LOH_USE_SOFTMAX=1 LOH_USE_HEURISTIC_SIGNS=0 LOH_INCLUDE_HIT_MISS_FEATURES=0 LOH_INCLUDE_CACHE_FEATURES=0 LOH_INCLUDE_CANDIDATE_FEATURES=0 LOH_INCLUDE_TOPK_CANDIDATE_FEATURES=0 LOH_INCLUDE_AVGTOPK_CANDIDATE_FEATURES=0 LOH_INCLUDE_REQUEST=0 LOH_ENABLE_PENALTY=1 LOH_REWARD_USE_PENALTY=1 LOH_PENALTY_SCALE=binary LOH_PENALTY_REWARD_FORMULA=neg LOH_REWARD_W_PENALTY=1.0 LOH_PENALTY_CUTOFF=0 LOH_PENALTY_DMAX=400000 LOH_PENALTY_EMPTY_AS_GOOD=1 LOH_PENALTY_REFINE_ON_LATE=1 LOH_PENALTY_NO_EVICT_REWARD=keep LOH_PENALTY_BASELINE_DECAY=0.99 LOH_SURVIVAL_BINS=64 LOH_SURVIVAL_QUANTILE=0.99 LOH_SURVIVAL_MINCOUNT=1000 LOH_PENALTY_NET_GOOD_SCALE=1.0 LOH_PENALTY_NET_PENALTY_SCALE=1.0"
84,1,8401,bestcfg_penalty_3t_3m_20260207_000001__meta_reag_084_r01,0,0.368145,0.225047,0.01,"data/MetaCDN/meta_reag.oracleGeneral.zst",0.1,"LOH_PARALLEL_SAFE=1 LOH_SKIP_PIP_INSTALL=1 LOH_SKIP_BUILD=1 LOH_DEBUG_LEVEL=1 CACHESIM_VERBOSE=0 CACHESIM_NUM_REQ=3000000 LOH_RL_ALGO=SAC LOH_ACTION_SCALE=1.0 LOH_SCORE_USE_COMPOUND=1 LOH_SCORE_USE_IRT=1 LOH_USE_SOFTMAX=1 LOH_USE_HEURISTIC_SIGNS=0 LOH_INCLUDE_HIT_MISS_FEATURES=0 LOH_INCLUDE_CACHE_FEATURES=0 LOH_INCLUDE_CANDIDATE_FEATURES=0 LOH_INCLUDE_TOPK_CANDIDATE_FEATURES=0 LOH_INCLUDE_AVGTOPK_CANDIDATE_FEATURES=0 LOH_INCLUDE_REQUEST=0 LOH_ENABLE_PENALTY=1 LOH_REWARD_USE_PENALTY=1 LOH_PENALTY_SCALE=binary LOH_PENALTY_REWARD_FORMULA=net LOH_REWARD_W_PENALTY=1.0 LOH_PENALTY_CUTOFF=0 LOH_PENALTY_DMAX=400000 LOH_PENALTY_EMPTY_AS_GOOD=1 LOH_PENALTY_REFINE_ON_LATE=1 LOH_PENALTY_NO_EVICT_REWARD=keep LOH_PENALTY_BASELINE_DECAY=0.99 LOH_SURVIVAL_BINS=64 LOH_SURVIVAL_QUANTILE=0.99 LOH_SURVIVAL_MINCOUNT=1000 LOH_PENALTY_NET_GOOD_SCALE=1.0 LOH_PENALTY_NET_PENALTY_SCALE=1.0"
85,1,8501,bestcfg_penalty_3t_3m_20260207_000001__meta_reag_085_r01,0,0.368321,0.224361,0.01,"data/MetaCDN/meta_reag.oracleGeneral.zst",0.1,"LOH_PARALLEL_SAFE=1 LOH_SKIP_PIP_INSTALL=1 LOH_SKIP_BUILD=1 LOH_DEBUG_LEVEL=1 CACHESIM_VERBOSE=0 CACHESIM_NUM_REQ=3000000 LOH_RL_ALGO=SAC LOH_ACTION_SCALE=1.0 LOH_SCORE_USE_COMPOUND=1 LOH_SCORE_USE_IRT=1 LOH_USE_SOFTMAX=1 LOH_USE_HEURISTIC_SIGNS=0 LOH_INCLUDE_HIT_MISS_FEATURES=0 LOH_INCLUDE_CACHE_FEATURES=0 LOH_INCLUDE_CANDIDATE_FEATURES=0 LOH_INCLUDE_TOPK_CANDIDATE_FEATURES=0 LOH_INCLUDE_AVGTOPK_CANDIDATE_FEATURES=0 LOH_INCLUDE_REQUEST=0 LOH_ENABLE_PENALTY=1 LOH_REWARD_USE_PENALTY=1 LOH_PENALTY_SCALE=binary LOH_PENALTY_REWARD_FORMULA=net LOH_REWARD_W_PENALTY=2.0 LOH_PENALTY_CUTOFF=0 LOH_PENALTY_DMAX=400000 LOH_PENALTY_EMPTY_AS_GOOD=1 LOH_PENALTY_REFINE_ON_LATE=1 LOH_PENALTY_NO_EVICT_REWARD=keep LOH_PENALTY_BASELINE_DECAY=0.99 LOH_SURVIVAL_BINS=64 LOH_SURVIVAL_QUANTILE=0.99 LOH_SURVIVAL_MINCOUNT=1000 LOH_PENALTY_NET_GOOD_SCALE=1.0 LOH_PENALTY_NET_PENALTY_SCALE=1.0"
86,1,8601,bestcfg_penalty_3t_3m_20260207_000001__meta_reag_086_r01,0,0.368246,0.225244,0.01,"data/MetaCDN/meta_reag.oracleGeneral.zst",0.1,"LOH_PARALLEL_SAFE=1 LOH_SKIP_PIP_INSTALL=1 LOH_SKIP_BUILD=1 LOH_DEBUG_LEVEL=1 CACHESIM_VERBOSE=0 CACHESIM_NUM_REQ=3000000 LOH_RL_ALGO=SAC LOH_ACTION_SCALE=1.0 LOH_SCORE_USE_COMPOUND=1 LOH_SCORE_USE_IRT=1 LOH_USE_SOFTMAX=1 LOH_USE_HEURISTIC_SIGNS=0 LOH_INCLUDE_HIT_MISS_FEATURES=0 LOH_INCLUDE_CACHE_FEATURES=0 LOH_INCLUDE_CANDIDATE_FEATURES=0 LOH_INCLUDE_TOPK_CANDIDATE_FEATURES=0 LOH_INCLUDE_AVGTOPK_CANDIDATE_FEATURES=0 LOH_INCLUDE_REQUEST=0 LOH_ENABLE_PENALTY=1 LOH_REWARD_USE_PENALTY=1 LOH_PENALTY_SCALE=binary LOH_PENALTY_REWARD_FORMULA=net LOH_REWARD_W_PENALTY=3.0 LOH_PENALTY_CUTOFF=0 LOH_PENALTY_DMAX=400000 LOH_PENALTY_EMPTY_AS_GOOD=1 LOH_PENALTY_REFINE_ON_LATE=1 LOH_PENALTY_NO_EVICT_REWARD=keep LOH_PENALTY_BASELINE_DECAY=0.99 LOH_SURVIVAL_BINS=64 LOH_SURVIVAL_QUANTILE=0.99 LOH_SURVIVAL_MINCOUNT=1000 LOH_PENALTY_NET_GOOD_SCALE=1.0 LOH_PENALTY_NET_PENALTY_SCALE=1.0"
87,1,8701,bestcfg_penalty_3t_3m_20260207_000001__meta_reag_087_r01,0,0.368127,0.225389,0.01,"data/MetaCDN/meta_reag.oracleGeneral.zst",0.1,"LOH_PARALLEL_SAFE=1 LOH_SKIP_PIP_INSTALL=1 LOH_SKIP_BUILD=1 LOH_DEBUG_LEVEL=1 CACHESIM_VERBOSE=0 CACHESIM_NUM_REQ=3000000 LOH_RL_ALGO=SAC LOH_ACTION_SCALE=1.0 LOH_SCORE_USE_COMPOUND=1 LOH_SCORE_USE_IRT=1 LOH_USE_SOFTMAX=1 LOH_USE_HEURISTIC_SIGNS=0 LOH_INCLUDE_HIT_MISS_FEATURES=0 LOH_INCLUDE_CACHE_FEATURES=0 LOH_INCLUDE_CANDIDATE_FEATURES=0 LOH_INCLUDE_TOPK_CANDIDATE_FEATURES=0 LOH_INCLUDE_AVGTOPK_CANDIDATE_FEATURES=0 LOH_INCLUDE_REQUEST=0 LOH_ENABLE_PENALTY=1 LOH_REWARD_USE_PENALTY=1 LOH_PENALTY_SCALE=binary LOH_PENALTY_REWARD_FORMULA=net2 LOH_REWARD_W_PENALTY=1.0 LOH_PENALTY_CUTOFF=0 LOH_PENALTY_DMAX=400000 LOH_PENALTY_EMPTY_AS_GOOD=1 LOH_PENALTY_REFINE_ON_LATE=1 LOH_PENALTY_NO_EVICT_REWARD=keep LOH_PENALTY_BASELINE_DECAY=0.99 LOH_SURVIVAL_BINS=64 LOH_SURVIVAL_QUANTILE=0.99 LOH_SURVIVAL_MINCOUNT=1000 LOH_PENALTY_NET_GOOD_SCALE=1.0 LOH_PENALTY_NET_PENALTY_SCALE=1.0"
88,1,8801,bestcfg_penalty_3t_3m_20260207_000001__meta_reag_088_r01,0,0.368218,0.225068,0.01,"data/MetaCDN/meta_reag.oracleGeneral.zst",0.1,"LOH_PARALLEL_SAFE=1 LOH_SKIP_PIP_INSTALL=1 LOH_SKIP_BUILD=1 LOH_DEBUG_LEVEL=1 CACHESIM_VERBOSE=0 CACHESIM_NUM_REQ=3000000 LOH_RL_ALGO=SAC LOH_ACTION_SCALE=1.0 LOH_SCORE_USE_COMPOUND=1 LOH_SCORE_USE_IRT=1 LOH_USE_SOFTMAX=1 LOH_USE_HEURISTIC_SIGNS=0 LOH_INCLUDE_HIT_MISS_FEATURES=0 LOH_INCLUDE_CACHE_FEATURES=0 LOH_INCLUDE_CANDIDATE_FEATURES=0 LOH_INCLUDE_TOPK_CANDIDATE_FEATURES=0 LOH_INCLUDE_AVGTOPK_CANDIDATE_FEATURES=0 LOH_INCLUDE_REQUEST=0 LOH_ENABLE_PENALTY=1 LOH_REWARD_USE_PENALTY=1 LOH_PENALTY_SCALE=binary LOH_PENALTY_REWARD_FORMULA=net2 LOH_REWARD_W_PENALTY=2.0 LOH_PENALTY_CUTOFF=0 LOH_PENALTY_DMAX=400000 LOH_PENALTY_EMPTY_AS_GOOD=1 LOH_PENALTY_REFINE_ON_LATE=1 LOH_PENALTY_NO_EVICT_REWARD=keep LOH_PENALTY_BASELINE_DECAY=0.99 LOH_SURVIVAL_BINS=64 LOH_SURVIVAL_QUANTILE=0.99 LOH_SURVIVAL_MINCOUNT=1000 LOH_PENALTY_NET_GOOD_SCALE=1.0 LOH_PENALTY_NET_PENALTY_SCALE=1.0"
89,1,8901,bestcfg_penalty_3t_3m_20260207_000001__meta_reag_089_r01,0,0.368213,0.224767,0.01,"data/MetaCDN/meta_reag.oracleGeneral.zst",0.1,"LOH_PARALLEL_SAFE=1 LOH_SKIP_PIP_INSTALL=1 LOH_SKIP_BUILD=1 LOH_DEBUG_LEVEL=1 CACHESIM_VERBOSE=0 CACHESIM_NUM_REQ=3000000 LOH_RL_ALGO=SAC LOH_ACTION_SCALE=1.0 LOH_SCORE_USE_COMPOUND=1 LOH_SCORE_USE_IRT=1 LOH_USE_SOFTMAX=1 LOH_USE_HEURISTIC_SIGNS=0 LOH_INCLUDE_HIT_MISS_FEATURES=0 LOH_INCLUDE_CACHE_FEATURES=0 LOH_INCLUDE_CANDIDATE_FEATURES=0 LOH_INCLUDE_TOPK_CANDIDATE_FEATURES=0 LOH_INCLUDE_AVGTOPK_CANDIDATE_FEATURES=0 LOH_INCLUDE_REQUEST=0 LOH_ENABLE_PENALTY=1 LOH_REWARD_USE_PENALTY=1 LOH_PENALTY_SCALE=binary LOH_PENALTY_REWARD_FORMULA=net2 LOH_REWARD_W_PENALTY=3.0 LOH_PENALTY_CUTOFF=0 LOH_PENALTY_DMAX=400000 LOH_PENALTY_EMPTY_AS_GOOD=1 LOH_PENALTY_REFINE_ON_LATE=1 LOH_PENALTY_NO_EVICT_REWARD=keep LOH_PENALTY_BASELINE_DECAY=0.99 LOH_SURVIVAL_BINS=64 LOH_SURVIVAL_QUANTILE=0.99 LOH_SURVIVAL_MINCOUNT=1000 LOH_PENALTY_NET_GOOD_SCALE=1.0 LOH_PENALTY_NET_PENALTY_SCALE=1.0"
90,1,9001,bestcfg_penalty_3t_3m_20260207_000001__meta_reag_090_r01,0,0.368239,0.225168,0.01,"data/MetaCDN/meta_reag.oracleGeneral.zst",0.1,"LOH_PARALLEL_SAFE=1 LOH_SKIP_PIP_INSTALL=1 LOH_SKIP_BUILD=1 LOH_DEBUG_LEVEL=1 CACHESIM_VERBOSE=0 CACHESIM_NUM_REQ=3000000 LOH_RL_ALGO=SAC LOH_ACTION_SCALE=1.0 LOH_SCORE_USE_COMPOUND=1 LOH_SCORE_USE_IRT=1 LOH_USE_SOFTMAX=1 LOH_USE_HEURISTIC_SIGNS=0 LOH_INCLUDE_HIT_MISS_FEATURES=0 LOH_INCLUDE_CACHE_FEATURES=0 LOH_INCLUDE_CANDIDATE_FEATURES=0 LOH_INCLUDE_TOPK_CANDIDATE_FEATURES=0 LOH_INCLUDE_AVGTOPK_CANDIDATE_FEATURES=0 LOH_INCLUDE_REQUEST=0 LOH_ENABLE_PENALTY=1 LOH_REWARD_USE_PENALTY=1 LOH_PENALTY_SCALE=log LOH_PENALTY_REWARD_FORMULA=centered LOH_REWARD_W_PENALTY=1.0 LOH_PENALTY_CUTOFF=0 LOH_PENALTY_DMAX=400000 LOH_PENALTY_EMPTY_AS_GOOD=1 LOH_PENALTY_REFINE_ON_LATE=1 LOH_PENALTY_NO_EVICT_REWARD=keep LOH_PENALTY_BASELINE_DECAY=0.99 LOH_SURVIVAL_BINS=64 LOH_SURVIVAL_QUANTILE=0.99 LOH_SURVIVAL_MINCOUNT=1000 LOH_PENALTY_NET_GOOD_SCALE=1.0 LOH_PENALTY_NET_PENALTY_SCALE=1.0 LOH_PENALTY_CUTOFF=0"
91,1,9101,bestcfg_penalty_3t_3m_20260207_000001__meta_reag_091_r01,0,0.368262,0.226029,0.01,"data/MetaCDN/meta_reag.oracleGeneral.zst",0.1,"LOH_PARALLEL_SAFE=1 LOH_SKIP_PIP_INSTALL=1 LOH_SKIP_BUILD=1 LOH_DEBUG_LEVEL=1 CACHESIM_VERBOSE=0 CACHESIM_NUM_REQ=3000000 LOH_RL_ALGO=SAC LOH_ACTION_SCALE=1.0 LOH_SCORE_USE_COMPOUND=1 LOH_SCORE_USE_IRT=1 LOH_USE_SOFTMAX=1 LOH_USE_HEURISTIC_SIGNS=0 LOH_INCLUDE_HIT_MISS_FEATURES=0 LOH_INCLUDE_CACHE_FEATURES=0 LOH_INCLUDE_CANDIDATE_FEATURES=0 LOH_INCLUDE_TOPK_CANDIDATE_FEATURES=0 LOH_INCLUDE_AVGTOPK_CANDIDATE_FEATURES=0 LOH_INCLUDE_REQUEST=0 LOH_ENABLE_PENALTY=1 LOH_REWARD_USE_PENALTY=1 LOH_PENALTY_SCALE=log LOH_PENALTY_REWARD_FORMULA=centered LOH_REWARD_W_PENALTY=1.0 LOH_PENALTY_CUTOFF=0 LOH_PENALTY_DMAX=400000 LOH_PENALTY_EMPTY_AS_GOOD=1 LOH_PENALTY_REFINE_ON_LATE=1 LOH_PENALTY_NO_EVICT_REWARD=keep LOH_PENALTY_BASELINE_DECAY=0.99 LOH_SURVIVAL_BINS=64 LOH_SURVIVAL_QUANTILE=0.99 LOH_SURVIVAL_MINCOUNT=1000 LOH_PENALTY_NET_GOOD_SCALE=1.0 LOH_PENALTY_NET_PENALTY_SCALE=1.0 LOH_PENALTY_CUTOFF=500"
92,1,9201,bestcfg_penalty_3t_3m_20260207_000001__meta_reag_092_r01,0,0.368223,0.225829,0.01,"data/MetaCDN/meta_reag.oracleGeneral.zst",0.1,"LOH_PARALLEL_SAFE=1 LOH_SKIP_PIP_INSTALL=1 LOH_SKIP_BUILD=1 LOH_DEBUG_LEVEL=1 CACHESIM_VERBOSE=0 CACHESIM_NUM_REQ=3000000 LOH_RL_ALGO=SAC LOH_ACTION_SCALE=1.0 LOH_SCORE_USE_COMPOUND=1 LOH_SCORE_USE_IRT=1 LOH_USE_SOFTMAX=1 LOH_USE_HEURISTIC_SIGNS=0 LOH_INCLUDE_HIT_MISS_FEATURES=0 LOH_INCLUDE_CACHE_FEATURES=0 LOH_INCLUDE_CANDIDATE_FEATURES=0 LOH_INCLUDE_TOPK_CANDIDATE_FEATURES=0 LOH_INCLUDE_AVGTOPK_CANDIDATE_FEATURES=0 LOH_INCLUDE_REQUEST=0 LOH_ENABLE_PENALTY=1 LOH_REWARD_USE_PENALTY=1 LOH_PENALTY_SCALE=log LOH_PENALTY_REWARD_FORMULA=centered LOH_REWARD_W_PENALTY=1.0 LOH_PENALTY_CUTOFF=0 LOH_PENALTY_DMAX=400000 LOH_PENALTY_EMPTY_AS_GOOD=1 LOH_PENALTY_REFINE_ON_LATE=1 LOH_PENALTY_NO_EVICT_REWARD=keep LOH_PENALTY_BASELINE_DECAY=0.99 LOH_SURVIVAL_BINS=64 LOH_SURVIVAL_QUANTILE=0.99 LOH_SURVIVAL_MINCOUNT=1000 LOH_PENALTY_NET_GOOD_SCALE=1.0 LOH_PENALTY_NET_PENALTY_SCALE=1.0 LOH_PENALTY_CUTOFF=2000"
93,1,9301,bestcfg_penalty_3t_3m_20260207_000001__meta_reag_093_r01,0,0.368242,0.225411,0.01,"data/MetaCDN/meta_reag.oracleGeneral.zst",0.1,"LOH_PARALLEL_SAFE=1 LOH_SKIP_PIP_INSTALL=1 LOH_SKIP_BUILD=1 LOH_DEBUG_LEVEL=1 CACHESIM_VERBOSE=0 CACHESIM_NUM_REQ=3000000 LOH_RL_ALGO=SAC LOH_ACTION_SCALE=1.0 LOH_SCORE_USE_COMPOUND=1 LOH_SCORE_USE_IRT=1 LOH_USE_SOFTMAX=1 LOH_USE_HEURISTIC_SIGNS=0 LOH_INCLUDE_HIT_MISS_FEATURES=0 LOH_INCLUDE_CACHE_FEATURES=0 LOH_INCLUDE_CANDIDATE_FEATURES=0 LOH_INCLUDE_TOPK_CANDIDATE_FEATURES=0 LOH_INCLUDE_AVGTOPK_CANDIDATE_FEATURES=0 LOH_INCLUDE_REQUEST=0 LOH_ENABLE_PENALTY=1 LOH_REWARD_USE_PENALTY=1 LOH_PENALTY_SCALE=log LOH_PENALTY_REWARD_FORMULA=centered LOH_REWARD_W_PENALTY=1.0 LOH_PENALTY_CUTOFF=0 LOH_PENALTY_DMAX=400000 LOH_PENALTY_EMPTY_AS_GOOD=1 LOH_PENALTY_REFINE_ON_LATE=1 LOH_PENALTY_NO_EVICT_REWARD=keep LOH_PENALTY_BASELINE_DECAY=0.99 LOH_SURVIVAL_BINS=64 LOH_SURVIVAL_QUANTILE=0.99 LOH_SURVIVAL_MINCOUNT=1000 LOH_PENALTY_NET_GOOD_SCALE=1.0 LOH_PENALTY_NET_PENALTY_SCALE=1.0 LOH_PENALTY_CUTOFF=10000"
94,1,9401,bestcfg_penalty_3t_3m_20260207_000001__meta_reag_094_r01,0,0.368230,0.225245,0.01,"data/MetaCDN/meta_reag.oracleGeneral.zst",0.1,"LOH_PARALLEL_SAFE=1 LOH_SKIP_PIP_INSTALL=1 LOH_SKIP_BUILD=1 LOH_DEBUG_LEVEL=1 CACHESIM_VERBOSE=0 CACHESIM_NUM_REQ=3000000 LOH_RL_ALGO=SAC LOH_ACTION_SCALE=1.0 LOH_SCORE_USE_COMPOUND=1 LOH_SCORE_USE_IRT=1 LOH_USE_SOFTMAX=1 LOH_USE_HEURISTIC_SIGNS=0 LOH_INCLUDE_HIT_MISS_FEATURES=0 LOH_INCLUDE_CACHE_FEATURES=0 LOH_INCLUDE_CANDIDATE_FEATURES=0 LOH_INCLUDE_TOPK_CANDIDATE_FEATURES=0 LOH_INCLUDE_AVGTOPK_CANDIDATE_FEATURES=0 LOH_INCLUDE_REQUEST=0 LOH_ENABLE_PENALTY=1 LOH_REWARD_USE_PENALTY=1 LOH_PENALTY_SCALE=log LOH_PENALTY_REWARD_FORMULA=centered LOH_REWARD_W_PENALTY=1.0 LOH_PENALTY_CUTOFF=0 LOH_PENALTY_DMAX=400000 LOH_PENALTY_EMPTY_AS_GOOD=1 LOH_PENALTY_REFINE_ON_LATE=1 LOH_PENALTY_NO_EVICT_REWARD=keep LOH_PENALTY_BASELINE_DECAY=0.99 LOH_SURVIVAL_BINS=64 LOH_SURVIVAL_QUANTILE=0.99 LOH_SURVIVAL_MINCOUNT=1000 LOH_PENALTY_NET_GOOD_SCALE=1.0 LOH_PENALTY_NET_PENALTY_SCALE=1.0 LOH_PENALTY_DMAX=50000"
95,1,9501,bestcfg_penalty_3t_3m_20260207_000001__meta_reag_095_r01,0,0.368207,0.225049,0.01,"data/MetaCDN/meta_reag.oracleGeneral.zst",0.1,"LOH_PARALLEL_SAFE=1 LOH_SKIP_PIP_INSTALL=1 LOH_SKIP_BUILD=1 LOH_DEBUG_LEVEL=1 CACHESIM_VERBOSE=0 CACHESIM_NUM_REQ=3000000 LOH_RL_ALGO=SAC LOH_ACTION_SCALE=1.0 LOH_SCORE_USE_COMPOUND=1 LOH_SCORE_USE_IRT=1 LOH_USE_SOFTMAX=1 LOH_USE_HEURISTIC_SIGNS=0 LOH_INCLUDE_HIT_MISS_FEATURES=0 LOH_INCLUDE_CACHE_FEATURES=0 LOH_INCLUDE_CANDIDATE_FEATURES=0 LOH_INCLUDE_TOPK_CANDIDATE_FEATURES=0 LOH_INCLUDE_AVGTOPK_CANDIDATE_FEATURES=0 LOH_INCLUDE_REQUEST=0 LOH_ENABLE_PENALTY=1 LOH_REWARD_USE_PENALTY=1 LOH_PENALTY_SCALE=log LOH_PENALTY_REWARD_FORMULA=centered LOH_REWARD_W_PENALTY=1.0 LOH_PENALTY_CUTOFF=0 LOH_PENALTY_DMAX=400000 LOH_PENALTY_EMPTY_AS_GOOD=1 LOH_PENALTY_REFINE_ON_LATE=1 LOH_PENALTY_NO_EVICT_REWARD=keep LOH_PENALTY_BASELINE_DECAY=0.99 LOH_SURVIVAL_BINS=64 LOH_SURVIVAL_QUANTILE=0.99 LOH_SURVIVAL_MINCOUNT=1000 LOH_PENALTY_NET_GOOD_SCALE=1.0 LOH_PENALTY_NET_PENALTY_SCALE=1.0 LOH_PENALTY_DMAX=200000"
96,1,9601,bestcfg_penalty_3t_3m_20260207_000001__meta_reag_096_r01,0,0.368209,0.224930,0.01,"data/MetaCDN/meta_reag.oracleGeneral.zst",0.1,"LOH_PARALLEL_SAFE=1 LOH_SKIP_PIP_INSTALL=1 LOH_SKIP_BUILD=1 LOH_DEBUG_LEVEL=1 CACHESIM_VERBOSE=0 CACHESIM_NUM_REQ=3000000 LOH_RL_ALGO=SAC LOH_ACTION_SCALE=1.0 LOH_SCORE_USE_COMPOUND=1 LOH_SCORE_USE_IRT=1 LOH_USE_SOFTMAX=1 LOH_USE_HEURISTIC_SIGNS=0 LOH_INCLUDE_HIT_MISS_FEATURES=0 LOH_INCLUDE_CACHE_FEATURES=0 LOH_INCLUDE_CANDIDATE_FEATURES=0 LOH_INCLUDE_TOPK_CANDIDATE_FEATURES=0 LOH_INCLUDE_AVGTOPK_CANDIDATE_FEATURES=0 LOH_INCLUDE_REQUEST=0 LOH_ENABLE_PENALTY=1 LOH_REWARD_USE_PENALTY=1 LOH_PENALTY_SCALE=log LOH_PENALTY_REWARD_FORMULA=centered LOH_REWARD_W_PENALTY=1.0 LOH_PENALTY_CUTOFF=0 LOH_PENALTY_DMAX=400000 LOH_PENALTY_EMPTY_AS_GOOD=1 LOH_PENALTY_REFINE_ON_LATE=1 LOH_PENALTY_NO_EVICT_REWARD=keep LOH_PENALTY_BASELINE_DECAY=0.99 LOH_SURVIVAL_BINS=64 LOH_SURVIVAL_QUANTILE=0.99 LOH_SURVIVAL_MINCOUNT=1000 LOH_PENALTY_NET_GOOD_SCALE=1.0 LOH_PENALTY_NET_PENALTY_SCALE=1.0 LOH_PENALTY_DMAX=400000"
97,1,9701,bestcfg_penalty_3t_3m_20260207_000001__meta_reag_097_r01,0,0.368291,0.225430,0.01,"data/MetaCDN/meta_reag.oracleGeneral.zst",0.1,"LOH_PARALLEL_SAFE=1 LOH_SKIP_PIP_INSTALL=1 LOH_SKIP_BUILD=1 LOH_DEBUG_LEVEL=1 CACHESIM_VERBOSE=0 CACHESIM_NUM_REQ=3000000 LOH_RL_ALGO=SAC LOH_ACTION_SCALE=1.0 LOH_SCORE_USE_COMPOUND=1 LOH_SCORE_USE_IRT=1 LOH_USE_SOFTMAX=1 LOH_USE_HEURISTIC_SIGNS=0 LOH_INCLUDE_HIT_MISS_FEATURES=0 LOH_INCLUDE_CACHE_FEATURES=0 LOH_INCLUDE_CANDIDATE_FEATURES=0 LOH_INCLUDE_TOPK_CANDIDATE_FEATURES=0 LOH_INCLUDE_AVGTOPK_CANDIDATE_FEATURES=0 LOH_INCLUDE_REQUEST=0 LOH_ENABLE_PENALTY=1 LOH_REWARD_USE_PENALTY=1 LOH_PENALTY_SCALE=log LOH_PENALTY_REWARD_FORMULA=centered LOH_REWARD_W_PENALTY=1.0 LOH_PENALTY_CUTOFF=0 LOH_PENALTY_DMAX=400000 LOH_PENALTY_EMPTY_AS_GOOD=1 LOH_PENALTY_REFINE_ON_LATE=1 LOH_PENALTY_NO_EVICT_REWARD=keep LOH_PENALTY_BASELINE_DECAY=0.99 LOH_SURVIVAL_BINS=64 LOH_SURVIVAL_QUANTILE=0.99 LOH_SURVIVAL_MINCOUNT=1000 LOH_PENALTY_NET_GOOD_SCALE=1.0 LOH_PENALTY_NET_PENALTY_SCALE=1.0 LOH_PENALTY_EMPTY_AS_GOOD=0"
98,1,9801,bestcfg_penalty_3t_3m_20260207_000001__meta_reag_098_r01,0,0.368285,0.224629,0.01,"data/MetaCDN/meta_reag.oracleGeneral.zst",0.1,"LOH_PARALLEL_SAFE=1 LOH_SKIP_PIP_INSTALL=1 LOH_SKIP_BUILD=1 LOH_DEBUG_LEVEL=1 CACHESIM_VERBOSE=0 CACHESIM_NUM_REQ=3000000 LOH_RL_ALGO=SAC LOH_ACTION_SCALE=1.0 LOH_SCORE_USE_COMPOUND=1 LOH_SCORE_USE_IRT=1 LOH_USE_SOFTMAX=1 LOH_USE_HEURISTIC_SIGNS=0 LOH_INCLUDE_HIT_MISS_FEATURES=0 LOH_INCLUDE_CACHE_FEATURES=0 LOH_INCLUDE_CANDIDATE_FEATURES=0 LOH_INCLUDE_TOPK_CANDIDATE_FEATURES=0 LOH_INCLUDE_AVGTOPK_CANDIDATE_FEATURES=0 LOH_INCLUDE_REQUEST=0 LOH_ENABLE_PENALTY=1 LOH_REWARD_USE_PENALTY=1 LOH_PENALTY_SCALE=log LOH_PENALTY_REWARD_FORMULA=centered LOH_REWARD_W_PENALTY=1.0 LOH_PENALTY_CUTOFF=0 LOH_PENALTY_DMAX=400000 LOH_PENALTY_EMPTY_AS_GOOD=1 LOH_PENALTY_REFINE_ON_LATE=1 LOH_PENALTY_NO_EVICT_REWARD=keep LOH_PENALTY_BASELINE_DECAY=0.99 LOH_SURVIVAL_BINS=64 LOH_SURVIVAL_QUANTILE=0.99 LOH_SURVIVAL_MINCOUNT=1000 LOH_PENALTY_NET_GOOD_SCALE=1.0 LOH_PENALTY_NET_PENALTY_SCALE=1.0 LOH_PENALTY_EMPTY_AS_GOOD=1"
99,1,9901,bestcfg_penalty_3t_3m_20260207_000001__meta_reag_099_r01,0,0.368183,0.225449,0.01,"data/MetaCDN/meta_reag.oracleGeneral.zst",0.1,"LOH_PARALLEL_SAFE=1 LOH_SKIP_PIP_INSTALL=1 LOH_SKIP_BUILD=1 LOH_DEBUG_LEVEL=1 CACHESIM_VERBOSE=0 CACHESIM_NUM_REQ=3000000 LOH_RL_ALGO=SAC LOH_ACTION_SCALE=1.0 LOH_SCORE_USE_COMPOUND=1 LOH_SCORE_USE_IRT=1 LOH_USE_SOFTMAX=1 LOH_USE_HEURISTIC_SIGNS=0 LOH_INCLUDE_HIT_MISS_FEATURES=0 LOH_INCLUDE_CACHE_FEATURES=0 LOH_INCLUDE_CANDIDATE_FEATURES=0 LOH_INCLUDE_TOPK_CANDIDATE_FEATURES=0 LOH_INCLUDE_AVGTOPK_CANDIDATE_FEATURES=0 LOH_INCLUDE_REQUEST=0 LOH_ENABLE_PENALTY=1 LOH_REWARD_USE_PENALTY=1 LOH_PENALTY_SCALE=log LOH_PENALTY_REWARD_FORMULA=centered LOH_REWARD_W_PENALTY=1.0 LOH_PENALTY_CUTOFF=0 LOH_PENALTY_DMAX=400000 LOH_PENALTY_EMPTY_AS_GOOD=1 LOH_PENALTY_REFINE_ON_LATE=1 LOH_PENALTY_NO_EVICT_REWARD=keep LOH_PENALTY_BASELINE_DECAY=0.99 LOH_SURVIVAL_BINS=64 LOH_SURVIVAL_QUANTILE=0.99 LOH_SURVIVAL_MINCOUNT=1000 LOH_PENALTY_NET_GOOD_SCALE=1.0 LOH_PENALTY_NET_PENALTY_SCALE=1.0 LOH_PENALTY_REFINE_ON_LATE=0"
100,1,10001,bestcfg_penalty_3t_3m_20260207_000001__meta_reag_100_r01,0,0.368238,0.225023,0.01,"data/MetaCDN/meta_reag.oracleGeneral.zst",0.1,"LOH_PARALLEL_SAFE=1 LOH_SKIP_PIP_INSTALL=1 LOH_SKIP_BUILD=1 LOH_DEBUG_LEVEL=1 CACHESIM_VERBOSE=0 CACHESIM_NUM_REQ=3000000 LOH_RL_ALGO=SAC LOH_ACTION_SCALE=1.0 LOH_SCORE_USE_COMPOUND=1 LOH_SCORE_USE_IRT=1 LOH_USE_SOFTMAX=1 LOH_USE_HEURISTIC_SIGNS=0 LOH_INCLUDE_HIT_MISS_FEATURES=0 LOH_INCLUDE_CACHE_FEATURES=0 LOH_INCLUDE_CANDIDATE_FEATURES=0 LOH_INCLUDE_TOPK_CANDIDATE_FEATURES=0 LOH_INCLUDE_AVGTOPK_CANDIDATE_FEATURES=0 LOH_INCLUDE_REQUEST=0 LOH_ENABLE_PENALTY=1 LOH_REWARD_USE_PENALTY=1 LOH_PENALTY_SCALE=log LOH_PENALTY_REWARD_FORMULA=centered LOH_REWARD_W_PENALTY=1.0 LOH_PENALTY_CUTOFF=0 LOH_PENALTY_DMAX=400000 LOH_PENALTY_EMPTY_AS_GOOD=1 LOH_PENALTY_REFINE_ON_LATE=1 LOH_PENALTY_NO_EVICT_REWARD=keep LOH_PENALTY_BASELINE_DECAY=0.99 LOH_SURVIVAL_BINS=64 LOH_SURVIVAL_QUANTILE=0.99 LOH_SURVIVAL_MINCOUNT=1000 LOH_PENALTY_NET_GOOD_SCALE=1.0 LOH_PENALTY_NET_PENALTY_SCALE=1.0 LOH_PENALTY_REFINE_ON_LATE=1"
101,1,10101,bestcfg_penalty_3t_3m_20260207_000001__meta_reag_101_r01,0,0.368282,0.225797,0.01,"data/MetaCDN/meta_reag.oracleGeneral.zst",0.1,"LOH_PARALLEL_SAFE=1 LOH_SKIP_PIP_INSTALL=1 LOH_SKIP_BUILD=1 LOH_DEBUG_LEVEL=1 CACHESIM_VERBOSE=0 CACHESIM_NUM_REQ=3000000 LOH_RL_ALGO=SAC LOH_ACTION_SCALE=1.0 LOH_SCORE_USE_COMPOUND=1 LOH_SCORE_USE_IRT=1 LOH_USE_SOFTMAX=1 LOH_USE_HEURISTIC_SIGNS=0 LOH_INCLUDE_HIT_MISS_FEATURES=0 LOH_INCLUDE_CACHE_FEATURES=0 LOH_INCLUDE_CANDIDATE_FEATURES=0 LOH_INCLUDE_TOPK_CANDIDATE_FEATURES=0 LOH_INCLUDE_AVGTOPK_CANDIDATE_FEATURES=0 LOH_INCLUDE_REQUEST=0 LOH_ENABLE_PENALTY=1 LOH_REWARD_USE_PENALTY=1 LOH_PENALTY_SCALE=log LOH_PENALTY_REWARD_FORMULA=centered LOH_REWARD_W_PENALTY=1.0 LOH_PENALTY_CUTOFF=0 LOH_PENALTY_DMAX=400000 LOH_PENALTY_EMPTY_AS_GOOD=1 LOH_PENALTY_REFINE_ON_LATE=1 LOH_PENALTY_NO_EVICT_REWARD=keep LOH_PENALTY_BASELINE_DECAY=0.99 LOH_SURVIVAL_BINS=64 LOH_SURVIVAL_QUANTILE=0.99 LOH_SURVIVAL_MINCOUNT=1000 LOH_PENALTY_NET_GOOD_SCALE=1.0 LOH_PENALTY_NET_PENALTY_SCALE=1.0 LOH_PENALTY_NO_EVICT_REWARD=keep"
102,1,10201,bestcfg_penalty_3t_3m_20260207_000001__meta_reag_102_r01,0,0.368266,0.224286,0.01,"data/MetaCDN/meta_reag.oracleGeneral.zst",0.1,"LOH_PARALLEL_SAFE=1 LOH_SKIP_PIP_INSTALL=1 LOH_SKIP_BUILD=1 LOH_DEBUG_LEVEL=1 CACHESIM_VERBOSE=0 CACHESIM_NUM_REQ=3000000 LOH_RL_ALGO=SAC LOH_ACTION_SCALE=1.0 LOH_SCORE_USE_COMPOUND=1 LOH_SCORE_USE_IRT=1 LOH_USE_SOFTMAX=1 LOH_USE_HEURISTIC_SIGNS=0 LOH_INCLUDE_HIT_MISS_FEATURES=0 LOH_INCLUDE_CACHE_FEATURES=0 LOH_INCLUDE_CANDIDATE_FEATURES=0 LOH_INCLUDE_TOPK_CANDIDATE_FEATURES=0 LOH_INCLUDE_AVGTOPK_CANDIDATE_FEATURES=0 LOH_INCLUDE_REQUEST=0 LOH_ENABLE_PENALTY=1 LOH_REWARD_USE_PENALTY=1 LOH_PENALTY_SCALE=log LOH_PENALTY_REWARD_FORMULA=centered LOH_REWARD_W_PENALTY=1.0 LOH_PENALTY_CUTOFF=0 LOH_PENALTY_DMAX=400000 LOH_PENALTY_EMPTY_AS_GOOD=1 LOH_PENALTY_REFINE_ON_LATE=1 LOH_PENALTY_NO_EVICT_REWARD=keep LOH_PENALTY_BASELINE_DECAY=0.99 LOH_SURVIVAL_BINS=64 LOH_SURVIVAL_QUANTILE=0.99 LOH_SURVIVAL_MINCOUNT=1000 LOH_PENALTY_NET_GOOD_SCALE=1.0 LOH_PENALTY_NET_PENALTY_SCALE=1.0 LOH_PENALTY_NO_EVICT_REWARD=zero"
103,1,10301,bestcfg_penalty_3t_3m_20260207_000001__meta_reag_103_r01,0,0.368219,0.224897,0.01,"data/MetaCDN/meta_reag.oracleGeneral.zst",0.1,"LOH_PARALLEL_SAFE=1 LOH_SKIP_PIP_INSTALL=1 LOH_SKIP_BUILD=1 LOH_DEBUG_LEVEL=1 CACHESIM_VERBOSE=0 CACHESIM_NUM_REQ=3000000 LOH_RL_ALGO=SAC LOH_ACTION_SCALE=1.0 LOH_SCORE_USE_COMPOUND=1 LOH_SCORE_USE_IRT=1 LOH_USE_SOFTMAX=1 LOH_USE_HEURISTIC_SIGNS=0 LOH_INCLUDE_HIT_MISS_FEATURES=0 LOH_INCLUDE_CACHE_FEATURES=0 LOH_INCLUDE_CANDIDATE_FEATURES=0 LOH_INCLUDE_TOPK_CANDIDATE_FEATURES=0 LOH_INCLUDE_AVGTOPK_CANDIDATE_FEATURES=0 LOH_INCLUDE_REQUEST=0 LOH_ENABLE_PENALTY=1 LOH_REWARD_USE_PENALTY=1 LOH_PENALTY_SCALE=log LOH_PENALTY_REWARD_FORMULA=centered LOH_REWARD_W_PENALTY=1.0 LOH_PENALTY_CUTOFF=0 LOH_PENALTY_DMAX=400000 LOH_PENALTY_EMPTY_AS_GOOD=1 LOH_PENALTY_REFINE_ON_LATE=1 LOH_PENALTY_NO_EVICT_REWARD=keep LOH_PENALTY_BASELINE_DECAY=0.99 LOH_SURVIVAL_BINS=64 LOH_SURVIVAL_QUANTILE=0.99 LOH_SURVIVAL_MINCOUNT=1000 LOH_PENALTY_NET_GOOD_SCALE=1.0 LOH_PENALTY_NET_PENALTY_SCALE=1.0 LOH_PENALTY_BASELINE_DECAY=0.95"
104,1,10401,bestcfg_penalty_3t_3m_20260207_000001__meta_reag_104_r01,0,0.368199,0.225167,0.01,"data/MetaCDN/meta_reag.oracleGeneral.zst",0.1,"LOH_PARALLEL_SAFE=1 LOH_SKIP_PIP_INSTALL=1 LOH_SKIP_BUILD=1 LOH_DEBUG_LEVEL=1 CACHESIM_VERBOSE=0 CACHESIM_NUM_REQ=3000000 LOH_RL_ALGO=SAC LOH_ACTION_SCALE=1.0 LOH_SCORE_USE_COMPOUND=1 LOH_SCORE_USE_IRT=1 LOH_USE_SOFTMAX=1 LOH_USE_HEURISTIC_SIGNS=0 LOH_INCLUDE_HIT_MISS_FEATURES=0 LOH_INCLUDE_CACHE_FEATURES=0 LOH_INCLUDE_CANDIDATE_FEATURES=0 LOH_INCLUDE_TOPK_CANDIDATE_FEATURES=0 LOH_INCLUDE_AVGTOPK_CANDIDATE_FEATURES=0 LOH_INCLUDE_REQUEST=0 LOH_ENABLE_PENALTY=1 LOH_REWARD_USE_PENALTY=1 LOH_PENALTY_SCALE=log LOH_PENALTY_REWARD_FORMULA=centered LOH_REWARD_W_PENALTY=1.0 LOH_PENALTY_CUTOFF=0 LOH_PENALTY_DMAX=400000 LOH_PENALTY_EMPTY_AS_GOOD=1 LOH_PENALTY_REFINE_ON_LATE=1 LOH_PENALTY_NO_EVICT_REWARD=keep LOH_PENALTY_BASELINE_DECAY=0.99 LOH_SURVIVAL_BINS=64 LOH_SURVIVAL_QUANTILE=0.99 LOH_SURVIVAL_MINCOUNT=1000 LOH_PENALTY_NET_GOOD_SCALE=1.0 LOH_PENALTY_NET_PENALTY_SCALE=1.0 LOH_PENALTY_BASELINE_DECAY=0.99"
105,1,10501,bestcfg_penalty_3t_3m_20260207_000001__meta_reag_105_r01,0,0.368261,0.225207,0.01,"data/MetaCDN/meta_reag.oracleGeneral.zst",0.1,"LOH_PARALLEL_SAFE=1 LOH_SKIP_PIP_INSTALL=1 LOH_SKIP_BUILD=1 LOH_DEBUG_LEVEL=1 CACHESIM_VERBOSE=0 CACHESIM_NUM_REQ=3000000 LOH_RL_ALGO=SAC LOH_ACTION_SCALE=1.0 LOH_SCORE_USE_COMPOUND=1 LOH_SCORE_USE_IRT=1 LOH_USE_SOFTMAX=1 LOH_USE_HEURISTIC_SIGNS=0 LOH_INCLUDE_HIT_MISS_FEATURES=0 LOH_INCLUDE_CACHE_FEATURES=0 LOH_INCLUDE_CANDIDATE_FEATURES=0 LOH_INCLUDE_TOPK_CANDIDATE_FEATURES=0 LOH_INCLUDE_AVGTOPK_CANDIDATE_FEATURES=0 LOH_INCLUDE_REQUEST=0 LOH_ENABLE_PENALTY=1 LOH_REWARD_USE_PENALTY=1 LOH_PENALTY_SCALE=log LOH_PENALTY_REWARD_FORMULA=centered LOH_REWARD_W_PENALTY=1.0 LOH_PENALTY_CUTOFF=0 LOH_PENALTY_DMAX=400000 LOH_PENALTY_EMPTY_AS_GOOD=1 LOH_PENALTY_REFINE_ON_LATE=1 LOH_PENALTY_NO_EVICT_REWARD=keep LOH_PENALTY_BASELINE_DECAY=0.99 LOH_SURVIVAL_BINS=64 LOH_SURVIVAL_QUANTILE=0.99 LOH_SURVIVAL_MINCOUNT=1000 LOH_PENALTY_NET_GOOD_SCALE=1.0 LOH_PENALTY_NET_PENALTY_SCALE=1.0 LOH_PENALTY_BASELINE_DECAY=0.995"
106,1,10601,bestcfg_penalty_3t_3m_20260207_000001__meta_reag_106_r01,0,0.368181,0.225312,0.01,"data/MetaCDN/meta_reag.oracleGeneral.zst",0.1,"LOH_PARALLEL_SAFE=1 LOH_SKIP_PIP_INSTALL=1 LOH_SKIP_BUILD=1 LOH_DEBUG_LEVEL=1 CACHESIM_VERBOSE=0 CACHESIM_NUM_REQ=3000000 LOH_RL_ALGO=SAC LOH_ACTION_SCALE=1.0 LOH_SCORE_USE_COMPOUND=1 LOH_SCORE_USE_IRT=1 LOH_USE_SOFTMAX=1 LOH_USE_HEURISTIC_SIGNS=0 LOH_INCLUDE_HIT_MISS_FEATURES=0 LOH_INCLUDE_CACHE_FEATURES=0 LOH_INCLUDE_CANDIDATE_FEATURES=0 LOH_INCLUDE_TOPK_CANDIDATE_FEATURES=0 LOH_INCLUDE_AVGTOPK_CANDIDATE_FEATURES=0 LOH_INCLUDE_REQUEST=0 LOH_ENABLE_PENALTY=1 LOH_REWARD_USE_PENALTY=1 LOH_PENALTY_SCALE=log LOH_PENALTY_REWARD_FORMULA=centered LOH_REWARD_W_PENALTY=1.0 LOH_PENALTY_CUTOFF=0 LOH_PENALTY_DMAX=400000 LOH_PENALTY_EMPTY_AS_GOOD=1 LOH_PENALTY_REFINE_ON_LATE=1 LOH_PENALTY_NO_EVICT_REWARD=keep LOH_PENALTY_BASELINE_DECAY=0.99 LOH_SURVIVAL_BINS=64 LOH_SURVIVAL_QUANTILE=0.99 LOH_SURVIVAL_MINCOUNT=1000 LOH_PENALTY_NET_GOOD_SCALE=1.0 LOH_PENALTY_NET_PENALTY_SCALE=1.0 LOH_PENALTY_SCALE=survival LOH_SURVIVAL_QUANTILE=0.95"
107,1,10701,bestcfg_penalty_3t_3m_20260207_000001__meta_reag_107_r01,0,0.368213,0.224736,0.01,"data/MetaCDN/meta_reag.oracleGeneral.zst",0.1,"LOH_PARALLEL_SAFE=1 LOH_SKIP_PIP_INSTALL=1 LOH_SKIP_BUILD=1 LOH_DEBUG_LEVEL=1 CACHESIM_VERBOSE=0 CACHESIM_NUM_REQ=3000000 LOH_RL_ALGO=SAC LOH_ACTION_SCALE=1.0 LOH_SCORE_USE_COMPOUND=1 LOH_SCORE_USE_IRT=1 LOH_USE_SOFTMAX=1 LOH_USE_HEURISTIC_SIGNS=0 LOH_INCLUDE_HIT_MISS_FEATURES=0 LOH_INCLUDE_CACHE_FEATURES=0 LOH_INCLUDE_CANDIDATE_FEATURES=0 LOH_INCLUDE_TOPK_CANDIDATE_FEATURES=0 LOH_INCLUDE_AVGTOPK_CANDIDATE_FEATURES=0 LOH_INCLUDE_REQUEST=0 LOH_ENABLE_PENALTY=1 LOH_REWARD_USE_PENALTY=1 LOH_PENALTY_SCALE=log LOH_PENALTY_REWARD_FORMULA=centered LOH_REWARD_W_PENALTY=1.0 LOH_PENALTY_CUTOFF=0 LOH_PENALTY_DMAX=400000 LOH_PENALTY_EMPTY_AS_GOOD=1 LOH_PENALTY_REFINE_ON_LATE=1 LOH_PENALTY_NO_EVICT_REWARD=keep LOH_PENALTY_BASELINE_DECAY=0.99 LOH_SURVIVAL_BINS=64 LOH_SURVIVAL_QUANTILE=0.99 LOH_SURVIVAL_MINCOUNT=1000 LOH_PENALTY_NET_GOOD_SCALE=1.0 LOH_PENALTY_NET_PENALTY_SCALE=1.0 LOH_PENALTY_SCALE=survival LOH_SURVIVAL_QUANTILE=0.99"
108,1,10801,bestcfg_penalty_3t_3m_20260207_000001__meta_reag_108_r01,0,0.368298,0.224770,0.01,"data/MetaCDN/meta_reag.oracleGeneral.zst",0.1,"LOH_PARALLEL_SAFE=1 LOH_SKIP_PIP_INSTALL=1 LOH_SKIP_BUILD=1 LOH_DEBUG_LEVEL=1 CACHESIM_VERBOSE=0 CACHESIM_NUM_REQ=3000000 LOH_RL_ALGO=SAC LOH_ACTION_SCALE=1.0 LOH_SCORE_USE_COMPOUND=1 LOH_SCORE_USE_IRT=1 LOH_USE_SOFTMAX=1 LOH_USE_HEURISTIC_SIGNS=0 LOH_INCLUDE_HIT_MISS_FEATURES=0 LOH_INCLUDE_CACHE_FEATURES=0 LOH_INCLUDE_CANDIDATE_FEATURES=0 LOH_INCLUDE_TOPK_CANDIDATE_FEATURES=0 LOH_INCLUDE_AVGTOPK_CANDIDATE_FEATURES=0 LOH_INCLUDE_REQUEST=0 LOH_ENABLE_PENALTY=1 LOH_REWARD_USE_PENALTY=1 LOH_PENALTY_SCALE=log LOH_PENALTY_REWARD_FORMULA=centered LOH_REWARD_W_PENALTY=1.0 LOH_PENALTY_CUTOFF=0 LOH_PENALTY_DMAX=400000 LOH_PENALTY_EMPTY_AS_GOOD=1 LOH_PENALTY_REFINE_ON_LATE=1 LOH_PENALTY_NO_EVICT_REWARD=keep LOH_PENALTY_BASELINE_DECAY=0.99 LOH_SURVIVAL_BINS=64 LOH_SURVIVAL_QUANTILE=0.99 LOH_SURVIVAL_MINCOUNT=1000 LOH_PENALTY_NET_GOOD_SCALE=1.0 LOH_PENALTY_NET_PENALTY_SCALE=1.0 LOH_PENALTY_SCALE=survival LOH_SURVIVAL_BINS=32"
109,1,10901,bestcfg_penalty_3t_3m_20260207_000001__meta_reag_109_r01,0,0.368222,0.225513,0.01,"data/MetaCDN/meta_reag.oracleGeneral.zst",0.1,"LOH_PARALLEL_SAFE=1 LOH_SKIP_PIP_INSTALL=1 LOH_SKIP_BUILD=1 LOH_DEBUG_LEVEL=1 CACHESIM_VERBOSE=0 CACHESIM_NUM_REQ=3000000 LOH_RL_ALGO=SAC LOH_ACTION_SCALE=1.0 LOH_SCORE_USE_COMPOUND=1 LOH_SCORE_USE_IRT=1 LOH_USE_SOFTMAX=1 LOH_USE_HEURISTIC_SIGNS=0 LOH_INCLUDE_HIT_MISS_FEATURES=0 LOH_INCLUDE_CACHE_FEATURES=0 LOH_INCLUDE_CANDIDATE_FEATURES=0 LOH_INCLUDE_TOPK_CANDIDATE_FEATURES=0 LOH_INCLUDE_AVGTOPK_CANDIDATE_FEATURES=0 LOH_INCLUDE_REQUEST=0 LOH_ENABLE_PENALTY=1 LOH_REWARD_USE_PENALTY=1 LOH_PENALTY_SCALE=log LOH_PENALTY_REWARD_FORMULA=centered LOH_REWARD_W_PENALTY=1.0 LOH_PENALTY_CUTOFF=0 LOH_PENALTY_DMAX=400000 LOH_PENALTY_EMPTY_AS_GOOD=1 LOH_PENALTY_REFINE_ON_LATE=1 LOH_PENALTY_NO_EVICT_REWARD=keep LOH_PENALTY_BASELINE_DECAY=0.99 LOH_SURVIVAL_BINS=64 LOH_SURVIVAL_QUANTILE=0.99 LOH_SURVIVAL_MINCOUNT=1000 LOH_PENALTY_NET_GOOD_SCALE=1.0 LOH_PENALTY_NET_PENALTY_SCALE=1.0 LOH_PENALTY_SCALE=survival LOH_SURVIVAL_BINS=64"
110,1,11001,bestcfg_penalty_3t_3m_20260207_000001__meta_reag_110_r01,0,0.368247,0.224710,0.01,"data/MetaCDN/meta_reag.oracleGeneral.zst",0.1,"LOH_PARALLEL_SAFE=1 LOH_SKIP_PIP_INSTALL=1 LOH_SKIP_BUILD=1 LOH_DEBUG_LEVEL=1 CACHESIM_VERBOSE=0 CACHESIM_NUM_REQ=3000000 LOH_RL_ALGO=SAC LOH_ACTION_SCALE=1.0 LOH_SCORE_USE_COMPOUND=1 LOH_SCORE_USE_IRT=1 LOH_USE_SOFTMAX=1 LOH_USE_HEURISTIC_SIGNS=0 LOH_INCLUDE_HIT_MISS_FEATURES=0 LOH_INCLUDE_CACHE_FEATURES=0 LOH_INCLUDE_CANDIDATE_FEATURES=0 LOH_INCLUDE_TOPK_CANDIDATE_FEATURES=0 LOH_INCLUDE_AVGTOPK_CANDIDATE_FEATURES=0 LOH_INCLUDE_REQUEST=0 LOH_ENABLE_PENALTY=1 LOH_REWARD_USE_PENALTY=1 LOH_PENALTY_SCALE=log LOH_PENALTY_REWARD_FORMULA=centered LOH_REWARD_W_PENALTY=1.0 LOH_PENALTY_CUTOFF=0 LOH_PENALTY_DMAX=400000 LOH_PENALTY_EMPTY_AS_GOOD=1 LOH_PENALTY_REFINE_ON_LATE=1 LOH_PENALTY_NO_EVICT_REWARD=keep LOH_PENALTY_BASELINE_DECAY=0.99 LOH_SURVIVAL_BINS=64 LOH_SURVIVAL_QUANTILE=0.99 LOH_SURVIVAL_MINCOUNT=1000 LOH_PENALTY_NET_GOOD_SCALE=1.0 LOH_PENALTY_NET_PENALTY_SCALE=1.0 LOH_PENALTY_SCALE=survival LOH_SURVIVAL_MINCOUNT=500"
111,1,11101,bestcfg_penalty_3t_3m_20260207_000001__meta_reag_111_r01,0,0.368205,0.225172,0.01,"data/MetaCDN/meta_reag.oracleGeneral.zst",0.1,"LOH_PARALLEL_SAFE=1 LOH_SKIP_PIP_INSTALL=1 LOH_SKIP_BUILD=1 LOH_DEBUG_LEVEL=1 CACHESIM_VERBOSE=0 CACHESIM_NUM_REQ=3000000 LOH_RL_ALGO=SAC LOH_ACTION_SCALE=1.0 LOH_SCORE_USE_COMPOUND=1 LOH_SCORE_USE_IRT=1 LOH_USE_SOFTMAX=1 LOH_USE_HEURISTIC_SIGNS=0 LOH_INCLUDE_HIT_MISS_FEATURES=0 LOH_INCLUDE_CACHE_FEATURES=0 LOH_INCLUDE_CANDIDATE_FEATURES=0 LOH_INCLUDE_TOPK_CANDIDATE_FEATURES=0 LOH_INCLUDE_AVGTOPK_CANDIDATE_FEATURES=0 LOH_INCLUDE_REQUEST=0 LOH_ENABLE_PENALTY=1 LOH_REWARD_USE_PENALTY=1 LOH_PENALTY_SCALE=log LOH_PENALTY_REWARD_FORMULA=centered LOH_REWARD_W_PENALTY=1.0 LOH_PENALTY_CUTOFF=0 LOH_PENALTY_DMAX=400000 LOH_PENALTY_EMPTY_AS_GOOD=1 LOH_PENALTY_REFINE_ON_LATE=1 LOH_PENALTY_NO_EVICT_REWARD=keep LOH_PENALTY_BASELINE_DECAY=0.99 LOH_SURVIVAL_BINS=64 LOH_SURVIVAL_QUANTILE=0.99 LOH_SURVIVAL_MINCOUNT=1000 LOH_PENALTY_NET_GOOD_SCALE=1.0 LOH_PENALTY_NET_PENALTY_SCALE=1.0 LOH_PENALTY_SCALE=survival LOH_SURVIVAL_MINCOUNT=1000"
112,1,11201,bestcfg_penalty_3t_3m_20260207_000001__meta_reag_112_r01,0,0.368287,0.224492,0.01,"data/MetaCDN/meta_reag.oracleGeneral.zst",0.1,"LOH_PARALLEL_SAFE=1 LOH_SKIP_PIP_INSTALL=1 LOH_SKIP_BUILD=1 LOH_DEBUG_LEVEL=1 CACHESIM_VERBOSE=0 CACHESIM_NUM_REQ=3000000 LOH_RL_ALGO=SAC LOH_ACTION_SCALE=1.0 LOH_SCORE_USE_COMPOUND=1 LOH_SCORE_USE_IRT=1 LOH_USE_SOFTMAX=1 LOH_USE_HEURISTIC_SIGNS=0 LOH_INCLUDE_HIT_MISS_FEATURES=0 LOH_INCLUDE_CACHE_FEATURES=0 LOH_INCLUDE_CANDIDATE_FEATURES=0 LOH_INCLUDE_TOPK_CANDIDATE_FEATURES=0 LOH_INCLUDE_AVGTOPK_CANDIDATE_FEATURES=0 LOH_INCLUDE_REQUEST=0 LOH_ENABLE_PENALTY=1 LOH_REWARD_USE_PENALTY=1 LOH_PENALTY_SCALE=log LOH_PENALTY_REWARD_FORMULA=centered LOH_REWARD_W_PENALTY=1.0 LOH_PENALTY_CUTOFF=0 LOH_PENALTY_DMAX=400000 LOH_PENALTY_EMPTY_AS_GOOD=1 LOH_PENALTY_REFINE_ON_LATE=1 LOH_PENALTY_NO_EVICT_REWARD=keep LOH_PENALTY_BASELINE_DECAY=0.99 LOH_SURVIVAL_BINS=64 LOH_SURVIVAL_QUANTILE=0.99 LOH_SURVIVAL_MINCOUNT=1000 LOH_PENALTY_NET_GOOD_SCALE=1.0 LOH_PENALTY_NET_PENALTY_SCALE=1.0 LOH_PENALTY_REWARD_FORMULA=net LOH_PENALTY_NET_GOOD_SCALE=0.5"
113,1,11301,bestcfg_penalty_3t_3m_20260207_000001__meta_reag_113_r01,0,0.368320,0.225571,0.01,"data/MetaCDN/meta_reag.oracleGeneral.zst",0.1,"LOH_PARALLEL_SAFE=1 LOH_SKIP_PIP_INSTALL=1 LOH_SKIP_BUILD=1 LOH_DEBUG_LEVEL=1 CACHESIM_VERBOSE=0 CACHESIM_NUM_REQ=3000000 LOH_RL_ALGO=SAC LOH_ACTION_SCALE=1.0 LOH_SCORE_USE_COMPOUND=1 LOH_SCORE_USE_IRT=1 LOH_USE_SOFTMAX=1 LOH_USE_HEURISTIC_SIGNS=0 LOH_INCLUDE_HIT_MISS_FEATURES=0 LOH_INCLUDE_CACHE_FEATURES=0 LOH_INCLUDE_CANDIDATE_FEATURES=0 LOH_INCLUDE_TOPK_CANDIDATE_FEATURES=0 LOH_INCLUDE_AVGTOPK_CANDIDATE_FEATURES=0 LOH_INCLUDE_REQUEST=0 LOH_ENABLE_PENALTY=1 LOH_REWARD_USE_PENALTY=1 LOH_PENALTY_SCALE=log LOH_PENALTY_REWARD_FORMULA=centered LOH_REWARD_W_PENALTY=1.0 LOH_PENALTY_CUTOFF=0 LOH_PENALTY_DMAX=400000 LOH_PENALTY_EMPTY_AS_GOOD=1 LOH_PENALTY_REFINE_ON_LATE=1 LOH_PENALTY_NO_EVICT_REWARD=keep LOH_PENALTY_BASELINE_DECAY=0.99 LOH_SURVIVAL_BINS=64 LOH_SURVIVAL_QUANTILE=0.99 LOH_SURVIVAL_MINCOUNT=1000 LOH_PENALTY_NET_GOOD_SCALE=1.0 LOH_PENALTY_NET_PENALTY_SCALE=1.0 LOH_PENALTY_REWARD_FORMULA=net LOH_PENALTY_NET_GOOD_SCALE=1.0"
114,1,11401,bestcfg_penalty_3t_3m_20260207_000001__meta_reag_114_r01,0,0.368222,0.224698,0.01,"data/MetaCDN/meta_reag.oracleGeneral.zst",0.1,"LOH_PARALLEL_SAFE=1 LOH_SKIP_PIP_INSTALL=1 LOH_SKIP_BUILD=1 LOH_DEBUG_LEVEL=1 CACHESIM_VERBOSE=0 CACHESIM_NUM_REQ=3000000 LOH_RL_ALGO=SAC LOH_ACTION_SCALE=1.0 LOH_SCORE_USE_COMPOUND=1 LOH_SCORE_USE_IRT=1 LOH_USE_SOFTMAX=1 LOH_USE_HEURISTIC_SIGNS=0 LOH_INCLUDE_HIT_MISS_FEATURES=0 LOH_INCLUDE_CACHE_FEATURES=0 LOH_INCLUDE_CANDIDATE_FEATURES=0 LOH_INCLUDE_TOPK_CANDIDATE_FEATURES=0 LOH_INCLUDE_AVGTOPK_CANDIDATE_FEATURES=0 LOH_INCLUDE_REQUEST=0 LOH_ENABLE_PENALTY=1 LOH_REWARD_USE_PENALTY=1 LOH_PENALTY_SCALE=log LOH_PENALTY_REWARD_FORMULA=centered LOH_REWARD_W_PENALTY=1.0 LOH_PENALTY_CUTOFF=0 LOH_PENALTY_DMAX=400000 LOH_PENALTY_EMPTY_AS_GOOD=1 LOH_PENALTY_REFINE_ON_LATE=1 LOH_PENALTY_NO_EVICT_REWARD=keep LOH_PENALTY_BASELINE_DECAY=0.99 LOH_SURVIVAL_BINS=64 LOH_SURVIVAL_QUANTILE=0.99 LOH_SURVIVAL_MINCOUNT=1000 LOH_PENALTY_NET_GOOD_SCALE=1.0 LOH_PENALTY_NET_PENALTY_SCALE=1.0 LOH_PENALTY_REWARD_FORMULA=net LOH_PENALTY_NET_GOOD_SCALE=2.0"
115,1,11501,bestcfg_penalty_3t_3m_20260207_000001__meta_reag_115_r01,0,0.368285,0.224867,0.01,"data/MetaCDN/meta_reag.oracleGeneral.zst",0.1,"LOH_PARALLEL_SAFE=1 LOH_SKIP_PIP_INSTALL=1 LOH_SKIP_BUILD=1 LOH_DEBUG_LEVEL=1 CACHESIM_VERBOSE=0 CACHESIM_NUM_REQ=3000000 LOH_RL_ALGO=SAC LOH_ACTION_SCALE=1.0 LOH_SCORE_USE_COMPOUND=1 LOH_SCORE_USE_IRT=1 LOH_USE_SOFTMAX=1 LOH_USE_HEURISTIC_SIGNS=0 LOH_INCLUDE_HIT_MISS_FEATURES=0 LOH_INCLUDE_CACHE_FEATURES=0 LOH_INCLUDE_CANDIDATE_FEATURES=0 LOH_INCLUDE_TOPK_CANDIDATE_FEATURES=0 LOH_INCLUDE_AVGTOPK_CANDIDATE_FEATURES=0 LOH_INCLUDE_REQUEST=0 LOH_ENABLE_PENALTY=1 LOH_REWARD_USE_PENALTY=1 LOH_PENALTY_SCALE=log LOH_PENALTY_REWARD_FORMULA=centered LOH_REWARD_W_PENALTY=1.0 LOH_PENALTY_CUTOFF=0 LOH_PENALTY_DMAX=400000 LOH_PENALTY_EMPTY_AS_GOOD=1 LOH_PENALTY_REFINE_ON_LATE=1 LOH_PENALTY_NO_EVICT_REWARD=keep LOH_PENALTY_BASELINE_DECAY=0.99 LOH_SURVIVAL_BINS=64 LOH_SURVIVAL_QUANTILE=0.99 LOH_SURVIVAL_MINCOUNT=1000 LOH_PENALTY_NET_GOOD_SCALE=1.0 LOH_PENALTY_NET_PENALTY_SCALE=1.0 LOH_PENALTY_REWARD_FORMULA=net LOH_PENALTY_NET_PENALTY_SCALE=0.5"
116,1,11601,bestcfg_penalty_3t_3m_20260207_000001__meta_reag_116_r01,0,0.368222,0.225553,0.01,"data/MetaCDN/meta_reag.oracleGeneral.zst",0.1,"LOH_PARALLEL_SAFE=1 LOH_SKIP_PIP_INSTALL=1 LOH_SKIP_BUILD=1 LOH_DEBUG_LEVEL=1 CACHESIM_VERBOSE=0 CACHESIM_NUM_REQ=3000000 LOH_RL_ALGO=SAC LOH_ACTION_SCALE=1.0 LOH_SCORE_USE_COMPOUND=1 LOH_SCORE_USE_IRT=1 LOH_USE_SOFTMAX=1 LOH_USE_HEURISTIC_SIGNS=0 LOH_INCLUDE_HIT_MISS_FEATURES=0 LOH_INCLUDE_CACHE_FEATURES=0 LOH_INCLUDE_CANDIDATE_FEATURES=0 LOH_INCLUDE_TOPK_CANDIDATE_FEATURES=0 LOH_INCLUDE_AVGTOPK_CANDIDATE_FEATURES=0 LOH_INCLUDE_REQUEST=0 LOH_ENABLE_PENALTY=1 LOH_REWARD_USE_PENALTY=1 LOH_PENALTY_SCALE=log LOH_PENALTY_REWARD_FORMULA=centered LOH_REWARD_W_PENALTY=1.0 LOH_PENALTY_CUTOFF=0 LOH_PENALTY_DMAX=400000 LOH_PENALTY_EMPTY_AS_GOOD=1 LOH_PENALTY_REFINE_ON_LATE=1 LOH_PENALTY_NO_EVICT_REWARD=keep LOH_PENALTY_BASELINE_DECAY=0.99 LOH_SURVIVAL_BINS=64 LOH_SURVIVAL_QUANTILE=0.99 LOH_SURVIVAL_MINCOUNT=1000 LOH_PENALTY_NET_GOOD_SCALE=1.0 LOH_PENALTY_NET_PENALTY_SCALE=1.0 LOH_PENALTY_REWARD_FORMULA=net LOH_PENALTY_NET_PENALTY_SCALE=1.0"
117,1,11701,bestcfg_penalty_3t_3m_20260207_000001__meta_reag_117_r01,0,0.368196,0.225255,0.01,"data/MetaCDN/meta_reag.oracleGeneral.zst",0.1,"LOH_PARALLEL_SAFE=1 LOH_SKIP_PIP_INSTALL=1 LOH_SKIP_BUILD=1 LOH_DEBUG_LEVEL=1 CACHESIM_VERBOSE=0 CACHESIM_NUM_REQ=3000000 LOH_RL_ALGO=SAC LOH_ACTION_SCALE=1.0 LOH_SCORE_USE_COMPOUND=1 LOH_SCORE_USE_IRT=1 LOH_USE_SOFTMAX=1 LOH_USE_HEURISTIC_SIGNS=0 LOH_INCLUDE_HIT_MISS_FEATURES=0 LOH_INCLUDE_CACHE_FEATURES=0 LOH_INCLUDE_CANDIDATE_FEATURES=0 LOH_INCLUDE_TOPK_CANDIDATE_FEATURES=0 LOH_INCLUDE_AVGTOPK_CANDIDATE_FEATURES=0 LOH_INCLUDE_REQUEST=0 LOH_ENABLE_PENALTY=1 LOH_REWARD_USE_PENALTY=1 LOH_PENALTY_SCALE=log LOH_PENALTY_REWARD_FORMULA=centered LOH_REWARD_W_PENALTY=1.0 LOH_PENALTY_CUTOFF=0 LOH_PENALTY_DMAX=400000 LOH_PENALTY_EMPTY_AS_GOOD=1 LOH_PENALTY_REFINE_ON_LATE=1 LOH_PENALTY_NO_EVICT_REWARD=keep LOH_PENALTY_BASELINE_DECAY=0.99 LOH_SURVIVAL_BINS=64 LOH_SURVIVAL_QUANTILE=0.99 LOH_SURVIVAL_MINCOUNT=1000 LOH_PENALTY_NET_GOOD_SCALE=1.0 LOH_PENALTY_NET_PENALTY_SCALE=1.0 LOH_PENALTY_REWARD_FORMULA=net LOH_PENALTY_NET_PENALTY_SCALE=2.0"
118,1,11801,bestcfg_penalty_3t_3m_20260207_000001__meta_reag_118_r01,0,0.368259,0.225114,0.01,"data/MetaCDN/meta_reag.oracleGeneral.zst",0.1,"LOH_PARALLEL_SAFE=1 LOH_SKIP_PIP_INSTALL=1 LOH_SKIP_BUILD=1 LOH_DEBUG_LEVEL=1 CACHESIM_VERBOSE=0 CACHESIM_NUM_REQ=3000000 LOH_RL_ALGO=SAC LOH_ACTION_SCALE=1.0 LOH_SCORE_USE_COMPOUND=1 LOH_SCORE_USE_IRT=1 LOH_USE_SOFTMAX=1 LOH_USE_HEURISTIC_SIGNS=0 LOH_INCLUDE_HIT_MISS_FEATURES=0 LOH_INCLUDE_CACHE_FEATURES=0 LOH_INCLUDE_CANDIDATE_FEATURES=0 LOH_INCLUDE_TOPK_CANDIDATE_FEATURES=0 LOH_INCLUDE_AVGTOPK_CANDIDATE_FEATURES=0 LOH_INCLUDE_REQUEST=0 LOH_ENABLE_PENALTY=1 LOH_REWARD_USE_PENALTY=1 LOH_PENALTY_SCALE=log LOH_PENALTY_REWARD_FORMULA=centered LOH_REWARD_W_PENALTY=1.0 LOH_PENALTY_CUTOFF=0 LOH_PENALTY_DMAX=400000 LOH_PENALTY_EMPTY_AS_GOOD=1 LOH_PENALTY_REFINE_ON_LATE=1 LOH_PENALTY_NO_EVICT_REWARD=keep LOH_PENALTY_BASELINE_DECAY=0.99 LOH_SURVIVAL_BINS=64 LOH_SURVIVAL_QUANTILE=0.99 LOH_SURVIVAL_MINCOUNT=1000 LOH_PENALTY_NET_GOOD_SCALE=1.0 LOH_PENALTY_NET_PENALTY_SCALE=1.0 LOH_PENALTY_REWARD_FORMULA=net2 LOH_PENALTY_NET_GOOD_SCALE=0.5"
119,1,11901,bestcfg_penalty_3t_3m_20260207_000001__meta_reag_119_r01,0,0.368213,0.224355,0.01,"data/MetaCDN/meta_reag.oracleGeneral.zst",0.1,"LOH_PARALLEL_SAFE=1 LOH_SKIP_PIP_INSTALL=1 LOH_SKIP_BUILD=1 LOH_DEBUG_LEVEL=1 CACHESIM_VERBOSE=0 CACHESIM_NUM_REQ=3000000 LOH_RL_ALGO=SAC LOH_ACTION_SCALE=1.0 LOH_SCORE_USE_COMPOUND=1 LOH_SCORE_USE_IRT=1 LOH_USE_SOFTMAX=1 LOH_USE_HEURISTIC_SIGNS=0 LOH_INCLUDE_HIT_MISS_FEATURES=0 LOH_INCLUDE_CACHE_FEATURES=0 LOH_INCLUDE_CANDIDATE_FEATURES=0 LOH_INCLUDE_TOPK_CANDIDATE_FEATURES=0 LOH_INCLUDE_AVGTOPK_CANDIDATE_FEATURES=0 LOH_INCLUDE_REQUEST=0 LOH_ENABLE_PENALTY=1 LOH_REWARD_USE_PENALTY=1 LOH_PENALTY_SCALE=log LOH_PENALTY_REWARD_FORMULA=centered LOH_REWARD_W_PENALTY=1.0 LOH_PENALTY_CUTOFF=0 LOH_PENALTY_DMAX=400000 LOH_PENALTY_EMPTY_AS_GOOD=1 LOH_PENALTY_REFINE_ON_LATE=1 LOH_PENALTY_NO_EVICT_REWARD=keep LOH_PENALTY_BASELINE_DECAY=0.99 LOH_SURVIVAL_BINS=64 LOH_SURVIVAL_QUANTILE=0.99 LOH_SURVIVAL_MINCOUNT=1000 LOH_PENALTY_NET_GOOD_SCALE=1.0 LOH_PENALTY_NET_PENALTY_SCALE=1.0 LOH_PENALTY_REWARD_FORMULA=net2 LOH_PENALTY_NET_GOOD_SCALE=1.0"
120,1,12001,bestcfg_penalty_3t_3m_20260207_000001__meta_reag_120_r01,0,0.368148,0.225243,0.01,"data/MetaCDN/meta_reag.oracleGeneral.zst",0.1,"LOH_PARALLEL_SAFE=1 LOH_SKIP_PIP_INSTALL=1 LOH_SKIP_BUILD=1 LOH_DEBUG_LEVEL=1 CACHESIM_VERBOSE=0 CACHESIM_NUM_REQ=3000000 LOH_RL_ALGO=SAC LOH_ACTION_SCALE=1.0 LOH_SCORE_USE_COMPOUND=1 LOH_SCORE_USE_IRT=1 LOH_USE_SOFTMAX=1 LOH_USE_HEURISTIC_SIGNS=0 LOH_INCLUDE_HIT_MISS_FEATURES=0 LOH_INCLUDE_CACHE_FEATURES=0 LOH_INCLUDE_CANDIDATE_FEATURES=0 LOH_INCLUDE_TOPK_CANDIDATE_FEATURES=0 LOH_INCLUDE_AVGTOPK_CANDIDATE_FEATURES=0 LOH_INCLUDE_REQUEST=0 LOH_ENABLE_PENALTY=1 LOH_REWARD_USE_PENALTY=1 LOH_PENALTY_SCALE=log LOH_PENALTY_REWARD_FORMULA=centered LOH_REWARD_W_PENALTY=1.0 LOH_PENALTY_CUTOFF=0 LOH_PENALTY_DMAX=400000 LOH_PENALTY_EMPTY_AS_GOOD=1 LOH_PENALTY_REFINE_ON_LATE=1 LOH_PENALTY_NO_EVICT_REWARD=keep LOH_PENALTY_BASELINE_DECAY=0.99 LOH_SURVIVAL_BINS=64 LOH_SURVIVAL_QUANTILE=0.99 LOH_SURVIVAL_MINCOUNT=1000 LOH_PENALTY_NET_GOOD_SCALE=1.0 LOH_PENALTY_NET_PENALTY_SCALE=1.0 LOH_PENALTY_REWARD_FORMULA=net2 LOH_PENALTY_NET_GOOD_SCALE=2.0"
121,1,12101,bestcfg_penalty_3t_3m_20260207_000001__meta_reag_121_r01,0,0.368148,0.225467,0.01,"data/MetaCDN/meta_reag.oracleGeneral.zst",0.1,"LOH_PARALLEL_SAFE=1 LOH_SKIP_PIP_INSTALL=1 LOH_SKIP_BUILD=1 LOH_DEBUG_LEVEL=1 CACHESIM_VERBOSE=0 CACHESIM_NUM_REQ=3000000 LOH_RL_ALGO=SAC LOH_ACTION_SCALE=1.0 LOH_SCORE_USE_COMPOUND=1 LOH_SCORE_USE_IRT=1 LOH_USE_SOFTMAX=1 LOH_USE_HEURISTIC_SIGNS=0 LOH_INCLUDE_HIT_MISS_FEATURES=0 LOH_INCLUDE_CACHE_FEATURES=0 LOH_INCLUDE_CANDIDATE_FEATURES=0 LOH_INCLUDE_TOPK_CANDIDATE_FEATURES=0 LOH_INCLUDE_AVGTOPK_CANDIDATE_FEATURES=0 LOH_INCLUDE_REQUEST=0 LOH_ENABLE_PENALTY=1 LOH_REWARD_USE_PENALTY=1 LOH_PENALTY_SCALE=log LOH_PENALTY_REWARD_FORMULA=centered LOH_REWARD_W_PENALTY=1.0 LOH_PENALTY_CUTOFF=0 LOH_PENALTY_DMAX=400000 LOH_PENALTY_EMPTY_AS_GOOD=1 LOH_PENALTY_REFINE_ON_LATE=1 LOH_PENALTY_NO_EVICT_REWARD=keep LOH_PENALTY_BASELINE_DECAY=0.99 LOH_SURVIVAL_BINS=64 LOH_SURVIVAL_QUANTILE=0.99 LOH_SURVIVAL_MINCOUNT=1000 LOH_PENALTY_NET_GOOD_SCALE=1.0 LOH_PENALTY_NET_PENALTY_SCALE=1.0 LOH_PENALTY_REWARD_FORMULA=net2 LOH_PENALTY_NET_PENALTY_SCALE=0.5"
122,1,12201,bestcfg_penalty_3t_3m_20260207_000001__meta_reag_122_r01,0,0.368248,0.224483,0.01,"data/MetaCDN/meta_reag.oracleGeneral.zst",0.1,"LOH_PARALLEL_SAFE=1 LOH_SKIP_PIP_INSTALL=1 LOH_SKIP_BUILD=1 LOH_DEBUG_LEVEL=1 CACHESIM_VERBOSE=0 CACHESIM_NUM_REQ=3000000 LOH_RL_ALGO=SAC LOH_ACTION_SCALE=1.0 LOH_SCORE_USE_COMPOUND=1 LOH_SCORE_USE_IRT=1 LOH_USE_SOFTMAX=1 LOH_USE_HEURISTIC_SIGNS=0 LOH_INCLUDE_HIT_MISS_FEATURES=0 LOH_INCLUDE_CACHE_FEATURES=0 LOH_INCLUDE_CANDIDATE_FEATURES=0 LOH_INCLUDE_TOPK_CANDIDATE_FEATURES=0 LOH_INCLUDE_AVGTOPK_CANDIDATE_FEATURES=0 LOH_INCLUDE_REQUEST=0 LOH_ENABLE_PENALTY=1 LOH_REWARD_USE_PENALTY=1 LOH_PENALTY_SCALE=log LOH_PENALTY_REWARD_FORMULA=centered LOH_REWARD_W_PENALTY=1.0 LOH_PENALTY_CUTOFF=0 LOH_PENALTY_DMAX=400000 LOH_PENALTY_EMPTY_AS_GOOD=1 LOH_PENALTY_REFINE_ON_LATE=1 LOH_PENALTY_NO_EVICT_REWARD=keep LOH_PENALTY_BASELINE_DECAY=0.99 LOH_SURVIVAL_BINS=64 LOH_SURVIVAL_QUANTILE=0.99 LOH_SURVIVAL_MINCOUNT=1000 LOH_PENALTY_NET_GOOD_SCALE=1.0 LOH_PENALTY_NET_PENALTY_SCALE=1.0 LOH_PENALTY_REWARD_FORMULA=net2 LOH_PENALTY_NET_PENALTY_SCALE=1.0"
123,1,12301,bestcfg_penalty_3t_3m_20260207_000001__meta_reag_123_r01,0,0.368203,0.224983,0.01,"data/MetaCDN/meta_reag.oracleGeneral.zst",0.1,"LOH_PARALLEL_SAFE=1 LOH_SKIP_PIP_INSTALL=1 LOH_SKIP_BUILD=1 LOH_DEBUG_LEVEL=1 CACHESIM_VERBOSE=0 CACHESIM_NUM_REQ=3000000 LOH_RL_ALGO=SAC LOH_ACTION_SCALE=1.0 LOH_SCORE_USE_COMPOUND=1 LOH_SCORE_USE_IRT=1 LOH_USE_SOFTMAX=1 LOH_USE_HEURISTIC_SIGNS=0 LOH_INCLUDE_HIT_MISS_FEATURES=0 LOH_INCLUDE_CACHE_FEATURES=0 LOH_INCLUDE_CANDIDATE_FEATURES=0 LOH_INCLUDE_TOPK_CANDIDATE_FEATURES=0 LOH_INCLUDE_AVGTOPK_CANDIDATE_FEATURES=0 LOH_INCLUDE_REQUEST=0 LOH_ENABLE_PENALTY=1 LOH_REWARD_USE_PENALTY=1 LOH_PENALTY_SCALE=log LOH_PENALTY_REWARD_FORMULA=centered LOH_REWARD_W_PENALTY=1.0 LOH_PENALTY_CUTOFF=0 LOH_PENALTY_DMAX=400000 LOH_PENALTY_EMPTY_AS_GOOD=1 LOH_PENALTY_REFINE_ON_LATE=1 LOH_PENALTY_NO_EVICT_REWARD=keep LOH_PENALTY_BASELINE_DECAY=0.99 LOH_SURVIVAL_BINS=64 LOH_SURVIVAL_QUANTILE=0.99 LOH_SURVIVAL_MINCOUNT=1000 LOH_PENALTY_NET_GOOD_SCALE=1.0 LOH_PENALTY_NET_PENALTY_SCALE=1.0 LOH_PENALTY_REWARD_FORMULA=net2 LOH_PENALTY_NET_PENALTY_SCALE=2.0"
