idx,n,miss_ratio_mean,miss_ratio_std,byte_miss_ratio_mean,byte_miss_ratio_std,throughput_mqps_mean,throughput_mqps_std,config
1,1,0.368201,0.000000,0.225527,0.000000,0.010000,0.000000,LOH_PARALLEL_SAFE=1 LOH_SKIP_PIP_INSTALL=1 LOH_SKIP_BUILD=1 LOH_DEBUG_LEVEL=1 CACHESIM_VERBOSE=0 CACHESIM_NUM_REQ=3000000 LOH_RL_ALGO=SAC LOH_ACTION_SCALE=1.0 LOH_SCORE_USE_COMPOUND=1 LOH_SCORE_USE_IRT=1 LOH_USE_SOFTMAX=1 LOH_USE_HEURISTIC_SIGNS=0 LOH_INCLUDE_HIT_MISS_FEATURES=0 LOH_INCLUDE_CACHE_FEATURES=0 LOH_INCLUDE_CANDIDATE_FEATURES=0 LOH_INCLUDE_TOPK_CANDIDATE_FEATURES=0 LOH_INCLUDE_AVGTOPK_CANDIDATE_FEATURES=0 LOH_INCLUDE_REQUEST=0 LOH_ENABLE_PENALTY=1 LOH_REWARD_USE_PENALTY=0
2,1,0.368211,0.000000,0.225867,0.000000,0.010000,0.000000,LOH_PARALLEL_SAFE=1 LOH_SKIP_PIP_INSTALL=1 LOH_SKIP_BUILD=1 LOH_DEBUG_LEVEL=1 CACHESIM_VERBOSE=0 CACHESIM_NUM_REQ=3000000 LOH_RL_ALGO=SAC LOH_ACTION_SCALE=1.0 LOH_SCORE_USE_COMPOUND=1 LOH_SCORE_USE_IRT=1 LOH_USE_SOFTMAX=1 LOH_USE_HEURISTIC_SIGNS=0 LOH_INCLUDE_HIT_MISS_FEATURES=0 LOH_INCLUDE_CACHE_FEATURES=0 LOH_INCLUDE_CANDIDATE_FEATURES=0 LOH_INCLUDE_TOPK_CANDIDATE_FEATURES=0 LOH_INCLUDE_AVGTOPK_CANDIDATE_FEATURES=0 LOH_INCLUDE_REQUEST=0 LOH_ENABLE_PENALTY=1 LOH_REWARD_USE_PENALTY=1 LOH_PENALTY_SCALE=reciprocal LOH_PENALTY_REWARD_FORMULA=relative LOH_REWARD_W_PENALTY=0.1 LOH_PENALTY_CUTOFF=0 LOH_PENALTY_DMAX=400000 LOH_PENALTY_EMPTY_AS_GOOD=1 LOH_PENALTY_REFINE_ON_LATE=1 LOH_PENALTY_NO_EVICT_REWARD=keep LOH_PENALTY_BASELINE_DECAY=0.99 LOH_SURVIVAL_BINS=64 LOH_SURVIVAL_QUANTILE=0.99 LOH_SURVIVAL_MINCOUNT=1000 LOH_PENALTY_NET_GOOD_SCALE=1.0 LOH_PENALTY_NET_PENALTY_SCALE=1.0
3,1,0.368246,0.000000,0.225172,0.000000,0.010000,0.000000,LOH_PARALLEL_SAFE=1 LOH_SKIP_PIP_INSTALL=1 LOH_SKIP_BUILD=1 LOH_DEBUG_LEVEL=1 CACHESIM_VERBOSE=0 CACHESIM_NUM_REQ=3000000 LOH_RL_ALGO=SAC LOH_ACTION_SCALE=1.0 LOH_SCORE_USE_COMPOUND=1 LOH_SCORE_USE_IRT=1 LOH_USE_SOFTMAX=1 LOH_USE_HEURISTIC_SIGNS=0 LOH_INCLUDE_HIT_MISS_FEATURES=0 LOH_INCLUDE_CACHE_FEATURES=0 LOH_INCLUDE_CANDIDATE_FEATURES=0 LOH_INCLUDE_TOPK_CANDIDATE_FEATURES=0 LOH_INCLUDE_AVGTOPK_CANDIDATE_FEATURES=0 LOH_INCLUDE_REQUEST=0 LOH_ENABLE_PENALTY=1 LOH_REWARD_USE_PENALTY=1 LOH_PENALTY_SCALE=reciprocal LOH_PENALTY_REWARD_FORMULA=relative LOH_REWARD_W_PENALTY=0.2 LOH_PENALTY_CUTOFF=0 LOH_PENALTY_DMAX=400000 LOH_PENALTY_EMPTY_AS_GOOD=1 LOH_PENALTY_REFINE_ON_LATE=1 LOH_PENALTY_NO_EVICT_REWARD=keep LOH_PENALTY_BASELINE_DECAY=0.99 LOH_SURVIVAL_BINS=64 LOH_SURVIVAL_QUANTILE=0.99 LOH_SURVIVAL_MINCOUNT=1000 LOH_PENALTY_NET_GOOD_SCALE=1.0 LOH_PENALTY_NET_PENALTY_SCALE=1.0
4,1,0.368284,0.000000,0.225248,0.000000,0.010000,0.000000,LOH_PARALLEL_SAFE=1 LOH_SKIP_PIP_INSTALL=1 LOH_SKIP_BUILD=1 LOH_DEBUG_LEVEL=1 CACHESIM_VERBOSE=0 CACHESIM_NUM_REQ=3000000 LOH_RL_ALGO=SAC LOH_ACTION_SCALE=1.0 LOH_SCORE_USE_COMPOUND=1 LOH_SCORE_USE_IRT=1 LOH_USE_SOFTMAX=1 LOH_USE_HEURISTIC_SIGNS=0 LOH_INCLUDE_HIT_MISS_FEATURES=0 LOH_INCLUDE_CACHE_FEATURES=0 LOH_INCLUDE_CANDIDATE_FEATURES=0 LOH_INCLUDE_TOPK_CANDIDATE_FEATURES=0 LOH_INCLUDE_AVGTOPK_CANDIDATE_FEATURES=0 LOH_INCLUDE_REQUEST=0 LOH_ENABLE_PENALTY=1 LOH_REWARD_USE_PENALTY=1 LOH_PENALTY_SCALE=reciprocal LOH_PENALTY_REWARD_FORMULA=relative LOH_REWARD_W_PENALTY=0.5 LOH_PENALTY_CUTOFF=0 LOH_PENALTY_DMAX=400000 LOH_PENALTY_EMPTY_AS_GOOD=1 LOH_PENALTY_REFINE_ON_LATE=1 LOH_PENALTY_NO_EVICT_REWARD=keep LOH_PENALTY_BASELINE_DECAY=0.99 LOH_SURVIVAL_BINS=64 LOH_SURVIVAL_QUANTILE=0.99 LOH_SURVIVAL_MINCOUNT=1000 LOH_PENALTY_NET_GOOD_SCALE=1.0 LOH_PENALTY_NET_PENALTY_SCALE=1.0
5,1,0.368345,0.000000,0.224500,0.000000,0.010000,0.000000,LOH_PARALLEL_SAFE=1 LOH_SKIP_PIP_INSTALL=1 LOH_SKIP_BUILD=1 LOH_DEBUG_LEVEL=1 CACHESIM_VERBOSE=0 CACHESIM_NUM_REQ=3000000 LOH_RL_ALGO=SAC LOH_ACTION_SCALE=1.0 LOH_SCORE_USE_COMPOUND=1 LOH_SCORE_USE_IRT=1 LOH_USE_SOFTMAX=1 LOH_USE_HEURISTIC_SIGNS=0 LOH_INCLUDE_HIT_MISS_FEATURES=0 LOH_INCLUDE_CACHE_FEATURES=0 LOH_INCLUDE_CANDIDATE_FEATURES=0 LOH_INCLUDE_TOPK_CANDIDATE_FEATURES=0 LOH_INCLUDE_AVGTOPK_CANDIDATE_FEATURES=0 LOH_INCLUDE_REQUEST=0 LOH_ENABLE_PENALTY=1 LOH_REWARD_USE_PENALTY=1 LOH_PENALTY_SCALE=reciprocal LOH_PENALTY_REWARD_FORMULA=relative LOH_REWARD_W_PENALTY=1.0 LOH_PENALTY_CUTOFF=0 LOH_PENALTY_DMAX=400000 LOH_PENALTY_EMPTY_AS_GOOD=1 LOH_PENALTY_REFINE_ON_LATE=1 LOH_PENALTY_NO_EVICT_REWARD=keep LOH_PENALTY_BASELINE_DECAY=0.99 LOH_SURVIVAL_BINS=64 LOH_SURVIVAL_QUANTILE=0.99 LOH_SURVIVAL_MINCOUNT=1000 LOH_PENALTY_NET_GOOD_SCALE=1.0 LOH_PENALTY_NET_PENALTY_SCALE=1.0
6,1,0.368217,0.000000,0.225535,0.000000,0.010000,0.000000,LOH_PARALLEL_SAFE=1 LOH_SKIP_PIP_INSTALL=1 LOH_SKIP_BUILD=1 LOH_DEBUG_LEVEL=1 CACHESIM_VERBOSE=0 CACHESIM_NUM_REQ=3000000 LOH_RL_ALGO=SAC LOH_ACTION_SCALE=1.0 LOH_SCORE_USE_COMPOUND=1 LOH_SCORE_USE_IRT=1 LOH_USE_SOFTMAX=1 LOH_USE_HEURISTIC_SIGNS=0 LOH_INCLUDE_HIT_MISS_FEATURES=0 LOH_INCLUDE_CACHE_FEATURES=0 LOH_INCLUDE_CANDIDATE_FEATURES=0 LOH_INCLUDE_TOPK_CANDIDATE_FEATURES=0 LOH_INCLUDE_AVGTOPK_CANDIDATE_FEATURES=0 LOH_INCLUDE_REQUEST=0 LOH_ENABLE_PENALTY=1 LOH_REWARD_USE_PENALTY=1 LOH_PENALTY_SCALE=reciprocal LOH_PENALTY_REWARD_FORMULA=centered LOH_REWARD_W_PENALTY=0.1 LOH_PENALTY_CUTOFF=0 LOH_PENALTY_DMAX=400000 LOH_PENALTY_EMPTY_AS_GOOD=1 LOH_PENALTY_REFINE_ON_LATE=1 LOH_PENALTY_NO_EVICT_REWARD=keep LOH_PENALTY_BASELINE_DECAY=0.99 LOH_SURVIVAL_BINS=64 LOH_SURVIVAL_QUANTILE=0.99 LOH_SURVIVAL_MINCOUNT=1000 LOH_PENALTY_NET_GOOD_SCALE=1.0 LOH_PENALTY_NET_PENALTY_SCALE=1.0
7,1,0.368334,0.000000,0.225199,0.000000,0.010000,0.000000,LOH_PARALLEL_SAFE=1 LOH_SKIP_PIP_INSTALL=1 LOH_SKIP_BUILD=1 LOH_DEBUG_LEVEL=1 CACHESIM_VERBOSE=0 CACHESIM_NUM_REQ=3000000 LOH_RL_ALGO=SAC LOH_ACTION_SCALE=1.0 LOH_SCORE_USE_COMPOUND=1 LOH_SCORE_USE_IRT=1 LOH_USE_SOFTMAX=1 LOH_USE_HEURISTIC_SIGNS=0 LOH_INCLUDE_HIT_MISS_FEATURES=0 LOH_INCLUDE_CACHE_FEATURES=0 LOH_INCLUDE_CANDIDATE_FEATURES=0 LOH_INCLUDE_TOPK_CANDIDATE_FEATURES=0 LOH_INCLUDE_AVGTOPK_CANDIDATE_FEATURES=0 LOH_INCLUDE_REQUEST=0 LOH_ENABLE_PENALTY=1 LOH_REWARD_USE_PENALTY=1 LOH_PENALTY_SCALE=reciprocal LOH_PENALTY_REWARD_FORMULA=centered LOH_REWARD_W_PENALTY=0.2 LOH_PENALTY_CUTOFF=0 LOH_PENALTY_DMAX=400000 LOH_PENALTY_EMPTY_AS_GOOD=1 LOH_PENALTY_REFINE_ON_LATE=1 LOH_PENALTY_NO_EVICT_REWARD=keep LOH_PENALTY_BASELINE_DECAY=0.99 LOH_SURVIVAL_BINS=64 LOH_SURVIVAL_QUANTILE=0.99 LOH_SURVIVAL_MINCOUNT=1000 LOH_PENALTY_NET_GOOD_SCALE=1.0 LOH_PENALTY_NET_PENALTY_SCALE=1.0
8,1,0.368327,0.000000,0.224582,0.000000,0.010000,0.000000,LOH_PARALLEL_SAFE=1 LOH_SKIP_PIP_INSTALL=1 LOH_SKIP_BUILD=1 LOH_DEBUG_LEVEL=1 CACHESIM_VERBOSE=0 CACHESIM_NUM_REQ=3000000 LOH_RL_ALGO=SAC LOH_ACTION_SCALE=1.0 LOH_SCORE_USE_COMPOUND=1 LOH_SCORE_USE_IRT=1 LOH_USE_SOFTMAX=1 LOH_USE_HEURISTIC_SIGNS=0 LOH_INCLUDE_HIT_MISS_FEATURES=0 LOH_INCLUDE_CACHE_FEATURES=0 LOH_INCLUDE_CANDIDATE_FEATURES=0 LOH_INCLUDE_TOPK_CANDIDATE_FEATURES=0 LOH_INCLUDE_AVGTOPK_CANDIDATE_FEATURES=0 LOH_INCLUDE_REQUEST=0 LOH_ENABLE_PENALTY=1 LOH_REWARD_USE_PENALTY=1 LOH_PENALTY_SCALE=reciprocal LOH_PENALTY_REWARD_FORMULA=centered LOH_REWARD_W_PENALTY=0.5 LOH_PENALTY_CUTOFF=0 LOH_PENALTY_DMAX=400000 LOH_PENALTY_EMPTY_AS_GOOD=1 LOH_PENALTY_REFINE_ON_LATE=1 LOH_PENALTY_NO_EVICT_REWARD=keep LOH_PENALTY_BASELINE_DECAY=0.99 LOH_SURVIVAL_BINS=64 LOH_SURVIVAL_QUANTILE=0.99 LOH_SURVIVAL_MINCOUNT=1000 LOH_PENALTY_NET_GOOD_SCALE=1.0 LOH_PENALTY_NET_PENALTY_SCALE=1.0
9,1,0.368221,0.000000,0.225352,0.000000,0.010000,0.000000,LOH_PARALLEL_SAFE=1 LOH_SKIP_PIP_INSTALL=1 LOH_SKIP_BUILD=1 LOH_DEBUG_LEVEL=1 CACHESIM_VERBOSE=0 CACHESIM_NUM_REQ=3000000 LOH_RL_ALGO=SAC LOH_ACTION_SCALE=1.0 LOH_SCORE_USE_COMPOUND=1 LOH_SCORE_USE_IRT=1 LOH_USE_SOFTMAX=1 LOH_USE_HEURISTIC_SIGNS=0 LOH_INCLUDE_HIT_MISS_FEATURES=0 LOH_INCLUDE_CACHE_FEATURES=0 LOH_INCLUDE_CANDIDATE_FEATURES=0 LOH_INCLUDE_TOPK_CANDIDATE_FEATURES=0 LOH_INCLUDE_AVGTOPK_CANDIDATE_FEATURES=0 LOH_INCLUDE_REQUEST=0 LOH_ENABLE_PENALTY=1 LOH_REWARD_USE_PENALTY=1 LOH_PENALTY_SCALE=reciprocal LOH_PENALTY_REWARD_FORMULA=centered LOH_REWARD_W_PENALTY=1.0 LOH_PENALTY_CUTOFF=0 LOH_PENALTY_DMAX=400000 LOH_PENALTY_EMPTY_AS_GOOD=1 LOH_PENALTY_REFINE_ON_LATE=1 LOH_PENALTY_NO_EVICT_REWARD=keep LOH_PENALTY_BASELINE_DECAY=0.99 LOH_SURVIVAL_BINS=64 LOH_SURVIVAL_QUANTILE=0.99 LOH_SURVIVAL_MINCOUNT=1000 LOH_PENALTY_NET_GOOD_SCALE=1.0 LOH_PENALTY_NET_PENALTY_SCALE=1.0
10,1,0.368165,0.000000,0.224950,0.000000,0.010000,0.000000,LOH_PARALLEL_SAFE=1 LOH_SKIP_PIP_INSTALL=1 LOH_SKIP_BUILD=1 LOH_DEBUG_LEVEL=1 CACHESIM_VERBOSE=0 CACHESIM_NUM_REQ=3000000 LOH_RL_ALGO=SAC LOH_ACTION_SCALE=1.0 LOH_SCORE_USE_COMPOUND=1 LOH_SCORE_USE_IRT=1 LOH_USE_SOFTMAX=1 LOH_USE_HEURISTIC_SIGNS=0 LOH_INCLUDE_HIT_MISS_FEATURES=0 LOH_INCLUDE_CACHE_FEATURES=0 LOH_INCLUDE_CANDIDATE_FEATURES=0 LOH_INCLUDE_TOPK_CANDIDATE_FEATURES=0 LOH_INCLUDE_AVGTOPK_CANDIDATE_FEATURES=0 LOH_INCLUDE_REQUEST=0 LOH_ENABLE_PENALTY=1 LOH_REWARD_USE_PENALTY=1 LOH_PENALTY_SCALE=reciprocal LOH_PENALTY_REWARD_FORMULA=one_minus LOH_REWARD_W_PENALTY=0.1 LOH_PENALTY_CUTOFF=0 LOH_PENALTY_DMAX=400000 LOH_PENALTY_EMPTY_AS_GOOD=1 LOH_PENALTY_REFINE_ON_LATE=1 LOH_PENALTY_NO_EVICT_REWARD=keep LOH_PENALTY_BASELINE_DECAY=0.99 LOH_SURVIVAL_BINS=64 LOH_SURVIVAL_QUANTILE=0.99 LOH_SURVIVAL_MINCOUNT=1000 LOH_PENALTY_NET_GOOD_SCALE=1.0 LOH_PENALTY_NET_PENALTY_SCALE=1.0
11,1,0.368233,0.000000,0.225567,0.000000,0.010000,0.000000,LOH_PARALLEL_SAFE=1 LOH_SKIP_PIP_INSTALL=1 LOH_SKIP_BUILD=1 LOH_DEBUG_LEVEL=1 CACHESIM_VERBOSE=0 CACHESIM_NUM_REQ=3000000 LOH_RL_ALGO=SAC LOH_ACTION_SCALE=1.0 LOH_SCORE_USE_COMPOUND=1 LOH_SCORE_USE_IRT=1 LOH_USE_SOFTMAX=1 LOH_USE_HEURISTIC_SIGNS=0 LOH_INCLUDE_HIT_MISS_FEATURES=0 LOH_INCLUDE_CACHE_FEATURES=0 LOH_INCLUDE_CANDIDATE_FEATURES=0 LOH_INCLUDE_TOPK_CANDIDATE_FEATURES=0 LOH_INCLUDE_AVGTOPK_CANDIDATE_FEATURES=0 LOH_INCLUDE_REQUEST=0 LOH_ENABLE_PENALTY=1 LOH_REWARD_USE_PENALTY=1 LOH_PENALTY_SCALE=reciprocal LOH_PENALTY_REWARD_FORMULA=one_minus LOH_REWARD_W_PENALTY=0.2 LOH_PENALTY_CUTOFF=0 LOH_PENALTY_DMAX=400000 LOH_PENALTY_EMPTY_AS_GOOD=1 LOH_PENALTY_REFINE_ON_LATE=1 LOH_PENALTY_NO_EVICT_REWARD=keep LOH_PENALTY_BASELINE_DECAY=0.99 LOH_SURVIVAL_BINS=64 LOH_SURVIVAL_QUANTILE=0.99 LOH_SURVIVAL_MINCOUNT=1000 LOH_PENALTY_NET_GOOD_SCALE=1.0 LOH_PENALTY_NET_PENALTY_SCALE=1.0
12,1,0.368268,0.000000,0.224865,0.000000,0.010000,0.000000,LOH_PARALLEL_SAFE=1 LOH_SKIP_PIP_INSTALL=1 LOH_SKIP_BUILD=1 LOH_DEBUG_LEVEL=1 CACHESIM_VERBOSE=0 CACHESIM_NUM_REQ=3000000 LOH_RL_ALGO=SAC LOH_ACTION_SCALE=1.0 LOH_SCORE_USE_COMPOUND=1 LOH_SCORE_USE_IRT=1 LOH_USE_SOFTMAX=1 LOH_USE_HEURISTIC_SIGNS=0 LOH_INCLUDE_HIT_MISS_FEATURES=0 LOH_INCLUDE_CACHE_FEATURES=0 LOH_INCLUDE_CANDIDATE_FEATURES=0 LOH_INCLUDE_TOPK_CANDIDATE_FEATURES=0 LOH_INCLUDE_AVGTOPK_CANDIDATE_FEATURES=0 LOH_INCLUDE_REQUEST=0 LOH_ENABLE_PENALTY=1 LOH_REWARD_USE_PENALTY=1 LOH_PENALTY_SCALE=reciprocal LOH_PENALTY_REWARD_FORMULA=one_minus LOH_REWARD_W_PENALTY=0.5 LOH_PENALTY_CUTOFF=0 LOH_PENALTY_DMAX=400000 LOH_PENALTY_EMPTY_AS_GOOD=1 LOH_PENALTY_REFINE_ON_LATE=1 LOH_PENALTY_NO_EVICT_REWARD=keep LOH_PENALTY_BASELINE_DECAY=0.99 LOH_SURVIVAL_BINS=64 LOH_SURVIVAL_QUANTILE=0.99 LOH_SURVIVAL_MINCOUNT=1000 LOH_PENALTY_NET_GOOD_SCALE=1.0 LOH_PENALTY_NET_PENALTY_SCALE=1.0
13,1,0.368205,0.000000,0.224917,0.000000,0.010000,0.000000,LOH_PARALLEL_SAFE=1 LOH_SKIP_PIP_INSTALL=1 LOH_SKIP_BUILD=1 LOH_DEBUG_LEVEL=1 CACHESIM_VERBOSE=0 CACHESIM_NUM_REQ=3000000 LOH_RL_ALGO=SAC LOH_ACTION_SCALE=1.0 LOH_SCORE_USE_COMPOUND=1 LOH_SCORE_USE_IRT=1 LOH_USE_SOFTMAX=1 LOH_USE_HEURISTIC_SIGNS=0 LOH_INCLUDE_HIT_MISS_FEATURES=0 LOH_INCLUDE_CACHE_FEATURES=0 LOH_INCLUDE_CANDIDATE_FEATURES=0 LOH_INCLUDE_TOPK_CANDIDATE_FEATURES=0 LOH_INCLUDE_AVGTOPK_CANDIDATE_FEATURES=0 LOH_INCLUDE_REQUEST=0 LOH_ENABLE_PENALTY=1 LOH_REWARD_USE_PENALTY=1 LOH_PENALTY_SCALE=reciprocal LOH_PENALTY_REWARD_FORMULA=one_minus LOH_REWARD_W_PENALTY=1.0 LOH_PENALTY_CUTOFF=0 LOH_PENALTY_DMAX=400000 LOH_PENALTY_EMPTY_AS_GOOD=1 LOH_PENALTY_REFINE_ON_LATE=1 LOH_PENALTY_NO_EVICT_REWARD=keep LOH_PENALTY_BASELINE_DECAY=0.99 LOH_SURVIVAL_BINS=64 LOH_SURVIVAL_QUANTILE=0.99 LOH_SURVIVAL_MINCOUNT=1000 LOH_PENALTY_NET_GOOD_SCALE=1.0 LOH_PENALTY_NET_PENALTY_SCALE=1.0
14,1,0.368249,0.000000,0.224904,0.000000,0.010000,0.000000,LOH_PARALLEL_SAFE=1 LOH_SKIP_PIP_INSTALL=1 LOH_SKIP_BUILD=1 LOH_DEBUG_LEVEL=1 CACHESIM_VERBOSE=0 CACHESIM_NUM_REQ=3000000 LOH_RL_ALGO=SAC LOH_ACTION_SCALE=1.0 LOH_SCORE_USE_COMPOUND=1 LOH_SCORE_USE_IRT=1 LOH_USE_SOFTMAX=1 LOH_USE_HEURISTIC_SIGNS=0 LOH_INCLUDE_HIT_MISS_FEATURES=0 LOH_INCLUDE_CACHE_FEATURES=0 LOH_INCLUDE_CANDIDATE_FEATURES=0 LOH_INCLUDE_TOPK_CANDIDATE_FEATURES=0 LOH_INCLUDE_AVGTOPK_CANDIDATE_FEATURES=0 LOH_INCLUDE_REQUEST=0 LOH_ENABLE_PENALTY=1 LOH_REWARD_USE_PENALTY=1 LOH_PENALTY_SCALE=reciprocal LOH_PENALTY_REWARD_FORMULA=neg LOH_REWARD_W_PENALTY=0.1 LOH_PENALTY_CUTOFF=0 LOH_PENALTY_DMAX=400000 LOH_PENALTY_EMPTY_AS_GOOD=1 LOH_PENALTY_REFINE_ON_LATE=1 LOH_PENALTY_NO_EVICT_REWARD=keep LOH_PENALTY_BASELINE_DECAY=0.99 LOH_SURVIVAL_BINS=64 LOH_SURVIVAL_QUANTILE=0.99 LOH_SURVIVAL_MINCOUNT=1000 LOH_PENALTY_NET_GOOD_SCALE=1.0 LOH_PENALTY_NET_PENALTY_SCALE=1.0
15,1,0.368214,0.000000,0.225071,0.000000,0.010000,0.000000,LOH_PARALLEL_SAFE=1 LOH_SKIP_PIP_INSTALL=1 LOH_SKIP_BUILD=1 LOH_DEBUG_LEVEL=1 CACHESIM_VERBOSE=0 CACHESIM_NUM_REQ=3000000 LOH_RL_ALGO=SAC LOH_ACTION_SCALE=1.0 LOH_SCORE_USE_COMPOUND=1 LOH_SCORE_USE_IRT=1 LOH_USE_SOFTMAX=1 LOH_USE_HEURISTIC_SIGNS=0 LOH_INCLUDE_HIT_MISS_FEATURES=0 LOH_INCLUDE_CACHE_FEATURES=0 LOH_INCLUDE_CANDIDATE_FEATURES=0 LOH_INCLUDE_TOPK_CANDIDATE_FEATURES=0 LOH_INCLUDE_AVGTOPK_CANDIDATE_FEATURES=0 LOH_INCLUDE_REQUEST=0 LOH_ENABLE_PENALTY=1 LOH_REWARD_USE_PENALTY=1 LOH_PENALTY_SCALE=reciprocal LOH_PENALTY_REWARD_FORMULA=neg LOH_REWARD_W_PENALTY=0.2 LOH_PENALTY_CUTOFF=0 LOH_PENALTY_DMAX=400000 LOH_PENALTY_EMPTY_AS_GOOD=1 LOH_PENALTY_REFINE_ON_LATE=1 LOH_PENALTY_NO_EVICT_REWARD=keep LOH_PENALTY_BASELINE_DECAY=0.99 LOH_SURVIVAL_BINS=64 LOH_SURVIVAL_QUANTILE=0.99 LOH_SURVIVAL_MINCOUNT=1000 LOH_PENALTY_NET_GOOD_SCALE=1.0 LOH_PENALTY_NET_PENALTY_SCALE=1.0
16,1,0.368280,0.000000,0.225393,0.000000,0.010000,0.000000,LOH_PARALLEL_SAFE=1 LOH_SKIP_PIP_INSTALL=1 LOH_SKIP_BUILD=1 LOH_DEBUG_LEVEL=1 CACHESIM_VERBOSE=0 CACHESIM_NUM_REQ=3000000 LOH_RL_ALGO=SAC LOH_ACTION_SCALE=1.0 LOH_SCORE_USE_COMPOUND=1 LOH_SCORE_USE_IRT=1 LOH_USE_SOFTMAX=1 LOH_USE_HEURISTIC_SIGNS=0 LOH_INCLUDE_HIT_MISS_FEATURES=0 LOH_INCLUDE_CACHE_FEATURES=0 LOH_INCLUDE_CANDIDATE_FEATURES=0 LOH_INCLUDE_TOPK_CANDIDATE_FEATURES=0 LOH_INCLUDE_AVGTOPK_CANDIDATE_FEATURES=0 LOH_INCLUDE_REQUEST=0 LOH_ENABLE_PENALTY=1 LOH_REWARD_USE_PENALTY=1 LOH_PENALTY_SCALE=reciprocal LOH_PENALTY_REWARD_FORMULA=neg LOH_REWARD_W_PENALTY=0.5 LOH_PENALTY_CUTOFF=0 LOH_PENALTY_DMAX=400000 LOH_PENALTY_EMPTY_AS_GOOD=1 LOH_PENALTY_REFINE_ON_LATE=1 LOH_PENALTY_NO_EVICT_REWARD=keep LOH_PENALTY_BASELINE_DECAY=0.99 LOH_SURVIVAL_BINS=64 LOH_SURVIVAL_QUANTILE=0.99 LOH_SURVIVAL_MINCOUNT=1000 LOH_PENALTY_NET_GOOD_SCALE=1.0 LOH_PENALTY_NET_PENALTY_SCALE=1.0
17,1,0.368201,0.000000,0.225241,0.000000,0.010000,0.000000,LOH_PARALLEL_SAFE=1 LOH_SKIP_PIP_INSTALL=1 LOH_SKIP_BUILD=1 LOH_DEBUG_LEVEL=1 CACHESIM_VERBOSE=0 CACHESIM_NUM_REQ=3000000 LOH_RL_ALGO=SAC LOH_ACTION_SCALE=1.0 LOH_SCORE_USE_COMPOUND=1 LOH_SCORE_USE_IRT=1 LOH_USE_SOFTMAX=1 LOH_USE_HEURISTIC_SIGNS=0 LOH_INCLUDE_HIT_MISS_FEATURES=0 LOH_INCLUDE_CACHE_FEATURES=0 LOH_INCLUDE_CANDIDATE_FEATURES=0 LOH_INCLUDE_TOPK_CANDIDATE_FEATURES=0 LOH_INCLUDE_AVGTOPK_CANDIDATE_FEATURES=0 LOH_INCLUDE_REQUEST=0 LOH_ENABLE_PENALTY=1 LOH_REWARD_USE_PENALTY=1 LOH_PENALTY_SCALE=reciprocal LOH_PENALTY_REWARD_FORMULA=neg LOH_REWARD_W_PENALTY=1.0 LOH_PENALTY_CUTOFF=0 LOH_PENALTY_DMAX=400000 LOH_PENALTY_EMPTY_AS_GOOD=1 LOH_PENALTY_REFINE_ON_LATE=1 LOH_PENALTY_NO_EVICT_REWARD=keep LOH_PENALTY_BASELINE_DECAY=0.99 LOH_SURVIVAL_BINS=64 LOH_SURVIVAL_QUANTILE=0.99 LOH_SURVIVAL_MINCOUNT=1000 LOH_PENALTY_NET_GOOD_SCALE=1.0 LOH_PENALTY_NET_PENALTY_SCALE=1.0
18,1,0.368213,0.000000,0.224926,0.000000,0.010000,0.000000,LOH_PARALLEL_SAFE=1 LOH_SKIP_PIP_INSTALL=1 LOH_SKIP_BUILD=1 LOH_DEBUG_LEVEL=1 CACHESIM_VERBOSE=0 CACHESIM_NUM_REQ=3000000 LOH_RL_ALGO=SAC LOH_ACTION_SCALE=1.0 LOH_SCORE_USE_COMPOUND=1 LOH_SCORE_USE_IRT=1 LOH_USE_SOFTMAX=1 LOH_USE_HEURISTIC_SIGNS=0 LOH_INCLUDE_HIT_MISS_FEATURES=0 LOH_INCLUDE_CACHE_FEATURES=0 LOH_INCLUDE_CANDIDATE_FEATURES=0 LOH_INCLUDE_TOPK_CANDIDATE_FEATURES=0 LOH_INCLUDE_AVGTOPK_CANDIDATE_FEATURES=0 LOH_INCLUDE_REQUEST=0 LOH_ENABLE_PENALTY=1 LOH_REWARD_USE_PENALTY=1 LOH_PENALTY_SCALE=reciprocal LOH_PENALTY_REWARD_FORMULA=net LOH_REWARD_W_PENALTY=1.0 LOH_PENALTY_CUTOFF=0 LOH_PENALTY_DMAX=400000 LOH_PENALTY_EMPTY_AS_GOOD=1 LOH_PENALTY_REFINE_ON_LATE=1 LOH_PENALTY_NO_EVICT_REWARD=keep LOH_PENALTY_BASELINE_DECAY=0.99 LOH_SURVIVAL_BINS=64 LOH_SURVIVAL_QUANTILE=0.99 LOH_SURVIVAL_MINCOUNT=1000 LOH_PENALTY_NET_GOOD_SCALE=1.0 LOH_PENALTY_NET_PENALTY_SCALE=1.0
19,1,0.368208,0.000000,0.224994,0.000000,0.010000,0.000000,LOH_PARALLEL_SAFE=1 LOH_SKIP_PIP_INSTALL=1 LOH_SKIP_BUILD=1 LOH_DEBUG_LEVEL=1 CACHESIM_VERBOSE=0 CACHESIM_NUM_REQ=3000000 LOH_RL_ALGO=SAC LOH_ACTION_SCALE=1.0 LOH_SCORE_USE_COMPOUND=1 LOH_SCORE_USE_IRT=1 LOH_USE_SOFTMAX=1 LOH_USE_HEURISTIC_SIGNS=0 LOH_INCLUDE_HIT_MISS_FEATURES=0 LOH_INCLUDE_CACHE_FEATURES=0 LOH_INCLUDE_CANDIDATE_FEATURES=0 LOH_INCLUDE_TOPK_CANDIDATE_FEATURES=0 LOH_INCLUDE_AVGTOPK_CANDIDATE_FEATURES=0 LOH_INCLUDE_REQUEST=0 LOH_ENABLE_PENALTY=1 LOH_REWARD_USE_PENALTY=1 LOH_PENALTY_SCALE=reciprocal LOH_PENALTY_REWARD_FORMULA=net LOH_REWARD_W_PENALTY=2.0 LOH_PENALTY_CUTOFF=0 LOH_PENALTY_DMAX=400000 LOH_PENALTY_EMPTY_AS_GOOD=1 LOH_PENALTY_REFINE_ON_LATE=1 LOH_PENALTY_NO_EVICT_REWARD=keep LOH_PENALTY_BASELINE_DECAY=0.99 LOH_SURVIVAL_BINS=64 LOH_SURVIVAL_QUANTILE=0.99 LOH_SURVIVAL_MINCOUNT=1000 LOH_PENALTY_NET_GOOD_SCALE=1.0 LOH_PENALTY_NET_PENALTY_SCALE=1.0
20,1,0.368202,0.000000,0.225572,0.000000,0.010000,0.000000,LOH_PARALLEL_SAFE=1 LOH_SKIP_PIP_INSTALL=1 LOH_SKIP_BUILD=1 LOH_DEBUG_LEVEL=1 CACHESIM_VERBOSE=0 CACHESIM_NUM_REQ=3000000 LOH_RL_ALGO=SAC LOH_ACTION_SCALE=1.0 LOH_SCORE_USE_COMPOUND=1 LOH_SCORE_USE_IRT=1 LOH_USE_SOFTMAX=1 LOH_USE_HEURISTIC_SIGNS=0 LOH_INCLUDE_HIT_MISS_FEATURES=0 LOH_INCLUDE_CACHE_FEATURES=0 LOH_INCLUDE_CANDIDATE_FEATURES=0 LOH_INCLUDE_TOPK_CANDIDATE_FEATURES=0 LOH_INCLUDE_AVGTOPK_CANDIDATE_FEATURES=0 LOH_INCLUDE_REQUEST=0 LOH_ENABLE_PENALTY=1 LOH_REWARD_USE_PENALTY=1 LOH_PENALTY_SCALE=reciprocal LOH_PENALTY_REWARD_FORMULA=net LOH_REWARD_W_PENALTY=3.0 LOH_PENALTY_CUTOFF=0 LOH_PENALTY_DMAX=400000 LOH_PENALTY_EMPTY_AS_GOOD=1 LOH_PENALTY_REFINE_ON_LATE=1 LOH_PENALTY_NO_EVICT_REWARD=keep LOH_PENALTY_BASELINE_DECAY=0.99 LOH_SURVIVAL_BINS=64 LOH_SURVIVAL_QUANTILE=0.99 LOH_SURVIVAL_MINCOUNT=1000 LOH_PENALTY_NET_GOOD_SCALE=1.0 LOH_PENALTY_NET_PENALTY_SCALE=1.0
21,1,0.368223,0.000000,0.224796,0.000000,0.010000,0.000000,LOH_PARALLEL_SAFE=1 LOH_SKIP_PIP_INSTALL=1 LOH_SKIP_BUILD=1 LOH_DEBUG_LEVEL=1 CACHESIM_VERBOSE=0 CACHESIM_NUM_REQ=3000000 LOH_RL_ALGO=SAC LOH_ACTION_SCALE=1.0 LOH_SCORE_USE_COMPOUND=1 LOH_SCORE_USE_IRT=1 LOH_USE_SOFTMAX=1 LOH_USE_HEURISTIC_SIGNS=0 LOH_INCLUDE_HIT_MISS_FEATURES=0 LOH_INCLUDE_CACHE_FEATURES=0 LOH_INCLUDE_CANDIDATE_FEATURES=0 LOH_INCLUDE_TOPK_CANDIDATE_FEATURES=0 LOH_INCLUDE_AVGTOPK_CANDIDATE_FEATURES=0 LOH_INCLUDE_REQUEST=0 LOH_ENABLE_PENALTY=1 LOH_REWARD_USE_PENALTY=1 LOH_PENALTY_SCALE=reciprocal LOH_PENALTY_REWARD_FORMULA=net2 LOH_REWARD_W_PENALTY=1.0 LOH_PENALTY_CUTOFF=0 LOH_PENALTY_DMAX=400000 LOH_PENALTY_EMPTY_AS_GOOD=1 LOH_PENALTY_REFINE_ON_LATE=1 LOH_PENALTY_NO_EVICT_REWARD=keep LOH_PENALTY_BASELINE_DECAY=0.99 LOH_SURVIVAL_BINS=64 LOH_SURVIVAL_QUANTILE=0.99 LOH_SURVIVAL_MINCOUNT=1000 LOH_PENALTY_NET_GOOD_SCALE=1.0 LOH_PENALTY_NET_PENALTY_SCALE=1.0
22,1,0.368214,0.000000,0.225382,0.000000,0.010000,0.000000,LOH_PARALLEL_SAFE=1 LOH_SKIP_PIP_INSTALL=1 LOH_SKIP_BUILD=1 LOH_DEBUG_LEVEL=1 CACHESIM_VERBOSE=0 CACHESIM_NUM_REQ=3000000 LOH_RL_ALGO=SAC LOH_ACTION_SCALE=1.0 LOH_SCORE_USE_COMPOUND=1 LOH_SCORE_USE_IRT=1 LOH_USE_SOFTMAX=1 LOH_USE_HEURISTIC_SIGNS=0 LOH_INCLUDE_HIT_MISS_FEATURES=0 LOH_INCLUDE_CACHE_FEATURES=0 LOH_INCLUDE_CANDIDATE_FEATURES=0 LOH_INCLUDE_TOPK_CANDIDATE_FEATURES=0 LOH_INCLUDE_AVGTOPK_CANDIDATE_FEATURES=0 LOH_INCLUDE_REQUEST=0 LOH_ENABLE_PENALTY=1 LOH_REWARD_USE_PENALTY=1 LOH_PENALTY_SCALE=reciprocal LOH_PENALTY_REWARD_FORMULA=net2 LOH_REWARD_W_PENALTY=2.0 LOH_PENALTY_CUTOFF=0 LOH_PENALTY_DMAX=400000 LOH_PENALTY_EMPTY_AS_GOOD=1 LOH_PENALTY_REFINE_ON_LATE=1 LOH_PENALTY_NO_EVICT_REWARD=keep LOH_PENALTY_BASELINE_DECAY=0.99 LOH_SURVIVAL_BINS=64 LOH_SURVIVAL_QUANTILE=0.99 LOH_SURVIVAL_MINCOUNT=1000 LOH_PENALTY_NET_GOOD_SCALE=1.0 LOH_PENALTY_NET_PENALTY_SCALE=1.0
23,1,0.368202,0.000000,0.224932,0.000000,0.010000,0.000000,LOH_PARALLEL_SAFE=1 LOH_SKIP_PIP_INSTALL=1 LOH_SKIP_BUILD=1 LOH_DEBUG_LEVEL=1 CACHESIM_VERBOSE=0 CACHESIM_NUM_REQ=3000000 LOH_RL_ALGO=SAC LOH_ACTION_SCALE=1.0 LOH_SCORE_USE_COMPOUND=1 LOH_SCORE_USE_IRT=1 LOH_USE_SOFTMAX=1 LOH_USE_HEURISTIC_SIGNS=0 LOH_INCLUDE_HIT_MISS_FEATURES=0 LOH_INCLUDE_CACHE_FEATURES=0 LOH_INCLUDE_CANDIDATE_FEATURES=0 LOH_INCLUDE_TOPK_CANDIDATE_FEATURES=0 LOH_INCLUDE_AVGTOPK_CANDIDATE_FEATURES=0 LOH_INCLUDE_REQUEST=0 LOH_ENABLE_PENALTY=1 LOH_REWARD_USE_PENALTY=1 LOH_PENALTY_SCALE=reciprocal LOH_PENALTY_REWARD_FORMULA=net2 LOH_REWARD_W_PENALTY=3.0 LOH_PENALTY_CUTOFF=0 LOH_PENALTY_DMAX=400000 LOH_PENALTY_EMPTY_AS_GOOD=1 LOH_PENALTY_REFINE_ON_LATE=1 LOH_PENALTY_NO_EVICT_REWARD=keep LOH_PENALTY_BASELINE_DECAY=0.99 LOH_SURVIVAL_BINS=64 LOH_SURVIVAL_QUANTILE=0.99 LOH_SURVIVAL_MINCOUNT=1000 LOH_PENALTY_NET_GOOD_SCALE=1.0 LOH_PENALTY_NET_PENALTY_SCALE=1.0
24,1,0.368284,0.000000,0.224993,0.000000,0.010000,0.000000,LOH_PARALLEL_SAFE=1 LOH_SKIP_PIP_INSTALL=1 LOH_SKIP_BUILD=1 LOH_DEBUG_LEVEL=1 CACHESIM_VERBOSE=0 CACHESIM_NUM_REQ=3000000 LOH_RL_ALGO=SAC LOH_ACTION_SCALE=1.0 LOH_SCORE_USE_COMPOUND=1 LOH_SCORE_USE_IRT=1 LOH_USE_SOFTMAX=1 LOH_USE_HEURISTIC_SIGNS=0 LOH_INCLUDE_HIT_MISS_FEATURES=0 LOH_INCLUDE_CACHE_FEATURES=0 LOH_INCLUDE_CANDIDATE_FEATURES=0 LOH_INCLUDE_TOPK_CANDIDATE_FEATURES=0 LOH_INCLUDE_AVGTOPK_CANDIDATE_FEATURES=0 LOH_INCLUDE_REQUEST=0 LOH_ENABLE_PENALTY=1 LOH_REWARD_USE_PENALTY=1 LOH_PENALTY_SCALE=log LOH_PENALTY_REWARD_FORMULA=relative LOH_REWARD_W_PENALTY=0.1 LOH_PENALTY_CUTOFF=0 LOH_PENALTY_DMAX=400000 LOH_PENALTY_EMPTY_AS_GOOD=1 LOH_PENALTY_REFINE_ON_LATE=1 LOH_PENALTY_NO_EVICT_REWARD=keep LOH_PENALTY_BASELINE_DECAY=0.99 LOH_SURVIVAL_BINS=64 LOH_SURVIVAL_QUANTILE=0.99 LOH_SURVIVAL_MINCOUNT=1000 LOH_PENALTY_NET_GOOD_SCALE=1.0 LOH_PENALTY_NET_PENALTY_SCALE=1.0
25,1,0.368320,0.000000,0.225122,0.000000,0.010000,0.000000,LOH_PARALLEL_SAFE=1 LOH_SKIP_PIP_INSTALL=1 LOH_SKIP_BUILD=1 LOH_DEBUG_LEVEL=1 CACHESIM_VERBOSE=0 CACHESIM_NUM_REQ=3000000 LOH_RL_ALGO=SAC LOH_ACTION_SCALE=1.0 LOH_SCORE_USE_COMPOUND=1 LOH_SCORE_USE_IRT=1 LOH_USE_SOFTMAX=1 LOH_USE_HEURISTIC_SIGNS=0 LOH_INCLUDE_HIT_MISS_FEATURES=0 LOH_INCLUDE_CACHE_FEATURES=0 LOH_INCLUDE_CANDIDATE_FEATURES=0 LOH_INCLUDE_TOPK_CANDIDATE_FEATURES=0 LOH_INCLUDE_AVGTOPK_CANDIDATE_FEATURES=0 LOH_INCLUDE_REQUEST=0 LOH_ENABLE_PENALTY=1 LOH_REWARD_USE_PENALTY=1 LOH_PENALTY_SCALE=log LOH_PENALTY_REWARD_FORMULA=relative LOH_REWARD_W_PENALTY=0.2 LOH_PENALTY_CUTOFF=0 LOH_PENALTY_DMAX=400000 LOH_PENALTY_EMPTY_AS_GOOD=1 LOH_PENALTY_REFINE_ON_LATE=1 LOH_PENALTY_NO_EVICT_REWARD=keep LOH_PENALTY_BASELINE_DECAY=0.99 LOH_SURVIVAL_BINS=64 LOH_SURVIVAL_QUANTILE=0.99 LOH_SURVIVAL_MINCOUNT=1000 LOH_PENALTY_NET_GOOD_SCALE=1.0 LOH_PENALTY_NET_PENALTY_SCALE=1.0
26,1,0.368237,0.000000,0.225420,0.000000,0.010000,0.000000,LOH_PARALLEL_SAFE=1 LOH_SKIP_PIP_INSTALL=1 LOH_SKIP_BUILD=1 LOH_DEBUG_LEVEL=1 CACHESIM_VERBOSE=0 CACHESIM_NUM_REQ=3000000 LOH_RL_ALGO=SAC LOH_ACTION_SCALE=1.0 LOH_SCORE_USE_COMPOUND=1 LOH_SCORE_USE_IRT=1 LOH_USE_SOFTMAX=1 LOH_USE_HEURISTIC_SIGNS=0 LOH_INCLUDE_HIT_MISS_FEATURES=0 LOH_INCLUDE_CACHE_FEATURES=0 LOH_INCLUDE_CANDIDATE_FEATURES=0 LOH_INCLUDE_TOPK_CANDIDATE_FEATURES=0 LOH_INCLUDE_AVGTOPK_CANDIDATE_FEATURES=0 LOH_INCLUDE_REQUEST=0 LOH_ENABLE_PENALTY=1 LOH_REWARD_USE_PENALTY=1 LOH_PENALTY_SCALE=log LOH_PENALTY_REWARD_FORMULA=relative LOH_REWARD_W_PENALTY=0.5 LOH_PENALTY_CUTOFF=0 LOH_PENALTY_DMAX=400000 LOH_PENALTY_EMPTY_AS_GOOD=1 LOH_PENALTY_REFINE_ON_LATE=1 LOH_PENALTY_NO_EVICT_REWARD=keep LOH_PENALTY_BASELINE_DECAY=0.99 LOH_SURVIVAL_BINS=64 LOH_SURVIVAL_QUANTILE=0.99 LOH_SURVIVAL_MINCOUNT=1000 LOH_PENALTY_NET_GOOD_SCALE=1.0 LOH_PENALTY_NET_PENALTY_SCALE=1.0
27,1,0.368288,0.000000,0.225180,0.000000,0.010000,0.000000,LOH_PARALLEL_SAFE=1 LOH_SKIP_PIP_INSTALL=1 LOH_SKIP_BUILD=1 LOH_DEBUG_LEVEL=1 CACHESIM_VERBOSE=0 CACHESIM_NUM_REQ=3000000 LOH_RL_ALGO=SAC LOH_ACTION_SCALE=1.0 LOH_SCORE_USE_COMPOUND=1 LOH_SCORE_USE_IRT=1 LOH_USE_SOFTMAX=1 LOH_USE_HEURISTIC_SIGNS=0 LOH_INCLUDE_HIT_MISS_FEATURES=0 LOH_INCLUDE_CACHE_FEATURES=0 LOH_INCLUDE_CANDIDATE_FEATURES=0 LOH_INCLUDE_TOPK_CANDIDATE_FEATURES=0 LOH_INCLUDE_AVGTOPK_CANDIDATE_FEATURES=0 LOH_INCLUDE_REQUEST=0 LOH_ENABLE_PENALTY=1 LOH_REWARD_USE_PENALTY=1 LOH_PENALTY_SCALE=log LOH_PENALTY_REWARD_FORMULA=relative LOH_REWARD_W_PENALTY=1.0 LOH_PENALTY_CUTOFF=0 LOH_PENALTY_DMAX=400000 LOH_PENALTY_EMPTY_AS_GOOD=1 LOH_PENALTY_REFINE_ON_LATE=1 LOH_PENALTY_NO_EVICT_REWARD=keep LOH_PENALTY_BASELINE_DECAY=0.99 LOH_SURVIVAL_BINS=64 LOH_SURVIVAL_QUANTILE=0.99 LOH_SURVIVAL_MINCOUNT=1000 LOH_PENALTY_NET_GOOD_SCALE=1.0 LOH_PENALTY_NET_PENALTY_SCALE=1.0
28,1,0.368274,0.000000,0.225087,0.000000,0.010000,0.000000,LOH_PARALLEL_SAFE=1 LOH_SKIP_PIP_INSTALL=1 LOH_SKIP_BUILD=1 LOH_DEBUG_LEVEL=1 CACHESIM_VERBOSE=0 CACHESIM_NUM_REQ=3000000 LOH_RL_ALGO=SAC LOH_ACTION_SCALE=1.0 LOH_SCORE_USE_COMPOUND=1 LOH_SCORE_USE_IRT=1 LOH_USE_SOFTMAX=1 LOH_USE_HEURISTIC_SIGNS=0 LOH_INCLUDE_HIT_MISS_FEATURES=0 LOH_INCLUDE_CACHE_FEATURES=0 LOH_INCLUDE_CANDIDATE_FEATURES=0 LOH_INCLUDE_TOPK_CANDIDATE_FEATURES=0 LOH_INCLUDE_AVGTOPK_CANDIDATE_FEATURES=0 LOH_INCLUDE_REQUEST=0 LOH_ENABLE_PENALTY=1 LOH_REWARD_USE_PENALTY=1 LOH_PENALTY_SCALE=log LOH_PENALTY_REWARD_FORMULA=centered LOH_REWARD_W_PENALTY=0.1 LOH_PENALTY_CUTOFF=0 LOH_PENALTY_DMAX=400000 LOH_PENALTY_EMPTY_AS_GOOD=1 LOH_PENALTY_REFINE_ON_LATE=1 LOH_PENALTY_NO_EVICT_REWARD=keep LOH_PENALTY_BASELINE_DECAY=0.99 LOH_SURVIVAL_BINS=64 LOH_SURVIVAL_QUANTILE=0.99 LOH_SURVIVAL_MINCOUNT=1000 LOH_PENALTY_NET_GOOD_SCALE=1.0 LOH_PENALTY_NET_PENALTY_SCALE=1.0
29,1,0.368128,0.000000,0.224500,0.000000,0.010000,0.000000,LOH_PARALLEL_SAFE=1 LOH_SKIP_PIP_INSTALL=1 LOH_SKIP_BUILD=1 LOH_DEBUG_LEVEL=1 CACHESIM_VERBOSE=0 CACHESIM_NUM_REQ=3000000 LOH_RL_ALGO=SAC LOH_ACTION_SCALE=1.0 LOH_SCORE_USE_COMPOUND=1 LOH_SCORE_USE_IRT=1 LOH_USE_SOFTMAX=1 LOH_USE_HEURISTIC_SIGNS=0 LOH_INCLUDE_HIT_MISS_FEATURES=0 LOH_INCLUDE_CACHE_FEATURES=0 LOH_INCLUDE_CANDIDATE_FEATURES=0 LOH_INCLUDE_TOPK_CANDIDATE_FEATURES=0 LOH_INCLUDE_AVGTOPK_CANDIDATE_FEATURES=0 LOH_INCLUDE_REQUEST=0 LOH_ENABLE_PENALTY=1 LOH_REWARD_USE_PENALTY=1 LOH_PENALTY_SCALE=log LOH_PENALTY_REWARD_FORMULA=centered LOH_REWARD_W_PENALTY=0.2 LOH_PENALTY_CUTOFF=0 LOH_PENALTY_DMAX=400000 LOH_PENALTY_EMPTY_AS_GOOD=1 LOH_PENALTY_REFINE_ON_LATE=1 LOH_PENALTY_NO_EVICT_REWARD=keep LOH_PENALTY_BASELINE_DECAY=0.99 LOH_SURVIVAL_BINS=64 LOH_SURVIVAL_QUANTILE=0.99 LOH_SURVIVAL_MINCOUNT=1000 LOH_PENALTY_NET_GOOD_SCALE=1.0 LOH_PENALTY_NET_PENALTY_SCALE=1.0
30,1,0.368195,0.000000,0.225064,0.000000,0.010000,0.000000,LOH_PARALLEL_SAFE=1 LOH_SKIP_PIP_INSTALL=1 LOH_SKIP_BUILD=1 LOH_DEBUG_LEVEL=1 CACHESIM_VERBOSE=0 CACHESIM_NUM_REQ=3000000 LOH_RL_ALGO=SAC LOH_ACTION_SCALE=1.0 LOH_SCORE_USE_COMPOUND=1 LOH_SCORE_USE_IRT=1 LOH_USE_SOFTMAX=1 LOH_USE_HEURISTIC_SIGNS=0 LOH_INCLUDE_HIT_MISS_FEATURES=0 LOH_INCLUDE_CACHE_FEATURES=0 LOH_INCLUDE_CANDIDATE_FEATURES=0 LOH_INCLUDE_TOPK_CANDIDATE_FEATURES=0 LOH_INCLUDE_AVGTOPK_CANDIDATE_FEATURES=0 LOH_INCLUDE_REQUEST=0 LOH_ENABLE_PENALTY=1 LOH_REWARD_USE_PENALTY=1 LOH_PENALTY_SCALE=log LOH_PENALTY_REWARD_FORMULA=centered LOH_REWARD_W_PENALTY=0.5 LOH_PENALTY_CUTOFF=0 LOH_PENALTY_DMAX=400000 LOH_PENALTY_EMPTY_AS_GOOD=1 LOH_PENALTY_REFINE_ON_LATE=1 LOH_PENALTY_NO_EVICT_REWARD=keep LOH_PENALTY_BASELINE_DECAY=0.99 LOH_SURVIVAL_BINS=64 LOH_SURVIVAL_QUANTILE=0.99 LOH_SURVIVAL_MINCOUNT=1000 LOH_PENALTY_NET_GOOD_SCALE=1.0 LOH_PENALTY_NET_PENALTY_SCALE=1.0
31,1,0.368311,0.000000,0.225006,0.000000,0.010000,0.000000,LOH_PARALLEL_SAFE=1 LOH_SKIP_PIP_INSTALL=1 LOH_SKIP_BUILD=1 LOH_DEBUG_LEVEL=1 CACHESIM_VERBOSE=0 CACHESIM_NUM_REQ=3000000 LOH_RL_ALGO=SAC LOH_ACTION_SCALE=1.0 LOH_SCORE_USE_COMPOUND=1 LOH_SCORE_USE_IRT=1 LOH_USE_SOFTMAX=1 LOH_USE_HEURISTIC_SIGNS=0 LOH_INCLUDE_HIT_MISS_FEATURES=0 LOH_INCLUDE_CACHE_FEATURES=0 LOH_INCLUDE_CANDIDATE_FEATURES=0 LOH_INCLUDE_TOPK_CANDIDATE_FEATURES=0 LOH_INCLUDE_AVGTOPK_CANDIDATE_FEATURES=0 LOH_INCLUDE_REQUEST=0 LOH_ENABLE_PENALTY=1 LOH_REWARD_USE_PENALTY=1 LOH_PENALTY_SCALE=log LOH_PENALTY_REWARD_FORMULA=centered LOH_REWARD_W_PENALTY=1.0 LOH_PENALTY_CUTOFF=0 LOH_PENALTY_DMAX=400000 LOH_PENALTY_EMPTY_AS_GOOD=1 LOH_PENALTY_REFINE_ON_LATE=1 LOH_PENALTY_NO_EVICT_REWARD=keep LOH_PENALTY_BASELINE_DECAY=0.99 LOH_SURVIVAL_BINS=64 LOH_SURVIVAL_QUANTILE=0.99 LOH_SURVIVAL_MINCOUNT=1000 LOH_PENALTY_NET_GOOD_SCALE=1.0 LOH_PENALTY_NET_PENALTY_SCALE=1.0
32,1,0.368171,0.000000,0.225414,0.000000,0.010000,0.000000,LOH_PARALLEL_SAFE=1 LOH_SKIP_PIP_INSTALL=1 LOH_SKIP_BUILD=1 LOH_DEBUG_LEVEL=1 CACHESIM_VERBOSE=0 CACHESIM_NUM_REQ=3000000 LOH_RL_ALGO=SAC LOH_ACTION_SCALE=1.0 LOH_SCORE_USE_COMPOUND=1 LOH_SCORE_USE_IRT=1 LOH_USE_SOFTMAX=1 LOH_USE_HEURISTIC_SIGNS=0 LOH_INCLUDE_HIT_MISS_FEATURES=0 LOH_INCLUDE_CACHE_FEATURES=0 LOH_INCLUDE_CANDIDATE_FEATURES=0 LOH_INCLUDE_TOPK_CANDIDATE_FEATURES=0 LOH_INCLUDE_AVGTOPK_CANDIDATE_FEATURES=0 LOH_INCLUDE_REQUEST=0 LOH_ENABLE_PENALTY=1 LOH_REWARD_USE_PENALTY=1 LOH_PENALTY_SCALE=log LOH_PENALTY_REWARD_FORMULA=one_minus LOH_REWARD_W_PENALTY=0.1 LOH_PENALTY_CUTOFF=0 LOH_PENALTY_DMAX=400000 LOH_PENALTY_EMPTY_AS_GOOD=1 LOH_PENALTY_REFINE_ON_LATE=1 LOH_PENALTY_NO_EVICT_REWARD=keep LOH_PENALTY_BASELINE_DECAY=0.99 LOH_SURVIVAL_BINS=64 LOH_SURVIVAL_QUANTILE=0.99 LOH_SURVIVAL_MINCOUNT=1000 LOH_PENALTY_NET_GOOD_SCALE=1.0 LOH_PENALTY_NET_PENALTY_SCALE=1.0
33,1,0.368168,0.000000,0.225490,0.000000,0.010000,0.000000,LOH_PARALLEL_SAFE=1 LOH_SKIP_PIP_INSTALL=1 LOH_SKIP_BUILD=1 LOH_DEBUG_LEVEL=1 CACHESIM_VERBOSE=0 CACHESIM_NUM_REQ=3000000 LOH_RL_ALGO=SAC LOH_ACTION_SCALE=1.0 LOH_SCORE_USE_COMPOUND=1 LOH_SCORE_USE_IRT=1 LOH_USE_SOFTMAX=1 LOH_USE_HEURISTIC_SIGNS=0 LOH_INCLUDE_HIT_MISS_FEATURES=0 LOH_INCLUDE_CACHE_FEATURES=0 LOH_INCLUDE_CANDIDATE_FEATURES=0 LOH_INCLUDE_TOPK_CANDIDATE_FEATURES=0 LOH_INCLUDE_AVGTOPK_CANDIDATE_FEATURES=0 LOH_INCLUDE_REQUEST=0 LOH_ENABLE_PENALTY=1 LOH_REWARD_USE_PENALTY=1 LOH_PENALTY_SCALE=log LOH_PENALTY_REWARD_FORMULA=one_minus LOH_REWARD_W_PENALTY=0.2 LOH_PENALTY_CUTOFF=0 LOH_PENALTY_DMAX=400000 LOH_PENALTY_EMPTY_AS_GOOD=1 LOH_PENALTY_REFINE_ON_LATE=1 LOH_PENALTY_NO_EVICT_REWARD=keep LOH_PENALTY_BASELINE_DECAY=0.99 LOH_SURVIVAL_BINS=64 LOH_SURVIVAL_QUANTILE=0.99 LOH_SURVIVAL_MINCOUNT=1000 LOH_PENALTY_NET_GOOD_SCALE=1.0 LOH_PENALTY_NET_PENALTY_SCALE=1.0
34,1,0.368237,0.000000,0.224809,0.000000,0.010000,0.000000,LOH_PARALLEL_SAFE=1 LOH_SKIP_PIP_INSTALL=1 LOH_SKIP_BUILD=1 LOH_DEBUG_LEVEL=1 CACHESIM_VERBOSE=0 CACHESIM_NUM_REQ=3000000 LOH_RL_ALGO=SAC LOH_ACTION_SCALE=1.0 LOH_SCORE_USE_COMPOUND=1 LOH_SCORE_USE_IRT=1 LOH_USE_SOFTMAX=1 LOH_USE_HEURISTIC_SIGNS=0 LOH_INCLUDE_HIT_MISS_FEATURES=0 LOH_INCLUDE_CACHE_FEATURES=0 LOH_INCLUDE_CANDIDATE_FEATURES=0 LOH_INCLUDE_TOPK_CANDIDATE_FEATURES=0 LOH_INCLUDE_AVGTOPK_CANDIDATE_FEATURES=0 LOH_INCLUDE_REQUEST=0 LOH_ENABLE_PENALTY=1 LOH_REWARD_USE_PENALTY=1 LOH_PENALTY_SCALE=log LOH_PENALTY_REWARD_FORMULA=one_minus LOH_REWARD_W_PENALTY=0.5 LOH_PENALTY_CUTOFF=0 LOH_PENALTY_DMAX=400000 LOH_PENALTY_EMPTY_AS_GOOD=1 LOH_PENALTY_REFINE_ON_LATE=1 LOH_PENALTY_NO_EVICT_REWARD=keep LOH_PENALTY_BASELINE_DECAY=0.99 LOH_SURVIVAL_BINS=64 LOH_SURVIVAL_QUANTILE=0.99 LOH_SURVIVAL_MINCOUNT=1000 LOH_PENALTY_NET_GOOD_SCALE=1.0 LOH_PENALTY_NET_PENALTY_SCALE=1.0
35,1,0.368170,0.000000,0.225683,0.000000,0.010000,0.000000,LOH_PARALLEL_SAFE=1 LOH_SKIP_PIP_INSTALL=1 LOH_SKIP_BUILD=1 LOH_DEBUG_LEVEL=1 CACHESIM_VERBOSE=0 CACHESIM_NUM_REQ=3000000 LOH_RL_ALGO=SAC LOH_ACTION_SCALE=1.0 LOH_SCORE_USE_COMPOUND=1 LOH_SCORE_USE_IRT=1 LOH_USE_SOFTMAX=1 LOH_USE_HEURISTIC_SIGNS=0 LOH_INCLUDE_HIT_MISS_FEATURES=0 LOH_INCLUDE_CACHE_FEATURES=0 LOH_INCLUDE_CANDIDATE_FEATURES=0 LOH_INCLUDE_TOPK_CANDIDATE_FEATURES=0 LOH_INCLUDE_AVGTOPK_CANDIDATE_FEATURES=0 LOH_INCLUDE_REQUEST=0 LOH_ENABLE_PENALTY=1 LOH_REWARD_USE_PENALTY=1 LOH_PENALTY_SCALE=log LOH_PENALTY_REWARD_FORMULA=one_minus LOH_REWARD_W_PENALTY=1.0 LOH_PENALTY_CUTOFF=0 LOH_PENALTY_DMAX=400000 LOH_PENALTY_EMPTY_AS_GOOD=1 LOH_PENALTY_REFINE_ON_LATE=1 LOH_PENALTY_NO_EVICT_REWARD=keep LOH_PENALTY_BASELINE_DECAY=0.99 LOH_SURVIVAL_BINS=64 LOH_SURVIVAL_QUANTILE=0.99 LOH_SURVIVAL_MINCOUNT=1000 LOH_PENALTY_NET_GOOD_SCALE=1.0 LOH_PENALTY_NET_PENALTY_SCALE=1.0
36,1,0.368247,0.000000,0.225335,0.000000,0.010000,0.000000,LOH_PARALLEL_SAFE=1 LOH_SKIP_PIP_INSTALL=1 LOH_SKIP_BUILD=1 LOH_DEBUG_LEVEL=1 CACHESIM_VERBOSE=0 CACHESIM_NUM_REQ=3000000 LOH_RL_ALGO=SAC LOH_ACTION_SCALE=1.0 LOH_SCORE_USE_COMPOUND=1 LOH_SCORE_USE_IRT=1 LOH_USE_SOFTMAX=1 LOH_USE_HEURISTIC_SIGNS=0 LOH_INCLUDE_HIT_MISS_FEATURES=0 LOH_INCLUDE_CACHE_FEATURES=0 LOH_INCLUDE_CANDIDATE_FEATURES=0 LOH_INCLUDE_TOPK_CANDIDATE_FEATURES=0 LOH_INCLUDE_AVGTOPK_CANDIDATE_FEATURES=0 LOH_INCLUDE_REQUEST=0 LOH_ENABLE_PENALTY=1 LOH_REWARD_USE_PENALTY=1 LOH_PENALTY_SCALE=log LOH_PENALTY_REWARD_FORMULA=neg LOH_REWARD_W_PENALTY=0.1 LOH_PENALTY_CUTOFF=0 LOH_PENALTY_DMAX=400000 LOH_PENALTY_EMPTY_AS_GOOD=1 LOH_PENALTY_REFINE_ON_LATE=1 LOH_PENALTY_NO_EVICT_REWARD=keep LOH_PENALTY_BASELINE_DECAY=0.99 LOH_SURVIVAL_BINS=64 LOH_SURVIVAL_QUANTILE=0.99 LOH_SURVIVAL_MINCOUNT=1000 LOH_PENALTY_NET_GOOD_SCALE=1.0 LOH_PENALTY_NET_PENALTY_SCALE=1.0
37,1,0.368272,0.000000,0.225318,0.000000,0.010000,0.000000,LOH_PARALLEL_SAFE=1 LOH_SKIP_PIP_INSTALL=1 LOH_SKIP_BUILD=1 LOH_DEBUG_LEVEL=1 CACHESIM_VERBOSE=0 CACHESIM_NUM_REQ=3000000 LOH_RL_ALGO=SAC LOH_ACTION_SCALE=1.0 LOH_SCORE_USE_COMPOUND=1 LOH_SCORE_USE_IRT=1 LOH_USE_SOFTMAX=1 LOH_USE_HEURISTIC_SIGNS=0 LOH_INCLUDE_HIT_MISS_FEATURES=0 LOH_INCLUDE_CACHE_FEATURES=0 LOH_INCLUDE_CANDIDATE_FEATURES=0 LOH_INCLUDE_TOPK_CANDIDATE_FEATURES=0 LOH_INCLUDE_AVGTOPK_CANDIDATE_FEATURES=0 LOH_INCLUDE_REQUEST=0 LOH_ENABLE_PENALTY=1 LOH_REWARD_USE_PENALTY=1 LOH_PENALTY_SCALE=log LOH_PENALTY_REWARD_FORMULA=neg LOH_REWARD_W_PENALTY=0.2 LOH_PENALTY_CUTOFF=0 LOH_PENALTY_DMAX=400000 LOH_PENALTY_EMPTY_AS_GOOD=1 LOH_PENALTY_REFINE_ON_LATE=1 LOH_PENALTY_NO_EVICT_REWARD=keep LOH_PENALTY_BASELINE_DECAY=0.99 LOH_SURVIVAL_BINS=64 LOH_SURVIVAL_QUANTILE=0.99 LOH_SURVIVAL_MINCOUNT=1000 LOH_PENALTY_NET_GOOD_SCALE=1.0 LOH_PENALTY_NET_PENALTY_SCALE=1.0
38,1,0.368232,0.000000,0.225176,0.000000,0.010000,0.000000,LOH_PARALLEL_SAFE=1 LOH_SKIP_PIP_INSTALL=1 LOH_SKIP_BUILD=1 LOH_DEBUG_LEVEL=1 CACHESIM_VERBOSE=0 CACHESIM_NUM_REQ=3000000 LOH_RL_ALGO=SAC LOH_ACTION_SCALE=1.0 LOH_SCORE_USE_COMPOUND=1 LOH_SCORE_USE_IRT=1 LOH_USE_SOFTMAX=1 LOH_USE_HEURISTIC_SIGNS=0 LOH_INCLUDE_HIT_MISS_FEATURES=0 LOH_INCLUDE_CACHE_FEATURES=0 LOH_INCLUDE_CANDIDATE_FEATURES=0 LOH_INCLUDE_TOPK_CANDIDATE_FEATURES=0 LOH_INCLUDE_AVGTOPK_CANDIDATE_FEATURES=0 LOH_INCLUDE_REQUEST=0 LOH_ENABLE_PENALTY=1 LOH_REWARD_USE_PENALTY=1 LOH_PENALTY_SCALE=log LOH_PENALTY_REWARD_FORMULA=neg LOH_REWARD_W_PENALTY=0.5 LOH_PENALTY_CUTOFF=0 LOH_PENALTY_DMAX=400000 LOH_PENALTY_EMPTY_AS_GOOD=1 LOH_PENALTY_REFINE_ON_LATE=1 LOH_PENALTY_NO_EVICT_REWARD=keep LOH_PENALTY_BASELINE_DECAY=0.99 LOH_SURVIVAL_BINS=64 LOH_SURVIVAL_QUANTILE=0.99 LOH_SURVIVAL_MINCOUNT=1000 LOH_PENALTY_NET_GOOD_SCALE=1.0 LOH_PENALTY_NET_PENALTY_SCALE=1.0
39,1,0.368219,0.000000,0.224628,0.000000,0.010000,0.000000,LOH_PARALLEL_SAFE=1 LOH_SKIP_PIP_INSTALL=1 LOH_SKIP_BUILD=1 LOH_DEBUG_LEVEL=1 CACHESIM_VERBOSE=0 CACHESIM_NUM_REQ=3000000 LOH_RL_ALGO=SAC LOH_ACTION_SCALE=1.0 LOH_SCORE_USE_COMPOUND=1 LOH_SCORE_USE_IRT=1 LOH_USE_SOFTMAX=1 LOH_USE_HEURISTIC_SIGNS=0 LOH_INCLUDE_HIT_MISS_FEATURES=0 LOH_INCLUDE_CACHE_FEATURES=0 LOH_INCLUDE_CANDIDATE_FEATURES=0 LOH_INCLUDE_TOPK_CANDIDATE_FEATURES=0 LOH_INCLUDE_AVGTOPK_CANDIDATE_FEATURES=0 LOH_INCLUDE_REQUEST=0 LOH_ENABLE_PENALTY=1 LOH_REWARD_USE_PENALTY=1 LOH_PENALTY_SCALE=log LOH_PENALTY_REWARD_FORMULA=neg LOH_REWARD_W_PENALTY=1.0 LOH_PENALTY_CUTOFF=0 LOH_PENALTY_DMAX=400000 LOH_PENALTY_EMPTY_AS_GOOD=1 LOH_PENALTY_REFINE_ON_LATE=1 LOH_PENALTY_NO_EVICT_REWARD=keep LOH_PENALTY_BASELINE_DECAY=0.99 LOH_SURVIVAL_BINS=64 LOH_SURVIVAL_QUANTILE=0.99 LOH_SURVIVAL_MINCOUNT=1000 LOH_PENALTY_NET_GOOD_SCALE=1.0 LOH_PENALTY_NET_PENALTY_SCALE=1.0
40,1,0.368215,0.000000,0.225061,0.000000,0.010000,0.000000,LOH_PARALLEL_SAFE=1 LOH_SKIP_PIP_INSTALL=1 LOH_SKIP_BUILD=1 LOH_DEBUG_LEVEL=1 CACHESIM_VERBOSE=0 CACHESIM_NUM_REQ=3000000 LOH_RL_ALGO=SAC LOH_ACTION_SCALE=1.0 LOH_SCORE_USE_COMPOUND=1 LOH_SCORE_USE_IRT=1 LOH_USE_SOFTMAX=1 LOH_USE_HEURISTIC_SIGNS=0 LOH_INCLUDE_HIT_MISS_FEATURES=0 LOH_INCLUDE_CACHE_FEATURES=0 LOH_INCLUDE_CANDIDATE_FEATURES=0 LOH_INCLUDE_TOPK_CANDIDATE_FEATURES=0 LOH_INCLUDE_AVGTOPK_CANDIDATE_FEATURES=0 LOH_INCLUDE_REQUEST=0 LOH_ENABLE_PENALTY=1 LOH_REWARD_USE_PENALTY=1 LOH_PENALTY_SCALE=log LOH_PENALTY_REWARD_FORMULA=net LOH_REWARD_W_PENALTY=1.0 LOH_PENALTY_CUTOFF=0 LOH_PENALTY_DMAX=400000 LOH_PENALTY_EMPTY_AS_GOOD=1 LOH_PENALTY_REFINE_ON_LATE=1 LOH_PENALTY_NO_EVICT_REWARD=keep LOH_PENALTY_BASELINE_DECAY=0.99 LOH_SURVIVAL_BINS=64 LOH_SURVIVAL_QUANTILE=0.99 LOH_SURVIVAL_MINCOUNT=1000 LOH_PENALTY_NET_GOOD_SCALE=1.0 LOH_PENALTY_NET_PENALTY_SCALE=1.0
41,1,0.368222,0.000000,0.224889,0.000000,0.010000,0.000000,LOH_PARALLEL_SAFE=1 LOH_SKIP_PIP_INSTALL=1 LOH_SKIP_BUILD=1 LOH_DEBUG_LEVEL=1 CACHESIM_VERBOSE=0 CACHESIM_NUM_REQ=3000000 LOH_RL_ALGO=SAC LOH_ACTION_SCALE=1.0 LOH_SCORE_USE_COMPOUND=1 LOH_SCORE_USE_IRT=1 LOH_USE_SOFTMAX=1 LOH_USE_HEURISTIC_SIGNS=0 LOH_INCLUDE_HIT_MISS_FEATURES=0 LOH_INCLUDE_CACHE_FEATURES=0 LOH_INCLUDE_CANDIDATE_FEATURES=0 LOH_INCLUDE_TOPK_CANDIDATE_FEATURES=0 LOH_INCLUDE_AVGTOPK_CANDIDATE_FEATURES=0 LOH_INCLUDE_REQUEST=0 LOH_ENABLE_PENALTY=1 LOH_REWARD_USE_PENALTY=1 LOH_PENALTY_SCALE=log LOH_PENALTY_REWARD_FORMULA=net LOH_REWARD_W_PENALTY=2.0 LOH_PENALTY_CUTOFF=0 LOH_PENALTY_DMAX=400000 LOH_PENALTY_EMPTY_AS_GOOD=1 LOH_PENALTY_REFINE_ON_LATE=1 LOH_PENALTY_NO_EVICT_REWARD=keep LOH_PENALTY_BASELINE_DECAY=0.99 LOH_SURVIVAL_BINS=64 LOH_SURVIVAL_QUANTILE=0.99 LOH_SURVIVAL_MINCOUNT=1000 LOH_PENALTY_NET_GOOD_SCALE=1.0 LOH_PENALTY_NET_PENALTY_SCALE=1.0
42,1,0.368269,0.000000,0.225712,0.000000,0.010000,0.000000,LOH_PARALLEL_SAFE=1 LOH_SKIP_PIP_INSTALL=1 LOH_SKIP_BUILD=1 LOH_DEBUG_LEVEL=1 CACHESIM_VERBOSE=0 CACHESIM_NUM_REQ=3000000 LOH_RL_ALGO=SAC LOH_ACTION_SCALE=1.0 LOH_SCORE_USE_COMPOUND=1 LOH_SCORE_USE_IRT=1 LOH_USE_SOFTMAX=1 LOH_USE_HEURISTIC_SIGNS=0 LOH_INCLUDE_HIT_MISS_FEATURES=0 LOH_INCLUDE_CACHE_FEATURES=0 LOH_INCLUDE_CANDIDATE_FEATURES=0 LOH_INCLUDE_TOPK_CANDIDATE_FEATURES=0 LOH_INCLUDE_AVGTOPK_CANDIDATE_FEATURES=0 LOH_INCLUDE_REQUEST=0 LOH_ENABLE_PENALTY=1 LOH_REWARD_USE_PENALTY=1 LOH_PENALTY_SCALE=log LOH_PENALTY_REWARD_FORMULA=net LOH_REWARD_W_PENALTY=3.0 LOH_PENALTY_CUTOFF=0 LOH_PENALTY_DMAX=400000 LOH_PENALTY_EMPTY_AS_GOOD=1 LOH_PENALTY_REFINE_ON_LATE=1 LOH_PENALTY_NO_EVICT_REWARD=keep LOH_PENALTY_BASELINE_DECAY=0.99 LOH_SURVIVAL_BINS=64 LOH_SURVIVAL_QUANTILE=0.99 LOH_SURVIVAL_MINCOUNT=1000 LOH_PENALTY_NET_GOOD_SCALE=1.0 LOH_PENALTY_NET_PENALTY_SCALE=1.0
43,1,0.368142,0.000000,0.224880,0.000000,0.010000,0.000000,LOH_PARALLEL_SAFE=1 LOH_SKIP_PIP_INSTALL=1 LOH_SKIP_BUILD=1 LOH_DEBUG_LEVEL=1 CACHESIM_VERBOSE=0 CACHESIM_NUM_REQ=3000000 LOH_RL_ALGO=SAC LOH_ACTION_SCALE=1.0 LOH_SCORE_USE_COMPOUND=1 LOH_SCORE_USE_IRT=1 LOH_USE_SOFTMAX=1 LOH_USE_HEURISTIC_SIGNS=0 LOH_INCLUDE_HIT_MISS_FEATURES=0 LOH_INCLUDE_CACHE_FEATURES=0 LOH_INCLUDE_CANDIDATE_FEATURES=0 LOH_INCLUDE_TOPK_CANDIDATE_FEATURES=0 LOH_INCLUDE_AVGTOPK_CANDIDATE_FEATURES=0 LOH_INCLUDE_REQUEST=0 LOH_ENABLE_PENALTY=1 LOH_REWARD_USE_PENALTY=1 LOH_PENALTY_SCALE=log LOH_PENALTY_REWARD_FORMULA=net2 LOH_REWARD_W_PENALTY=1.0 LOH_PENALTY_CUTOFF=0 LOH_PENALTY_DMAX=400000 LOH_PENALTY_EMPTY_AS_GOOD=1 LOH_PENALTY_REFINE_ON_LATE=1 LOH_PENALTY_NO_EVICT_REWARD=keep LOH_PENALTY_BASELINE_DECAY=0.99 LOH_SURVIVAL_BINS=64 LOH_SURVIVAL_QUANTILE=0.99 LOH_SURVIVAL_MINCOUNT=1000 LOH_PENALTY_NET_GOOD_SCALE=1.0 LOH_PENALTY_NET_PENALTY_SCALE=1.0
44,1,0.368118,0.000000,0.225014,0.000000,0.010000,0.000000,LOH_PARALLEL_SAFE=1 LOH_SKIP_PIP_INSTALL=1 LOH_SKIP_BUILD=1 LOH_DEBUG_LEVEL=1 CACHESIM_VERBOSE=0 CACHESIM_NUM_REQ=3000000 LOH_RL_ALGO=SAC LOH_ACTION_SCALE=1.0 LOH_SCORE_USE_COMPOUND=1 LOH_SCORE_USE_IRT=1 LOH_USE_SOFTMAX=1 LOH_USE_HEURISTIC_SIGNS=0 LOH_INCLUDE_HIT_MISS_FEATURES=0 LOH_INCLUDE_CACHE_FEATURES=0 LOH_INCLUDE_CANDIDATE_FEATURES=0 LOH_INCLUDE_TOPK_CANDIDATE_FEATURES=0 LOH_INCLUDE_AVGTOPK_CANDIDATE_FEATURES=0 LOH_INCLUDE_REQUEST=0 LOH_ENABLE_PENALTY=1 LOH_REWARD_USE_PENALTY=1 LOH_PENALTY_SCALE=log LOH_PENALTY_REWARD_FORMULA=net2 LOH_REWARD_W_PENALTY=2.0 LOH_PENALTY_CUTOFF=0 LOH_PENALTY_DMAX=400000 LOH_PENALTY_EMPTY_AS_GOOD=1 LOH_PENALTY_REFINE_ON_LATE=1 LOH_PENALTY_NO_EVICT_REWARD=keep LOH_PENALTY_BASELINE_DECAY=0.99 LOH_SURVIVAL_BINS=64 LOH_SURVIVAL_QUANTILE=0.99 LOH_SURVIVAL_MINCOUNT=1000 LOH_PENALTY_NET_GOOD_SCALE=1.0 LOH_PENALTY_NET_PENALTY_SCALE=1.0
45,1,0.368316,0.000000,0.224539,0.000000,0.010000,0.000000,LOH_PARALLEL_SAFE=1 LOH_SKIP_PIP_INSTALL=1 LOH_SKIP_BUILD=1 LOH_DEBUG_LEVEL=1 CACHESIM_VERBOSE=0 CACHESIM_NUM_REQ=3000000 LOH_RL_ALGO=SAC LOH_ACTION_SCALE=1.0 LOH_SCORE_USE_COMPOUND=1 LOH_SCORE_USE_IRT=1 LOH_USE_SOFTMAX=1 LOH_USE_HEURISTIC_SIGNS=0 LOH_INCLUDE_HIT_MISS_FEATURES=0 LOH_INCLUDE_CACHE_FEATURES=0 LOH_INCLUDE_CANDIDATE_FEATURES=0 LOH_INCLUDE_TOPK_CANDIDATE_FEATURES=0 LOH_INCLUDE_AVGTOPK_CANDIDATE_FEATURES=0 LOH_INCLUDE_REQUEST=0 LOH_ENABLE_PENALTY=1 LOH_REWARD_USE_PENALTY=1 LOH_PENALTY_SCALE=log LOH_PENALTY_REWARD_FORMULA=net2 LOH_REWARD_W_PENALTY=3.0 LOH_PENALTY_CUTOFF=0 LOH_PENALTY_DMAX=400000 LOH_PENALTY_EMPTY_AS_GOOD=1 LOH_PENALTY_REFINE_ON_LATE=1 LOH_PENALTY_NO_EVICT_REWARD=keep LOH_PENALTY_BASELINE_DECAY=0.99 LOH_SURVIVAL_BINS=64 LOH_SURVIVAL_QUANTILE=0.99 LOH_SURVIVAL_MINCOUNT=1000 LOH_PENALTY_NET_GOOD_SCALE=1.0 LOH_PENALTY_NET_PENALTY_SCALE=1.0
46,1,0.368293,0.000000,0.225017,0.000000,0.010000,0.000000,LOH_PARALLEL_SAFE=1 LOH_SKIP_PIP_INSTALL=1 LOH_SKIP_BUILD=1 LOH_DEBUG_LEVEL=1 CACHESIM_VERBOSE=0 CACHESIM_NUM_REQ=3000000 LOH_RL_ALGO=SAC LOH_ACTION_SCALE=1.0 LOH_SCORE_USE_COMPOUND=1 LOH_SCORE_USE_IRT=1 LOH_USE_SOFTMAX=1 LOH_USE_HEURISTIC_SIGNS=0 LOH_INCLUDE_HIT_MISS_FEATURES=0 LOH_INCLUDE_CACHE_FEATURES=0 LOH_INCLUDE_CANDIDATE_FEATURES=0 LOH_INCLUDE_TOPK_CANDIDATE_FEATURES=0 LOH_INCLUDE_AVGTOPK_CANDIDATE_FEATURES=0 LOH_INCLUDE_REQUEST=0 LOH_ENABLE_PENALTY=1 LOH_REWARD_USE_PENALTY=1 LOH_PENALTY_SCALE=survival LOH_PENALTY_REWARD_FORMULA=relative LOH_REWARD_W_PENALTY=0.1 LOH_PENALTY_CUTOFF=0 LOH_PENALTY_DMAX=400000 LOH_PENALTY_EMPTY_AS_GOOD=1 LOH_PENALTY_REFINE_ON_LATE=1 LOH_PENALTY_NO_EVICT_REWARD=keep LOH_PENALTY_BASELINE_DECAY=0.99 LOH_SURVIVAL_BINS=64 LOH_SURVIVAL_QUANTILE=0.99 LOH_SURVIVAL_MINCOUNT=1000 LOH_PENALTY_NET_GOOD_SCALE=1.0 LOH_PENALTY_NET_PENALTY_SCALE=1.0
47,1,0.368223,0.000000,0.225405,0.000000,0.010000,0.000000,LOH_PARALLEL_SAFE=1 LOH_SKIP_PIP_INSTALL=1 LOH_SKIP_BUILD=1 LOH_DEBUG_LEVEL=1 CACHESIM_VERBOSE=0 CACHESIM_NUM_REQ=3000000 LOH_RL_ALGO=SAC LOH_ACTION_SCALE=1.0 LOH_SCORE_USE_COMPOUND=1 LOH_SCORE_USE_IRT=1 LOH_USE_SOFTMAX=1 LOH_USE_HEURISTIC_SIGNS=0 LOH_INCLUDE_HIT_MISS_FEATURES=0 LOH_INCLUDE_CACHE_FEATURES=0 LOH_INCLUDE_CANDIDATE_FEATURES=0 LOH_INCLUDE_TOPK_CANDIDATE_FEATURES=0 LOH_INCLUDE_AVGTOPK_CANDIDATE_FEATURES=0 LOH_INCLUDE_REQUEST=0 LOH_ENABLE_PENALTY=1 LOH_REWARD_USE_PENALTY=1 LOH_PENALTY_SCALE=survival LOH_PENALTY_REWARD_FORMULA=relative LOH_REWARD_W_PENALTY=0.2 LOH_PENALTY_CUTOFF=0 LOH_PENALTY_DMAX=400000 LOH_PENALTY_EMPTY_AS_GOOD=1 LOH_PENALTY_REFINE_ON_LATE=1 LOH_PENALTY_NO_EVICT_REWARD=keep LOH_PENALTY_BASELINE_DECAY=0.99 LOH_SURVIVAL_BINS=64 LOH_SURVIVAL_QUANTILE=0.99 LOH_SURVIVAL_MINCOUNT=1000 LOH_PENALTY_NET_GOOD_SCALE=1.0 LOH_PENALTY_NET_PENALTY_SCALE=1.0
48,1,0.368353,0.000000,0.224929,0.000000,0.010000,0.000000,LOH_PARALLEL_SAFE=1 LOH_SKIP_PIP_INSTALL=1 LOH_SKIP_BUILD=1 LOH_DEBUG_LEVEL=1 CACHESIM_VERBOSE=0 CACHESIM_NUM_REQ=3000000 LOH_RL_ALGO=SAC LOH_ACTION_SCALE=1.0 LOH_SCORE_USE_COMPOUND=1 LOH_SCORE_USE_IRT=1 LOH_USE_SOFTMAX=1 LOH_USE_HEURISTIC_SIGNS=0 LOH_INCLUDE_HIT_MISS_FEATURES=0 LOH_INCLUDE_CACHE_FEATURES=0 LOH_INCLUDE_CANDIDATE_FEATURES=0 LOH_INCLUDE_TOPK_CANDIDATE_FEATURES=0 LOH_INCLUDE_AVGTOPK_CANDIDATE_FEATURES=0 LOH_INCLUDE_REQUEST=0 LOH_ENABLE_PENALTY=1 LOH_REWARD_USE_PENALTY=1 LOH_PENALTY_SCALE=survival LOH_PENALTY_REWARD_FORMULA=relative LOH_REWARD_W_PENALTY=0.5 LOH_PENALTY_CUTOFF=0 LOH_PENALTY_DMAX=400000 LOH_PENALTY_EMPTY_AS_GOOD=1 LOH_PENALTY_REFINE_ON_LATE=1 LOH_PENALTY_NO_EVICT_REWARD=keep LOH_PENALTY_BASELINE_DECAY=0.99 LOH_SURVIVAL_BINS=64 LOH_SURVIVAL_QUANTILE=0.99 LOH_SURVIVAL_MINCOUNT=1000 LOH_PENALTY_NET_GOOD_SCALE=1.0 LOH_PENALTY_NET_PENALTY_SCALE=1.0
49,1,0.368281,0.000000,0.225472,0.000000,0.010000,0.000000,LOH_PARALLEL_SAFE=1 LOH_SKIP_PIP_INSTALL=1 LOH_SKIP_BUILD=1 LOH_DEBUG_LEVEL=1 CACHESIM_VERBOSE=0 CACHESIM_NUM_REQ=3000000 LOH_RL_ALGO=SAC LOH_ACTION_SCALE=1.0 LOH_SCORE_USE_COMPOUND=1 LOH_SCORE_USE_IRT=1 LOH_USE_SOFTMAX=1 LOH_USE_HEURISTIC_SIGNS=0 LOH_INCLUDE_HIT_MISS_FEATURES=0 LOH_INCLUDE_CACHE_FEATURES=0 LOH_INCLUDE_CANDIDATE_FEATURES=0 LOH_INCLUDE_TOPK_CANDIDATE_FEATURES=0 LOH_INCLUDE_AVGTOPK_CANDIDATE_FEATURES=0 LOH_INCLUDE_REQUEST=0 LOH_ENABLE_PENALTY=1 LOH_REWARD_USE_PENALTY=1 LOH_PENALTY_SCALE=survival LOH_PENALTY_REWARD_FORMULA=relative LOH_REWARD_W_PENALTY=1.0 LOH_PENALTY_CUTOFF=0 LOH_PENALTY_DMAX=400000 LOH_PENALTY_EMPTY_AS_GOOD=1 LOH_PENALTY_REFINE_ON_LATE=1 LOH_PENALTY_NO_EVICT_REWARD=keep LOH_PENALTY_BASELINE_DECAY=0.99 LOH_SURVIVAL_BINS=64 LOH_SURVIVAL_QUANTILE=0.99 LOH_SURVIVAL_MINCOUNT=1000 LOH_PENALTY_NET_GOOD_SCALE=1.0 LOH_PENALTY_NET_PENALTY_SCALE=1.0
50,1,0.368210,0.000000,0.224534,0.000000,0.010000,0.000000,LOH_PARALLEL_SAFE=1 LOH_SKIP_PIP_INSTALL=1 LOH_SKIP_BUILD=1 LOH_DEBUG_LEVEL=1 CACHESIM_VERBOSE=0 CACHESIM_NUM_REQ=3000000 LOH_RL_ALGO=SAC LOH_ACTION_SCALE=1.0 LOH_SCORE_USE_COMPOUND=1 LOH_SCORE_USE_IRT=1 LOH_USE_SOFTMAX=1 LOH_USE_HEURISTIC_SIGNS=0 LOH_INCLUDE_HIT_MISS_FEATURES=0 LOH_INCLUDE_CACHE_FEATURES=0 LOH_INCLUDE_CANDIDATE_FEATURES=0 LOH_INCLUDE_TOPK_CANDIDATE_FEATURES=0 LOH_INCLUDE_AVGTOPK_CANDIDATE_FEATURES=0 LOH_INCLUDE_REQUEST=0 LOH_ENABLE_PENALTY=1 LOH_REWARD_USE_PENALTY=1 LOH_PENALTY_SCALE=survival LOH_PENALTY_REWARD_FORMULA=centered LOH_REWARD_W_PENALTY=0.1 LOH_PENALTY_CUTOFF=0 LOH_PENALTY_DMAX=400000 LOH_PENALTY_EMPTY_AS_GOOD=1 LOH_PENALTY_REFINE_ON_LATE=1 LOH_PENALTY_NO_EVICT_REWARD=keep LOH_PENALTY_BASELINE_DECAY=0.99 LOH_SURVIVAL_BINS=64 LOH_SURVIVAL_QUANTILE=0.99 LOH_SURVIVAL_MINCOUNT=1000 LOH_PENALTY_NET_GOOD_SCALE=1.0 LOH_PENALTY_NET_PENALTY_SCALE=1.0
51,1,0.368185,0.000000,0.225621,0.000000,0.010000,0.000000,LOH_PARALLEL_SAFE=1 LOH_SKIP_PIP_INSTALL=1 LOH_SKIP_BUILD=1 LOH_DEBUG_LEVEL=1 CACHESIM_VERBOSE=0 CACHESIM_NUM_REQ=3000000 LOH_RL_ALGO=SAC LOH_ACTION_SCALE=1.0 LOH_SCORE_USE_COMPOUND=1 LOH_SCORE_USE_IRT=1 LOH_USE_SOFTMAX=1 LOH_USE_HEURISTIC_SIGNS=0 LOH_INCLUDE_HIT_MISS_FEATURES=0 LOH_INCLUDE_CACHE_FEATURES=0 LOH_INCLUDE_CANDIDATE_FEATURES=0 LOH_INCLUDE_TOPK_CANDIDATE_FEATURES=0 LOH_INCLUDE_AVGTOPK_CANDIDATE_FEATURES=0 LOH_INCLUDE_REQUEST=0 LOH_ENABLE_PENALTY=1 LOH_REWARD_USE_PENALTY=1 LOH_PENALTY_SCALE=survival LOH_PENALTY_REWARD_FORMULA=centered LOH_REWARD_W_PENALTY=0.2 LOH_PENALTY_CUTOFF=0 LOH_PENALTY_DMAX=400000 LOH_PENALTY_EMPTY_AS_GOOD=1 LOH_PENALTY_REFINE_ON_LATE=1 LOH_PENALTY_NO_EVICT_REWARD=keep LOH_PENALTY_BASELINE_DECAY=0.99 LOH_SURVIVAL_BINS=64 LOH_SURVIVAL_QUANTILE=0.99 LOH_SURVIVAL_MINCOUNT=1000 LOH_PENALTY_NET_GOOD_SCALE=1.0 LOH_PENALTY_NET_PENALTY_SCALE=1.0
52,1,0.368287,0.000000,0.225231,0.000000,0.010000,0.000000,LOH_PARALLEL_SAFE=1 LOH_SKIP_PIP_INSTALL=1 LOH_SKIP_BUILD=1 LOH_DEBUG_LEVEL=1 CACHESIM_VERBOSE=0 CACHESIM_NUM_REQ=3000000 LOH_RL_ALGO=SAC LOH_ACTION_SCALE=1.0 LOH_SCORE_USE_COMPOUND=1 LOH_SCORE_USE_IRT=1 LOH_USE_SOFTMAX=1 LOH_USE_HEURISTIC_SIGNS=0 LOH_INCLUDE_HIT_MISS_FEATURES=0 LOH_INCLUDE_CACHE_FEATURES=0 LOH_INCLUDE_CANDIDATE_FEATURES=0 LOH_INCLUDE_TOPK_CANDIDATE_FEATURES=0 LOH_INCLUDE_AVGTOPK_CANDIDATE_FEATURES=0 LOH_INCLUDE_REQUEST=0 LOH_ENABLE_PENALTY=1 LOH_REWARD_USE_PENALTY=1 LOH_PENALTY_SCALE=survival LOH_PENALTY_REWARD_FORMULA=centered LOH_REWARD_W_PENALTY=0.5 LOH_PENALTY_CUTOFF=0 LOH_PENALTY_DMAX=400000 LOH_PENALTY_EMPTY_AS_GOOD=1 LOH_PENALTY_REFINE_ON_LATE=1 LOH_PENALTY_NO_EVICT_REWARD=keep LOH_PENALTY_BASELINE_DECAY=0.99 LOH_SURVIVAL_BINS=64 LOH_SURVIVAL_QUANTILE=0.99 LOH_SURVIVAL_MINCOUNT=1000 LOH_PENALTY_NET_GOOD_SCALE=1.0 LOH_PENALTY_NET_PENALTY_SCALE=1.0
53,1,0.368299,0.000000,0.224805,0.000000,0.010000,0.000000,LOH_PARALLEL_SAFE=1 LOH_SKIP_PIP_INSTALL=1 LOH_SKIP_BUILD=1 LOH_DEBUG_LEVEL=1 CACHESIM_VERBOSE=0 CACHESIM_NUM_REQ=3000000 LOH_RL_ALGO=SAC LOH_ACTION_SCALE=1.0 LOH_SCORE_USE_COMPOUND=1 LOH_SCORE_USE_IRT=1 LOH_USE_SOFTMAX=1 LOH_USE_HEURISTIC_SIGNS=0 LOH_INCLUDE_HIT_MISS_FEATURES=0 LOH_INCLUDE_CACHE_FEATURES=0 LOH_INCLUDE_CANDIDATE_FEATURES=0 LOH_INCLUDE_TOPK_CANDIDATE_FEATURES=0 LOH_INCLUDE_AVGTOPK_CANDIDATE_FEATURES=0 LOH_INCLUDE_REQUEST=0 LOH_ENABLE_PENALTY=1 LOH_REWARD_USE_PENALTY=1 LOH_PENALTY_SCALE=survival LOH_PENALTY_REWARD_FORMULA=centered LOH_REWARD_W_PENALTY=1.0 LOH_PENALTY_CUTOFF=0 LOH_PENALTY_DMAX=400000 LOH_PENALTY_EMPTY_AS_GOOD=1 LOH_PENALTY_REFINE_ON_LATE=1 LOH_PENALTY_NO_EVICT_REWARD=keep LOH_PENALTY_BASELINE_DECAY=0.99 LOH_SURVIVAL_BINS=64 LOH_SURVIVAL_QUANTILE=0.99 LOH_SURVIVAL_MINCOUNT=1000 LOH_PENALTY_NET_GOOD_SCALE=1.0 LOH_PENALTY_NET_PENALTY_SCALE=1.0
54,1,0.368235,0.000000,0.225446,0.000000,0.010000,0.000000,LOH_PARALLEL_SAFE=1 LOH_SKIP_PIP_INSTALL=1 LOH_SKIP_BUILD=1 LOH_DEBUG_LEVEL=1 CACHESIM_VERBOSE=0 CACHESIM_NUM_REQ=3000000 LOH_RL_ALGO=SAC LOH_ACTION_SCALE=1.0 LOH_SCORE_USE_COMPOUND=1 LOH_SCORE_USE_IRT=1 LOH_USE_SOFTMAX=1 LOH_USE_HEURISTIC_SIGNS=0 LOH_INCLUDE_HIT_MISS_FEATURES=0 LOH_INCLUDE_CACHE_FEATURES=0 LOH_INCLUDE_CANDIDATE_FEATURES=0 LOH_INCLUDE_TOPK_CANDIDATE_FEATURES=0 LOH_INCLUDE_AVGTOPK_CANDIDATE_FEATURES=0 LOH_INCLUDE_REQUEST=0 LOH_ENABLE_PENALTY=1 LOH_REWARD_USE_PENALTY=1 LOH_PENALTY_SCALE=survival LOH_PENALTY_REWARD_FORMULA=one_minus LOH_REWARD_W_PENALTY=0.1 LOH_PENALTY_CUTOFF=0 LOH_PENALTY_DMAX=400000 LOH_PENALTY_EMPTY_AS_GOOD=1 LOH_PENALTY_REFINE_ON_LATE=1 LOH_PENALTY_NO_EVICT_REWARD=keep LOH_PENALTY_BASELINE_DECAY=0.99 LOH_SURVIVAL_BINS=64 LOH_SURVIVAL_QUANTILE=0.99 LOH_SURVIVAL_MINCOUNT=1000 LOH_PENALTY_NET_GOOD_SCALE=1.0 LOH_PENALTY_NET_PENALTY_SCALE=1.0
55,1,0.368202,0.000000,0.225025,0.000000,0.010000,0.000000,LOH_PARALLEL_SAFE=1 LOH_SKIP_PIP_INSTALL=1 LOH_SKIP_BUILD=1 LOH_DEBUG_LEVEL=1 CACHESIM_VERBOSE=0 CACHESIM_NUM_REQ=3000000 LOH_RL_ALGO=SAC LOH_ACTION_SCALE=1.0 LOH_SCORE_USE_COMPOUND=1 LOH_SCORE_USE_IRT=1 LOH_USE_SOFTMAX=1 LOH_USE_HEURISTIC_SIGNS=0 LOH_INCLUDE_HIT_MISS_FEATURES=0 LOH_INCLUDE_CACHE_FEATURES=0 LOH_INCLUDE_CANDIDATE_FEATURES=0 LOH_INCLUDE_TOPK_CANDIDATE_FEATURES=0 LOH_INCLUDE_AVGTOPK_CANDIDATE_FEATURES=0 LOH_INCLUDE_REQUEST=0 LOH_ENABLE_PENALTY=1 LOH_REWARD_USE_PENALTY=1 LOH_PENALTY_SCALE=survival LOH_PENALTY_REWARD_FORMULA=one_minus LOH_REWARD_W_PENALTY=0.2 LOH_PENALTY_CUTOFF=0 LOH_PENALTY_DMAX=400000 LOH_PENALTY_EMPTY_AS_GOOD=1 LOH_PENALTY_REFINE_ON_LATE=1 LOH_PENALTY_NO_EVICT_REWARD=keep LOH_PENALTY_BASELINE_DECAY=0.99 LOH_SURVIVAL_BINS=64 LOH_SURVIVAL_QUANTILE=0.99 LOH_SURVIVAL_MINCOUNT=1000 LOH_PENALTY_NET_GOOD_SCALE=1.0 LOH_PENALTY_NET_PENALTY_SCALE=1.0
56,1,0.368249,0.000000,0.224503,0.000000,0.010000,0.000000,LOH_PARALLEL_SAFE=1 LOH_SKIP_PIP_INSTALL=1 LOH_SKIP_BUILD=1 LOH_DEBUG_LEVEL=1 CACHESIM_VERBOSE=0 CACHESIM_NUM_REQ=3000000 LOH_RL_ALGO=SAC LOH_ACTION_SCALE=1.0 LOH_SCORE_USE_COMPOUND=1 LOH_SCORE_USE_IRT=1 LOH_USE_SOFTMAX=1 LOH_USE_HEURISTIC_SIGNS=0 LOH_INCLUDE_HIT_MISS_FEATURES=0 LOH_INCLUDE_CACHE_FEATURES=0 LOH_INCLUDE_CANDIDATE_FEATURES=0 LOH_INCLUDE_TOPK_CANDIDATE_FEATURES=0 LOH_INCLUDE_AVGTOPK_CANDIDATE_FEATURES=0 LOH_INCLUDE_REQUEST=0 LOH_ENABLE_PENALTY=1 LOH_REWARD_USE_PENALTY=1 LOH_PENALTY_SCALE=survival LOH_PENALTY_REWARD_FORMULA=one_minus LOH_REWARD_W_PENALTY=0.5 LOH_PENALTY_CUTOFF=0 LOH_PENALTY_DMAX=400000 LOH_PENALTY_EMPTY_AS_GOOD=1 LOH_PENALTY_REFINE_ON_LATE=1 LOH_PENALTY_NO_EVICT_REWARD=keep LOH_PENALTY_BASELINE_DECAY=0.99 LOH_SURVIVAL_BINS=64 LOH_SURVIVAL_QUANTILE=0.99 LOH_SURVIVAL_MINCOUNT=1000 LOH_PENALTY_NET_GOOD_SCALE=1.0 LOH_PENALTY_NET_PENALTY_SCALE=1.0
57,1,0.368143,0.000000,0.224849,0.000000,0.010000,0.000000,LOH_PARALLEL_SAFE=1 LOH_SKIP_PIP_INSTALL=1 LOH_SKIP_BUILD=1 LOH_DEBUG_LEVEL=1 CACHESIM_VERBOSE=0 CACHESIM_NUM_REQ=3000000 LOH_RL_ALGO=SAC LOH_ACTION_SCALE=1.0 LOH_SCORE_USE_COMPOUND=1 LOH_SCORE_USE_IRT=1 LOH_USE_SOFTMAX=1 LOH_USE_HEURISTIC_SIGNS=0 LOH_INCLUDE_HIT_MISS_FEATURES=0 LOH_INCLUDE_CACHE_FEATURES=0 LOH_INCLUDE_CANDIDATE_FEATURES=0 LOH_INCLUDE_TOPK_CANDIDATE_FEATURES=0 LOH_INCLUDE_AVGTOPK_CANDIDATE_FEATURES=0 LOH_INCLUDE_REQUEST=0 LOH_ENABLE_PENALTY=1 LOH_REWARD_USE_PENALTY=1 LOH_PENALTY_SCALE=survival LOH_PENALTY_REWARD_FORMULA=one_minus LOH_REWARD_W_PENALTY=1.0 LOH_PENALTY_CUTOFF=0 LOH_PENALTY_DMAX=400000 LOH_PENALTY_EMPTY_AS_GOOD=1 LOH_PENALTY_REFINE_ON_LATE=1 LOH_PENALTY_NO_EVICT_REWARD=keep LOH_PENALTY_BASELINE_DECAY=0.99 LOH_SURVIVAL_BINS=64 LOH_SURVIVAL_QUANTILE=0.99 LOH_SURVIVAL_MINCOUNT=1000 LOH_PENALTY_NET_GOOD_SCALE=1.0 LOH_PENALTY_NET_PENALTY_SCALE=1.0
58,1,0.368241,0.000000,0.225755,0.000000,0.010000,0.000000,LOH_PARALLEL_SAFE=1 LOH_SKIP_PIP_INSTALL=1 LOH_SKIP_BUILD=1 LOH_DEBUG_LEVEL=1 CACHESIM_VERBOSE=0 CACHESIM_NUM_REQ=3000000 LOH_RL_ALGO=SAC LOH_ACTION_SCALE=1.0 LOH_SCORE_USE_COMPOUND=1 LOH_SCORE_USE_IRT=1 LOH_USE_SOFTMAX=1 LOH_USE_HEURISTIC_SIGNS=0 LOH_INCLUDE_HIT_MISS_FEATURES=0 LOH_INCLUDE_CACHE_FEATURES=0 LOH_INCLUDE_CANDIDATE_FEATURES=0 LOH_INCLUDE_TOPK_CANDIDATE_FEATURES=0 LOH_INCLUDE_AVGTOPK_CANDIDATE_FEATURES=0 LOH_INCLUDE_REQUEST=0 LOH_ENABLE_PENALTY=1 LOH_REWARD_USE_PENALTY=1 LOH_PENALTY_SCALE=survival LOH_PENALTY_REWARD_FORMULA=neg LOH_REWARD_W_PENALTY=0.1 LOH_PENALTY_CUTOFF=0 LOH_PENALTY_DMAX=400000 LOH_PENALTY_EMPTY_AS_GOOD=1 LOH_PENALTY_REFINE_ON_LATE=1 LOH_PENALTY_NO_EVICT_REWARD=keep LOH_PENALTY_BASELINE_DECAY=0.99 LOH_SURVIVAL_BINS=64 LOH_SURVIVAL_QUANTILE=0.99 LOH_SURVIVAL_MINCOUNT=1000 LOH_PENALTY_NET_GOOD_SCALE=1.0 LOH_PENALTY_NET_PENALTY_SCALE=1.0
59,1,0.368143,0.000000,0.225083,0.000000,0.010000,0.000000,LOH_PARALLEL_SAFE=1 LOH_SKIP_PIP_INSTALL=1 LOH_SKIP_BUILD=1 LOH_DEBUG_LEVEL=1 CACHESIM_VERBOSE=0 CACHESIM_NUM_REQ=3000000 LOH_RL_ALGO=SAC LOH_ACTION_SCALE=1.0 LOH_SCORE_USE_COMPOUND=1 LOH_SCORE_USE_IRT=1 LOH_USE_SOFTMAX=1 LOH_USE_HEURISTIC_SIGNS=0 LOH_INCLUDE_HIT_MISS_FEATURES=0 LOH_INCLUDE_CACHE_FEATURES=0 LOH_INCLUDE_CANDIDATE_FEATURES=0 LOH_INCLUDE_TOPK_CANDIDATE_FEATURES=0 LOH_INCLUDE_AVGTOPK_CANDIDATE_FEATURES=0 LOH_INCLUDE_REQUEST=0 LOH_ENABLE_PENALTY=1 LOH_REWARD_USE_PENALTY=1 LOH_PENALTY_SCALE=survival LOH_PENALTY_REWARD_FORMULA=neg LOH_REWARD_W_PENALTY=0.2 LOH_PENALTY_CUTOFF=0 LOH_PENALTY_DMAX=400000 LOH_PENALTY_EMPTY_AS_GOOD=1 LOH_PENALTY_REFINE_ON_LATE=1 LOH_PENALTY_NO_EVICT_REWARD=keep LOH_PENALTY_BASELINE_DECAY=0.99 LOH_SURVIVAL_BINS=64 LOH_SURVIVAL_QUANTILE=0.99 LOH_SURVIVAL_MINCOUNT=1000 LOH_PENALTY_NET_GOOD_SCALE=1.0 LOH_PENALTY_NET_PENALTY_SCALE=1.0
60,1,0.368281,0.000000,0.225383,0.000000,0.010000,0.000000,LOH_PARALLEL_SAFE=1 LOH_SKIP_PIP_INSTALL=1 LOH_SKIP_BUILD=1 LOH_DEBUG_LEVEL=1 CACHESIM_VERBOSE=0 CACHESIM_NUM_REQ=3000000 LOH_RL_ALGO=SAC LOH_ACTION_SCALE=1.0 LOH_SCORE_USE_COMPOUND=1 LOH_SCORE_USE_IRT=1 LOH_USE_SOFTMAX=1 LOH_USE_HEURISTIC_SIGNS=0 LOH_INCLUDE_HIT_MISS_FEATURES=0 LOH_INCLUDE_CACHE_FEATURES=0 LOH_INCLUDE_CANDIDATE_FEATURES=0 LOH_INCLUDE_TOPK_CANDIDATE_FEATURES=0 LOH_INCLUDE_AVGTOPK_CANDIDATE_FEATURES=0 LOH_INCLUDE_REQUEST=0 LOH_ENABLE_PENALTY=1 LOH_REWARD_USE_PENALTY=1 LOH_PENALTY_SCALE=survival LOH_PENALTY_REWARD_FORMULA=neg LOH_REWARD_W_PENALTY=0.5 LOH_PENALTY_CUTOFF=0 LOH_PENALTY_DMAX=400000 LOH_PENALTY_EMPTY_AS_GOOD=1 LOH_PENALTY_REFINE_ON_LATE=1 LOH_PENALTY_NO_EVICT_REWARD=keep LOH_PENALTY_BASELINE_DECAY=0.99 LOH_SURVIVAL_BINS=64 LOH_SURVIVAL_QUANTILE=0.99 LOH_SURVIVAL_MINCOUNT=1000 LOH_PENALTY_NET_GOOD_SCALE=1.0 LOH_PENALTY_NET_PENALTY_SCALE=1.0
61,1,0.368135,0.000000,0.225091,0.000000,0.010000,0.000000,LOH_PARALLEL_SAFE=1 LOH_SKIP_PIP_INSTALL=1 LOH_SKIP_BUILD=1 LOH_DEBUG_LEVEL=1 CACHESIM_VERBOSE=0 CACHESIM_NUM_REQ=3000000 LOH_RL_ALGO=SAC LOH_ACTION_SCALE=1.0 LOH_SCORE_USE_COMPOUND=1 LOH_SCORE_USE_IRT=1 LOH_USE_SOFTMAX=1 LOH_USE_HEURISTIC_SIGNS=0 LOH_INCLUDE_HIT_MISS_FEATURES=0 LOH_INCLUDE_CACHE_FEATURES=0 LOH_INCLUDE_CANDIDATE_FEATURES=0 LOH_INCLUDE_TOPK_CANDIDATE_FEATURES=0 LOH_INCLUDE_AVGTOPK_CANDIDATE_FEATURES=0 LOH_INCLUDE_REQUEST=0 LOH_ENABLE_PENALTY=1 LOH_REWARD_USE_PENALTY=1 LOH_PENALTY_SCALE=survival LOH_PENALTY_REWARD_FORMULA=neg LOH_REWARD_W_PENALTY=1.0 LOH_PENALTY_CUTOFF=0 LOH_PENALTY_DMAX=400000 LOH_PENALTY_EMPTY_AS_GOOD=1 LOH_PENALTY_REFINE_ON_LATE=1 LOH_PENALTY_NO_EVICT_REWARD=keep LOH_PENALTY_BASELINE_DECAY=0.99 LOH_SURVIVAL_BINS=64 LOH_SURVIVAL_QUANTILE=0.99 LOH_SURVIVAL_MINCOUNT=1000 LOH_PENALTY_NET_GOOD_SCALE=1.0 LOH_PENALTY_NET_PENALTY_SCALE=1.0
62,1,0.368269,0.000000,0.225440,0.000000,0.010000,0.000000,LOH_PARALLEL_SAFE=1 LOH_SKIP_PIP_INSTALL=1 LOH_SKIP_BUILD=1 LOH_DEBUG_LEVEL=1 CACHESIM_VERBOSE=0 CACHESIM_NUM_REQ=3000000 LOH_RL_ALGO=SAC LOH_ACTION_SCALE=1.0 LOH_SCORE_USE_COMPOUND=1 LOH_SCORE_USE_IRT=1 LOH_USE_SOFTMAX=1 LOH_USE_HEURISTIC_SIGNS=0 LOH_INCLUDE_HIT_MISS_FEATURES=0 LOH_INCLUDE_CACHE_FEATURES=0 LOH_INCLUDE_CANDIDATE_FEATURES=0 LOH_INCLUDE_TOPK_CANDIDATE_FEATURES=0 LOH_INCLUDE_AVGTOPK_CANDIDATE_FEATURES=0 LOH_INCLUDE_REQUEST=0 LOH_ENABLE_PENALTY=1 LOH_REWARD_USE_PENALTY=1 LOH_PENALTY_SCALE=survival LOH_PENALTY_REWARD_FORMULA=net LOH_REWARD_W_PENALTY=1.0 LOH_PENALTY_CUTOFF=0 LOH_PENALTY_DMAX=400000 LOH_PENALTY_EMPTY_AS_GOOD=1 LOH_PENALTY_REFINE_ON_LATE=1 LOH_PENALTY_NO_EVICT_REWARD=keep LOH_PENALTY_BASELINE_DECAY=0.99 LOH_SURVIVAL_BINS=64 LOH_SURVIVAL_QUANTILE=0.99 LOH_SURVIVAL_MINCOUNT=1000 LOH_PENALTY_NET_GOOD_SCALE=1.0 LOH_PENALTY_NET_PENALTY_SCALE=1.0
63,1,0.368215,0.000000,0.225108,0.000000,0.010000,0.000000,LOH_PARALLEL_SAFE=1 LOH_SKIP_PIP_INSTALL=1 LOH_SKIP_BUILD=1 LOH_DEBUG_LEVEL=1 CACHESIM_VERBOSE=0 CACHESIM_NUM_REQ=3000000 LOH_RL_ALGO=SAC LOH_ACTION_SCALE=1.0 LOH_SCORE_USE_COMPOUND=1 LOH_SCORE_USE_IRT=1 LOH_USE_SOFTMAX=1 LOH_USE_HEURISTIC_SIGNS=0 LOH_INCLUDE_HIT_MISS_FEATURES=0 LOH_INCLUDE_CACHE_FEATURES=0 LOH_INCLUDE_CANDIDATE_FEATURES=0 LOH_INCLUDE_TOPK_CANDIDATE_FEATURES=0 LOH_INCLUDE_AVGTOPK_CANDIDATE_FEATURES=0 LOH_INCLUDE_REQUEST=0 LOH_ENABLE_PENALTY=1 LOH_REWARD_USE_PENALTY=1 LOH_PENALTY_SCALE=survival LOH_PENALTY_REWARD_FORMULA=net LOH_REWARD_W_PENALTY=2.0 LOH_PENALTY_CUTOFF=0 LOH_PENALTY_DMAX=400000 LOH_PENALTY_EMPTY_AS_GOOD=1 LOH_PENALTY_REFINE_ON_LATE=1 LOH_PENALTY_NO_EVICT_REWARD=keep LOH_PENALTY_BASELINE_DECAY=0.99 LOH_SURVIVAL_BINS=64 LOH_SURVIVAL_QUANTILE=0.99 LOH_SURVIVAL_MINCOUNT=1000 LOH_PENALTY_NET_GOOD_SCALE=1.0 LOH_PENALTY_NET_PENALTY_SCALE=1.0
64,1,0.368195,0.000000,0.225112,0.000000,0.010000,0.000000,LOH_PARALLEL_SAFE=1 LOH_SKIP_PIP_INSTALL=1 LOH_SKIP_BUILD=1 LOH_DEBUG_LEVEL=1 CACHESIM_VERBOSE=0 CACHESIM_NUM_REQ=3000000 LOH_RL_ALGO=SAC LOH_ACTION_SCALE=1.0 LOH_SCORE_USE_COMPOUND=1 LOH_SCORE_USE_IRT=1 LOH_USE_SOFTMAX=1 LOH_USE_HEURISTIC_SIGNS=0 LOH_INCLUDE_HIT_MISS_FEATURES=0 LOH_INCLUDE_CACHE_FEATURES=0 LOH_INCLUDE_CANDIDATE_FEATURES=0 LOH_INCLUDE_TOPK_CANDIDATE_FEATURES=0 LOH_INCLUDE_AVGTOPK_CANDIDATE_FEATURES=0 LOH_INCLUDE_REQUEST=0 LOH_ENABLE_PENALTY=1 LOH_REWARD_USE_PENALTY=1 LOH_PENALTY_SCALE=survival LOH_PENALTY_REWARD_FORMULA=net LOH_REWARD_W_PENALTY=3.0 LOH_PENALTY_CUTOFF=0 LOH_PENALTY_DMAX=400000 LOH_PENALTY_EMPTY_AS_GOOD=1 LOH_PENALTY_REFINE_ON_LATE=1 LOH_PENALTY_NO_EVICT_REWARD=keep LOH_PENALTY_BASELINE_DECAY=0.99 LOH_SURVIVAL_BINS=64 LOH_SURVIVAL_QUANTILE=0.99 LOH_SURVIVAL_MINCOUNT=1000 LOH_PENALTY_NET_GOOD_SCALE=1.0 LOH_PENALTY_NET_PENALTY_SCALE=1.0
65,1,0.368308,0.000000,0.224606,0.000000,0.010000,0.000000,LOH_PARALLEL_SAFE=1 LOH_SKIP_PIP_INSTALL=1 LOH_SKIP_BUILD=1 LOH_DEBUG_LEVEL=1 CACHESIM_VERBOSE=0 CACHESIM_NUM_REQ=3000000 LOH_RL_ALGO=SAC LOH_ACTION_SCALE=1.0 LOH_SCORE_USE_COMPOUND=1 LOH_SCORE_USE_IRT=1 LOH_USE_SOFTMAX=1 LOH_USE_HEURISTIC_SIGNS=0 LOH_INCLUDE_HIT_MISS_FEATURES=0 LOH_INCLUDE_CACHE_FEATURES=0 LOH_INCLUDE_CANDIDATE_FEATURES=0 LOH_INCLUDE_TOPK_CANDIDATE_FEATURES=0 LOH_INCLUDE_AVGTOPK_CANDIDATE_FEATURES=0 LOH_INCLUDE_REQUEST=0 LOH_ENABLE_PENALTY=1 LOH_REWARD_USE_PENALTY=1 LOH_PENALTY_SCALE=survival LOH_PENALTY_REWARD_FORMULA=net2 LOH_REWARD_W_PENALTY=1.0 LOH_PENALTY_CUTOFF=0 LOH_PENALTY_DMAX=400000 LOH_PENALTY_EMPTY_AS_GOOD=1 LOH_PENALTY_REFINE_ON_LATE=1 LOH_PENALTY_NO_EVICT_REWARD=keep LOH_PENALTY_BASELINE_DECAY=0.99 LOH_SURVIVAL_BINS=64 LOH_SURVIVAL_QUANTILE=0.99 LOH_SURVIVAL_MINCOUNT=1000 LOH_PENALTY_NET_GOOD_SCALE=1.0 LOH_PENALTY_NET_PENALTY_SCALE=1.0
66,1,0.368264,0.000000,0.225619,0.000000,0.010000,0.000000,LOH_PARALLEL_SAFE=1 LOH_SKIP_PIP_INSTALL=1 LOH_SKIP_BUILD=1 LOH_DEBUG_LEVEL=1 CACHESIM_VERBOSE=0 CACHESIM_NUM_REQ=3000000 LOH_RL_ALGO=SAC LOH_ACTION_SCALE=1.0 LOH_SCORE_USE_COMPOUND=1 LOH_SCORE_USE_IRT=1 LOH_USE_SOFTMAX=1 LOH_USE_HEURISTIC_SIGNS=0 LOH_INCLUDE_HIT_MISS_FEATURES=0 LOH_INCLUDE_CACHE_FEATURES=0 LOH_INCLUDE_CANDIDATE_FEATURES=0 LOH_INCLUDE_TOPK_CANDIDATE_FEATURES=0 LOH_INCLUDE_AVGTOPK_CANDIDATE_FEATURES=0 LOH_INCLUDE_REQUEST=0 LOH_ENABLE_PENALTY=1 LOH_REWARD_USE_PENALTY=1 LOH_PENALTY_SCALE=survival LOH_PENALTY_REWARD_FORMULA=net2 LOH_REWARD_W_PENALTY=2.0 LOH_PENALTY_CUTOFF=0 LOH_PENALTY_DMAX=400000 LOH_PENALTY_EMPTY_AS_GOOD=1 LOH_PENALTY_REFINE_ON_LATE=1 LOH_PENALTY_NO_EVICT_REWARD=keep LOH_PENALTY_BASELINE_DECAY=0.99 LOH_SURVIVAL_BINS=64 LOH_SURVIVAL_QUANTILE=0.99 LOH_SURVIVAL_MINCOUNT=1000 LOH_PENALTY_NET_GOOD_SCALE=1.0 LOH_PENALTY_NET_PENALTY_SCALE=1.0
67,1,0.368273,0.000000,0.224753,0.000000,0.010000,0.000000,LOH_PARALLEL_SAFE=1 LOH_SKIP_PIP_INSTALL=1 LOH_SKIP_BUILD=1 LOH_DEBUG_LEVEL=1 CACHESIM_VERBOSE=0 CACHESIM_NUM_REQ=3000000 LOH_RL_ALGO=SAC LOH_ACTION_SCALE=1.0 LOH_SCORE_USE_COMPOUND=1 LOH_SCORE_USE_IRT=1 LOH_USE_SOFTMAX=1 LOH_USE_HEURISTIC_SIGNS=0 LOH_INCLUDE_HIT_MISS_FEATURES=0 LOH_INCLUDE_CACHE_FEATURES=0 LOH_INCLUDE_CANDIDATE_FEATURES=0 LOH_INCLUDE_TOPK_CANDIDATE_FEATURES=0 LOH_INCLUDE_AVGTOPK_CANDIDATE_FEATURES=0 LOH_INCLUDE_REQUEST=0 LOH_ENABLE_PENALTY=1 LOH_REWARD_USE_PENALTY=1 LOH_PENALTY_SCALE=survival LOH_PENALTY_REWARD_FORMULA=net2 LOH_REWARD_W_PENALTY=3.0 LOH_PENALTY_CUTOFF=0 LOH_PENALTY_DMAX=400000 LOH_PENALTY_EMPTY_AS_GOOD=1 LOH_PENALTY_REFINE_ON_LATE=1 LOH_PENALTY_NO_EVICT_REWARD=keep LOH_PENALTY_BASELINE_DECAY=0.99 LOH_SURVIVAL_BINS=64 LOH_SURVIVAL_QUANTILE=0.99 LOH_SURVIVAL_MINCOUNT=1000 LOH_PENALTY_NET_GOOD_SCALE=1.0 LOH_PENALTY_NET_PENALTY_SCALE=1.0
68,1,0.368154,0.000000,0.224714,0.000000,0.010000,0.000000,LOH_PARALLEL_SAFE=1 LOH_SKIP_PIP_INSTALL=1 LOH_SKIP_BUILD=1 LOH_DEBUG_LEVEL=1 CACHESIM_VERBOSE=0 CACHESIM_NUM_REQ=3000000 LOH_RL_ALGO=SAC LOH_ACTION_SCALE=1.0 LOH_SCORE_USE_COMPOUND=1 LOH_SCORE_USE_IRT=1 LOH_USE_SOFTMAX=1 LOH_USE_HEURISTIC_SIGNS=0 LOH_INCLUDE_HIT_MISS_FEATURES=0 LOH_INCLUDE_CACHE_FEATURES=0 LOH_INCLUDE_CANDIDATE_FEATURES=0 LOH_INCLUDE_TOPK_CANDIDATE_FEATURES=0 LOH_INCLUDE_AVGTOPK_CANDIDATE_FEATURES=0 LOH_INCLUDE_REQUEST=0 LOH_ENABLE_PENALTY=1 LOH_REWARD_USE_PENALTY=1 LOH_PENALTY_SCALE=binary LOH_PENALTY_REWARD_FORMULA=relative LOH_REWARD_W_PENALTY=0.1 LOH_PENALTY_CUTOFF=0 LOH_PENALTY_DMAX=400000 LOH_PENALTY_EMPTY_AS_GOOD=1 LOH_PENALTY_REFINE_ON_LATE=1 LOH_PENALTY_NO_EVICT_REWARD=keep LOH_PENALTY_BASELINE_DECAY=0.99 LOH_SURVIVAL_BINS=64 LOH_SURVIVAL_QUANTILE=0.99 LOH_SURVIVAL_MINCOUNT=1000 LOH_PENALTY_NET_GOOD_SCALE=1.0 LOH_PENALTY_NET_PENALTY_SCALE=1.0
69,1,0.368239,0.000000,0.225187,0.000000,0.010000,0.000000,LOH_PARALLEL_SAFE=1 LOH_SKIP_PIP_INSTALL=1 LOH_SKIP_BUILD=1 LOH_DEBUG_LEVEL=1 CACHESIM_VERBOSE=0 CACHESIM_NUM_REQ=3000000 LOH_RL_ALGO=SAC LOH_ACTION_SCALE=1.0 LOH_SCORE_USE_COMPOUND=1 LOH_SCORE_USE_IRT=1 LOH_USE_SOFTMAX=1 LOH_USE_HEURISTIC_SIGNS=0 LOH_INCLUDE_HIT_MISS_FEATURES=0 LOH_INCLUDE_CACHE_FEATURES=0 LOH_INCLUDE_CANDIDATE_FEATURES=0 LOH_INCLUDE_TOPK_CANDIDATE_FEATURES=0 LOH_INCLUDE_AVGTOPK_CANDIDATE_FEATURES=0 LOH_INCLUDE_REQUEST=0 LOH_ENABLE_PENALTY=1 LOH_REWARD_USE_PENALTY=1 LOH_PENALTY_SCALE=binary LOH_PENALTY_REWARD_FORMULA=relative LOH_REWARD_W_PENALTY=0.2 LOH_PENALTY_CUTOFF=0 LOH_PENALTY_DMAX=400000 LOH_PENALTY_EMPTY_AS_GOOD=1 LOH_PENALTY_REFINE_ON_LATE=1 LOH_PENALTY_NO_EVICT_REWARD=keep LOH_PENALTY_BASELINE_DECAY=0.99 LOH_SURVIVAL_BINS=64 LOH_SURVIVAL_QUANTILE=0.99 LOH_SURVIVAL_MINCOUNT=1000 LOH_PENALTY_NET_GOOD_SCALE=1.0 LOH_PENALTY_NET_PENALTY_SCALE=1.0
70,1,0.368287,0.000000,0.225124,0.000000,0.010000,0.000000,LOH_PARALLEL_SAFE=1 LOH_SKIP_PIP_INSTALL=1 LOH_SKIP_BUILD=1 LOH_DEBUG_LEVEL=1 CACHESIM_VERBOSE=0 CACHESIM_NUM_REQ=3000000 LOH_RL_ALGO=SAC LOH_ACTION_SCALE=1.0 LOH_SCORE_USE_COMPOUND=1 LOH_SCORE_USE_IRT=1 LOH_USE_SOFTMAX=1 LOH_USE_HEURISTIC_SIGNS=0 LOH_INCLUDE_HIT_MISS_FEATURES=0 LOH_INCLUDE_CACHE_FEATURES=0 LOH_INCLUDE_CANDIDATE_FEATURES=0 LOH_INCLUDE_TOPK_CANDIDATE_FEATURES=0 LOH_INCLUDE_AVGTOPK_CANDIDATE_FEATURES=0 LOH_INCLUDE_REQUEST=0 LOH_ENABLE_PENALTY=1 LOH_REWARD_USE_PENALTY=1 LOH_PENALTY_SCALE=binary LOH_PENALTY_REWARD_FORMULA=relative LOH_REWARD_W_PENALTY=0.5 LOH_PENALTY_CUTOFF=0 LOH_PENALTY_DMAX=400000 LOH_PENALTY_EMPTY_AS_GOOD=1 LOH_PENALTY_REFINE_ON_LATE=1 LOH_PENALTY_NO_EVICT_REWARD=keep LOH_PENALTY_BASELINE_DECAY=0.99 LOH_SURVIVAL_BINS=64 LOH_SURVIVAL_QUANTILE=0.99 LOH_SURVIVAL_MINCOUNT=1000 LOH_PENALTY_NET_GOOD_SCALE=1.0 LOH_PENALTY_NET_PENALTY_SCALE=1.0
71,1,0.368324,0.000000,0.225013,0.000000,0.010000,0.000000,LOH_PARALLEL_SAFE=1 LOH_SKIP_PIP_INSTALL=1 LOH_SKIP_BUILD=1 LOH_DEBUG_LEVEL=1 CACHESIM_VERBOSE=0 CACHESIM_NUM_REQ=3000000 LOH_RL_ALGO=SAC LOH_ACTION_SCALE=1.0 LOH_SCORE_USE_COMPOUND=1 LOH_SCORE_USE_IRT=1 LOH_USE_SOFTMAX=1 LOH_USE_HEURISTIC_SIGNS=0 LOH_INCLUDE_HIT_MISS_FEATURES=0 LOH_INCLUDE_CACHE_FEATURES=0 LOH_INCLUDE_CANDIDATE_FEATURES=0 LOH_INCLUDE_TOPK_CANDIDATE_FEATURES=0 LOH_INCLUDE_AVGTOPK_CANDIDATE_FEATURES=0 LOH_INCLUDE_REQUEST=0 LOH_ENABLE_PENALTY=1 LOH_REWARD_USE_PENALTY=1 LOH_PENALTY_SCALE=binary LOH_PENALTY_REWARD_FORMULA=relative LOH_REWARD_W_PENALTY=1.0 LOH_PENALTY_CUTOFF=0 LOH_PENALTY_DMAX=400000 LOH_PENALTY_EMPTY_AS_GOOD=1 LOH_PENALTY_REFINE_ON_LATE=1 LOH_PENALTY_NO_EVICT_REWARD=keep LOH_PENALTY_BASELINE_DECAY=0.99 LOH_SURVIVAL_BINS=64 LOH_SURVIVAL_QUANTILE=0.99 LOH_SURVIVAL_MINCOUNT=1000 LOH_PENALTY_NET_GOOD_SCALE=1.0 LOH_PENALTY_NET_PENALTY_SCALE=1.0
72,1,0.368215,0.000000,0.224958,0.000000,0.010000,0.000000,LOH_PARALLEL_SAFE=1 LOH_SKIP_PIP_INSTALL=1 LOH_SKIP_BUILD=1 LOH_DEBUG_LEVEL=1 CACHESIM_VERBOSE=0 CACHESIM_NUM_REQ=3000000 LOH_RL_ALGO=SAC LOH_ACTION_SCALE=1.0 LOH_SCORE_USE_COMPOUND=1 LOH_SCORE_USE_IRT=1 LOH_USE_SOFTMAX=1 LOH_USE_HEURISTIC_SIGNS=0 LOH_INCLUDE_HIT_MISS_FEATURES=0 LOH_INCLUDE_CACHE_FEATURES=0 LOH_INCLUDE_CANDIDATE_FEATURES=0 LOH_INCLUDE_TOPK_CANDIDATE_FEATURES=0 LOH_INCLUDE_AVGTOPK_CANDIDATE_FEATURES=0 LOH_INCLUDE_REQUEST=0 LOH_ENABLE_PENALTY=1 LOH_REWARD_USE_PENALTY=1 LOH_PENALTY_SCALE=binary LOH_PENALTY_REWARD_FORMULA=centered LOH_REWARD_W_PENALTY=0.1 LOH_PENALTY_CUTOFF=0 LOH_PENALTY_DMAX=400000 LOH_PENALTY_EMPTY_AS_GOOD=1 LOH_PENALTY_REFINE_ON_LATE=1 LOH_PENALTY_NO_EVICT_REWARD=keep LOH_PENALTY_BASELINE_DECAY=0.99 LOH_SURVIVAL_BINS=64 LOH_SURVIVAL_QUANTILE=0.99 LOH_SURVIVAL_MINCOUNT=1000 LOH_PENALTY_NET_GOOD_SCALE=1.0 LOH_PENALTY_NET_PENALTY_SCALE=1.0
73,1,0.368246,0.000000,0.225043,0.000000,0.010000,0.000000,LOH_PARALLEL_SAFE=1 LOH_SKIP_PIP_INSTALL=1 LOH_SKIP_BUILD=1 LOH_DEBUG_LEVEL=1 CACHESIM_VERBOSE=0 CACHESIM_NUM_REQ=3000000 LOH_RL_ALGO=SAC LOH_ACTION_SCALE=1.0 LOH_SCORE_USE_COMPOUND=1 LOH_SCORE_USE_IRT=1 LOH_USE_SOFTMAX=1 LOH_USE_HEURISTIC_SIGNS=0 LOH_INCLUDE_HIT_MISS_FEATURES=0 LOH_INCLUDE_CACHE_FEATURES=0 LOH_INCLUDE_CANDIDATE_FEATURES=0 LOH_INCLUDE_TOPK_CANDIDATE_FEATURES=0 LOH_INCLUDE_AVGTOPK_CANDIDATE_FEATURES=0 LOH_INCLUDE_REQUEST=0 LOH_ENABLE_PENALTY=1 LOH_REWARD_USE_PENALTY=1 LOH_PENALTY_SCALE=binary LOH_PENALTY_REWARD_FORMULA=centered LOH_REWARD_W_PENALTY=0.2 LOH_PENALTY_CUTOFF=0 LOH_PENALTY_DMAX=400000 LOH_PENALTY_EMPTY_AS_GOOD=1 LOH_PENALTY_REFINE_ON_LATE=1 LOH_PENALTY_NO_EVICT_REWARD=keep LOH_PENALTY_BASELINE_DECAY=0.99 LOH_SURVIVAL_BINS=64 LOH_SURVIVAL_QUANTILE=0.99 LOH_SURVIVAL_MINCOUNT=1000 LOH_PENALTY_NET_GOOD_SCALE=1.0 LOH_PENALTY_NET_PENALTY_SCALE=1.0
74,1,0.368229,0.000000,0.225166,0.000000,0.010000,0.000000,LOH_PARALLEL_SAFE=1 LOH_SKIP_PIP_INSTALL=1 LOH_SKIP_BUILD=1 LOH_DEBUG_LEVEL=1 CACHESIM_VERBOSE=0 CACHESIM_NUM_REQ=3000000 LOH_RL_ALGO=SAC LOH_ACTION_SCALE=1.0 LOH_SCORE_USE_COMPOUND=1 LOH_SCORE_USE_IRT=1 LOH_USE_SOFTMAX=1 LOH_USE_HEURISTIC_SIGNS=0 LOH_INCLUDE_HIT_MISS_FEATURES=0 LOH_INCLUDE_CACHE_FEATURES=0 LOH_INCLUDE_CANDIDATE_FEATURES=0 LOH_INCLUDE_TOPK_CANDIDATE_FEATURES=0 LOH_INCLUDE_AVGTOPK_CANDIDATE_FEATURES=0 LOH_INCLUDE_REQUEST=0 LOH_ENABLE_PENALTY=1 LOH_REWARD_USE_PENALTY=1 LOH_PENALTY_SCALE=binary LOH_PENALTY_REWARD_FORMULA=centered LOH_REWARD_W_PENALTY=0.5 LOH_PENALTY_CUTOFF=0 LOH_PENALTY_DMAX=400000 LOH_PENALTY_EMPTY_AS_GOOD=1 LOH_PENALTY_REFINE_ON_LATE=1 LOH_PENALTY_NO_EVICT_REWARD=keep LOH_PENALTY_BASELINE_DECAY=0.99 LOH_SURVIVAL_BINS=64 LOH_SURVIVAL_QUANTILE=0.99 LOH_SURVIVAL_MINCOUNT=1000 LOH_PENALTY_NET_GOOD_SCALE=1.0 LOH_PENALTY_NET_PENALTY_SCALE=1.0
75,1,0.368294,0.000000,0.225351,0.000000,0.010000,0.000000,LOH_PARALLEL_SAFE=1 LOH_SKIP_PIP_INSTALL=1 LOH_SKIP_BUILD=1 LOH_DEBUG_LEVEL=1 CACHESIM_VERBOSE=0 CACHESIM_NUM_REQ=3000000 LOH_RL_ALGO=SAC LOH_ACTION_SCALE=1.0 LOH_SCORE_USE_COMPOUND=1 LOH_SCORE_USE_IRT=1 LOH_USE_SOFTMAX=1 LOH_USE_HEURISTIC_SIGNS=0 LOH_INCLUDE_HIT_MISS_FEATURES=0 LOH_INCLUDE_CACHE_FEATURES=0 LOH_INCLUDE_CANDIDATE_FEATURES=0 LOH_INCLUDE_TOPK_CANDIDATE_FEATURES=0 LOH_INCLUDE_AVGTOPK_CANDIDATE_FEATURES=0 LOH_INCLUDE_REQUEST=0 LOH_ENABLE_PENALTY=1 LOH_REWARD_USE_PENALTY=1 LOH_PENALTY_SCALE=binary LOH_PENALTY_REWARD_FORMULA=centered LOH_REWARD_W_PENALTY=1.0 LOH_PENALTY_CUTOFF=0 LOH_PENALTY_DMAX=400000 LOH_PENALTY_EMPTY_AS_GOOD=1 LOH_PENALTY_REFINE_ON_LATE=1 LOH_PENALTY_NO_EVICT_REWARD=keep LOH_PENALTY_BASELINE_DECAY=0.99 LOH_SURVIVAL_BINS=64 LOH_SURVIVAL_QUANTILE=0.99 LOH_SURVIVAL_MINCOUNT=1000 LOH_PENALTY_NET_GOOD_SCALE=1.0 LOH_PENALTY_NET_PENALTY_SCALE=1.0
76,1,0.368207,0.000000,0.224763,0.000000,0.010000,0.000000,LOH_PARALLEL_SAFE=1 LOH_SKIP_PIP_INSTALL=1 LOH_SKIP_BUILD=1 LOH_DEBUG_LEVEL=1 CACHESIM_VERBOSE=0 CACHESIM_NUM_REQ=3000000 LOH_RL_ALGO=SAC LOH_ACTION_SCALE=1.0 LOH_SCORE_USE_COMPOUND=1 LOH_SCORE_USE_IRT=1 LOH_USE_SOFTMAX=1 LOH_USE_HEURISTIC_SIGNS=0 LOH_INCLUDE_HIT_MISS_FEATURES=0 LOH_INCLUDE_CACHE_FEATURES=0 LOH_INCLUDE_CANDIDATE_FEATURES=0 LOH_INCLUDE_TOPK_CANDIDATE_FEATURES=0 LOH_INCLUDE_AVGTOPK_CANDIDATE_FEATURES=0 LOH_INCLUDE_REQUEST=0 LOH_ENABLE_PENALTY=1 LOH_REWARD_USE_PENALTY=1 LOH_PENALTY_SCALE=binary LOH_PENALTY_REWARD_FORMULA=one_minus LOH_REWARD_W_PENALTY=0.1 LOH_PENALTY_CUTOFF=0 LOH_PENALTY_DMAX=400000 LOH_PENALTY_EMPTY_AS_GOOD=1 LOH_PENALTY_REFINE_ON_LATE=1 LOH_PENALTY_NO_EVICT_REWARD=keep LOH_PENALTY_BASELINE_DECAY=0.99 LOH_SURVIVAL_BINS=64 LOH_SURVIVAL_QUANTILE=0.99 LOH_SURVIVAL_MINCOUNT=1000 LOH_PENALTY_NET_GOOD_SCALE=1.0 LOH_PENALTY_NET_PENALTY_SCALE=1.0
77,1,0.368161,0.000000,0.224584,0.000000,0.010000,0.000000,LOH_PARALLEL_SAFE=1 LOH_SKIP_PIP_INSTALL=1 LOH_SKIP_BUILD=1 LOH_DEBUG_LEVEL=1 CACHESIM_VERBOSE=0 CACHESIM_NUM_REQ=3000000 LOH_RL_ALGO=SAC LOH_ACTION_SCALE=1.0 LOH_SCORE_USE_COMPOUND=1 LOH_SCORE_USE_IRT=1 LOH_USE_SOFTMAX=1 LOH_USE_HEURISTIC_SIGNS=0 LOH_INCLUDE_HIT_MISS_FEATURES=0 LOH_INCLUDE_CACHE_FEATURES=0 LOH_INCLUDE_CANDIDATE_FEATURES=0 LOH_INCLUDE_TOPK_CANDIDATE_FEATURES=0 LOH_INCLUDE_AVGTOPK_CANDIDATE_FEATURES=0 LOH_INCLUDE_REQUEST=0 LOH_ENABLE_PENALTY=1 LOH_REWARD_USE_PENALTY=1 LOH_PENALTY_SCALE=binary LOH_PENALTY_REWARD_FORMULA=one_minus LOH_REWARD_W_PENALTY=0.2 LOH_PENALTY_CUTOFF=0 LOH_PENALTY_DMAX=400000 LOH_PENALTY_EMPTY_AS_GOOD=1 LOH_PENALTY_REFINE_ON_LATE=1 LOH_PENALTY_NO_EVICT_REWARD=keep LOH_PENALTY_BASELINE_DECAY=0.99 LOH_SURVIVAL_BINS=64 LOH_SURVIVAL_QUANTILE=0.99 LOH_SURVIVAL_MINCOUNT=1000 LOH_PENALTY_NET_GOOD_SCALE=1.0 LOH_PENALTY_NET_PENALTY_SCALE=1.0
78,1,0.368275,0.000000,0.224404,0.000000,0.010000,0.000000,LOH_PARALLEL_SAFE=1 LOH_SKIP_PIP_INSTALL=1 LOH_SKIP_BUILD=1 LOH_DEBUG_LEVEL=1 CACHESIM_VERBOSE=0 CACHESIM_NUM_REQ=3000000 LOH_RL_ALGO=SAC LOH_ACTION_SCALE=1.0 LOH_SCORE_USE_COMPOUND=1 LOH_SCORE_USE_IRT=1 LOH_USE_SOFTMAX=1 LOH_USE_HEURISTIC_SIGNS=0 LOH_INCLUDE_HIT_MISS_FEATURES=0 LOH_INCLUDE_CACHE_FEATURES=0 LOH_INCLUDE_CANDIDATE_FEATURES=0 LOH_INCLUDE_TOPK_CANDIDATE_FEATURES=0 LOH_INCLUDE_AVGTOPK_CANDIDATE_FEATURES=0 LOH_INCLUDE_REQUEST=0 LOH_ENABLE_PENALTY=1 LOH_REWARD_USE_PENALTY=1 LOH_PENALTY_SCALE=binary LOH_PENALTY_REWARD_FORMULA=one_minus LOH_REWARD_W_PENALTY=0.5 LOH_PENALTY_CUTOFF=0 LOH_PENALTY_DMAX=400000 LOH_PENALTY_EMPTY_AS_GOOD=1 LOH_PENALTY_REFINE_ON_LATE=1 LOH_PENALTY_NO_EVICT_REWARD=keep LOH_PENALTY_BASELINE_DECAY=0.99 LOH_SURVIVAL_BINS=64 LOH_SURVIVAL_QUANTILE=0.99 LOH_SURVIVAL_MINCOUNT=1000 LOH_PENALTY_NET_GOOD_SCALE=1.0 LOH_PENALTY_NET_PENALTY_SCALE=1.0
79,1,0.368251,0.000000,0.224772,0.000000,0.010000,0.000000,LOH_PARALLEL_SAFE=1 LOH_SKIP_PIP_INSTALL=1 LOH_SKIP_BUILD=1 LOH_DEBUG_LEVEL=1 CACHESIM_VERBOSE=0 CACHESIM_NUM_REQ=3000000 LOH_RL_ALGO=SAC LOH_ACTION_SCALE=1.0 LOH_SCORE_USE_COMPOUND=1 LOH_SCORE_USE_IRT=1 LOH_USE_SOFTMAX=1 LOH_USE_HEURISTIC_SIGNS=0 LOH_INCLUDE_HIT_MISS_FEATURES=0 LOH_INCLUDE_CACHE_FEATURES=0 LOH_INCLUDE_CANDIDATE_FEATURES=0 LOH_INCLUDE_TOPK_CANDIDATE_FEATURES=0 LOH_INCLUDE_AVGTOPK_CANDIDATE_FEATURES=0 LOH_INCLUDE_REQUEST=0 LOH_ENABLE_PENALTY=1 LOH_REWARD_USE_PENALTY=1 LOH_PENALTY_SCALE=binary LOH_PENALTY_REWARD_FORMULA=one_minus LOH_REWARD_W_PENALTY=1.0 LOH_PENALTY_CUTOFF=0 LOH_PENALTY_DMAX=400000 LOH_PENALTY_EMPTY_AS_GOOD=1 LOH_PENALTY_REFINE_ON_LATE=1 LOH_PENALTY_NO_EVICT_REWARD=keep LOH_PENALTY_BASELINE_DECAY=0.99 LOH_SURVIVAL_BINS=64 LOH_SURVIVAL_QUANTILE=0.99 LOH_SURVIVAL_MINCOUNT=1000 LOH_PENALTY_NET_GOOD_SCALE=1.0 LOH_PENALTY_NET_PENALTY_SCALE=1.0
80,1,0.368183,0.000000,0.225019,0.000000,0.010000,0.000000,LOH_PARALLEL_SAFE=1 LOH_SKIP_PIP_INSTALL=1 LOH_SKIP_BUILD=1 LOH_DEBUG_LEVEL=1 CACHESIM_VERBOSE=0 CACHESIM_NUM_REQ=3000000 LOH_RL_ALGO=SAC LOH_ACTION_SCALE=1.0 LOH_SCORE_USE_COMPOUND=1 LOH_SCORE_USE_IRT=1 LOH_USE_SOFTMAX=1 LOH_USE_HEURISTIC_SIGNS=0 LOH_INCLUDE_HIT_MISS_FEATURES=0 LOH_INCLUDE_CACHE_FEATURES=0 LOH_INCLUDE_CANDIDATE_FEATURES=0 LOH_INCLUDE_TOPK_CANDIDATE_FEATURES=0 LOH_INCLUDE_AVGTOPK_CANDIDATE_FEATURES=0 LOH_INCLUDE_REQUEST=0 LOH_ENABLE_PENALTY=1 LOH_REWARD_USE_PENALTY=1 LOH_PENALTY_SCALE=binary LOH_PENALTY_REWARD_FORMULA=neg LOH_REWARD_W_PENALTY=0.1 LOH_PENALTY_CUTOFF=0 LOH_PENALTY_DMAX=400000 LOH_PENALTY_EMPTY_AS_GOOD=1 LOH_PENALTY_REFINE_ON_LATE=1 LOH_PENALTY_NO_EVICT_REWARD=keep LOH_PENALTY_BASELINE_DECAY=0.99 LOH_SURVIVAL_BINS=64 LOH_SURVIVAL_QUANTILE=0.99 LOH_SURVIVAL_MINCOUNT=1000 LOH_PENALTY_NET_GOOD_SCALE=1.0 LOH_PENALTY_NET_PENALTY_SCALE=1.0
81,1,0.368223,0.000000,0.225878,0.000000,0.010000,0.000000,LOH_PARALLEL_SAFE=1 LOH_SKIP_PIP_INSTALL=1 LOH_SKIP_BUILD=1 LOH_DEBUG_LEVEL=1 CACHESIM_VERBOSE=0 CACHESIM_NUM_REQ=3000000 LOH_RL_ALGO=SAC LOH_ACTION_SCALE=1.0 LOH_SCORE_USE_COMPOUND=1 LOH_SCORE_USE_IRT=1 LOH_USE_SOFTMAX=1 LOH_USE_HEURISTIC_SIGNS=0 LOH_INCLUDE_HIT_MISS_FEATURES=0 LOH_INCLUDE_CACHE_FEATURES=0 LOH_INCLUDE_CANDIDATE_FEATURES=0 LOH_INCLUDE_TOPK_CANDIDATE_FEATURES=0 LOH_INCLUDE_AVGTOPK_CANDIDATE_FEATURES=0 LOH_INCLUDE_REQUEST=0 LOH_ENABLE_PENALTY=1 LOH_REWARD_USE_PENALTY=1 LOH_PENALTY_SCALE=binary LOH_PENALTY_REWARD_FORMULA=neg LOH_REWARD_W_PENALTY=0.2 LOH_PENALTY_CUTOFF=0 LOH_PENALTY_DMAX=400000 LOH_PENALTY_EMPTY_AS_GOOD=1 LOH_PENALTY_REFINE_ON_LATE=1 LOH_PENALTY_NO_EVICT_REWARD=keep LOH_PENALTY_BASELINE_DECAY=0.99 LOH_SURVIVAL_BINS=64 LOH_SURVIVAL_QUANTILE=0.99 LOH_SURVIVAL_MINCOUNT=1000 LOH_PENALTY_NET_GOOD_SCALE=1.0 LOH_PENALTY_NET_PENALTY_SCALE=1.0
82,1,0.368152,0.000000,0.225577,0.000000,0.010000,0.000000,LOH_PARALLEL_SAFE=1 LOH_SKIP_PIP_INSTALL=1 LOH_SKIP_BUILD=1 LOH_DEBUG_LEVEL=1 CACHESIM_VERBOSE=0 CACHESIM_NUM_REQ=3000000 LOH_RL_ALGO=SAC LOH_ACTION_SCALE=1.0 LOH_SCORE_USE_COMPOUND=1 LOH_SCORE_USE_IRT=1 LOH_USE_SOFTMAX=1 LOH_USE_HEURISTIC_SIGNS=0 LOH_INCLUDE_HIT_MISS_FEATURES=0 LOH_INCLUDE_CACHE_FEATURES=0 LOH_INCLUDE_CANDIDATE_FEATURES=0 LOH_INCLUDE_TOPK_CANDIDATE_FEATURES=0 LOH_INCLUDE_AVGTOPK_CANDIDATE_FEATURES=0 LOH_INCLUDE_REQUEST=0 LOH_ENABLE_PENALTY=1 LOH_REWARD_USE_PENALTY=1 LOH_PENALTY_SCALE=binary LOH_PENALTY_REWARD_FORMULA=neg LOH_REWARD_W_PENALTY=0.5 LOH_PENALTY_CUTOFF=0 LOH_PENALTY_DMAX=400000 LOH_PENALTY_EMPTY_AS_GOOD=1 LOH_PENALTY_REFINE_ON_LATE=1 LOH_PENALTY_NO_EVICT_REWARD=keep LOH_PENALTY_BASELINE_DECAY=0.99 LOH_SURVIVAL_BINS=64 LOH_SURVIVAL_QUANTILE=0.99 LOH_SURVIVAL_MINCOUNT=1000 LOH_PENALTY_NET_GOOD_SCALE=1.0 LOH_PENALTY_NET_PENALTY_SCALE=1.0
83,1,0.368186,0.000000,0.225870,0.000000,0.010000,0.000000,LOH_PARALLEL_SAFE=1 LOH_SKIP_PIP_INSTALL=1 LOH_SKIP_BUILD=1 LOH_DEBUG_LEVEL=1 CACHESIM_VERBOSE=0 CACHESIM_NUM_REQ=3000000 LOH_RL_ALGO=SAC LOH_ACTION_SCALE=1.0 LOH_SCORE_USE_COMPOUND=1 LOH_SCORE_USE_IRT=1 LOH_USE_SOFTMAX=1 LOH_USE_HEURISTIC_SIGNS=0 LOH_INCLUDE_HIT_MISS_FEATURES=0 LOH_INCLUDE_CACHE_FEATURES=0 LOH_INCLUDE_CANDIDATE_FEATURES=0 LOH_INCLUDE_TOPK_CANDIDATE_FEATURES=0 LOH_INCLUDE_AVGTOPK_CANDIDATE_FEATURES=0 LOH_INCLUDE_REQUEST=0 LOH_ENABLE_PENALTY=1 LOH_REWARD_USE_PENALTY=1 LOH_PENALTY_SCALE=binary LOH_PENALTY_REWARD_FORMULA=neg LOH_REWARD_W_PENALTY=1.0 LOH_PENALTY_CUTOFF=0 LOH_PENALTY_DMAX=400000 LOH_PENALTY_EMPTY_AS_GOOD=1 LOH_PENALTY_REFINE_ON_LATE=1 LOH_PENALTY_NO_EVICT_REWARD=keep LOH_PENALTY_BASELINE_DECAY=0.99 LOH_SURVIVAL_BINS=64 LOH_SURVIVAL_QUANTILE=0.99 LOH_SURVIVAL_MINCOUNT=1000 LOH_PENALTY_NET_GOOD_SCALE=1.0 LOH_PENALTY_NET_PENALTY_SCALE=1.0
84,1,0.368145,0.000000,0.225047,0.000000,0.010000,0.000000,LOH_PARALLEL_SAFE=1 LOH_SKIP_PIP_INSTALL=1 LOH_SKIP_BUILD=1 LOH_DEBUG_LEVEL=1 CACHESIM_VERBOSE=0 CACHESIM_NUM_REQ=3000000 LOH_RL_ALGO=SAC LOH_ACTION_SCALE=1.0 LOH_SCORE_USE_COMPOUND=1 LOH_SCORE_USE_IRT=1 LOH_USE_SOFTMAX=1 LOH_USE_HEURISTIC_SIGNS=0 LOH_INCLUDE_HIT_MISS_FEATURES=0 LOH_INCLUDE_CACHE_FEATURES=0 LOH_INCLUDE_CANDIDATE_FEATURES=0 LOH_INCLUDE_TOPK_CANDIDATE_FEATURES=0 LOH_INCLUDE_AVGTOPK_CANDIDATE_FEATURES=0 LOH_INCLUDE_REQUEST=0 LOH_ENABLE_PENALTY=1 LOH_REWARD_USE_PENALTY=1 LOH_PENALTY_SCALE=binary LOH_PENALTY_REWARD_FORMULA=net LOH_REWARD_W_PENALTY=1.0 LOH_PENALTY_CUTOFF=0 LOH_PENALTY_DMAX=400000 LOH_PENALTY_EMPTY_AS_GOOD=1 LOH_PENALTY_REFINE_ON_LATE=1 LOH_PENALTY_NO_EVICT_REWARD=keep LOH_PENALTY_BASELINE_DECAY=0.99 LOH_SURVIVAL_BINS=64 LOH_SURVIVAL_QUANTILE=0.99 LOH_SURVIVAL_MINCOUNT=1000 LOH_PENALTY_NET_GOOD_SCALE=1.0 LOH_PENALTY_NET_PENALTY_SCALE=1.0
85,1,0.368321,0.000000,0.224361,0.000000,0.010000,0.000000,LOH_PARALLEL_SAFE=1 LOH_SKIP_PIP_INSTALL=1 LOH_SKIP_BUILD=1 LOH_DEBUG_LEVEL=1 CACHESIM_VERBOSE=0 CACHESIM_NUM_REQ=3000000 LOH_RL_ALGO=SAC LOH_ACTION_SCALE=1.0 LOH_SCORE_USE_COMPOUND=1 LOH_SCORE_USE_IRT=1 LOH_USE_SOFTMAX=1 LOH_USE_HEURISTIC_SIGNS=0 LOH_INCLUDE_HIT_MISS_FEATURES=0 LOH_INCLUDE_CACHE_FEATURES=0 LOH_INCLUDE_CANDIDATE_FEATURES=0 LOH_INCLUDE_TOPK_CANDIDATE_FEATURES=0 LOH_INCLUDE_AVGTOPK_CANDIDATE_FEATURES=0 LOH_INCLUDE_REQUEST=0 LOH_ENABLE_PENALTY=1 LOH_REWARD_USE_PENALTY=1 LOH_PENALTY_SCALE=binary LOH_PENALTY_REWARD_FORMULA=net LOH_REWARD_W_PENALTY=2.0 LOH_PENALTY_CUTOFF=0 LOH_PENALTY_DMAX=400000 LOH_PENALTY_EMPTY_AS_GOOD=1 LOH_PENALTY_REFINE_ON_LATE=1 LOH_PENALTY_NO_EVICT_REWARD=keep LOH_PENALTY_BASELINE_DECAY=0.99 LOH_SURVIVAL_BINS=64 LOH_SURVIVAL_QUANTILE=0.99 LOH_SURVIVAL_MINCOUNT=1000 LOH_PENALTY_NET_GOOD_SCALE=1.0 LOH_PENALTY_NET_PENALTY_SCALE=1.0
86,1,0.368246,0.000000,0.225244,0.000000,0.010000,0.000000,LOH_PARALLEL_SAFE=1 LOH_SKIP_PIP_INSTALL=1 LOH_SKIP_BUILD=1 LOH_DEBUG_LEVEL=1 CACHESIM_VERBOSE=0 CACHESIM_NUM_REQ=3000000 LOH_RL_ALGO=SAC LOH_ACTION_SCALE=1.0 LOH_SCORE_USE_COMPOUND=1 LOH_SCORE_USE_IRT=1 LOH_USE_SOFTMAX=1 LOH_USE_HEURISTIC_SIGNS=0 LOH_INCLUDE_HIT_MISS_FEATURES=0 LOH_INCLUDE_CACHE_FEATURES=0 LOH_INCLUDE_CANDIDATE_FEATURES=0 LOH_INCLUDE_TOPK_CANDIDATE_FEATURES=0 LOH_INCLUDE_AVGTOPK_CANDIDATE_FEATURES=0 LOH_INCLUDE_REQUEST=0 LOH_ENABLE_PENALTY=1 LOH_REWARD_USE_PENALTY=1 LOH_PENALTY_SCALE=binary LOH_PENALTY_REWARD_FORMULA=net LOH_REWARD_W_PENALTY=3.0 LOH_PENALTY_CUTOFF=0 LOH_PENALTY_DMAX=400000 LOH_PENALTY_EMPTY_AS_GOOD=1 LOH_PENALTY_REFINE_ON_LATE=1 LOH_PENALTY_NO_EVICT_REWARD=keep LOH_PENALTY_BASELINE_DECAY=0.99 LOH_SURVIVAL_BINS=64 LOH_SURVIVAL_QUANTILE=0.99 LOH_SURVIVAL_MINCOUNT=1000 LOH_PENALTY_NET_GOOD_SCALE=1.0 LOH_PENALTY_NET_PENALTY_SCALE=1.0
87,1,0.368127,0.000000,0.225389,0.000000,0.010000,0.000000,LOH_PARALLEL_SAFE=1 LOH_SKIP_PIP_INSTALL=1 LOH_SKIP_BUILD=1 LOH_DEBUG_LEVEL=1 CACHESIM_VERBOSE=0 CACHESIM_NUM_REQ=3000000 LOH_RL_ALGO=SAC LOH_ACTION_SCALE=1.0 LOH_SCORE_USE_COMPOUND=1 LOH_SCORE_USE_IRT=1 LOH_USE_SOFTMAX=1 LOH_USE_HEURISTIC_SIGNS=0 LOH_INCLUDE_HIT_MISS_FEATURES=0 LOH_INCLUDE_CACHE_FEATURES=0 LOH_INCLUDE_CANDIDATE_FEATURES=0 LOH_INCLUDE_TOPK_CANDIDATE_FEATURES=0 LOH_INCLUDE_AVGTOPK_CANDIDATE_FEATURES=0 LOH_INCLUDE_REQUEST=0 LOH_ENABLE_PENALTY=1 LOH_REWARD_USE_PENALTY=1 LOH_PENALTY_SCALE=binary LOH_PENALTY_REWARD_FORMULA=net2 LOH_REWARD_W_PENALTY=1.0 LOH_PENALTY_CUTOFF=0 LOH_PENALTY_DMAX=400000 LOH_PENALTY_EMPTY_AS_GOOD=1 LOH_PENALTY_REFINE_ON_LATE=1 LOH_PENALTY_NO_EVICT_REWARD=keep LOH_PENALTY_BASELINE_DECAY=0.99 LOH_SURVIVAL_BINS=64 LOH_SURVIVAL_QUANTILE=0.99 LOH_SURVIVAL_MINCOUNT=1000 LOH_PENALTY_NET_GOOD_SCALE=1.0 LOH_PENALTY_NET_PENALTY_SCALE=1.0
88,1,0.368218,0.000000,0.225068,0.000000,0.010000,0.000000,LOH_PARALLEL_SAFE=1 LOH_SKIP_PIP_INSTALL=1 LOH_SKIP_BUILD=1 LOH_DEBUG_LEVEL=1 CACHESIM_VERBOSE=0 CACHESIM_NUM_REQ=3000000 LOH_RL_ALGO=SAC LOH_ACTION_SCALE=1.0 LOH_SCORE_USE_COMPOUND=1 LOH_SCORE_USE_IRT=1 LOH_USE_SOFTMAX=1 LOH_USE_HEURISTIC_SIGNS=0 LOH_INCLUDE_HIT_MISS_FEATURES=0 LOH_INCLUDE_CACHE_FEATURES=0 LOH_INCLUDE_CANDIDATE_FEATURES=0 LOH_INCLUDE_TOPK_CANDIDATE_FEATURES=0 LOH_INCLUDE_AVGTOPK_CANDIDATE_FEATURES=0 LOH_INCLUDE_REQUEST=0 LOH_ENABLE_PENALTY=1 LOH_REWARD_USE_PENALTY=1 LOH_PENALTY_SCALE=binary LOH_PENALTY_REWARD_FORMULA=net2 LOH_REWARD_W_PENALTY=2.0 LOH_PENALTY_CUTOFF=0 LOH_PENALTY_DMAX=400000 LOH_PENALTY_EMPTY_AS_GOOD=1 LOH_PENALTY_REFINE_ON_LATE=1 LOH_PENALTY_NO_EVICT_REWARD=keep LOH_PENALTY_BASELINE_DECAY=0.99 LOH_SURVIVAL_BINS=64 LOH_SURVIVAL_QUANTILE=0.99 LOH_SURVIVAL_MINCOUNT=1000 LOH_PENALTY_NET_GOOD_SCALE=1.0 LOH_PENALTY_NET_PENALTY_SCALE=1.0
89,1,0.368213,0.000000,0.224767,0.000000,0.010000,0.000000,LOH_PARALLEL_SAFE=1 LOH_SKIP_PIP_INSTALL=1 LOH_SKIP_BUILD=1 LOH_DEBUG_LEVEL=1 CACHESIM_VERBOSE=0 CACHESIM_NUM_REQ=3000000 LOH_RL_ALGO=SAC LOH_ACTION_SCALE=1.0 LOH_SCORE_USE_COMPOUND=1 LOH_SCORE_USE_IRT=1 LOH_USE_SOFTMAX=1 LOH_USE_HEURISTIC_SIGNS=0 LOH_INCLUDE_HIT_MISS_FEATURES=0 LOH_INCLUDE_CACHE_FEATURES=0 LOH_INCLUDE_CANDIDATE_FEATURES=0 LOH_INCLUDE_TOPK_CANDIDATE_FEATURES=0 LOH_INCLUDE_AVGTOPK_CANDIDATE_FEATURES=0 LOH_INCLUDE_REQUEST=0 LOH_ENABLE_PENALTY=1 LOH_REWARD_USE_PENALTY=1 LOH_PENALTY_SCALE=binary LOH_PENALTY_REWARD_FORMULA=net2 LOH_REWARD_W_PENALTY=3.0 LOH_PENALTY_CUTOFF=0 LOH_PENALTY_DMAX=400000 LOH_PENALTY_EMPTY_AS_GOOD=1 LOH_PENALTY_REFINE_ON_LATE=1 LOH_PENALTY_NO_EVICT_REWARD=keep LOH_PENALTY_BASELINE_DECAY=0.99 LOH_SURVIVAL_BINS=64 LOH_SURVIVAL_QUANTILE=0.99 LOH_SURVIVAL_MINCOUNT=1000 LOH_PENALTY_NET_GOOD_SCALE=1.0 LOH_PENALTY_NET_PENALTY_SCALE=1.0
90,1,0.368239,0.000000,0.225168,0.000000,0.010000,0.000000,LOH_PARALLEL_SAFE=1 LOH_SKIP_PIP_INSTALL=1 LOH_SKIP_BUILD=1 LOH_DEBUG_LEVEL=1 CACHESIM_VERBOSE=0 CACHESIM_NUM_REQ=3000000 LOH_RL_ALGO=SAC LOH_ACTION_SCALE=1.0 LOH_SCORE_USE_COMPOUND=1 LOH_SCORE_USE_IRT=1 LOH_USE_SOFTMAX=1 LOH_USE_HEURISTIC_SIGNS=0 LOH_INCLUDE_HIT_MISS_FEATURES=0 LOH_INCLUDE_CACHE_FEATURES=0 LOH_INCLUDE_CANDIDATE_FEATURES=0 LOH_INCLUDE_TOPK_CANDIDATE_FEATURES=0 LOH_INCLUDE_AVGTOPK_CANDIDATE_FEATURES=0 LOH_INCLUDE_REQUEST=0 LOH_ENABLE_PENALTY=1 LOH_REWARD_USE_PENALTY=1 LOH_PENALTY_SCALE=log LOH_PENALTY_REWARD_FORMULA=centered LOH_REWARD_W_PENALTY=1.0 LOH_PENALTY_CUTOFF=0 LOH_PENALTY_DMAX=400000 LOH_PENALTY_EMPTY_AS_GOOD=1 LOH_PENALTY_REFINE_ON_LATE=1 LOH_PENALTY_NO_EVICT_REWARD=keep LOH_PENALTY_BASELINE_DECAY=0.99 LOH_SURVIVAL_BINS=64 LOH_SURVIVAL_QUANTILE=0.99 LOH_SURVIVAL_MINCOUNT=1000 LOH_PENALTY_NET_GOOD_SCALE=1.0 LOH_PENALTY_NET_PENALTY_SCALE=1.0 LOH_PENALTY_CUTOFF=0
91,1,0.368262,0.000000,0.226029,0.000000,0.010000,0.000000,LOH_PARALLEL_SAFE=1 LOH_SKIP_PIP_INSTALL=1 LOH_SKIP_BUILD=1 LOH_DEBUG_LEVEL=1 CACHESIM_VERBOSE=0 CACHESIM_NUM_REQ=3000000 LOH_RL_ALGO=SAC LOH_ACTION_SCALE=1.0 LOH_SCORE_USE_COMPOUND=1 LOH_SCORE_USE_IRT=1 LOH_USE_SOFTMAX=1 LOH_USE_HEURISTIC_SIGNS=0 LOH_INCLUDE_HIT_MISS_FEATURES=0 LOH_INCLUDE_CACHE_FEATURES=0 LOH_INCLUDE_CANDIDATE_FEATURES=0 LOH_INCLUDE_TOPK_CANDIDATE_FEATURES=0 LOH_INCLUDE_AVGTOPK_CANDIDATE_FEATURES=0 LOH_INCLUDE_REQUEST=0 LOH_ENABLE_PENALTY=1 LOH_REWARD_USE_PENALTY=1 LOH_PENALTY_SCALE=log LOH_PENALTY_REWARD_FORMULA=centered LOH_REWARD_W_PENALTY=1.0 LOH_PENALTY_CUTOFF=0 LOH_PENALTY_DMAX=400000 LOH_PENALTY_EMPTY_AS_GOOD=1 LOH_PENALTY_REFINE_ON_LATE=1 LOH_PENALTY_NO_EVICT_REWARD=keep LOH_PENALTY_BASELINE_DECAY=0.99 LOH_SURVIVAL_BINS=64 LOH_SURVIVAL_QUANTILE=0.99 LOH_SURVIVAL_MINCOUNT=1000 LOH_PENALTY_NET_GOOD_SCALE=1.0 LOH_PENALTY_NET_PENALTY_SCALE=1.0 LOH_PENALTY_CUTOFF=500
92,1,0.368223,0.000000,0.225829,0.000000,0.010000,0.000000,LOH_PARALLEL_SAFE=1 LOH_SKIP_PIP_INSTALL=1 LOH_SKIP_BUILD=1 LOH_DEBUG_LEVEL=1 CACHESIM_VERBOSE=0 CACHESIM_NUM_REQ=3000000 LOH_RL_ALGO=SAC LOH_ACTION_SCALE=1.0 LOH_SCORE_USE_COMPOUND=1 LOH_SCORE_USE_IRT=1 LOH_USE_SOFTMAX=1 LOH_USE_HEURISTIC_SIGNS=0 LOH_INCLUDE_HIT_MISS_FEATURES=0 LOH_INCLUDE_CACHE_FEATURES=0 LOH_INCLUDE_CANDIDATE_FEATURES=0 LOH_INCLUDE_TOPK_CANDIDATE_FEATURES=0 LOH_INCLUDE_AVGTOPK_CANDIDATE_FEATURES=0 LOH_INCLUDE_REQUEST=0 LOH_ENABLE_PENALTY=1 LOH_REWARD_USE_PENALTY=1 LOH_PENALTY_SCALE=log LOH_PENALTY_REWARD_FORMULA=centered LOH_REWARD_W_PENALTY=1.0 LOH_PENALTY_CUTOFF=0 LOH_PENALTY_DMAX=400000 LOH_PENALTY_EMPTY_AS_GOOD=1 LOH_PENALTY_REFINE_ON_LATE=1 LOH_PENALTY_NO_EVICT_REWARD=keep LOH_PENALTY_BASELINE_DECAY=0.99 LOH_SURVIVAL_BINS=64 LOH_SURVIVAL_QUANTILE=0.99 LOH_SURVIVAL_MINCOUNT=1000 LOH_PENALTY_NET_GOOD_SCALE=1.0 LOH_PENALTY_NET_PENALTY_SCALE=1.0 LOH_PENALTY_CUTOFF=2000
93,1,0.368242,0.000000,0.225411,0.000000,0.010000,0.000000,LOH_PARALLEL_SAFE=1 LOH_SKIP_PIP_INSTALL=1 LOH_SKIP_BUILD=1 LOH_DEBUG_LEVEL=1 CACHESIM_VERBOSE=0 CACHESIM_NUM_REQ=3000000 LOH_RL_ALGO=SAC LOH_ACTION_SCALE=1.0 LOH_SCORE_USE_COMPOUND=1 LOH_SCORE_USE_IRT=1 LOH_USE_SOFTMAX=1 LOH_USE_HEURISTIC_SIGNS=0 LOH_INCLUDE_HIT_MISS_FEATURES=0 LOH_INCLUDE_CACHE_FEATURES=0 LOH_INCLUDE_CANDIDATE_FEATURES=0 LOH_INCLUDE_TOPK_CANDIDATE_FEATURES=0 LOH_INCLUDE_AVGTOPK_CANDIDATE_FEATURES=0 LOH_INCLUDE_REQUEST=0 LOH_ENABLE_PENALTY=1 LOH_REWARD_USE_PENALTY=1 LOH_PENALTY_SCALE=log LOH_PENALTY_REWARD_FORMULA=centered LOH_REWARD_W_PENALTY=1.0 LOH_PENALTY_CUTOFF=0 LOH_PENALTY_DMAX=400000 LOH_PENALTY_EMPTY_AS_GOOD=1 LOH_PENALTY_REFINE_ON_LATE=1 LOH_PENALTY_NO_EVICT_REWARD=keep LOH_PENALTY_BASELINE_DECAY=0.99 LOH_SURVIVAL_BINS=64 LOH_SURVIVAL_QUANTILE=0.99 LOH_SURVIVAL_MINCOUNT=1000 LOH_PENALTY_NET_GOOD_SCALE=1.0 LOH_PENALTY_NET_PENALTY_SCALE=1.0 LOH_PENALTY_CUTOFF=10000
94,1,0.368230,0.000000,0.225245,0.000000,0.010000,0.000000,LOH_PARALLEL_SAFE=1 LOH_SKIP_PIP_INSTALL=1 LOH_SKIP_BUILD=1 LOH_DEBUG_LEVEL=1 CACHESIM_VERBOSE=0 CACHESIM_NUM_REQ=3000000 LOH_RL_ALGO=SAC LOH_ACTION_SCALE=1.0 LOH_SCORE_USE_COMPOUND=1 LOH_SCORE_USE_IRT=1 LOH_USE_SOFTMAX=1 LOH_USE_HEURISTIC_SIGNS=0 LOH_INCLUDE_HIT_MISS_FEATURES=0 LOH_INCLUDE_CACHE_FEATURES=0 LOH_INCLUDE_CANDIDATE_FEATURES=0 LOH_INCLUDE_TOPK_CANDIDATE_FEATURES=0 LOH_INCLUDE_AVGTOPK_CANDIDATE_FEATURES=0 LOH_INCLUDE_REQUEST=0 LOH_ENABLE_PENALTY=1 LOH_REWARD_USE_PENALTY=1 LOH_PENALTY_SCALE=log LOH_PENALTY_REWARD_FORMULA=centered LOH_REWARD_W_PENALTY=1.0 LOH_PENALTY_CUTOFF=0 LOH_PENALTY_DMAX=400000 LOH_PENALTY_EMPTY_AS_GOOD=1 LOH_PENALTY_REFINE_ON_LATE=1 LOH_PENALTY_NO_EVICT_REWARD=keep LOH_PENALTY_BASELINE_DECAY=0.99 LOH_SURVIVAL_BINS=64 LOH_SURVIVAL_QUANTILE=0.99 LOH_SURVIVAL_MINCOUNT=1000 LOH_PENALTY_NET_GOOD_SCALE=1.0 LOH_PENALTY_NET_PENALTY_SCALE=1.0 LOH_PENALTY_DMAX=50000
95,1,0.368207,0.000000,0.225049,0.000000,0.010000,0.000000,LOH_PARALLEL_SAFE=1 LOH_SKIP_PIP_INSTALL=1 LOH_SKIP_BUILD=1 LOH_DEBUG_LEVEL=1 CACHESIM_VERBOSE=0 CACHESIM_NUM_REQ=3000000 LOH_RL_ALGO=SAC LOH_ACTION_SCALE=1.0 LOH_SCORE_USE_COMPOUND=1 LOH_SCORE_USE_IRT=1 LOH_USE_SOFTMAX=1 LOH_USE_HEURISTIC_SIGNS=0 LOH_INCLUDE_HIT_MISS_FEATURES=0 LOH_INCLUDE_CACHE_FEATURES=0 LOH_INCLUDE_CANDIDATE_FEATURES=0 LOH_INCLUDE_TOPK_CANDIDATE_FEATURES=0 LOH_INCLUDE_AVGTOPK_CANDIDATE_FEATURES=0 LOH_INCLUDE_REQUEST=0 LOH_ENABLE_PENALTY=1 LOH_REWARD_USE_PENALTY=1 LOH_PENALTY_SCALE=log LOH_PENALTY_REWARD_FORMULA=centered LOH_REWARD_W_PENALTY=1.0 LOH_PENALTY_CUTOFF=0 LOH_PENALTY_DMAX=400000 LOH_PENALTY_EMPTY_AS_GOOD=1 LOH_PENALTY_REFINE_ON_LATE=1 LOH_PENALTY_NO_EVICT_REWARD=keep LOH_PENALTY_BASELINE_DECAY=0.99 LOH_SURVIVAL_BINS=64 LOH_SURVIVAL_QUANTILE=0.99 LOH_SURVIVAL_MINCOUNT=1000 LOH_PENALTY_NET_GOOD_SCALE=1.0 LOH_PENALTY_NET_PENALTY_SCALE=1.0 LOH_PENALTY_DMAX=200000
96,1,0.368209,0.000000,0.224930,0.000000,0.010000,0.000000,LOH_PARALLEL_SAFE=1 LOH_SKIP_PIP_INSTALL=1 LOH_SKIP_BUILD=1 LOH_DEBUG_LEVEL=1 CACHESIM_VERBOSE=0 CACHESIM_NUM_REQ=3000000 LOH_RL_ALGO=SAC LOH_ACTION_SCALE=1.0 LOH_SCORE_USE_COMPOUND=1 LOH_SCORE_USE_IRT=1 LOH_USE_SOFTMAX=1 LOH_USE_HEURISTIC_SIGNS=0 LOH_INCLUDE_HIT_MISS_FEATURES=0 LOH_INCLUDE_CACHE_FEATURES=0 LOH_INCLUDE_CANDIDATE_FEATURES=0 LOH_INCLUDE_TOPK_CANDIDATE_FEATURES=0 LOH_INCLUDE_AVGTOPK_CANDIDATE_FEATURES=0 LOH_INCLUDE_REQUEST=0 LOH_ENABLE_PENALTY=1 LOH_REWARD_USE_PENALTY=1 LOH_PENALTY_SCALE=log LOH_PENALTY_REWARD_FORMULA=centered LOH_REWARD_W_PENALTY=1.0 LOH_PENALTY_CUTOFF=0 LOH_PENALTY_DMAX=400000 LOH_PENALTY_EMPTY_AS_GOOD=1 LOH_PENALTY_REFINE_ON_LATE=1 LOH_PENALTY_NO_EVICT_REWARD=keep LOH_PENALTY_BASELINE_DECAY=0.99 LOH_SURVIVAL_BINS=64 LOH_SURVIVAL_QUANTILE=0.99 LOH_SURVIVAL_MINCOUNT=1000 LOH_PENALTY_NET_GOOD_SCALE=1.0 LOH_PENALTY_NET_PENALTY_SCALE=1.0 LOH_PENALTY_DMAX=400000
97,1,0.368291,0.000000,0.225430,0.000000,0.010000,0.000000,LOH_PARALLEL_SAFE=1 LOH_SKIP_PIP_INSTALL=1 LOH_SKIP_BUILD=1 LOH_DEBUG_LEVEL=1 CACHESIM_VERBOSE=0 CACHESIM_NUM_REQ=3000000 LOH_RL_ALGO=SAC LOH_ACTION_SCALE=1.0 LOH_SCORE_USE_COMPOUND=1 LOH_SCORE_USE_IRT=1 LOH_USE_SOFTMAX=1 LOH_USE_HEURISTIC_SIGNS=0 LOH_INCLUDE_HIT_MISS_FEATURES=0 LOH_INCLUDE_CACHE_FEATURES=0 LOH_INCLUDE_CANDIDATE_FEATURES=0 LOH_INCLUDE_TOPK_CANDIDATE_FEATURES=0 LOH_INCLUDE_AVGTOPK_CANDIDATE_FEATURES=0 LOH_INCLUDE_REQUEST=0 LOH_ENABLE_PENALTY=1 LOH_REWARD_USE_PENALTY=1 LOH_PENALTY_SCALE=log LOH_PENALTY_REWARD_FORMULA=centered LOH_REWARD_W_PENALTY=1.0 LOH_PENALTY_CUTOFF=0 LOH_PENALTY_DMAX=400000 LOH_PENALTY_EMPTY_AS_GOOD=1 LOH_PENALTY_REFINE_ON_LATE=1 LOH_PENALTY_NO_EVICT_REWARD=keep LOH_PENALTY_BASELINE_DECAY=0.99 LOH_SURVIVAL_BINS=64 LOH_SURVIVAL_QUANTILE=0.99 LOH_SURVIVAL_MINCOUNT=1000 LOH_PENALTY_NET_GOOD_SCALE=1.0 LOH_PENALTY_NET_PENALTY_SCALE=1.0 LOH_PENALTY_EMPTY_AS_GOOD=0
98,1,0.368285,0.000000,0.224629,0.000000,0.010000,0.000000,LOH_PARALLEL_SAFE=1 LOH_SKIP_PIP_INSTALL=1 LOH_SKIP_BUILD=1 LOH_DEBUG_LEVEL=1 CACHESIM_VERBOSE=0 CACHESIM_NUM_REQ=3000000 LOH_RL_ALGO=SAC LOH_ACTION_SCALE=1.0 LOH_SCORE_USE_COMPOUND=1 LOH_SCORE_USE_IRT=1 LOH_USE_SOFTMAX=1 LOH_USE_HEURISTIC_SIGNS=0 LOH_INCLUDE_HIT_MISS_FEATURES=0 LOH_INCLUDE_CACHE_FEATURES=0 LOH_INCLUDE_CANDIDATE_FEATURES=0 LOH_INCLUDE_TOPK_CANDIDATE_FEATURES=0 LOH_INCLUDE_AVGTOPK_CANDIDATE_FEATURES=0 LOH_INCLUDE_REQUEST=0 LOH_ENABLE_PENALTY=1 LOH_REWARD_USE_PENALTY=1 LOH_PENALTY_SCALE=log LOH_PENALTY_REWARD_FORMULA=centered LOH_REWARD_W_PENALTY=1.0 LOH_PENALTY_CUTOFF=0 LOH_PENALTY_DMAX=400000 LOH_PENALTY_EMPTY_AS_GOOD=1 LOH_PENALTY_REFINE_ON_LATE=1 LOH_PENALTY_NO_EVICT_REWARD=keep LOH_PENALTY_BASELINE_DECAY=0.99 LOH_SURVIVAL_BINS=64 LOH_SURVIVAL_QUANTILE=0.99 LOH_SURVIVAL_MINCOUNT=1000 LOH_PENALTY_NET_GOOD_SCALE=1.0 LOH_PENALTY_NET_PENALTY_SCALE=1.0 LOH_PENALTY_EMPTY_AS_GOOD=1
99,1,0.368183,0.000000,0.225449,0.000000,0.010000,0.000000,LOH_PARALLEL_SAFE=1 LOH_SKIP_PIP_INSTALL=1 LOH_SKIP_BUILD=1 LOH_DEBUG_LEVEL=1 CACHESIM_VERBOSE=0 CACHESIM_NUM_REQ=3000000 LOH_RL_ALGO=SAC LOH_ACTION_SCALE=1.0 LOH_SCORE_USE_COMPOUND=1 LOH_SCORE_USE_IRT=1 LOH_USE_SOFTMAX=1 LOH_USE_HEURISTIC_SIGNS=0 LOH_INCLUDE_HIT_MISS_FEATURES=0 LOH_INCLUDE_CACHE_FEATURES=0 LOH_INCLUDE_CANDIDATE_FEATURES=0 LOH_INCLUDE_TOPK_CANDIDATE_FEATURES=0 LOH_INCLUDE_AVGTOPK_CANDIDATE_FEATURES=0 LOH_INCLUDE_REQUEST=0 LOH_ENABLE_PENALTY=1 LOH_REWARD_USE_PENALTY=1 LOH_PENALTY_SCALE=log LOH_PENALTY_REWARD_FORMULA=centered LOH_REWARD_W_PENALTY=1.0 LOH_PENALTY_CUTOFF=0 LOH_PENALTY_DMAX=400000 LOH_PENALTY_EMPTY_AS_GOOD=1 LOH_PENALTY_REFINE_ON_LATE=1 LOH_PENALTY_NO_EVICT_REWARD=keep LOH_PENALTY_BASELINE_DECAY=0.99 LOH_SURVIVAL_BINS=64 LOH_SURVIVAL_QUANTILE=0.99 LOH_SURVIVAL_MINCOUNT=1000 LOH_PENALTY_NET_GOOD_SCALE=1.0 LOH_PENALTY_NET_PENALTY_SCALE=1.0 LOH_PENALTY_REFINE_ON_LATE=0
100,1,0.368238,0.000000,0.225023,0.000000,0.010000,0.000000,LOH_PARALLEL_SAFE=1 LOH_SKIP_PIP_INSTALL=1 LOH_SKIP_BUILD=1 LOH_DEBUG_LEVEL=1 CACHESIM_VERBOSE=0 CACHESIM_NUM_REQ=3000000 LOH_RL_ALGO=SAC LOH_ACTION_SCALE=1.0 LOH_SCORE_USE_COMPOUND=1 LOH_SCORE_USE_IRT=1 LOH_USE_SOFTMAX=1 LOH_USE_HEURISTIC_SIGNS=0 LOH_INCLUDE_HIT_MISS_FEATURES=0 LOH_INCLUDE_CACHE_FEATURES=0 LOH_INCLUDE_CANDIDATE_FEATURES=0 LOH_INCLUDE_TOPK_CANDIDATE_FEATURES=0 LOH_INCLUDE_AVGTOPK_CANDIDATE_FEATURES=0 LOH_INCLUDE_REQUEST=0 LOH_ENABLE_PENALTY=1 LOH_REWARD_USE_PENALTY=1 LOH_PENALTY_SCALE=log LOH_PENALTY_REWARD_FORMULA=centered LOH_REWARD_W_PENALTY=1.0 LOH_PENALTY_CUTOFF=0 LOH_PENALTY_DMAX=400000 LOH_PENALTY_EMPTY_AS_GOOD=1 LOH_PENALTY_REFINE_ON_LATE=1 LOH_PENALTY_NO_EVICT_REWARD=keep LOH_PENALTY_BASELINE_DECAY=0.99 LOH_SURVIVAL_BINS=64 LOH_SURVIVAL_QUANTILE=0.99 LOH_SURVIVAL_MINCOUNT=1000 LOH_PENALTY_NET_GOOD_SCALE=1.0 LOH_PENALTY_NET_PENALTY_SCALE=1.0 LOH_PENALTY_REFINE_ON_LATE=1
101,1,0.368282,0.000000,0.225797,0.000000,0.010000,0.000000,LOH_PARALLEL_SAFE=1 LOH_SKIP_PIP_INSTALL=1 LOH_SKIP_BUILD=1 LOH_DEBUG_LEVEL=1 CACHESIM_VERBOSE=0 CACHESIM_NUM_REQ=3000000 LOH_RL_ALGO=SAC LOH_ACTION_SCALE=1.0 LOH_SCORE_USE_COMPOUND=1 LOH_SCORE_USE_IRT=1 LOH_USE_SOFTMAX=1 LOH_USE_HEURISTIC_SIGNS=0 LOH_INCLUDE_HIT_MISS_FEATURES=0 LOH_INCLUDE_CACHE_FEATURES=0 LOH_INCLUDE_CANDIDATE_FEATURES=0 LOH_INCLUDE_TOPK_CANDIDATE_FEATURES=0 LOH_INCLUDE_AVGTOPK_CANDIDATE_FEATURES=0 LOH_INCLUDE_REQUEST=0 LOH_ENABLE_PENALTY=1 LOH_REWARD_USE_PENALTY=1 LOH_PENALTY_SCALE=log LOH_PENALTY_REWARD_FORMULA=centered LOH_REWARD_W_PENALTY=1.0 LOH_PENALTY_CUTOFF=0 LOH_PENALTY_DMAX=400000 LOH_PENALTY_EMPTY_AS_GOOD=1 LOH_PENALTY_REFINE_ON_LATE=1 LOH_PENALTY_NO_EVICT_REWARD=keep LOH_PENALTY_BASELINE_DECAY=0.99 LOH_SURVIVAL_BINS=64 LOH_SURVIVAL_QUANTILE=0.99 LOH_SURVIVAL_MINCOUNT=1000 LOH_PENALTY_NET_GOOD_SCALE=1.0 LOH_PENALTY_NET_PENALTY_SCALE=1.0 LOH_PENALTY_NO_EVICT_REWARD=keep
102,1,0.368266,0.000000,0.224286,0.000000,0.010000,0.000000,LOH_PARALLEL_SAFE=1 LOH_SKIP_PIP_INSTALL=1 LOH_SKIP_BUILD=1 LOH_DEBUG_LEVEL=1 CACHESIM_VERBOSE=0 CACHESIM_NUM_REQ=3000000 LOH_RL_ALGO=SAC LOH_ACTION_SCALE=1.0 LOH_SCORE_USE_COMPOUND=1 LOH_SCORE_USE_IRT=1 LOH_USE_SOFTMAX=1 LOH_USE_HEURISTIC_SIGNS=0 LOH_INCLUDE_HIT_MISS_FEATURES=0 LOH_INCLUDE_CACHE_FEATURES=0 LOH_INCLUDE_CANDIDATE_FEATURES=0 LOH_INCLUDE_TOPK_CANDIDATE_FEATURES=0 LOH_INCLUDE_AVGTOPK_CANDIDATE_FEATURES=0 LOH_INCLUDE_REQUEST=0 LOH_ENABLE_PENALTY=1 LOH_REWARD_USE_PENALTY=1 LOH_PENALTY_SCALE=log LOH_PENALTY_REWARD_FORMULA=centered LOH_REWARD_W_PENALTY=1.0 LOH_PENALTY_CUTOFF=0 LOH_PENALTY_DMAX=400000 LOH_PENALTY_EMPTY_AS_GOOD=1 LOH_PENALTY_REFINE_ON_LATE=1 LOH_PENALTY_NO_EVICT_REWARD=keep LOH_PENALTY_BASELINE_DECAY=0.99 LOH_SURVIVAL_BINS=64 LOH_SURVIVAL_QUANTILE=0.99 LOH_SURVIVAL_MINCOUNT=1000 LOH_PENALTY_NET_GOOD_SCALE=1.0 LOH_PENALTY_NET_PENALTY_SCALE=1.0 LOH_PENALTY_NO_EVICT_REWARD=zero
103,1,0.368219,0.000000,0.224897,0.000000,0.010000,0.000000,LOH_PARALLEL_SAFE=1 LOH_SKIP_PIP_INSTALL=1 LOH_SKIP_BUILD=1 LOH_DEBUG_LEVEL=1 CACHESIM_VERBOSE=0 CACHESIM_NUM_REQ=3000000 LOH_RL_ALGO=SAC LOH_ACTION_SCALE=1.0 LOH_SCORE_USE_COMPOUND=1 LOH_SCORE_USE_IRT=1 LOH_USE_SOFTMAX=1 LOH_USE_HEURISTIC_SIGNS=0 LOH_INCLUDE_HIT_MISS_FEATURES=0 LOH_INCLUDE_CACHE_FEATURES=0 LOH_INCLUDE_CANDIDATE_FEATURES=0 LOH_INCLUDE_TOPK_CANDIDATE_FEATURES=0 LOH_INCLUDE_AVGTOPK_CANDIDATE_FEATURES=0 LOH_INCLUDE_REQUEST=0 LOH_ENABLE_PENALTY=1 LOH_REWARD_USE_PENALTY=1 LOH_PENALTY_SCALE=log LOH_PENALTY_REWARD_FORMULA=centered LOH_REWARD_W_PENALTY=1.0 LOH_PENALTY_CUTOFF=0 LOH_PENALTY_DMAX=400000 LOH_PENALTY_EMPTY_AS_GOOD=1 LOH_PENALTY_REFINE_ON_LATE=1 LOH_PENALTY_NO_EVICT_REWARD=keep LOH_PENALTY_BASELINE_DECAY=0.99 LOH_SURVIVAL_BINS=64 LOH_SURVIVAL_QUANTILE=0.99 LOH_SURVIVAL_MINCOUNT=1000 LOH_PENALTY_NET_GOOD_SCALE=1.0 LOH_PENALTY_NET_PENALTY_SCALE=1.0 LOH_PENALTY_BASELINE_DECAY=0.95
104,1,0.368199,0.000000,0.225167,0.000000,0.010000,0.000000,LOH_PARALLEL_SAFE=1 LOH_SKIP_PIP_INSTALL=1 LOH_SKIP_BUILD=1 LOH_DEBUG_LEVEL=1 CACHESIM_VERBOSE=0 CACHESIM_NUM_REQ=3000000 LOH_RL_ALGO=SAC LOH_ACTION_SCALE=1.0 LOH_SCORE_USE_COMPOUND=1 LOH_SCORE_USE_IRT=1 LOH_USE_SOFTMAX=1 LOH_USE_HEURISTIC_SIGNS=0 LOH_INCLUDE_HIT_MISS_FEATURES=0 LOH_INCLUDE_CACHE_FEATURES=0 LOH_INCLUDE_CANDIDATE_FEATURES=0 LOH_INCLUDE_TOPK_CANDIDATE_FEATURES=0 LOH_INCLUDE_AVGTOPK_CANDIDATE_FEATURES=0 LOH_INCLUDE_REQUEST=0 LOH_ENABLE_PENALTY=1 LOH_REWARD_USE_PENALTY=1 LOH_PENALTY_SCALE=log LOH_PENALTY_REWARD_FORMULA=centered LOH_REWARD_W_PENALTY=1.0 LOH_PENALTY_CUTOFF=0 LOH_PENALTY_DMAX=400000 LOH_PENALTY_EMPTY_AS_GOOD=1 LOH_PENALTY_REFINE_ON_LATE=1 LOH_PENALTY_NO_EVICT_REWARD=keep LOH_PENALTY_BASELINE_DECAY=0.99 LOH_SURVIVAL_BINS=64 LOH_SURVIVAL_QUANTILE=0.99 LOH_SURVIVAL_MINCOUNT=1000 LOH_PENALTY_NET_GOOD_SCALE=1.0 LOH_PENALTY_NET_PENALTY_SCALE=1.0 LOH_PENALTY_BASELINE_DECAY=0.99
105,1,0.368261,0.000000,0.225207,0.000000,0.010000,0.000000,LOH_PARALLEL_SAFE=1 LOH_SKIP_PIP_INSTALL=1 LOH_SKIP_BUILD=1 LOH_DEBUG_LEVEL=1 CACHESIM_VERBOSE=0 CACHESIM_NUM_REQ=3000000 LOH_RL_ALGO=SAC LOH_ACTION_SCALE=1.0 LOH_SCORE_USE_COMPOUND=1 LOH_SCORE_USE_IRT=1 LOH_USE_SOFTMAX=1 LOH_USE_HEURISTIC_SIGNS=0 LOH_INCLUDE_HIT_MISS_FEATURES=0 LOH_INCLUDE_CACHE_FEATURES=0 LOH_INCLUDE_CANDIDATE_FEATURES=0 LOH_INCLUDE_TOPK_CANDIDATE_FEATURES=0 LOH_INCLUDE_AVGTOPK_CANDIDATE_FEATURES=0 LOH_INCLUDE_REQUEST=0 LOH_ENABLE_PENALTY=1 LOH_REWARD_USE_PENALTY=1 LOH_PENALTY_SCALE=log LOH_PENALTY_REWARD_FORMULA=centered LOH_REWARD_W_PENALTY=1.0 LOH_PENALTY_CUTOFF=0 LOH_PENALTY_DMAX=400000 LOH_PENALTY_EMPTY_AS_GOOD=1 LOH_PENALTY_REFINE_ON_LATE=1 LOH_PENALTY_NO_EVICT_REWARD=keep LOH_PENALTY_BASELINE_DECAY=0.99 LOH_SURVIVAL_BINS=64 LOH_SURVIVAL_QUANTILE=0.99 LOH_SURVIVAL_MINCOUNT=1000 LOH_PENALTY_NET_GOOD_SCALE=1.0 LOH_PENALTY_NET_PENALTY_SCALE=1.0 LOH_PENALTY_BASELINE_DECAY=0.995
106,1,0.368181,0.000000,0.225312,0.000000,0.010000,0.000000,LOH_PARALLEL_SAFE=1 LOH_SKIP_PIP_INSTALL=1 LOH_SKIP_BUILD=1 LOH_DEBUG_LEVEL=1 CACHESIM_VERBOSE=0 CACHESIM_NUM_REQ=3000000 LOH_RL_ALGO=SAC LOH_ACTION_SCALE=1.0 LOH_SCORE_USE_COMPOUND=1 LOH_SCORE_USE_IRT=1 LOH_USE_SOFTMAX=1 LOH_USE_HEURISTIC_SIGNS=0 LOH_INCLUDE_HIT_MISS_FEATURES=0 LOH_INCLUDE_CACHE_FEATURES=0 LOH_INCLUDE_CANDIDATE_FEATURES=0 LOH_INCLUDE_TOPK_CANDIDATE_FEATURES=0 LOH_INCLUDE_AVGTOPK_CANDIDATE_FEATURES=0 LOH_INCLUDE_REQUEST=0 LOH_ENABLE_PENALTY=1 LOH_REWARD_USE_PENALTY=1 LOH_PENALTY_SCALE=log LOH_PENALTY_REWARD_FORMULA=centered LOH_REWARD_W_PENALTY=1.0 LOH_PENALTY_CUTOFF=0 LOH_PENALTY_DMAX=400000 LOH_PENALTY_EMPTY_AS_GOOD=1 LOH_PENALTY_REFINE_ON_LATE=1 LOH_PENALTY_NO_EVICT_REWARD=keep LOH_PENALTY_BASELINE_DECAY=0.99 LOH_SURVIVAL_BINS=64 LOH_SURVIVAL_QUANTILE=0.99 LOH_SURVIVAL_MINCOUNT=1000 LOH_PENALTY_NET_GOOD_SCALE=1.0 LOH_PENALTY_NET_PENALTY_SCALE=1.0 LOH_PENALTY_SCALE=survival LOH_SURVIVAL_QUANTILE=0.95
107,1,0.368213,0.000000,0.224736,0.000000,0.010000,0.000000,LOH_PARALLEL_SAFE=1 LOH_SKIP_PIP_INSTALL=1 LOH_SKIP_BUILD=1 LOH_DEBUG_LEVEL=1 CACHESIM_VERBOSE=0 CACHESIM_NUM_REQ=3000000 LOH_RL_ALGO=SAC LOH_ACTION_SCALE=1.0 LOH_SCORE_USE_COMPOUND=1 LOH_SCORE_USE_IRT=1 LOH_USE_SOFTMAX=1 LOH_USE_HEURISTIC_SIGNS=0 LOH_INCLUDE_HIT_MISS_FEATURES=0 LOH_INCLUDE_CACHE_FEATURES=0 LOH_INCLUDE_CANDIDATE_FEATURES=0 LOH_INCLUDE_TOPK_CANDIDATE_FEATURES=0 LOH_INCLUDE_AVGTOPK_CANDIDATE_FEATURES=0 LOH_INCLUDE_REQUEST=0 LOH_ENABLE_PENALTY=1 LOH_REWARD_USE_PENALTY=1 LOH_PENALTY_SCALE=log LOH_PENALTY_REWARD_FORMULA=centered LOH_REWARD_W_PENALTY=1.0 LOH_PENALTY_CUTOFF=0 LOH_PENALTY_DMAX=400000 LOH_PENALTY_EMPTY_AS_GOOD=1 LOH_PENALTY_REFINE_ON_LATE=1 LOH_PENALTY_NO_EVICT_REWARD=keep LOH_PENALTY_BASELINE_DECAY=0.99 LOH_SURVIVAL_BINS=64 LOH_SURVIVAL_QUANTILE=0.99 LOH_SURVIVAL_MINCOUNT=1000 LOH_PENALTY_NET_GOOD_SCALE=1.0 LOH_PENALTY_NET_PENALTY_SCALE=1.0 LOH_PENALTY_SCALE=survival LOH_SURVIVAL_QUANTILE=0.99
108,1,0.368298,0.000000,0.224770,0.000000,0.010000,0.000000,LOH_PARALLEL_SAFE=1 LOH_SKIP_PIP_INSTALL=1 LOH_SKIP_BUILD=1 LOH_DEBUG_LEVEL=1 CACHESIM_VERBOSE=0 CACHESIM_NUM_REQ=3000000 LOH_RL_ALGO=SAC LOH_ACTION_SCALE=1.0 LOH_SCORE_USE_COMPOUND=1 LOH_SCORE_USE_IRT=1 LOH_USE_SOFTMAX=1 LOH_USE_HEURISTIC_SIGNS=0 LOH_INCLUDE_HIT_MISS_FEATURES=0 LOH_INCLUDE_CACHE_FEATURES=0 LOH_INCLUDE_CANDIDATE_FEATURES=0 LOH_INCLUDE_TOPK_CANDIDATE_FEATURES=0 LOH_INCLUDE_AVGTOPK_CANDIDATE_FEATURES=0 LOH_INCLUDE_REQUEST=0 LOH_ENABLE_PENALTY=1 LOH_REWARD_USE_PENALTY=1 LOH_PENALTY_SCALE=log LOH_PENALTY_REWARD_FORMULA=centered LOH_REWARD_W_PENALTY=1.0 LOH_PENALTY_CUTOFF=0 LOH_PENALTY_DMAX=400000 LOH_PENALTY_EMPTY_AS_GOOD=1 LOH_PENALTY_REFINE_ON_LATE=1 LOH_PENALTY_NO_EVICT_REWARD=keep LOH_PENALTY_BASELINE_DECAY=0.99 LOH_SURVIVAL_BINS=64 LOH_SURVIVAL_QUANTILE=0.99 LOH_SURVIVAL_MINCOUNT=1000 LOH_PENALTY_NET_GOOD_SCALE=1.0 LOH_PENALTY_NET_PENALTY_SCALE=1.0 LOH_PENALTY_SCALE=survival LOH_SURVIVAL_BINS=32
109,1,0.368222,0.000000,0.225513,0.000000,0.010000,0.000000,LOH_PARALLEL_SAFE=1 LOH_SKIP_PIP_INSTALL=1 LOH_SKIP_BUILD=1 LOH_DEBUG_LEVEL=1 CACHESIM_VERBOSE=0 CACHESIM_NUM_REQ=3000000 LOH_RL_ALGO=SAC LOH_ACTION_SCALE=1.0 LOH_SCORE_USE_COMPOUND=1 LOH_SCORE_USE_IRT=1 LOH_USE_SOFTMAX=1 LOH_USE_HEURISTIC_SIGNS=0 LOH_INCLUDE_HIT_MISS_FEATURES=0 LOH_INCLUDE_CACHE_FEATURES=0 LOH_INCLUDE_CANDIDATE_FEATURES=0 LOH_INCLUDE_TOPK_CANDIDATE_FEATURES=0 LOH_INCLUDE_AVGTOPK_CANDIDATE_FEATURES=0 LOH_INCLUDE_REQUEST=0 LOH_ENABLE_PENALTY=1 LOH_REWARD_USE_PENALTY=1 LOH_PENALTY_SCALE=log LOH_PENALTY_REWARD_FORMULA=centered LOH_REWARD_W_PENALTY=1.0 LOH_PENALTY_CUTOFF=0 LOH_PENALTY_DMAX=400000 LOH_PENALTY_EMPTY_AS_GOOD=1 LOH_PENALTY_REFINE_ON_LATE=1 LOH_PENALTY_NO_EVICT_REWARD=keep LOH_PENALTY_BASELINE_DECAY=0.99 LOH_SURVIVAL_BINS=64 LOH_SURVIVAL_QUANTILE=0.99 LOH_SURVIVAL_MINCOUNT=1000 LOH_PENALTY_NET_GOOD_SCALE=1.0 LOH_PENALTY_NET_PENALTY_SCALE=1.0 LOH_PENALTY_SCALE=survival LOH_SURVIVAL_BINS=64
110,1,0.368247,0.000000,0.224710,0.000000,0.010000,0.000000,LOH_PARALLEL_SAFE=1 LOH_SKIP_PIP_INSTALL=1 LOH_SKIP_BUILD=1 LOH_DEBUG_LEVEL=1 CACHESIM_VERBOSE=0 CACHESIM_NUM_REQ=3000000 LOH_RL_ALGO=SAC LOH_ACTION_SCALE=1.0 LOH_SCORE_USE_COMPOUND=1 LOH_SCORE_USE_IRT=1 LOH_USE_SOFTMAX=1 LOH_USE_HEURISTIC_SIGNS=0 LOH_INCLUDE_HIT_MISS_FEATURES=0 LOH_INCLUDE_CACHE_FEATURES=0 LOH_INCLUDE_CANDIDATE_FEATURES=0 LOH_INCLUDE_TOPK_CANDIDATE_FEATURES=0 LOH_INCLUDE_AVGTOPK_CANDIDATE_FEATURES=0 LOH_INCLUDE_REQUEST=0 LOH_ENABLE_PENALTY=1 LOH_REWARD_USE_PENALTY=1 LOH_PENALTY_SCALE=log LOH_PENALTY_REWARD_FORMULA=centered LOH_REWARD_W_PENALTY=1.0 LOH_PENALTY_CUTOFF=0 LOH_PENALTY_DMAX=400000 LOH_PENALTY_EMPTY_AS_GOOD=1 LOH_PENALTY_REFINE_ON_LATE=1 LOH_PENALTY_NO_EVICT_REWARD=keep LOH_PENALTY_BASELINE_DECAY=0.99 LOH_SURVIVAL_BINS=64 LOH_SURVIVAL_QUANTILE=0.99 LOH_SURVIVAL_MINCOUNT=1000 LOH_PENALTY_NET_GOOD_SCALE=1.0 LOH_PENALTY_NET_PENALTY_SCALE=1.0 LOH_PENALTY_SCALE=survival LOH_SURVIVAL_MINCOUNT=500
111,1,0.368205,0.000000,0.225172,0.000000,0.010000,0.000000,LOH_PARALLEL_SAFE=1 LOH_SKIP_PIP_INSTALL=1 LOH_SKIP_BUILD=1 LOH_DEBUG_LEVEL=1 CACHESIM_VERBOSE=0 CACHESIM_NUM_REQ=3000000 LOH_RL_ALGO=SAC LOH_ACTION_SCALE=1.0 LOH_SCORE_USE_COMPOUND=1 LOH_SCORE_USE_IRT=1 LOH_USE_SOFTMAX=1 LOH_USE_HEURISTIC_SIGNS=0 LOH_INCLUDE_HIT_MISS_FEATURES=0 LOH_INCLUDE_CACHE_FEATURES=0 LOH_INCLUDE_CANDIDATE_FEATURES=0 LOH_INCLUDE_TOPK_CANDIDATE_FEATURES=0 LOH_INCLUDE_AVGTOPK_CANDIDATE_FEATURES=0 LOH_INCLUDE_REQUEST=0 LOH_ENABLE_PENALTY=1 LOH_REWARD_USE_PENALTY=1 LOH_PENALTY_SCALE=log LOH_PENALTY_REWARD_FORMULA=centered LOH_REWARD_W_PENALTY=1.0 LOH_PENALTY_CUTOFF=0 LOH_PENALTY_DMAX=400000 LOH_PENALTY_EMPTY_AS_GOOD=1 LOH_PENALTY_REFINE_ON_LATE=1 LOH_PENALTY_NO_EVICT_REWARD=keep LOH_PENALTY_BASELINE_DECAY=0.99 LOH_SURVIVAL_BINS=64 LOH_SURVIVAL_QUANTILE=0.99 LOH_SURVIVAL_MINCOUNT=1000 LOH_PENALTY_NET_GOOD_SCALE=1.0 LOH_PENALTY_NET_PENALTY_SCALE=1.0 LOH_PENALTY_SCALE=survival LOH_SURVIVAL_MINCOUNT=1000
112,1,0.368287,0.000000,0.224492,0.000000,0.010000,0.000000,LOH_PARALLEL_SAFE=1 LOH_SKIP_PIP_INSTALL=1 LOH_SKIP_BUILD=1 LOH_DEBUG_LEVEL=1 CACHESIM_VERBOSE=0 CACHESIM_NUM_REQ=3000000 LOH_RL_ALGO=SAC LOH_ACTION_SCALE=1.0 LOH_SCORE_USE_COMPOUND=1 LOH_SCORE_USE_IRT=1 LOH_USE_SOFTMAX=1 LOH_USE_HEURISTIC_SIGNS=0 LOH_INCLUDE_HIT_MISS_FEATURES=0 LOH_INCLUDE_CACHE_FEATURES=0 LOH_INCLUDE_CANDIDATE_FEATURES=0 LOH_INCLUDE_TOPK_CANDIDATE_FEATURES=0 LOH_INCLUDE_AVGTOPK_CANDIDATE_FEATURES=0 LOH_INCLUDE_REQUEST=0 LOH_ENABLE_PENALTY=1 LOH_REWARD_USE_PENALTY=1 LOH_PENALTY_SCALE=log LOH_PENALTY_REWARD_FORMULA=centered LOH_REWARD_W_PENALTY=1.0 LOH_PENALTY_CUTOFF=0 LOH_PENALTY_DMAX=400000 LOH_PENALTY_EMPTY_AS_GOOD=1 LOH_PENALTY_REFINE_ON_LATE=1 LOH_PENALTY_NO_EVICT_REWARD=keep LOH_PENALTY_BASELINE_DECAY=0.99 LOH_SURVIVAL_BINS=64 LOH_SURVIVAL_QUANTILE=0.99 LOH_SURVIVAL_MINCOUNT=1000 LOH_PENALTY_NET_GOOD_SCALE=1.0 LOH_PENALTY_NET_PENALTY_SCALE=1.0 LOH_PENALTY_REWARD_FORMULA=net LOH_PENALTY_NET_GOOD_SCALE=0.5
113,1,0.368320,0.000000,0.225571,0.000000,0.010000,0.000000,LOH_PARALLEL_SAFE=1 LOH_SKIP_PIP_INSTALL=1 LOH_SKIP_BUILD=1 LOH_DEBUG_LEVEL=1 CACHESIM_VERBOSE=0 CACHESIM_NUM_REQ=3000000 LOH_RL_ALGO=SAC LOH_ACTION_SCALE=1.0 LOH_SCORE_USE_COMPOUND=1 LOH_SCORE_USE_IRT=1 LOH_USE_SOFTMAX=1 LOH_USE_HEURISTIC_SIGNS=0 LOH_INCLUDE_HIT_MISS_FEATURES=0 LOH_INCLUDE_CACHE_FEATURES=0 LOH_INCLUDE_CANDIDATE_FEATURES=0 LOH_INCLUDE_TOPK_CANDIDATE_FEATURES=0 LOH_INCLUDE_AVGTOPK_CANDIDATE_FEATURES=0 LOH_INCLUDE_REQUEST=0 LOH_ENABLE_PENALTY=1 LOH_REWARD_USE_PENALTY=1 LOH_PENALTY_SCALE=log LOH_PENALTY_REWARD_FORMULA=centered LOH_REWARD_W_PENALTY=1.0 LOH_PENALTY_CUTOFF=0 LOH_PENALTY_DMAX=400000 LOH_PENALTY_EMPTY_AS_GOOD=1 LOH_PENALTY_REFINE_ON_LATE=1 LOH_PENALTY_NO_EVICT_REWARD=keep LOH_PENALTY_BASELINE_DECAY=0.99 LOH_SURVIVAL_BINS=64 LOH_SURVIVAL_QUANTILE=0.99 LOH_SURVIVAL_MINCOUNT=1000 LOH_PENALTY_NET_GOOD_SCALE=1.0 LOH_PENALTY_NET_PENALTY_SCALE=1.0 LOH_PENALTY_REWARD_FORMULA=net LOH_PENALTY_NET_GOOD_SCALE=1.0
114,1,0.368222,0.000000,0.224698,0.000000,0.010000,0.000000,LOH_PARALLEL_SAFE=1 LOH_SKIP_PIP_INSTALL=1 LOH_SKIP_BUILD=1 LOH_DEBUG_LEVEL=1 CACHESIM_VERBOSE=0 CACHESIM_NUM_REQ=3000000 LOH_RL_ALGO=SAC LOH_ACTION_SCALE=1.0 LOH_SCORE_USE_COMPOUND=1 LOH_SCORE_USE_IRT=1 LOH_USE_SOFTMAX=1 LOH_USE_HEURISTIC_SIGNS=0 LOH_INCLUDE_HIT_MISS_FEATURES=0 LOH_INCLUDE_CACHE_FEATURES=0 LOH_INCLUDE_CANDIDATE_FEATURES=0 LOH_INCLUDE_TOPK_CANDIDATE_FEATURES=0 LOH_INCLUDE_AVGTOPK_CANDIDATE_FEATURES=0 LOH_INCLUDE_REQUEST=0 LOH_ENABLE_PENALTY=1 LOH_REWARD_USE_PENALTY=1 LOH_PENALTY_SCALE=log LOH_PENALTY_REWARD_FORMULA=centered LOH_REWARD_W_PENALTY=1.0 LOH_PENALTY_CUTOFF=0 LOH_PENALTY_DMAX=400000 LOH_PENALTY_EMPTY_AS_GOOD=1 LOH_PENALTY_REFINE_ON_LATE=1 LOH_PENALTY_NO_EVICT_REWARD=keep LOH_PENALTY_BASELINE_DECAY=0.99 LOH_SURVIVAL_BINS=64 LOH_SURVIVAL_QUANTILE=0.99 LOH_SURVIVAL_MINCOUNT=1000 LOH_PENALTY_NET_GOOD_SCALE=1.0 LOH_PENALTY_NET_PENALTY_SCALE=1.0 LOH_PENALTY_REWARD_FORMULA=net LOH_PENALTY_NET_GOOD_SCALE=2.0
115,1,0.368285,0.000000,0.224867,0.000000,0.010000,0.000000,LOH_PARALLEL_SAFE=1 LOH_SKIP_PIP_INSTALL=1 LOH_SKIP_BUILD=1 LOH_DEBUG_LEVEL=1 CACHESIM_VERBOSE=0 CACHESIM_NUM_REQ=3000000 LOH_RL_ALGO=SAC LOH_ACTION_SCALE=1.0 LOH_SCORE_USE_COMPOUND=1 LOH_SCORE_USE_IRT=1 LOH_USE_SOFTMAX=1 LOH_USE_HEURISTIC_SIGNS=0 LOH_INCLUDE_HIT_MISS_FEATURES=0 LOH_INCLUDE_CACHE_FEATURES=0 LOH_INCLUDE_CANDIDATE_FEATURES=0 LOH_INCLUDE_TOPK_CANDIDATE_FEATURES=0 LOH_INCLUDE_AVGTOPK_CANDIDATE_FEATURES=0 LOH_INCLUDE_REQUEST=0 LOH_ENABLE_PENALTY=1 LOH_REWARD_USE_PENALTY=1 LOH_PENALTY_SCALE=log LOH_PENALTY_REWARD_FORMULA=centered LOH_REWARD_W_PENALTY=1.0 LOH_PENALTY_CUTOFF=0 LOH_PENALTY_DMAX=400000 LOH_PENALTY_EMPTY_AS_GOOD=1 LOH_PENALTY_REFINE_ON_LATE=1 LOH_PENALTY_NO_EVICT_REWARD=keep LOH_PENALTY_BASELINE_DECAY=0.99 LOH_SURVIVAL_BINS=64 LOH_SURVIVAL_QUANTILE=0.99 LOH_SURVIVAL_MINCOUNT=1000 LOH_PENALTY_NET_GOOD_SCALE=1.0 LOH_PENALTY_NET_PENALTY_SCALE=1.0 LOH_PENALTY_REWARD_FORMULA=net LOH_PENALTY_NET_PENALTY_SCALE=0.5
116,1,0.368222,0.000000,0.225553,0.000000,0.010000,0.000000,LOH_PARALLEL_SAFE=1 LOH_SKIP_PIP_INSTALL=1 LOH_SKIP_BUILD=1 LOH_DEBUG_LEVEL=1 CACHESIM_VERBOSE=0 CACHESIM_NUM_REQ=3000000 LOH_RL_ALGO=SAC LOH_ACTION_SCALE=1.0 LOH_SCORE_USE_COMPOUND=1 LOH_SCORE_USE_IRT=1 LOH_USE_SOFTMAX=1 LOH_USE_HEURISTIC_SIGNS=0 LOH_INCLUDE_HIT_MISS_FEATURES=0 LOH_INCLUDE_CACHE_FEATURES=0 LOH_INCLUDE_CANDIDATE_FEATURES=0 LOH_INCLUDE_TOPK_CANDIDATE_FEATURES=0 LOH_INCLUDE_AVGTOPK_CANDIDATE_FEATURES=0 LOH_INCLUDE_REQUEST=0 LOH_ENABLE_PENALTY=1 LOH_REWARD_USE_PENALTY=1 LOH_PENALTY_SCALE=log LOH_PENALTY_REWARD_FORMULA=centered LOH_REWARD_W_PENALTY=1.0 LOH_PENALTY_CUTOFF=0 LOH_PENALTY_DMAX=400000 LOH_PENALTY_EMPTY_AS_GOOD=1 LOH_PENALTY_REFINE_ON_LATE=1 LOH_PENALTY_NO_EVICT_REWARD=keep LOH_PENALTY_BASELINE_DECAY=0.99 LOH_SURVIVAL_BINS=64 LOH_SURVIVAL_QUANTILE=0.99 LOH_SURVIVAL_MINCOUNT=1000 LOH_PENALTY_NET_GOOD_SCALE=1.0 LOH_PENALTY_NET_PENALTY_SCALE=1.0 LOH_PENALTY_REWARD_FORMULA=net LOH_PENALTY_NET_PENALTY_SCALE=1.0
117,1,0.368196,0.000000,0.225255,0.000000,0.010000,0.000000,LOH_PARALLEL_SAFE=1 LOH_SKIP_PIP_INSTALL=1 LOH_SKIP_BUILD=1 LOH_DEBUG_LEVEL=1 CACHESIM_VERBOSE=0 CACHESIM_NUM_REQ=3000000 LOH_RL_ALGO=SAC LOH_ACTION_SCALE=1.0 LOH_SCORE_USE_COMPOUND=1 LOH_SCORE_USE_IRT=1 LOH_USE_SOFTMAX=1 LOH_USE_HEURISTIC_SIGNS=0 LOH_INCLUDE_HIT_MISS_FEATURES=0 LOH_INCLUDE_CACHE_FEATURES=0 LOH_INCLUDE_CANDIDATE_FEATURES=0 LOH_INCLUDE_TOPK_CANDIDATE_FEATURES=0 LOH_INCLUDE_AVGTOPK_CANDIDATE_FEATURES=0 LOH_INCLUDE_REQUEST=0 LOH_ENABLE_PENALTY=1 LOH_REWARD_USE_PENALTY=1 LOH_PENALTY_SCALE=log LOH_PENALTY_REWARD_FORMULA=centered LOH_REWARD_W_PENALTY=1.0 LOH_PENALTY_CUTOFF=0 LOH_PENALTY_DMAX=400000 LOH_PENALTY_EMPTY_AS_GOOD=1 LOH_PENALTY_REFINE_ON_LATE=1 LOH_PENALTY_NO_EVICT_REWARD=keep LOH_PENALTY_BASELINE_DECAY=0.99 LOH_SURVIVAL_BINS=64 LOH_SURVIVAL_QUANTILE=0.99 LOH_SURVIVAL_MINCOUNT=1000 LOH_PENALTY_NET_GOOD_SCALE=1.0 LOH_PENALTY_NET_PENALTY_SCALE=1.0 LOH_PENALTY_REWARD_FORMULA=net LOH_PENALTY_NET_PENALTY_SCALE=2.0
118,1,0.368259,0.000000,0.225114,0.000000,0.010000,0.000000,LOH_PARALLEL_SAFE=1 LOH_SKIP_PIP_INSTALL=1 LOH_SKIP_BUILD=1 LOH_DEBUG_LEVEL=1 CACHESIM_VERBOSE=0 CACHESIM_NUM_REQ=3000000 LOH_RL_ALGO=SAC LOH_ACTION_SCALE=1.0 LOH_SCORE_USE_COMPOUND=1 LOH_SCORE_USE_IRT=1 LOH_USE_SOFTMAX=1 LOH_USE_HEURISTIC_SIGNS=0 LOH_INCLUDE_HIT_MISS_FEATURES=0 LOH_INCLUDE_CACHE_FEATURES=0 LOH_INCLUDE_CANDIDATE_FEATURES=0 LOH_INCLUDE_TOPK_CANDIDATE_FEATURES=0 LOH_INCLUDE_AVGTOPK_CANDIDATE_FEATURES=0 LOH_INCLUDE_REQUEST=0 LOH_ENABLE_PENALTY=1 LOH_REWARD_USE_PENALTY=1 LOH_PENALTY_SCALE=log LOH_PENALTY_REWARD_FORMULA=centered LOH_REWARD_W_PENALTY=1.0 LOH_PENALTY_CUTOFF=0 LOH_PENALTY_DMAX=400000 LOH_PENALTY_EMPTY_AS_GOOD=1 LOH_PENALTY_REFINE_ON_LATE=1 LOH_PENALTY_NO_EVICT_REWARD=keep LOH_PENALTY_BASELINE_DECAY=0.99 LOH_SURVIVAL_BINS=64 LOH_SURVIVAL_QUANTILE=0.99 LOH_SURVIVAL_MINCOUNT=1000 LOH_PENALTY_NET_GOOD_SCALE=1.0 LOH_PENALTY_NET_PENALTY_SCALE=1.0 LOH_PENALTY_REWARD_FORMULA=net2 LOH_PENALTY_NET_GOOD_SCALE=0.5
119,1,0.368213,0.000000,0.224355,0.000000,0.010000,0.000000,LOH_PARALLEL_SAFE=1 LOH_SKIP_PIP_INSTALL=1 LOH_SKIP_BUILD=1 LOH_DEBUG_LEVEL=1 CACHESIM_VERBOSE=0 CACHESIM_NUM_REQ=3000000 LOH_RL_ALGO=SAC LOH_ACTION_SCALE=1.0 LOH_SCORE_USE_COMPOUND=1 LOH_SCORE_USE_IRT=1 LOH_USE_SOFTMAX=1 LOH_USE_HEURISTIC_SIGNS=0 LOH_INCLUDE_HIT_MISS_FEATURES=0 LOH_INCLUDE_CACHE_FEATURES=0 LOH_INCLUDE_CANDIDATE_FEATURES=0 LOH_INCLUDE_TOPK_CANDIDATE_FEATURES=0 LOH_INCLUDE_AVGTOPK_CANDIDATE_FEATURES=0 LOH_INCLUDE_REQUEST=0 LOH_ENABLE_PENALTY=1 LOH_REWARD_USE_PENALTY=1 LOH_PENALTY_SCALE=log LOH_PENALTY_REWARD_FORMULA=centered LOH_REWARD_W_PENALTY=1.0 LOH_PENALTY_CUTOFF=0 LOH_PENALTY_DMAX=400000 LOH_PENALTY_EMPTY_AS_GOOD=1 LOH_PENALTY_REFINE_ON_LATE=1 LOH_PENALTY_NO_EVICT_REWARD=keep LOH_PENALTY_BASELINE_DECAY=0.99 LOH_SURVIVAL_BINS=64 LOH_SURVIVAL_QUANTILE=0.99 LOH_SURVIVAL_MINCOUNT=1000 LOH_PENALTY_NET_GOOD_SCALE=1.0 LOH_PENALTY_NET_PENALTY_SCALE=1.0 LOH_PENALTY_REWARD_FORMULA=net2 LOH_PENALTY_NET_GOOD_SCALE=1.0
120,1,0.368148,0.000000,0.225243,0.000000,0.010000,0.000000,LOH_PARALLEL_SAFE=1 LOH_SKIP_PIP_INSTALL=1 LOH_SKIP_BUILD=1 LOH_DEBUG_LEVEL=1 CACHESIM_VERBOSE=0 CACHESIM_NUM_REQ=3000000 LOH_RL_ALGO=SAC LOH_ACTION_SCALE=1.0 LOH_SCORE_USE_COMPOUND=1 LOH_SCORE_USE_IRT=1 LOH_USE_SOFTMAX=1 LOH_USE_HEURISTIC_SIGNS=0 LOH_INCLUDE_HIT_MISS_FEATURES=0 LOH_INCLUDE_CACHE_FEATURES=0 LOH_INCLUDE_CANDIDATE_FEATURES=0 LOH_INCLUDE_TOPK_CANDIDATE_FEATURES=0 LOH_INCLUDE_AVGTOPK_CANDIDATE_FEATURES=0 LOH_INCLUDE_REQUEST=0 LOH_ENABLE_PENALTY=1 LOH_REWARD_USE_PENALTY=1 LOH_PENALTY_SCALE=log LOH_PENALTY_REWARD_FORMULA=centered LOH_REWARD_W_PENALTY=1.0 LOH_PENALTY_CUTOFF=0 LOH_PENALTY_DMAX=400000 LOH_PENALTY_EMPTY_AS_GOOD=1 LOH_PENALTY_REFINE_ON_LATE=1 LOH_PENALTY_NO_EVICT_REWARD=keep LOH_PENALTY_BASELINE_DECAY=0.99 LOH_SURVIVAL_BINS=64 LOH_SURVIVAL_QUANTILE=0.99 LOH_SURVIVAL_MINCOUNT=1000 LOH_PENALTY_NET_GOOD_SCALE=1.0 LOH_PENALTY_NET_PENALTY_SCALE=1.0 LOH_PENALTY_REWARD_FORMULA=net2 LOH_PENALTY_NET_GOOD_SCALE=2.0
121,1,0.368148,0.000000,0.225467,0.000000,0.010000,0.000000,LOH_PARALLEL_SAFE=1 LOH_SKIP_PIP_INSTALL=1 LOH_SKIP_BUILD=1 LOH_DEBUG_LEVEL=1 CACHESIM_VERBOSE=0 CACHESIM_NUM_REQ=3000000 LOH_RL_ALGO=SAC LOH_ACTION_SCALE=1.0 LOH_SCORE_USE_COMPOUND=1 LOH_SCORE_USE_IRT=1 LOH_USE_SOFTMAX=1 LOH_USE_HEURISTIC_SIGNS=0 LOH_INCLUDE_HIT_MISS_FEATURES=0 LOH_INCLUDE_CACHE_FEATURES=0 LOH_INCLUDE_CANDIDATE_FEATURES=0 LOH_INCLUDE_TOPK_CANDIDATE_FEATURES=0 LOH_INCLUDE_AVGTOPK_CANDIDATE_FEATURES=0 LOH_INCLUDE_REQUEST=0 LOH_ENABLE_PENALTY=1 LOH_REWARD_USE_PENALTY=1 LOH_PENALTY_SCALE=log LOH_PENALTY_REWARD_FORMULA=centered LOH_REWARD_W_PENALTY=1.0 LOH_PENALTY_CUTOFF=0 LOH_PENALTY_DMAX=400000 LOH_PENALTY_EMPTY_AS_GOOD=1 LOH_PENALTY_REFINE_ON_LATE=1 LOH_PENALTY_NO_EVICT_REWARD=keep LOH_PENALTY_BASELINE_DECAY=0.99 LOH_SURVIVAL_BINS=64 LOH_SURVIVAL_QUANTILE=0.99 LOH_SURVIVAL_MINCOUNT=1000 LOH_PENALTY_NET_GOOD_SCALE=1.0 LOH_PENALTY_NET_PENALTY_SCALE=1.0 LOH_PENALTY_REWARD_FORMULA=net2 LOH_PENALTY_NET_PENALTY_SCALE=0.5
122,1,0.368248,0.000000,0.224483,0.000000,0.010000,0.000000,LOH_PARALLEL_SAFE=1 LOH_SKIP_PIP_INSTALL=1 LOH_SKIP_BUILD=1 LOH_DEBUG_LEVEL=1 CACHESIM_VERBOSE=0 CACHESIM_NUM_REQ=3000000 LOH_RL_ALGO=SAC LOH_ACTION_SCALE=1.0 LOH_SCORE_USE_COMPOUND=1 LOH_SCORE_USE_IRT=1 LOH_USE_SOFTMAX=1 LOH_USE_HEURISTIC_SIGNS=0 LOH_INCLUDE_HIT_MISS_FEATURES=0 LOH_INCLUDE_CACHE_FEATURES=0 LOH_INCLUDE_CANDIDATE_FEATURES=0 LOH_INCLUDE_TOPK_CANDIDATE_FEATURES=0 LOH_INCLUDE_AVGTOPK_CANDIDATE_FEATURES=0 LOH_INCLUDE_REQUEST=0 LOH_ENABLE_PENALTY=1 LOH_REWARD_USE_PENALTY=1 LOH_PENALTY_SCALE=log LOH_PENALTY_REWARD_FORMULA=centered LOH_REWARD_W_PENALTY=1.0 LOH_PENALTY_CUTOFF=0 LOH_PENALTY_DMAX=400000 LOH_PENALTY_EMPTY_AS_GOOD=1 LOH_PENALTY_REFINE_ON_LATE=1 LOH_PENALTY_NO_EVICT_REWARD=keep LOH_PENALTY_BASELINE_DECAY=0.99 LOH_SURVIVAL_BINS=64 LOH_SURVIVAL_QUANTILE=0.99 LOH_SURVIVAL_MINCOUNT=1000 LOH_PENALTY_NET_GOOD_SCALE=1.0 LOH_PENALTY_NET_PENALTY_SCALE=1.0 LOH_PENALTY_REWARD_FORMULA=net2 LOH_PENALTY_NET_PENALTY_SCALE=1.0
123,1,0.368203,0.000000,0.224983,0.000000,0.010000,0.000000,LOH_PARALLEL_SAFE=1 LOH_SKIP_PIP_INSTALL=1 LOH_SKIP_BUILD=1 LOH_DEBUG_LEVEL=1 CACHESIM_VERBOSE=0 CACHESIM_NUM_REQ=3000000 LOH_RL_ALGO=SAC LOH_ACTION_SCALE=1.0 LOH_SCORE_USE_COMPOUND=1 LOH_SCORE_USE_IRT=1 LOH_USE_SOFTMAX=1 LOH_USE_HEURISTIC_SIGNS=0 LOH_INCLUDE_HIT_MISS_FEATURES=0 LOH_INCLUDE_CACHE_FEATURES=0 LOH_INCLUDE_CANDIDATE_FEATURES=0 LOH_INCLUDE_TOPK_CANDIDATE_FEATURES=0 LOH_INCLUDE_AVGTOPK_CANDIDATE_FEATURES=0 LOH_INCLUDE_REQUEST=0 LOH_ENABLE_PENALTY=1 LOH_REWARD_USE_PENALTY=1 LOH_PENALTY_SCALE=log LOH_PENALTY_REWARD_FORMULA=centered LOH_REWARD_W_PENALTY=1.0 LOH_PENALTY_CUTOFF=0 LOH_PENALTY_DMAX=400000 LOH_PENALTY_EMPTY_AS_GOOD=1 LOH_PENALTY_REFINE_ON_LATE=1 LOH_PENALTY_NO_EVICT_REWARD=keep LOH_PENALTY_BASELINE_DECAY=0.99 LOH_SURVIVAL_BINS=64 LOH_SURVIVAL_QUANTILE=0.99 LOH_SURVIVAL_MINCOUNT=1000 LOH_PENALTY_NET_GOOD_SCALE=1.0 LOH_PENALTY_NET_PENALTY_SCALE=1.0 LOH_PENALTY_REWARD_FORMULA=net2 LOH_PENALTY_NET_PENALTY_SCALE=2.0
