trace,idx,rep,seed,run_timestamp,exit_code,miss_ratio,byte_miss_ratio,throughput_mqps,penalty_scale,penalty_formula,w_penalty,penalty_zero_pct,clip_sat_pct,final_reward_mean,reward_before_min,reward_before_max,penalty_mean,config
1063,1,1,101,bestcfg_penalty_3t_3m_20260207_000001__1063_001_r01,0,0.371103,0.352132,0.01,log,centered,1.0,5.22,9.02,0.708956,-47.5654,1.0,0.200819,LOH_PARALLEL_SAFE=1 LOH_SKIP_PIP_INSTALL=1 LOH_SKIP_BUILD=1 LOH_DEBUG_LEVEL=1 CACHESIM_VERBOSE=0 CACHESIM_NUM_REQ=3000000 LOH_RL_ALGO=SAC LOH_ACTION_SCALE=1.0 LOH_SCORE_USE_COMPOUND=0 LOH_SCORE_USE_IRT=0 LOH_USE_SOFTMAX=0 LOH_USE_HEURISTIC_SIGNS=0 LOH_INCLUDE_HIT_MISS_FEATURES=0 LOH_INCLUDE_CACHE_FEATURES=0 LOH_INCLUDE_CANDIDATE_FEATURES=0 LOH_INCLUDE_TOPK_CANDIDATE_FEATURES=0 LOH_INCLUDE_AVGTOPK_CANDIDATE_FEATURES=0 LOH_INCLUDE_REQUEST=0 LOH_ENABLE_PENALTY=1 LOH_REWARD_USE_PENALTY=0
1063,2,1,201,bestcfg_penalty_3t_3m_20260207_000001__1063_002_r01,0,0.368114,0.350862,0.01,reciprocal,relative,0.1,6.15,9.65,0.860674,-5023.96,1.0,0.00269259,LOH_PARALLEL_SAFE=1 LOH_SKIP_PIP_INSTALL=1 LOH_SKIP_BUILD=1 LOH_DEBUG_LEVEL=1 CACHESIM_VERBOSE=0 CACHESIM_NUM_REQ=3000000 LOH_RL_ALGO=SAC LOH_ACTION_SCALE=1.0 LOH_SCORE_USE_COMPOUND=0 LOH_SCORE_USE_IRT=0 LOH_USE_SOFTMAX=0 LOH_USE_HEURISTIC_SIGNS=0 LOH_INCLUDE_HIT_MISS_FEATURES=0 LOH_INCLUDE_CACHE_FEATURES=0 LOH_INCLUDE_CANDIDATE_FEATURES=0 LOH_INCLUDE_TOPK_CANDIDATE_FEATURES=0 LOH_INCLUDE_AVGTOPK_CANDIDATE_FEATURES=0 LOH_INCLUDE_REQUEST=0 LOH_ENABLE_PENALTY=1 LOH_REWARD_USE_PENALTY=1 LOH_PENALTY_SCALE=reciprocal LOH_PENALTY_REWARD_FORMULA=relative LOH_REWARD_W_PENALTY=0.1 LOH_PENALTY_CUTOFF=0 LOH_PENALTY_DMAX=400000 LOH_PENALTY_EMPTY_AS_GOOD=1 LOH_PENALTY_REFINE_ON_LATE=1 LOH_PENALTY_NO_EVICT_REWARD=keep LOH_PENALTY_BASELINE_DECAY=0.99 LOH_SURVIVAL_BINS=64 LOH_SURVIVAL_QUANTILE=0.99 LOH_SURVIVAL_MINCOUNT=1000 LOH_PENALTY_NET_GOOD_SCALE=1.0 LOH_PENALTY_NET_PENALTY_SCALE=1.0
1063,3,1,301,bestcfg_penalty_3t_3m_20260207_000001__1063_003_r01,0,0.36483,0.349267,0.01,reciprocal,relative,0.2,6.34,9.61,0.863359,-59536.6,1.0,0.00338293,LOH_PARALLEL_SAFE=1 LOH_SKIP_PIP_INSTALL=1 LOH_SKIP_BUILD=1 LOH_DEBUG_LEVEL=1 CACHESIM_VERBOSE=0 CACHESIM_NUM_REQ=3000000 LOH_RL_ALGO=SAC LOH_ACTION_SCALE=1.0 LOH_SCORE_USE_COMPOUND=0 LOH_SCORE_USE_IRT=0 LOH_USE_SOFTMAX=0 LOH_USE_HEURISTIC_SIGNS=0 LOH_INCLUDE_HIT_MISS_FEATURES=0 LOH_INCLUDE_CACHE_FEATURES=0 LOH_INCLUDE_CANDIDATE_FEATURES=0 LOH_INCLUDE_TOPK_CANDIDATE_FEATURES=0 LOH_INCLUDE_AVGTOPK_CANDIDATE_FEATURES=0 LOH_INCLUDE_REQUEST=0 LOH_ENABLE_PENALTY=1 LOH_REWARD_USE_PENALTY=1 LOH_PENALTY_SCALE=reciprocal LOH_PENALTY_REWARD_FORMULA=relative LOH_REWARD_W_PENALTY=0.2 LOH_PENALTY_CUTOFF=0 LOH_PENALTY_DMAX=400000 LOH_PENALTY_EMPTY_AS_GOOD=1 LOH_PENALTY_REFINE_ON_LATE=1 LOH_PENALTY_NO_EVICT_REWARD=keep LOH_PENALTY_BASELINE_DECAY=0.99 LOH_SURVIVAL_BINS=64 LOH_SURVIVAL_QUANTILE=0.99 LOH_SURVIVAL_MINCOUNT=1000 LOH_PENALTY_NET_GOOD_SCALE=1.0 LOH_PENALTY_NET_PENALTY_SCALE=1.0
1063,4,1,401,bestcfg_penalty_3t_3m_20260207_000001__1063_004_r01,0,0.370756,0.353105,0.01,reciprocal,relative,0.5,5.98,9.48,0.849739,-5697.59,1.0,0.00241759,LOH_PARALLEL_SAFE=1 LOH_SKIP_PIP_INSTALL=1 LOH_SKIP_BUILD=1 LOH_DEBUG_LEVEL=1 CACHESIM_VERBOSE=0 CACHESIM_NUM_REQ=3000000 LOH_RL_ALGO=SAC LOH_ACTION_SCALE=1.0 LOH_SCORE_USE_COMPOUND=0 LOH_SCORE_USE_IRT=0 LOH_USE_SOFTMAX=0 LOH_USE_HEURISTIC_SIGNS=0 LOH_INCLUDE_HIT_MISS_FEATURES=0 LOH_INCLUDE_CACHE_FEATURES=0 LOH_INCLUDE_CANDIDATE_FEATURES=0 LOH_INCLUDE_TOPK_CANDIDATE_FEATURES=0 LOH_INCLUDE_AVGTOPK_CANDIDATE_FEATURES=0 LOH_INCLUDE_REQUEST=0 LOH_ENABLE_PENALTY=1 LOH_REWARD_USE_PENALTY=1 LOH_PENALTY_SCALE=reciprocal LOH_PENALTY_REWARD_FORMULA=relative LOH_REWARD_W_PENALTY=0.5 LOH_PENALTY_CUTOFF=0 LOH_PENALTY_DMAX=400000 LOH_PENALTY_EMPTY_AS_GOOD=1 LOH_PENALTY_REFINE_ON_LATE=1 LOH_PENALTY_NO_EVICT_REWARD=keep LOH_PENALTY_BASELINE_DECAY=0.99 LOH_SURVIVAL_BINS=64 LOH_SURVIVAL_QUANTILE=0.99 LOH_SURVIVAL_MINCOUNT=1000 LOH_PENALTY_NET_GOOD_SCALE=1.0 LOH_PENALTY_NET_PENALTY_SCALE=1.0
1063,5,1,501,bestcfg_penalty_3t_3m_20260207_000001__1063_005_r01,0,0.365914,0.349252,0.01,reciprocal,relative,1.0,6.12,9.58,0.854038,-13478.7,1.0,0.00269333,LOH_PARALLEL_SAFE=1 LOH_SKIP_PIP_INSTALL=1 LOH_SKIP_BUILD=1 LOH_DEBUG_LEVEL=1 CACHESIM_VERBOSE=0 CACHESIM_NUM_REQ=3000000 LOH_RL_ALGO=SAC LOH_ACTION_SCALE=1.0 LOH_SCORE_USE_COMPOUND=0 LOH_SCORE_USE_IRT=0 LOH_USE_SOFTMAX=0 LOH_USE_HEURISTIC_SIGNS=0 LOH_INCLUDE_HIT_MISS_FEATURES=0 LOH_INCLUDE_CACHE_FEATURES=0 LOH_INCLUDE_CANDIDATE_FEATURES=0 LOH_INCLUDE_TOPK_CANDIDATE_FEATURES=0 LOH_INCLUDE_AVGTOPK_CANDIDATE_FEATURES=0 LOH_INCLUDE_REQUEST=0 LOH_ENABLE_PENALTY=1 LOH_REWARD_USE_PENALTY=1 LOH_PENALTY_SCALE=reciprocal LOH_PENALTY_REWARD_FORMULA=relative LOH_REWARD_W_PENALTY=1.0 LOH_PENALTY_CUTOFF=0 LOH_PENALTY_DMAX=400000 LOH_PENALTY_EMPTY_AS_GOOD=1 LOH_PENALTY_REFINE_ON_LATE=1 LOH_PENALTY_NO_EVICT_REWARD=keep LOH_PENALTY_BASELINE_DECAY=0.99 LOH_SURVIVAL_BINS=64 LOH_SURVIVAL_QUANTILE=0.99 LOH_SURVIVAL_MINCOUNT=1000 LOH_PENALTY_NET_GOOD_SCALE=1.0 LOH_PENALTY_NET_PENALTY_SCALE=1.0
1063,6,1,601,bestcfg_penalty_3t_3m_20260207_000001__1063_006_r01,0,0.366056,0.347672,0.01,reciprocal,centered,0.1,6.36,8.38,0.995356,-7.00801,1.0,0.00264696,LOH_PARALLEL_SAFE=1 LOH_SKIP_PIP_INSTALL=1 LOH_SKIP_BUILD=1 LOH_DEBUG_LEVEL=1 CACHESIM_VERBOSE=0 CACHESIM_NUM_REQ=3000000 LOH_RL_ALGO=SAC LOH_ACTION_SCALE=1.0 LOH_SCORE_USE_COMPOUND=0 LOH_SCORE_USE_IRT=0 LOH_USE_SOFTMAX=0 LOH_USE_HEURISTIC_SIGNS=0 LOH_INCLUDE_HIT_MISS_FEATURES=0 LOH_INCLUDE_CACHE_FEATURES=0 LOH_INCLUDE_CANDIDATE_FEATURES=0 LOH_INCLUDE_TOPK_CANDIDATE_FEATURES=0 LOH_INCLUDE_AVGTOPK_CANDIDATE_FEATURES=0 LOH_INCLUDE_REQUEST=0 LOH_ENABLE_PENALTY=1 LOH_REWARD_USE_PENALTY=1 LOH_PENALTY_SCALE=reciprocal LOH_PENALTY_REWARD_FORMULA=centered LOH_REWARD_W_PENALTY=0.1 LOH_PENALTY_CUTOFF=0 LOH_PENALTY_DMAX=400000 LOH_PENALTY_EMPTY_AS_GOOD=1 LOH_PENALTY_REFINE_ON_LATE=1 LOH_PENALTY_NO_EVICT_REWARD=keep LOH_PENALTY_BASELINE_DECAY=0.99 LOH_SURVIVAL_BINS=64 LOH_SURVIVAL_QUANTILE=0.99 LOH_SURVIVAL_MINCOUNT=1000 LOH_PENALTY_NET_GOOD_SCALE=1.0 LOH_PENALTY_NET_PENALTY_SCALE=1.0
1063,7,1,701,bestcfg_penalty_3t_3m_20260207_000001__1063_007_r01,0,0.369282,0.351125,0.01,reciprocal,centered,0.2,6.16,7.94,0.99554,-3.0064,1.0,0.00231204,LOH_PARALLEL_SAFE=1 LOH_SKIP_PIP_INSTALL=1 LOH_SKIP_BUILD=1 LOH_DEBUG_LEVEL=1 CACHESIM_VERBOSE=0 CACHESIM_NUM_REQ=3000000 LOH_RL_ALGO=SAC LOH_ACTION_SCALE=1.0 LOH_SCORE_USE_COMPOUND=0 LOH_SCORE_USE_IRT=0 LOH_USE_SOFTMAX=0 LOH_USE_HEURISTIC_SIGNS=0 LOH_INCLUDE_HIT_MISS_FEATURES=0 LOH_INCLUDE_CACHE_FEATURES=0 LOH_INCLUDE_CANDIDATE_FEATURES=0 LOH_INCLUDE_TOPK_CANDIDATE_FEATURES=0 LOH_INCLUDE_AVGTOPK_CANDIDATE_FEATURES=0 LOH_INCLUDE_REQUEST=0 LOH_ENABLE_PENALTY=1 LOH_REWARD_USE_PENALTY=1 LOH_PENALTY_SCALE=reciprocal LOH_PENALTY_REWARD_FORMULA=centered LOH_REWARD_W_PENALTY=0.2 LOH_PENALTY_CUTOFF=0 LOH_PENALTY_DMAX=400000 LOH_PENALTY_EMPTY_AS_GOOD=1 LOH_PENALTY_REFINE_ON_LATE=1 LOH_PENALTY_NO_EVICT_REWARD=keep LOH_PENALTY_BASELINE_DECAY=0.99 LOH_SURVIVAL_BINS=64 LOH_SURVIVAL_QUANTILE=0.99 LOH_SURVIVAL_MINCOUNT=1000 LOH_PENALTY_NET_GOOD_SCALE=1.0 LOH_PENALTY_NET_PENALTY_SCALE=1.0
1063,8,1,801,bestcfg_penalty_3t_3m_20260207_000001__1063_008_r01,0,0.368497,0.351897,0.01,reciprocal,centered,0.5,5.95,7.77,0.99514,-13.6673,1.0,0.00307178,LOH_PARALLEL_SAFE=1 LOH_SKIP_PIP_INSTALL=1 LOH_SKIP_BUILD=1 LOH_DEBUG_LEVEL=1 CACHESIM_VERBOSE=0 CACHESIM_NUM_REQ=3000000 LOH_RL_ALGO=SAC LOH_ACTION_SCALE=1.0 LOH_SCORE_USE_COMPOUND=0 LOH_SCORE_USE_IRT=0 LOH_USE_SOFTMAX=0 LOH_USE_HEURISTIC_SIGNS=0 LOH_INCLUDE_HIT_MISS_FEATURES=0 LOH_INCLUDE_CACHE_FEATURES=0 LOH_INCLUDE_CANDIDATE_FEATURES=0 LOH_INCLUDE_TOPK_CANDIDATE_FEATURES=0 LOH_INCLUDE_AVGTOPK_CANDIDATE_FEATURES=0 LOH_INCLUDE_REQUEST=0 LOH_ENABLE_PENALTY=1 LOH_REWARD_USE_PENALTY=1 LOH_PENALTY_SCALE=reciprocal LOH_PENALTY_REWARD_FORMULA=centered LOH_REWARD_W_PENALTY=0.5 LOH_PENALTY_CUTOFF=0 LOH_PENALTY_DMAX=400000 LOH_PENALTY_EMPTY_AS_GOOD=1 LOH_PENALTY_REFINE_ON_LATE=1 LOH_PENALTY_NO_EVICT_REWARD=keep LOH_PENALTY_BASELINE_DECAY=0.99 LOH_SURVIVAL_BINS=64 LOH_SURVIVAL_QUANTILE=0.99 LOH_SURVIVAL_MINCOUNT=1000 LOH_PENALTY_NET_GOOD_SCALE=1.0 LOH_PENALTY_NET_PENALTY_SCALE=1.0
1063,9,1,901,bestcfg_penalty_3t_3m_20260207_000001__1063_009_r01,0,0.366609,0.348902,0.01,reciprocal,centered,1.0,5.87,7.75,0.995605,-25.0684,1.0,0.00372264,LOH_PARALLEL_SAFE=1 LOH_SKIP_PIP_INSTALL=1 LOH_SKIP_BUILD=1 LOH_DEBUG_LEVEL=1 CACHESIM_VERBOSE=0 CACHESIM_NUM_REQ=3000000 LOH_RL_ALGO=SAC LOH_ACTION_SCALE=1.0 LOH_SCORE_USE_COMPOUND=0 LOH_SCORE_USE_IRT=0 LOH_USE_SOFTMAX=0 LOH_USE_HEURISTIC_SIGNS=0 LOH_INCLUDE_HIT_MISS_FEATURES=0 LOH_INCLUDE_CACHE_FEATURES=0 LOH_INCLUDE_CANDIDATE_FEATURES=0 LOH_INCLUDE_TOPK_CANDIDATE_FEATURES=0 LOH_INCLUDE_AVGTOPK_CANDIDATE_FEATURES=0 LOH_INCLUDE_REQUEST=0 LOH_ENABLE_PENALTY=1 LOH_REWARD_USE_PENALTY=1 LOH_PENALTY_SCALE=reciprocal LOH_PENALTY_REWARD_FORMULA=centered LOH_REWARD_W_PENALTY=1.0 LOH_PENALTY_CUTOFF=0 LOH_PENALTY_DMAX=400000 LOH_PENALTY_EMPTY_AS_GOOD=1 LOH_PENALTY_REFINE_ON_LATE=1 LOH_PENALTY_NO_EVICT_REWARD=keep LOH_PENALTY_BASELINE_DECAY=0.99 LOH_SURVIVAL_BINS=64 LOH_SURVIVAL_QUANTILE=0.99 LOH_SURVIVAL_MINCOUNT=1000 LOH_PENALTY_NET_GOOD_SCALE=1.0 LOH_PENALTY_NET_PENALTY_SCALE=1.0
1063,10,1,1001,bestcfg_penalty_3t_3m_20260207_000001__1063_010_r01,0,0.368357,0.350277,0.01,reciprocal,one_minus,0.1,5.87,9.51,0.99744,-3.00367,1.0,0.00273491,LOH_PARALLEL_SAFE=1 LOH_SKIP_PIP_INSTALL=1 LOH_SKIP_BUILD=1 LOH_DEBUG_LEVEL=1 CACHESIM_VERBOSE=0 CACHESIM_NUM_REQ=3000000 LOH_RL_ALGO=SAC LOH_ACTION_SCALE=1.0 LOH_SCORE_USE_COMPOUND=0 LOH_SCORE_USE_IRT=0 LOH_USE_SOFTMAX=0 LOH_USE_HEURISTIC_SIGNS=0 LOH_INCLUDE_HIT_MISS_FEATURES=0 LOH_INCLUDE_CACHE_FEATURES=0 LOH_INCLUDE_CANDIDATE_FEATURES=0 LOH_INCLUDE_TOPK_CANDIDATE_FEATURES=0 LOH_INCLUDE_AVGTOPK_CANDIDATE_FEATURES=0 LOH_INCLUDE_REQUEST=0 LOH_ENABLE_PENALTY=1 LOH_REWARD_USE_PENALTY=1 LOH_PENALTY_SCALE=reciprocal LOH_PENALTY_REWARD_FORMULA=one_minus LOH_REWARD_W_PENALTY=0.1 LOH_PENALTY_CUTOFF=0 LOH_PENALTY_DMAX=400000 LOH_PENALTY_EMPTY_AS_GOOD=1 LOH_PENALTY_REFINE_ON_LATE=1 LOH_PENALTY_NO_EVICT_REWARD=keep LOH_PENALTY_BASELINE_DECAY=0.99 LOH_SURVIVAL_BINS=64 LOH_SURVIVAL_QUANTILE=0.99 LOH_SURVIVAL_MINCOUNT=1000 LOH_PENALTY_NET_GOOD_SCALE=1.0 LOH_PENALTY_NET_PENALTY_SCALE=1.0
1063,11,1,1101,bestcfg_penalty_3t_3m_20260207_000001__1063_011_r01,0,0.3698,0.352637,0.01,reciprocal,one_minus,0.2,6.11,9.45,0.997686,-1.14353,1.0,0.00232535,LOH_PARALLEL_SAFE=1 LOH_SKIP_PIP_INSTALL=1 LOH_SKIP_BUILD=1 LOH_DEBUG_LEVEL=1 CACHESIM_VERBOSE=0 CACHESIM_NUM_REQ=3000000 LOH_RL_ALGO=SAC LOH_ACTION_SCALE=1.0 LOH_SCORE_USE_COMPOUND=0 LOH_SCORE_USE_IRT=0 LOH_USE_SOFTMAX=0 LOH_USE_HEURISTIC_SIGNS=0 LOH_INCLUDE_HIT_MISS_FEATURES=0 LOH_INCLUDE_CACHE_FEATURES=0 LOH_INCLUDE_CANDIDATE_FEATURES=0 LOH_INCLUDE_TOPK_CANDIDATE_FEATURES=0 LOH_INCLUDE_AVGTOPK_CANDIDATE_FEATURES=0 LOH_INCLUDE_REQUEST=0 LOH_ENABLE_PENALTY=1 LOH_REWARD_USE_PENALTY=1 LOH_PENALTY_SCALE=reciprocal LOH_PENALTY_REWARD_FORMULA=one_minus LOH_REWARD_W_PENALTY=0.2 LOH_PENALTY_CUTOFF=0 LOH_PENALTY_DMAX=400000 LOH_PENALTY_EMPTY_AS_GOOD=1 LOH_PENALTY_REFINE_ON_LATE=1 LOH_PENALTY_NO_EVICT_REWARD=keep LOH_PENALTY_BASELINE_DECAY=0.99 LOH_SURVIVAL_BINS=64 LOH_SURVIVAL_QUANTILE=0.99 LOH_SURVIVAL_MINCOUNT=1000 LOH_PENALTY_NET_GOOD_SCALE=1.0 LOH_PENALTY_NET_PENALTY_SCALE=1.0
1063,12,1,1201,bestcfg_penalty_3t_3m_20260207_000001__1063_012_r01,0,0.369941,0.352418,0.01,reciprocal,one_minus,0.5,5.74,9.38,0.997251,-11.5005,1.0,0.00391934,LOH_PARALLEL_SAFE=1 LOH_SKIP_PIP_INSTALL=1 LOH_SKIP_BUILD=1 LOH_DEBUG_LEVEL=1 CACHESIM_VERBOSE=0 CACHESIM_NUM_REQ=3000000 LOH_RL_ALGO=SAC LOH_ACTION_SCALE=1.0 LOH_SCORE_USE_COMPOUND=0 LOH_SCORE_USE_IRT=0 LOH_USE_SOFTMAX=0 LOH_USE_HEURISTIC_SIGNS=0 LOH_INCLUDE_HIT_MISS_FEATURES=0 LOH_INCLUDE_CACHE_FEATURES=0 LOH_INCLUDE_CANDIDATE_FEATURES=0 LOH_INCLUDE_TOPK_CANDIDATE_FEATURES=0 LOH_INCLUDE_AVGTOPK_CANDIDATE_FEATURES=0 LOH_INCLUDE_REQUEST=0 LOH_ENABLE_PENALTY=1 LOH_REWARD_USE_PENALTY=1 LOH_PENALTY_SCALE=reciprocal LOH_PENALTY_REWARD_FORMULA=one_minus LOH_REWARD_W_PENALTY=0.5 LOH_PENALTY_CUTOFF=0 LOH_PENALTY_DMAX=400000 LOH_PENALTY_EMPTY_AS_GOOD=1 LOH_PENALTY_REFINE_ON_LATE=1 LOH_PENALTY_NO_EVICT_REWARD=keep LOH_PENALTY_BASELINE_DECAY=0.99 LOH_SURVIVAL_BINS=64 LOH_SURVIVAL_QUANTILE=0.99 LOH_SURVIVAL_MINCOUNT=1000 LOH_PENALTY_NET_GOOD_SCALE=1.0 LOH_PENALTY_NET_PENALTY_SCALE=1.0
1063,13,1,1301,bestcfg_penalty_3t_3m_20260207_000001__1063_013_r01,0,0.367923,0.348945,0.01,reciprocal,one_minus,1.0,5.88,9.59,0.997444,-3.00409,1.0,0.00271806,LOH_PARALLEL_SAFE=1 LOH_SKIP_PIP_INSTALL=1 LOH_SKIP_BUILD=1 LOH_DEBUG_LEVEL=1 CACHESIM_VERBOSE=0 CACHESIM_NUM_REQ=3000000 LOH_RL_ALGO=SAC LOH_ACTION_SCALE=1.0 LOH_SCORE_USE_COMPOUND=0 LOH_SCORE_USE_IRT=0 LOH_USE_SOFTMAX=0 LOH_USE_HEURISTIC_SIGNS=0 LOH_INCLUDE_HIT_MISS_FEATURES=0 LOH_INCLUDE_CACHE_FEATURES=0 LOH_INCLUDE_CANDIDATE_FEATURES=0 LOH_INCLUDE_TOPK_CANDIDATE_FEATURES=0 LOH_INCLUDE_AVGTOPK_CANDIDATE_FEATURES=0 LOH_INCLUDE_REQUEST=0 LOH_ENABLE_PENALTY=1 LOH_REWARD_USE_PENALTY=1 LOH_PENALTY_SCALE=reciprocal LOH_PENALTY_REWARD_FORMULA=one_minus LOH_REWARD_W_PENALTY=1.0 LOH_PENALTY_CUTOFF=0 LOH_PENALTY_DMAX=400000 LOH_PENALTY_EMPTY_AS_GOOD=1 LOH_PENALTY_REFINE_ON_LATE=1 LOH_PENALTY_NO_EVICT_REWARD=keep LOH_PENALTY_BASELINE_DECAY=0.99 LOH_SURVIVAL_BINS=64 LOH_SURVIVAL_QUANTILE=0.99 LOH_SURVIVAL_MINCOUNT=1000 LOH_PENALTY_NET_GOOD_SCALE=1.0 LOH_PENALTY_NET_PENALTY_SCALE=1.0
1063,14,1,1401,bestcfg_penalty_3t_3m_20260207_000001__1063_014_r01,0,0.36734,0.351561,0.01,reciprocal,neg,0.1,6.26,0.03,-0.00222017,-5.00639,-0.0,0.00254418,LOH_PARALLEL_SAFE=1 LOH_SKIP_PIP_INSTALL=1 LOH_SKIP_BUILD=1 LOH_DEBUG_LEVEL=1 CACHESIM_VERBOSE=0 CACHESIM_NUM_REQ=3000000 LOH_RL_ALGO=SAC LOH_ACTION_SCALE=1.0 LOH_SCORE_USE_COMPOUND=0 LOH_SCORE_USE_IRT=0 LOH_USE_SOFTMAX=0 LOH_USE_HEURISTIC_SIGNS=0 LOH_INCLUDE_HIT_MISS_FEATURES=0 LOH_INCLUDE_CACHE_FEATURES=0 LOH_INCLUDE_CANDIDATE_FEATURES=0 LOH_INCLUDE_TOPK_CANDIDATE_FEATURES=0 LOH_INCLUDE_AVGTOPK_CANDIDATE_FEATURES=0 LOH_INCLUDE_REQUEST=0 LOH_ENABLE_PENALTY=1 LOH_REWARD_USE_PENALTY=1 LOH_PENALTY_SCALE=reciprocal LOH_PENALTY_REWARD_FORMULA=neg LOH_REWARD_W_PENALTY=0.1 LOH_PENALTY_CUTOFF=0 LOH_PENALTY_DMAX=400000 LOH_PENALTY_EMPTY_AS_GOOD=1 LOH_PENALTY_REFINE_ON_LATE=1 LOH_PENALTY_NO_EVICT_REWARD=keep LOH_PENALTY_BASELINE_DECAY=0.99 LOH_SURVIVAL_BINS=64 LOH_SURVIVAL_QUANTILE=0.99 LOH_SURVIVAL_MINCOUNT=1000 LOH_PENALTY_NET_GOOD_SCALE=1.0 LOH_PENALTY_NET_PENALTY_SCALE=1.0
1063,15,1,1501,bestcfg_penalty_3t_3m_20260207_000001__1063_015_r01,0,0.366146,0.34951,0.01,reciprocal,neg,0.2,6.12,0.07,-0.0024604,-2.50622,-0.0,0.00290738,LOH_PARALLEL_SAFE=1 LOH_SKIP_PIP_INSTALL=1 LOH_SKIP_BUILD=1 LOH_DEBUG_LEVEL=1 CACHESIM_VERBOSE=0 CACHESIM_NUM_REQ=3000000 LOH_RL_ALGO=SAC LOH_ACTION_SCALE=1.0 LOH_SCORE_USE_COMPOUND=0 LOH_SCORE_USE_IRT=0 LOH_USE_SOFTMAX=0 LOH_USE_HEURISTIC_SIGNS=0 LOH_INCLUDE_HIT_MISS_FEATURES=0 LOH_INCLUDE_CACHE_FEATURES=0 LOH_INCLUDE_CANDIDATE_FEATURES=0 LOH_INCLUDE_TOPK_CANDIDATE_FEATURES=0 LOH_INCLUDE_AVGTOPK_CANDIDATE_FEATURES=0 LOH_INCLUDE_REQUEST=0 LOH_ENABLE_PENALTY=1 LOH_REWARD_USE_PENALTY=1 LOH_PENALTY_SCALE=reciprocal LOH_PENALTY_REWARD_FORMULA=neg LOH_REWARD_W_PENALTY=0.2 LOH_PENALTY_CUTOFF=0 LOH_PENALTY_DMAX=400000 LOH_PENALTY_EMPTY_AS_GOOD=1 LOH_PENALTY_REFINE_ON_LATE=1 LOH_PENALTY_NO_EVICT_REWARD=keep LOH_PENALTY_BASELINE_DECAY=0.99 LOH_SURVIVAL_BINS=64 LOH_SURVIVAL_QUANTILE=0.99 LOH_SURVIVAL_MINCOUNT=1000 LOH_PENALTY_NET_GOOD_SCALE=1.0 LOH_PENALTY_NET_PENALTY_SCALE=1.0
1063,16,1,1601,bestcfg_penalty_3t_3m_20260207_000001__1063_016_r01,0,0.367305,0.350096,0.01,reciprocal,neg,0.5,6.34,0.08,-0.00239965,-2.0103,-0.0,0.00258656,LOH_PARALLEL_SAFE=1 LOH_SKIP_PIP_INSTALL=1 LOH_SKIP_BUILD=1 LOH_DEBUG_LEVEL=1 CACHESIM_VERBOSE=0 CACHESIM_NUM_REQ=3000000 LOH_RL_ALGO=SAC LOH_ACTION_SCALE=1.0 LOH_SCORE_USE_COMPOUND=0 LOH_SCORE_USE_IRT=0 LOH_USE_SOFTMAX=0 LOH_USE_HEURISTIC_SIGNS=0 LOH_INCLUDE_HIT_MISS_FEATURES=0 LOH_INCLUDE_CACHE_FEATURES=0 LOH_INCLUDE_CANDIDATE_FEATURES=0 LOH_INCLUDE_TOPK_CANDIDATE_FEATURES=0 LOH_INCLUDE_AVGTOPK_CANDIDATE_FEATURES=0 LOH_INCLUDE_REQUEST=0 LOH_ENABLE_PENALTY=1 LOH_REWARD_USE_PENALTY=1 LOH_PENALTY_SCALE=reciprocal LOH_PENALTY_REWARD_FORMULA=neg LOH_REWARD_W_PENALTY=0.5 LOH_PENALTY_CUTOFF=0 LOH_PENALTY_DMAX=400000 LOH_PENALTY_EMPTY_AS_GOOD=1 LOH_PENALTY_REFINE_ON_LATE=1 LOH_PENALTY_NO_EVICT_REWARD=keep LOH_PENALTY_BASELINE_DECAY=0.99 LOH_SURVIVAL_BINS=64 LOH_SURVIVAL_QUANTILE=0.99 LOH_SURVIVAL_MINCOUNT=1000 LOH_PENALTY_NET_GOOD_SCALE=1.0 LOH_PENALTY_NET_PENALTY_SCALE=1.0
1063,17,1,1701,bestcfg_penalty_3t_3m_20260207_000001__1063_017_r01,0,0.366394,0.347735,0.01,reciprocal,neg,1.0,6.19,0.05,-0.00216552,-5.00035,-0.0,0.00257078,LOH_PARALLEL_SAFE=1 LOH_SKIP_PIP_INSTALL=1 LOH_SKIP_BUILD=1 LOH_DEBUG_LEVEL=1 CACHESIM_VERBOSE=0 CACHESIM_NUM_REQ=3000000 LOH_RL_ALGO=SAC LOH_ACTION_SCALE=1.0 LOH_SCORE_USE_COMPOUND=0 LOH_SCORE_USE_IRT=0 LOH_USE_SOFTMAX=0 LOH_USE_HEURISTIC_SIGNS=0 LOH_INCLUDE_HIT_MISS_FEATURES=0 LOH_INCLUDE_CACHE_FEATURES=0 LOH_INCLUDE_CANDIDATE_FEATURES=0 LOH_INCLUDE_TOPK_CANDIDATE_FEATURES=0 LOH_INCLUDE_AVGTOPK_CANDIDATE_FEATURES=0 LOH_INCLUDE_REQUEST=0 LOH_ENABLE_PENALTY=1 LOH_REWARD_USE_PENALTY=1 LOH_PENALTY_SCALE=reciprocal LOH_PENALTY_REWARD_FORMULA=neg LOH_REWARD_W_PENALTY=1.0 LOH_PENALTY_CUTOFF=0 LOH_PENALTY_DMAX=400000 LOH_PENALTY_EMPTY_AS_GOOD=1 LOH_PENALTY_REFINE_ON_LATE=1 LOH_PENALTY_NO_EVICT_REWARD=keep LOH_PENALTY_BASELINE_DECAY=0.99 LOH_SURVIVAL_BINS=64 LOH_SURVIVAL_QUANTILE=0.99 LOH_SURVIVAL_MINCOUNT=1000 LOH_PENALTY_NET_GOOD_SCALE=1.0 LOH_PENALTY_NET_PENALTY_SCALE=1.0
1063,18,1,1801,bestcfg_penalty_3t_3m_20260207_000001__1063_018_r01,0,0.367544,0.350971,0.01,reciprocal,net,1.0,5.83,0.05,-0.00223462,-6.0148,0.0,0.00272614,LOH_PARALLEL_SAFE=1 LOH_SKIP_PIP_INSTALL=1 LOH_SKIP_BUILD=1 LOH_DEBUG_LEVEL=1 CACHESIM_VERBOSE=0 CACHESIM_NUM_REQ=3000000 LOH_RL_ALGO=SAC LOH_ACTION_SCALE=1.0 LOH_SCORE_USE_COMPOUND=0 LOH_SCORE_USE_IRT=0 LOH_USE_SOFTMAX=0 LOH_USE_HEURISTIC_SIGNS=0 LOH_INCLUDE_HIT_MISS_FEATURES=0 LOH_INCLUDE_CACHE_FEATURES=0 LOH_INCLUDE_CANDIDATE_FEATURES=0 LOH_INCLUDE_TOPK_CANDIDATE_FEATURES=0 LOH_INCLUDE_AVGTOPK_CANDIDATE_FEATURES=0 LOH_INCLUDE_REQUEST=0 LOH_ENABLE_PENALTY=1 LOH_REWARD_USE_PENALTY=1 LOH_PENALTY_SCALE=reciprocal LOH_PENALTY_REWARD_FORMULA=net LOH_REWARD_W_PENALTY=1.0 LOH_PENALTY_CUTOFF=0 LOH_PENALTY_DMAX=400000 LOH_PENALTY_EMPTY_AS_GOOD=1 LOH_PENALTY_REFINE_ON_LATE=1 LOH_PENALTY_NO_EVICT_REWARD=keep LOH_PENALTY_BASELINE_DECAY=0.99 LOH_SURVIVAL_BINS=64 LOH_SURVIVAL_QUANTILE=0.99 LOH_SURVIVAL_MINCOUNT=1000 LOH_PENALTY_NET_GOOD_SCALE=1.0 LOH_PENALTY_NET_PENALTY_SCALE=1.0
1063,19,1,1901,bestcfg_penalty_3t_3m_20260207_000001__1063_019_r01,0,0.368904,0.34976,0.01,reciprocal,net,2.0,6.28,0.06,-0.00229007,-2.01158,0.0,0.00248419,LOH_PARALLEL_SAFE=1 LOH_SKIP_PIP_INSTALL=1 LOH_SKIP_BUILD=1 LOH_DEBUG_LEVEL=1 CACHESIM_VERBOSE=0 CACHESIM_NUM_REQ=3000000 LOH_RL_ALGO=SAC LOH_ACTION_SCALE=1.0 LOH_SCORE_USE_COMPOUND=0 LOH_SCORE_USE_IRT=0 LOH_USE_SOFTMAX=0 LOH_USE_HEURISTIC_SIGNS=0 LOH_INCLUDE_HIT_MISS_FEATURES=0 LOH_INCLUDE_CACHE_FEATURES=0 LOH_INCLUDE_CANDIDATE_FEATURES=0 LOH_INCLUDE_TOPK_CANDIDATE_FEATURES=0 LOH_INCLUDE_AVGTOPK_CANDIDATE_FEATURES=0 LOH_INCLUDE_REQUEST=0 LOH_ENABLE_PENALTY=1 LOH_REWARD_USE_PENALTY=1 LOH_PENALTY_SCALE=reciprocal LOH_PENALTY_REWARD_FORMULA=net LOH_REWARD_W_PENALTY=2.0 LOH_PENALTY_CUTOFF=0 LOH_PENALTY_DMAX=400000 LOH_PENALTY_EMPTY_AS_GOOD=1 LOH_PENALTY_REFINE_ON_LATE=1 LOH_PENALTY_NO_EVICT_REWARD=keep LOH_PENALTY_BASELINE_DECAY=0.99 LOH_SURVIVAL_BINS=64 LOH_SURVIVAL_QUANTILE=0.99 LOH_SURVIVAL_MINCOUNT=1000 LOH_PENALTY_NET_GOOD_SCALE=1.0 LOH_PENALTY_NET_PENALTY_SCALE=1.0
1063,20,1,2001,bestcfg_penalty_3t_3m_20260207_000001__1063_020_r01,0,0.366623,0.349273,0.01,reciprocal,net,3.0,5.76,0.03,-0.00195303,-1.00838,0.0,0.00195438,LOH_PARALLEL_SAFE=1 LOH_SKIP_PIP_INSTALL=1 LOH_SKIP_BUILD=1 LOH_DEBUG_LEVEL=1 CACHESIM_VERBOSE=0 CACHESIM_NUM_REQ=3000000 LOH_RL_ALGO=SAC LOH_ACTION_SCALE=1.0 LOH_SCORE_USE_COMPOUND=0 LOH_SCORE_USE_IRT=0 LOH_USE_SOFTMAX=0 LOH_USE_HEURISTIC_SIGNS=0 LOH_INCLUDE_HIT_MISS_FEATURES=0 LOH_INCLUDE_CACHE_FEATURES=0 LOH_INCLUDE_CANDIDATE_FEATURES=0 LOH_INCLUDE_TOPK_CANDIDATE_FEATURES=0 LOH_INCLUDE_AVGTOPK_CANDIDATE_FEATURES=0 LOH_INCLUDE_REQUEST=0 LOH_ENABLE_PENALTY=1 LOH_REWARD_USE_PENALTY=1 LOH_PENALTY_SCALE=reciprocal LOH_PENALTY_REWARD_FORMULA=net LOH_REWARD_W_PENALTY=3.0 LOH_PENALTY_CUTOFF=0 LOH_PENALTY_DMAX=400000 LOH_PENALTY_EMPTY_AS_GOOD=1 LOH_PENALTY_REFINE_ON_LATE=1 LOH_PENALTY_NO_EVICT_REWARD=keep LOH_PENALTY_BASELINE_DECAY=0.99 LOH_SURVIVAL_BINS=64 LOH_SURVIVAL_QUANTILE=0.99 LOH_SURVIVAL_MINCOUNT=1000 LOH_PENALTY_NET_GOOD_SCALE=1.0 LOH_PENALTY_NET_PENALTY_SCALE=1.0
1063,21,1,2101,bestcfg_penalty_3t_3m_20260207_000001__1063_021_r01,0,0.366508,0.34848,0.01,reciprocal,net2,1.0,6.03,100.0,-1.0,-12.0286,-1.0,0.00299061,LOH_PARALLEL_SAFE=1 LOH_SKIP_PIP_INSTALL=1 LOH_SKIP_BUILD=1 LOH_DEBUG_LEVEL=1 CACHESIM_VERBOSE=0 CACHESIM_NUM_REQ=3000000 LOH_RL_ALGO=SAC LOH_ACTION_SCALE=1.0 LOH_SCORE_USE_COMPOUND=0 LOH_SCORE_USE_IRT=0 LOH_USE_SOFTMAX=0 LOH_USE_HEURISTIC_SIGNS=0 LOH_INCLUDE_HIT_MISS_FEATURES=0 LOH_INCLUDE_CACHE_FEATURES=0 LOH_INCLUDE_CANDIDATE_FEATURES=0 LOH_INCLUDE_TOPK_CANDIDATE_FEATURES=0 LOH_INCLUDE_AVGTOPK_CANDIDATE_FEATURES=0 LOH_INCLUDE_REQUEST=0 LOH_ENABLE_PENALTY=1 LOH_REWARD_USE_PENALTY=1 LOH_PENALTY_SCALE=reciprocal LOH_PENALTY_REWARD_FORMULA=net2 LOH_REWARD_W_PENALTY=1.0 LOH_PENALTY_CUTOFF=0 LOH_PENALTY_DMAX=400000 LOH_PENALTY_EMPTY_AS_GOOD=1 LOH_PENALTY_REFINE_ON_LATE=1 LOH_PENALTY_NO_EVICT_REWARD=keep LOH_PENALTY_BASELINE_DECAY=0.99 LOH_SURVIVAL_BINS=64 LOH_SURVIVAL_QUANTILE=0.99 LOH_SURVIVAL_MINCOUNT=1000 LOH_PENALTY_NET_GOOD_SCALE=1.0 LOH_PENALTY_NET_PENALTY_SCALE=1.0
1063,22,1,2201,bestcfg_penalty_3t_3m_20260207_000001__1063_022_r01,0,0.369664,0.351998,0.01,reciprocal,net2,2.0,6.2,100.0,-1.0,-3.00355,-1.0,0.00223164,LOH_PARALLEL_SAFE=1 LOH_SKIP_PIP_INSTALL=1 LOH_SKIP_BUILD=1 LOH_DEBUG_LEVEL=1 CACHESIM_VERBOSE=0 CACHESIM_NUM_REQ=3000000 LOH_RL_ALGO=SAC LOH_ACTION_SCALE=1.0 LOH_SCORE_USE_COMPOUND=0 LOH_SCORE_USE_IRT=0 LOH_USE_SOFTMAX=0 LOH_USE_HEURISTIC_SIGNS=0 LOH_INCLUDE_HIT_MISS_FEATURES=0 LOH_INCLUDE_CACHE_FEATURES=0 LOH_INCLUDE_CANDIDATE_FEATURES=0 LOH_INCLUDE_TOPK_CANDIDATE_FEATURES=0 LOH_INCLUDE_AVGTOPK_CANDIDATE_FEATURES=0 LOH_INCLUDE_REQUEST=0 LOH_ENABLE_PENALTY=1 LOH_REWARD_USE_PENALTY=1 LOH_PENALTY_SCALE=reciprocal LOH_PENALTY_REWARD_FORMULA=net2 LOH_REWARD_W_PENALTY=2.0 LOH_PENALTY_CUTOFF=0 LOH_PENALTY_DMAX=400000 LOH_PENALTY_EMPTY_AS_GOOD=1 LOH_PENALTY_REFINE_ON_LATE=1 LOH_PENALTY_NO_EVICT_REWARD=keep LOH_PENALTY_BASELINE_DECAY=0.99 LOH_SURVIVAL_BINS=64 LOH_SURVIVAL_QUANTILE=0.99 LOH_SURVIVAL_MINCOUNT=1000 LOH_PENALTY_NET_GOOD_SCALE=1.0 LOH_PENALTY_NET_PENALTY_SCALE=1.0
1063,23,1,2301,bestcfg_penalty_3t_3m_20260207_000001__1063_023_r01,0,0.365227,0.347562,0.01,reciprocal,net2,3.0,5.96,100.0,-1.0,-3.00221,-1.0,0.00254755,LOH_PARALLEL_SAFE=1 LOH_SKIP_PIP_INSTALL=1 LOH_SKIP_BUILD=1 LOH_DEBUG_LEVEL=1 CACHESIM_VERBOSE=0 CACHESIM_NUM_REQ=3000000 LOH_RL_ALGO=SAC LOH_ACTION_SCALE=1.0 LOH_SCORE_USE_COMPOUND=0 LOH_SCORE_USE_IRT=0 LOH_USE_SOFTMAX=0 LOH_USE_HEURISTIC_SIGNS=0 LOH_INCLUDE_HIT_MISS_FEATURES=0 LOH_INCLUDE_CACHE_FEATURES=0 LOH_INCLUDE_CANDIDATE_FEATURES=0 LOH_INCLUDE_TOPK_CANDIDATE_FEATURES=0 LOH_INCLUDE_AVGTOPK_CANDIDATE_FEATURES=0 LOH_INCLUDE_REQUEST=0 LOH_ENABLE_PENALTY=1 LOH_REWARD_USE_PENALTY=1 LOH_PENALTY_SCALE=reciprocal LOH_PENALTY_REWARD_FORMULA=net2 LOH_REWARD_W_PENALTY=3.0 LOH_PENALTY_CUTOFF=0 LOH_PENALTY_DMAX=400000 LOH_PENALTY_EMPTY_AS_GOOD=1 LOH_PENALTY_REFINE_ON_LATE=1 LOH_PENALTY_NO_EVICT_REWARD=keep LOH_PENALTY_BASELINE_DECAY=0.99 LOH_SURVIVAL_BINS=64 LOH_SURVIVAL_QUANTILE=0.99 LOH_SURVIVAL_MINCOUNT=1000 LOH_PENALTY_NET_GOOD_SCALE=1.0 LOH_PENALTY_NET_PENALTY_SCALE=1.0
1063,24,1,2401,bestcfg_penalty_3t_3m_20260207_000001__1063_024_r01,0,0.370181,0.352802,0.01,log,relative,0.1,5.92,16.38,0.424872,-4782.3,1.0,0.201448,LOH_PARALLEL_SAFE=1 LOH_SKIP_PIP_INSTALL=1 LOH_SKIP_BUILD=1 LOH_DEBUG_LEVEL=1 CACHESIM_VERBOSE=0 CACHESIM_NUM_REQ=3000000 LOH_RL_ALGO=SAC LOH_ACTION_SCALE=1.0 LOH_SCORE_USE_COMPOUND=0 LOH_SCORE_USE_IRT=0 LOH_USE_SOFTMAX=0 LOH_USE_HEURISTIC_SIGNS=0 LOH_INCLUDE_HIT_MISS_FEATURES=0 LOH_INCLUDE_CACHE_FEATURES=0 LOH_INCLUDE_CANDIDATE_FEATURES=0 LOH_INCLUDE_TOPK_CANDIDATE_FEATURES=0 LOH_INCLUDE_AVGTOPK_CANDIDATE_FEATURES=0 LOH_INCLUDE_REQUEST=0 LOH_ENABLE_PENALTY=1 LOH_REWARD_USE_PENALTY=1 LOH_PENALTY_SCALE=log LOH_PENALTY_REWARD_FORMULA=relative LOH_REWARD_W_PENALTY=0.1 LOH_PENALTY_CUTOFF=0 LOH_PENALTY_DMAX=400000 LOH_PENALTY_EMPTY_AS_GOOD=1 LOH_PENALTY_REFINE_ON_LATE=1 LOH_PENALTY_NO_EVICT_REWARD=keep LOH_PENALTY_BASELINE_DECAY=0.99 LOH_SURVIVAL_BINS=64 LOH_SURVIVAL_QUANTILE=0.99 LOH_SURVIVAL_MINCOUNT=1000 LOH_PENALTY_NET_GOOD_SCALE=1.0 LOH_PENALTY_NET_PENALTY_SCALE=1.0
1063,25,1,2501,bestcfg_penalty_3t_3m_20260207_000001__1063_025_r01,0,0.366869,0.347319,0.01,log,relative,0.2,6.39,16.34,0.438548,-734.505,1.0,0.215288,LOH_PARALLEL_SAFE=1 LOH_SKIP_PIP_INSTALL=1 LOH_SKIP_BUILD=1 LOH_DEBUG_LEVEL=1 CACHESIM_VERBOSE=0 CACHESIM_NUM_REQ=3000000 LOH_RL_ALGO=SAC LOH_ACTION_SCALE=1.0 LOH_SCORE_USE_COMPOUND=0 LOH_SCORE_USE_IRT=0 LOH_USE_SOFTMAX=0 LOH_USE_HEURISTIC_SIGNS=0 LOH_INCLUDE_HIT_MISS_FEATURES=0 LOH_INCLUDE_CACHE_FEATURES=0 LOH_INCLUDE_CANDIDATE_FEATURES=0 LOH_INCLUDE_TOPK_CANDIDATE_FEATURES=0 LOH_INCLUDE_AVGTOPK_CANDIDATE_FEATURES=0 LOH_INCLUDE_REQUEST=0 LOH_ENABLE_PENALTY=1 LOH_REWARD_USE_PENALTY=1 LOH_PENALTY_SCALE=log LOH_PENALTY_REWARD_FORMULA=relative LOH_REWARD_W_PENALTY=0.2 LOH_PENALTY_CUTOFF=0 LOH_PENALTY_DMAX=400000 LOH_PENALTY_EMPTY_AS_GOOD=1 LOH_PENALTY_REFINE_ON_LATE=1 LOH_PENALTY_NO_EVICT_REWARD=keep LOH_PENALTY_BASELINE_DECAY=0.99 LOH_SURVIVAL_BINS=64 LOH_SURVIVAL_QUANTILE=0.99 LOH_SURVIVAL_MINCOUNT=1000 LOH_PENALTY_NET_GOOD_SCALE=1.0 LOH_PENALTY_NET_PENALTY_SCALE=1.0
1063,26,1,2601,bestcfg_penalty_3t_3m_20260207_000001__1063_026_r01,0,0.367854,0.349309,0.01,log,relative,0.5,6.95,16.87,0.449634,-225.097,1.0,0.224399,LOH_PARALLEL_SAFE=1 LOH_SKIP_PIP_INSTALL=1 LOH_SKIP_BUILD=1 LOH_DEBUG_LEVEL=1 CACHESIM_VERBOSE=0 CACHESIM_NUM_REQ=3000000 LOH_RL_ALGO=SAC LOH_ACTION_SCALE=1.0 LOH_SCORE_USE_COMPOUND=0 LOH_SCORE_USE_IRT=0 LOH_USE_SOFTMAX=0 LOH_USE_HEURISTIC_SIGNS=0 LOH_INCLUDE_HIT_MISS_FEATURES=0 LOH_INCLUDE_CACHE_FEATURES=0 LOH_INCLUDE_CANDIDATE_FEATURES=0 LOH_INCLUDE_TOPK_CANDIDATE_FEATURES=0 LOH_INCLUDE_AVGTOPK_CANDIDATE_FEATURES=0 LOH_INCLUDE_REQUEST=0 LOH_ENABLE_PENALTY=1 LOH_REWARD_USE_PENALTY=1 LOH_PENALTY_SCALE=log LOH_PENALTY_REWARD_FORMULA=relative LOH_REWARD_W_PENALTY=0.5 LOH_PENALTY_CUTOFF=0 LOH_PENALTY_DMAX=400000 LOH_PENALTY_EMPTY_AS_GOOD=1 LOH_PENALTY_REFINE_ON_LATE=1 LOH_PENALTY_NO_EVICT_REWARD=keep LOH_PENALTY_BASELINE_DECAY=0.99 LOH_SURVIVAL_BINS=64 LOH_SURVIVAL_QUANTILE=0.99 LOH_SURVIVAL_MINCOUNT=1000 LOH_PENALTY_NET_GOOD_SCALE=1.0 LOH_PENALTY_NET_PENALTY_SCALE=1.0
1063,27,1,2701,bestcfg_penalty_3t_3m_20260207_000001__1063_027_r01,0,0.375798,0.356483,0.01,log,relative,1.0,5.89,16.08,0.440385,-8007.44,1.0,0.213007,LOH_PARALLEL_SAFE=1 LOH_SKIP_PIP_INSTALL=1 LOH_SKIP_BUILD=1 LOH_DEBUG_LEVEL=1 CACHESIM_VERBOSE=0 CACHESIM_NUM_REQ=3000000 LOH_RL_ALGO=SAC LOH_ACTION_SCALE=1.0 LOH_SCORE_USE_COMPOUND=0 LOH_SCORE_USE_IRT=0 LOH_USE_SOFTMAX=0 LOH_USE_HEURISTIC_SIGNS=0 LOH_INCLUDE_HIT_MISS_FEATURES=0 LOH_INCLUDE_CACHE_FEATURES=0 LOH_INCLUDE_CANDIDATE_FEATURES=0 LOH_INCLUDE_TOPK_CANDIDATE_FEATURES=0 LOH_INCLUDE_AVGTOPK_CANDIDATE_FEATURES=0 LOH_INCLUDE_REQUEST=0 LOH_ENABLE_PENALTY=1 LOH_REWARD_USE_PENALTY=1 LOH_PENALTY_SCALE=log LOH_PENALTY_REWARD_FORMULA=relative LOH_REWARD_W_PENALTY=1.0 LOH_PENALTY_CUTOFF=0 LOH_PENALTY_DMAX=400000 LOH_PENALTY_EMPTY_AS_GOOD=1 LOH_PENALTY_REFINE_ON_LATE=1 LOH_PENALTY_NO_EVICT_REWARD=keep LOH_PENALTY_BASELINE_DECAY=0.99 LOH_SURVIVAL_BINS=64 LOH_SURVIVAL_QUANTILE=0.99 LOH_SURVIVAL_MINCOUNT=1000 LOH_PENALTY_NET_GOOD_SCALE=1.0 LOH_PENALTY_NET_PENALTY_SCALE=1.0
1063,28,1,2801,bestcfg_penalty_3t_3m_20260207_000001__1063_028_r01,0,0.369114,0.350849,0.01,log,centered,0.1,5.89,9.76,0.703576,-35.0048,1.0,0.205097,LOH_PARALLEL_SAFE=1 LOH_SKIP_PIP_INSTALL=1 LOH_SKIP_BUILD=1 LOH_DEBUG_LEVEL=1 CACHESIM_VERBOSE=0 CACHESIM_NUM_REQ=3000000 LOH_RL_ALGO=SAC LOH_ACTION_SCALE=1.0 LOH_SCORE_USE_COMPOUND=0 LOH_SCORE_USE_IRT=0 LOH_USE_SOFTMAX=0 LOH_USE_HEURISTIC_SIGNS=0 LOH_INCLUDE_HIT_MISS_FEATURES=0 LOH_INCLUDE_CACHE_FEATURES=0 LOH_INCLUDE_CANDIDATE_FEATURES=0 LOH_INCLUDE_TOPK_CANDIDATE_FEATURES=0 LOH_INCLUDE_AVGTOPK_CANDIDATE_FEATURES=0 LOH_INCLUDE_REQUEST=0 LOH_ENABLE_PENALTY=1 LOH_REWARD_USE_PENALTY=1 LOH_PENALTY_SCALE=log LOH_PENALTY_REWARD_FORMULA=centered LOH_REWARD_W_PENALTY=0.1 LOH_PENALTY_CUTOFF=0 LOH_PENALTY_DMAX=400000 LOH_PENALTY_EMPTY_AS_GOOD=1 LOH_PENALTY_REFINE_ON_LATE=1 LOH_PENALTY_NO_EVICT_REWARD=keep LOH_PENALTY_BASELINE_DECAY=0.99 LOH_SURVIVAL_BINS=64 LOH_SURVIVAL_QUANTILE=0.99 LOH_SURVIVAL_MINCOUNT=1000 LOH_PENALTY_NET_GOOD_SCALE=1.0 LOH_PENALTY_NET_PENALTY_SCALE=1.0
1063,29,1,2901,bestcfg_penalty_3t_3m_20260207_000001__1063_029_r01,0,0.367546,0.350845,0.01,log,centered,0.2,6.08,9.95,0.703956,-85.2407,1.0,0.206079,LOH_PARALLEL_SAFE=1 LOH_SKIP_PIP_INSTALL=1 LOH_SKIP_BUILD=1 LOH_DEBUG_LEVEL=1 CACHESIM_VERBOSE=0 CACHESIM_NUM_REQ=3000000 LOH_RL_ALGO=SAC LOH_ACTION_SCALE=1.0 LOH_SCORE_USE_COMPOUND=0 LOH_SCORE_USE_IRT=0 LOH_USE_SOFTMAX=0 LOH_USE_HEURISTIC_SIGNS=0 LOH_INCLUDE_HIT_MISS_FEATURES=0 LOH_INCLUDE_CACHE_FEATURES=0 LOH_INCLUDE_CANDIDATE_FEATURES=0 LOH_INCLUDE_TOPK_CANDIDATE_FEATURES=0 LOH_INCLUDE_AVGTOPK_CANDIDATE_FEATURES=0 LOH_INCLUDE_REQUEST=0 LOH_ENABLE_PENALTY=1 LOH_REWARD_USE_PENALTY=1 LOH_PENALTY_SCALE=log LOH_PENALTY_REWARD_FORMULA=centered LOH_REWARD_W_PENALTY=0.2 LOH_PENALTY_CUTOFF=0 LOH_PENALTY_DMAX=400000 LOH_PENALTY_EMPTY_AS_GOOD=1 LOH_PENALTY_REFINE_ON_LATE=1 LOH_PENALTY_NO_EVICT_REWARD=keep LOH_PENALTY_BASELINE_DECAY=0.99 LOH_SURVIVAL_BINS=64 LOH_SURVIVAL_QUANTILE=0.99 LOH_SURVIVAL_MINCOUNT=1000 LOH_PENALTY_NET_GOOD_SCALE=1.0 LOH_PENALTY_NET_PENALTY_SCALE=1.0
1063,30,1,3001,bestcfg_penalty_3t_3m_20260207_000001__1063_030_r01,0,0.369085,0.349226,0.01,log,centered,0.5,6.06,10.6,0.696647,-50.8219,1.0,0.220408,LOH_PARALLEL_SAFE=1 LOH_SKIP_PIP_INSTALL=1 LOH_SKIP_BUILD=1 LOH_DEBUG_LEVEL=1 CACHESIM_VERBOSE=0 CACHESIM_NUM_REQ=3000000 LOH_RL_ALGO=SAC LOH_ACTION_SCALE=1.0 LOH_SCORE_USE_COMPOUND=0 LOH_SCORE_USE_IRT=0 LOH_USE_SOFTMAX=0 LOH_USE_HEURISTIC_SIGNS=0 LOH_INCLUDE_HIT_MISS_FEATURES=0 LOH_INCLUDE_CACHE_FEATURES=0 LOH_INCLUDE_CANDIDATE_FEATURES=0 LOH_INCLUDE_TOPK_CANDIDATE_FEATURES=0 LOH_INCLUDE_AVGTOPK_CANDIDATE_FEATURES=0 LOH_INCLUDE_REQUEST=0 LOH_ENABLE_PENALTY=1 LOH_REWARD_USE_PENALTY=1 LOH_PENALTY_SCALE=log LOH_PENALTY_REWARD_FORMULA=centered LOH_REWARD_W_PENALTY=0.5 LOH_PENALTY_CUTOFF=0 LOH_PENALTY_DMAX=400000 LOH_PENALTY_EMPTY_AS_GOOD=1 LOH_PENALTY_REFINE_ON_LATE=1 LOH_PENALTY_NO_EVICT_REWARD=keep LOH_PENALTY_BASELINE_DECAY=0.99 LOH_SURVIVAL_BINS=64 LOH_SURVIVAL_QUANTILE=0.99 LOH_SURVIVAL_MINCOUNT=1000 LOH_PENALTY_NET_GOOD_SCALE=1.0 LOH_PENALTY_NET_PENALTY_SCALE=1.0
1063,31,1,3101,bestcfg_penalty_3t_3m_20260207_000001__1063_031_r01,0,0.372207,0.353575,0.01,log,centered,1.0,5.7,9.69,0.707852,-75.0847,1.0,0.209739,LOH_PARALLEL_SAFE=1 LOH_SKIP_PIP_INSTALL=1 LOH_SKIP_BUILD=1 LOH_DEBUG_LEVEL=1 CACHESIM_VERBOSE=0 CACHESIM_NUM_REQ=3000000 LOH_RL_ALGO=SAC LOH_ACTION_SCALE=1.0 LOH_SCORE_USE_COMPOUND=0 LOH_SCORE_USE_IRT=0 LOH_USE_SOFTMAX=0 LOH_USE_HEURISTIC_SIGNS=0 LOH_INCLUDE_HIT_MISS_FEATURES=0 LOH_INCLUDE_CACHE_FEATURES=0 LOH_INCLUDE_CANDIDATE_FEATURES=0 LOH_INCLUDE_TOPK_CANDIDATE_FEATURES=0 LOH_INCLUDE_AVGTOPK_CANDIDATE_FEATURES=0 LOH_INCLUDE_REQUEST=0 LOH_ENABLE_PENALTY=1 LOH_REWARD_USE_PENALTY=1 LOH_PENALTY_SCALE=log LOH_PENALTY_REWARD_FORMULA=centered LOH_REWARD_W_PENALTY=1.0 LOH_PENALTY_CUTOFF=0 LOH_PENALTY_DMAX=400000 LOH_PENALTY_EMPTY_AS_GOOD=1 LOH_PENALTY_REFINE_ON_LATE=1 LOH_PENALTY_NO_EVICT_REWARD=keep LOH_PENALTY_BASELINE_DECAY=0.99 LOH_SURVIVAL_BINS=64 LOH_SURVIVAL_QUANTILE=0.99 LOH_SURVIVAL_MINCOUNT=1000 LOH_PENALTY_NET_GOOD_SCALE=1.0 LOH_PENALTY_NET_PENALTY_SCALE=1.0
1063,32,1,3201,bestcfg_penalty_3t_3m_20260207_000001__1063_032_r01,0,0.368406,0.349073,0.01,log,one_minus,0.1,5.81,7.27,0.828602,-28.953,1.0,0.204489,LOH_PARALLEL_SAFE=1 LOH_SKIP_PIP_INSTALL=1 LOH_SKIP_BUILD=1 LOH_DEBUG_LEVEL=1 CACHESIM_VERBOSE=0 CACHESIM_NUM_REQ=3000000 LOH_RL_ALGO=SAC LOH_ACTION_SCALE=1.0 LOH_SCORE_USE_COMPOUND=0 LOH_SCORE_USE_IRT=0 LOH_USE_SOFTMAX=0 LOH_USE_HEURISTIC_SIGNS=0 LOH_INCLUDE_HIT_MISS_FEATURES=0 LOH_INCLUDE_CACHE_FEATURES=0 LOH_INCLUDE_CANDIDATE_FEATURES=0 LOH_INCLUDE_TOPK_CANDIDATE_FEATURES=0 LOH_INCLUDE_AVGTOPK_CANDIDATE_FEATURES=0 LOH_INCLUDE_REQUEST=0 LOH_ENABLE_PENALTY=1 LOH_REWARD_USE_PENALTY=1 LOH_PENALTY_SCALE=log LOH_PENALTY_REWARD_FORMULA=one_minus LOH_REWARD_W_PENALTY=0.1 LOH_PENALTY_CUTOFF=0 LOH_PENALTY_DMAX=400000 LOH_PENALTY_EMPTY_AS_GOOD=1 LOH_PENALTY_REFINE_ON_LATE=1 LOH_PENALTY_NO_EVICT_REWARD=keep LOH_PENALTY_BASELINE_DECAY=0.99 LOH_SURVIVAL_BINS=64 LOH_SURVIVAL_QUANTILE=0.99 LOH_SURVIVAL_MINCOUNT=1000 LOH_PENALTY_NET_GOOD_SCALE=1.0 LOH_PENALTY_NET_PENALTY_SCALE=1.0
1063,33,1,3301,bestcfg_penalty_3t_3m_20260207_000001__1063_033_r01,0,0.367484,0.349187,0.01,log,one_minus,0.2,6.53,8.13,0.827834,-46.7439,1.0,0.211038,LOH_PARALLEL_SAFE=1 LOH_SKIP_PIP_INSTALL=1 LOH_SKIP_BUILD=1 LOH_DEBUG_LEVEL=1 CACHESIM_VERBOSE=0 CACHESIM_NUM_REQ=3000000 LOH_RL_ALGO=SAC LOH_ACTION_SCALE=1.0 LOH_SCORE_USE_COMPOUND=0 LOH_SCORE_USE_IRT=0 LOH_USE_SOFTMAX=0 LOH_USE_HEURISTIC_SIGNS=0 LOH_INCLUDE_HIT_MISS_FEATURES=0 LOH_INCLUDE_CACHE_FEATURES=0 LOH_INCLUDE_CANDIDATE_FEATURES=0 LOH_INCLUDE_TOPK_CANDIDATE_FEATURES=0 LOH_INCLUDE_AVGTOPK_CANDIDATE_FEATURES=0 LOH_INCLUDE_REQUEST=0 LOH_ENABLE_PENALTY=1 LOH_REWARD_USE_PENALTY=1 LOH_PENALTY_SCALE=log LOH_PENALTY_REWARD_FORMULA=one_minus LOH_REWARD_W_PENALTY=0.2 LOH_PENALTY_CUTOFF=0 LOH_PENALTY_DMAX=400000 LOH_PENALTY_EMPTY_AS_GOOD=1 LOH_PENALTY_REFINE_ON_LATE=1 LOH_PENALTY_NO_EVICT_REWARD=keep LOH_PENALTY_BASELINE_DECAY=0.99 LOH_SURVIVAL_BINS=64 LOH_SURVIVAL_QUANTILE=0.99 LOH_SURVIVAL_MINCOUNT=1000 LOH_PENALTY_NET_GOOD_SCALE=1.0 LOH_PENALTY_NET_PENALTY_SCALE=1.0
1063,34,1,3401,bestcfg_penalty_3t_3m_20260207_000001__1063_034_r01,0,0.366341,0.348461,0.01,log,one_minus,0.5,5.97,7.6,0.829498,-21.1512,1.0,0.20527,LOH_PARALLEL_SAFE=1 LOH_SKIP_PIP_INSTALL=1 LOH_SKIP_BUILD=1 LOH_DEBUG_LEVEL=1 CACHESIM_VERBOSE=0 CACHESIM_NUM_REQ=3000000 LOH_RL_ALGO=SAC LOH_ACTION_SCALE=1.0 LOH_SCORE_USE_COMPOUND=0 LOH_SCORE_USE_IRT=0 LOH_USE_SOFTMAX=0 LOH_USE_HEURISTIC_SIGNS=0 LOH_INCLUDE_HIT_MISS_FEATURES=0 LOH_INCLUDE_CACHE_FEATURES=0 LOH_INCLUDE_CANDIDATE_FEATURES=0 LOH_INCLUDE_TOPK_CANDIDATE_FEATURES=0 LOH_INCLUDE_AVGTOPK_CANDIDATE_FEATURES=0 LOH_INCLUDE_REQUEST=0 LOH_ENABLE_PENALTY=1 LOH_REWARD_USE_PENALTY=1 LOH_PENALTY_SCALE=log LOH_PENALTY_REWARD_FORMULA=one_minus LOH_REWARD_W_PENALTY=0.5 LOH_PENALTY_CUTOFF=0 LOH_PENALTY_DMAX=400000 LOH_PENALTY_EMPTY_AS_GOOD=1 LOH_PENALTY_REFINE_ON_LATE=1 LOH_PENALTY_NO_EVICT_REWARD=keep LOH_PENALTY_BASELINE_DECAY=0.99 LOH_SURVIVAL_BINS=64 LOH_SURVIVAL_QUANTILE=0.99 LOH_SURVIVAL_MINCOUNT=1000 LOH_PENALTY_NET_GOOD_SCALE=1.0 LOH_PENALTY_NET_PENALTY_SCALE=1.0
1063,35,1,3501,bestcfg_penalty_3t_3m_20260207_000001__1063_035_r01,0,0.368602,0.349978,0.01,log,one_minus,1.0,6.26,7.97,0.826633,-29.0367,1.0,0.209869,LOH_PARALLEL_SAFE=1 LOH_SKIP_PIP_INSTALL=1 LOH_SKIP_BUILD=1 LOH_DEBUG_LEVEL=1 CACHESIM_VERBOSE=0 CACHESIM_NUM_REQ=3000000 LOH_RL_ALGO=SAC LOH_ACTION_SCALE=1.0 LOH_SCORE_USE_COMPOUND=0 LOH_SCORE_USE_IRT=0 LOH_USE_SOFTMAX=0 LOH_USE_HEURISTIC_SIGNS=0 LOH_INCLUDE_HIT_MISS_FEATURES=0 LOH_INCLUDE_CACHE_FEATURES=0 LOH_INCLUDE_CANDIDATE_FEATURES=0 LOH_INCLUDE_TOPK_CANDIDATE_FEATURES=0 LOH_INCLUDE_AVGTOPK_CANDIDATE_FEATURES=0 LOH_INCLUDE_REQUEST=0 LOH_ENABLE_PENALTY=1 LOH_REWARD_USE_PENALTY=1 LOH_PENALTY_SCALE=log LOH_PENALTY_REWARD_FORMULA=one_minus LOH_REWARD_W_PENALTY=1.0 LOH_PENALTY_CUTOFF=0 LOH_PENALTY_DMAX=400000 LOH_PENALTY_EMPTY_AS_GOOD=1 LOH_PENALTY_REFINE_ON_LATE=1 LOH_PENALTY_NO_EVICT_REWARD=keep LOH_PENALTY_BASELINE_DECAY=0.99 LOH_SURVIVAL_BINS=64 LOH_SURVIVAL_QUANTILE=0.99 LOH_SURVIVAL_MINCOUNT=1000 LOH_PENALTY_NET_GOOD_SCALE=1.0 LOH_PENALTY_NET_PENALTY_SCALE=1.0
1063,36,1,3601,bestcfg_penalty_3t_3m_20260207_000001__1063_036_r01,0,0.364813,0.346123,0.01,log,neg,0.1,6.08,3.55,-0.14374,-24.4418,-0.0,0.194426,LOH_PARALLEL_SAFE=1 LOH_SKIP_PIP_INSTALL=1 LOH_SKIP_BUILD=1 LOH_DEBUG_LEVEL=1 CACHESIM_VERBOSE=0 CACHESIM_NUM_REQ=3000000 LOH_RL_ALGO=SAC LOH_ACTION_SCALE=1.0 LOH_SCORE_USE_COMPOUND=0 LOH_SCORE_USE_IRT=0 LOH_USE_SOFTMAX=0 LOH_USE_HEURISTIC_SIGNS=0 LOH_INCLUDE_HIT_MISS_FEATURES=0 LOH_INCLUDE_CACHE_FEATURES=0 LOH_INCLUDE_CANDIDATE_FEATURES=0 LOH_INCLUDE_TOPK_CANDIDATE_FEATURES=0 LOH_INCLUDE_AVGTOPK_CANDIDATE_FEATURES=0 LOH_INCLUDE_REQUEST=0 LOH_ENABLE_PENALTY=1 LOH_REWARD_USE_PENALTY=1 LOH_PENALTY_SCALE=log LOH_PENALTY_REWARD_FORMULA=neg LOH_REWARD_W_PENALTY=0.1 LOH_PENALTY_CUTOFF=0 LOH_PENALTY_DMAX=400000 LOH_PENALTY_EMPTY_AS_GOOD=1 LOH_PENALTY_REFINE_ON_LATE=1 LOH_PENALTY_NO_EVICT_REWARD=keep LOH_PENALTY_BASELINE_DECAY=0.99 LOH_SURVIVAL_BINS=64 LOH_SURVIVAL_QUANTILE=0.99 LOH_SURVIVAL_MINCOUNT=1000 LOH_PENALTY_NET_GOOD_SCALE=1.0 LOH_PENALTY_NET_PENALTY_SCALE=1.0
1063,37,1,3701,bestcfg_penalty_3t_3m_20260207_000001__1063_037_r01,0,0.366913,0.347635,0.01,log,neg,0.2,6.1,3.84,-0.145595,-30.2309,-0.0,0.207895,LOH_PARALLEL_SAFE=1 LOH_SKIP_PIP_INSTALL=1 LOH_SKIP_BUILD=1 LOH_DEBUG_LEVEL=1 CACHESIM_VERBOSE=0 CACHESIM_NUM_REQ=3000000 LOH_RL_ALGO=SAC LOH_ACTION_SCALE=1.0 LOH_SCORE_USE_COMPOUND=0 LOH_SCORE_USE_IRT=0 LOH_USE_SOFTMAX=0 LOH_USE_HEURISTIC_SIGNS=0 LOH_INCLUDE_HIT_MISS_FEATURES=0 LOH_INCLUDE_CACHE_FEATURES=0 LOH_INCLUDE_CANDIDATE_FEATURES=0 LOH_INCLUDE_TOPK_CANDIDATE_FEATURES=0 LOH_INCLUDE_AVGTOPK_CANDIDATE_FEATURES=0 LOH_INCLUDE_REQUEST=0 LOH_ENABLE_PENALTY=1 LOH_REWARD_USE_PENALTY=1 LOH_PENALTY_SCALE=log LOH_PENALTY_REWARD_FORMULA=neg LOH_REWARD_W_PENALTY=0.2 LOH_PENALTY_CUTOFF=0 LOH_PENALTY_DMAX=400000 LOH_PENALTY_EMPTY_AS_GOOD=1 LOH_PENALTY_REFINE_ON_LATE=1 LOH_PENALTY_NO_EVICT_REWARD=keep LOH_PENALTY_BASELINE_DECAY=0.99 LOH_SURVIVAL_BINS=64 LOH_SURVIVAL_QUANTILE=0.99 LOH_SURVIVAL_MINCOUNT=1000 LOH_PENALTY_NET_GOOD_SCALE=1.0 LOH_PENALTY_NET_PENALTY_SCALE=1.0
1063,38,1,3801,bestcfg_penalty_3t_3m_20260207_000001__1063_038_r01,0,0.369433,0.351733,0.01,log,neg,0.5,5.72,3.87,-0.147241,-34.5882,-0.0,0.21051,LOH_PARALLEL_SAFE=1 LOH_SKIP_PIP_INSTALL=1 LOH_SKIP_BUILD=1 LOH_DEBUG_LEVEL=1 CACHESIM_VERBOSE=0 CACHESIM_NUM_REQ=3000000 LOH_RL_ALGO=SAC LOH_ACTION_SCALE=1.0 LOH_SCORE_USE_COMPOUND=0 LOH_SCORE_USE_IRT=0 LOH_USE_SOFTMAX=0 LOH_USE_HEURISTIC_SIGNS=0 LOH_INCLUDE_HIT_MISS_FEATURES=0 LOH_INCLUDE_CACHE_FEATURES=0 LOH_INCLUDE_CANDIDATE_FEATURES=0 LOH_INCLUDE_TOPK_CANDIDATE_FEATURES=0 LOH_INCLUDE_AVGTOPK_CANDIDATE_FEATURES=0 LOH_INCLUDE_REQUEST=0 LOH_ENABLE_PENALTY=1 LOH_REWARD_USE_PENALTY=1 LOH_PENALTY_SCALE=log LOH_PENALTY_REWARD_FORMULA=neg LOH_REWARD_W_PENALTY=0.5 LOH_PENALTY_CUTOFF=0 LOH_PENALTY_DMAX=400000 LOH_PENALTY_EMPTY_AS_GOOD=1 LOH_PENALTY_REFINE_ON_LATE=1 LOH_PENALTY_NO_EVICT_REWARD=keep LOH_PENALTY_BASELINE_DECAY=0.99 LOH_SURVIVAL_BINS=64 LOH_SURVIVAL_QUANTILE=0.99 LOH_SURVIVAL_MINCOUNT=1000 LOH_PENALTY_NET_GOOD_SCALE=1.0 LOH_PENALTY_NET_PENALTY_SCALE=1.0
1063,39,1,3901,bestcfg_penalty_3t_3m_20260207_000001__1063_039_r01,0,0.37179,0.353908,0.01,log,neg,1.0,5.94,3.9,-0.147483,-23.5017,-0.0,0.199757,LOH_PARALLEL_SAFE=1 LOH_SKIP_PIP_INSTALL=1 LOH_SKIP_BUILD=1 LOH_DEBUG_LEVEL=1 CACHESIM_VERBOSE=0 CACHESIM_NUM_REQ=3000000 LOH_RL_ALGO=SAC LOH_ACTION_SCALE=1.0 LOH_SCORE_USE_COMPOUND=0 LOH_SCORE_USE_IRT=0 LOH_USE_SOFTMAX=0 LOH_USE_HEURISTIC_SIGNS=0 LOH_INCLUDE_HIT_MISS_FEATURES=0 LOH_INCLUDE_CACHE_FEATURES=0 LOH_INCLUDE_CANDIDATE_FEATURES=0 LOH_INCLUDE_TOPK_CANDIDATE_FEATURES=0 LOH_INCLUDE_AVGTOPK_CANDIDATE_FEATURES=0 LOH_INCLUDE_REQUEST=0 LOH_ENABLE_PENALTY=1 LOH_REWARD_USE_PENALTY=1 LOH_PENALTY_SCALE=log LOH_PENALTY_REWARD_FORMULA=neg LOH_REWARD_W_PENALTY=1.0 LOH_PENALTY_CUTOFF=0 LOH_PENALTY_DMAX=400000 LOH_PENALTY_EMPTY_AS_GOOD=1 LOH_PENALTY_REFINE_ON_LATE=1 LOH_PENALTY_NO_EVICT_REWARD=keep LOH_PENALTY_BASELINE_DECAY=0.99 LOH_SURVIVAL_BINS=64 LOH_SURVIVAL_QUANTILE=0.99 LOH_SURVIVAL_MINCOUNT=1000 LOH_PENALTY_NET_GOOD_SCALE=1.0 LOH_PENALTY_NET_PENALTY_SCALE=1.0
1063,40,1,4001,bestcfg_penalty_3t_3m_20260207_000001__1063_040_r01,0,0.368623,0.349023,0.01,log,net,1.0,5.8,3.75,-0.146244,-29.7898,0.0,0.210135,LOH_PARALLEL_SAFE=1 LOH_SKIP_PIP_INSTALL=1 LOH_SKIP_BUILD=1 LOH_DEBUG_LEVEL=1 CACHESIM_VERBOSE=0 CACHESIM_NUM_REQ=3000000 LOH_RL_ALGO=SAC LOH_ACTION_SCALE=1.0 LOH_SCORE_USE_COMPOUND=0 LOH_SCORE_USE_IRT=0 LOH_USE_SOFTMAX=0 LOH_USE_HEURISTIC_SIGNS=0 LOH_INCLUDE_HIT_MISS_FEATURES=0 LOH_INCLUDE_CACHE_FEATURES=0 LOH_INCLUDE_CANDIDATE_FEATURES=0 LOH_INCLUDE_TOPK_CANDIDATE_FEATURES=0 LOH_INCLUDE_AVGTOPK_CANDIDATE_FEATURES=0 LOH_INCLUDE_REQUEST=0 LOH_ENABLE_PENALTY=1 LOH_REWARD_USE_PENALTY=1 LOH_PENALTY_SCALE=log LOH_PENALTY_REWARD_FORMULA=net LOH_REWARD_W_PENALTY=1.0 LOH_PENALTY_CUTOFF=0 LOH_PENALTY_DMAX=400000 LOH_PENALTY_EMPTY_AS_GOOD=1 LOH_PENALTY_REFINE_ON_LATE=1 LOH_PENALTY_NO_EVICT_REWARD=keep LOH_PENALTY_BASELINE_DECAY=0.99 LOH_SURVIVAL_BINS=64 LOH_SURVIVAL_QUANTILE=0.99 LOH_SURVIVAL_MINCOUNT=1000 LOH_PENALTY_NET_GOOD_SCALE=1.0 LOH_PENALTY_NET_PENALTY_SCALE=1.0
1063,41,1,4101,bestcfg_penalty_3t_3m_20260207_000001__1063_041_r01,0,0.371308,0.353386,0.01,log,net,2.0,5.65,3.79,-0.143764,-23.4567,0.0,0.200303,LOH_PARALLEL_SAFE=1 LOH_SKIP_PIP_INSTALL=1 LOH_SKIP_BUILD=1 LOH_DEBUG_LEVEL=1 CACHESIM_VERBOSE=0 CACHESIM_NUM_REQ=3000000 LOH_RL_ALGO=SAC LOH_ACTION_SCALE=1.0 LOH_SCORE_USE_COMPOUND=0 LOH_SCORE_USE_IRT=0 LOH_USE_SOFTMAX=0 LOH_USE_HEURISTIC_SIGNS=0 LOH_INCLUDE_HIT_MISS_FEATURES=0 LOH_INCLUDE_CACHE_FEATURES=0 LOH_INCLUDE_CANDIDATE_FEATURES=0 LOH_INCLUDE_TOPK_CANDIDATE_FEATURES=0 LOH_INCLUDE_AVGTOPK_CANDIDATE_FEATURES=0 LOH_INCLUDE_REQUEST=0 LOH_ENABLE_PENALTY=1 LOH_REWARD_USE_PENALTY=1 LOH_PENALTY_SCALE=log LOH_PENALTY_REWARD_FORMULA=net LOH_REWARD_W_PENALTY=2.0 LOH_PENALTY_CUTOFF=0 LOH_PENALTY_DMAX=400000 LOH_PENALTY_EMPTY_AS_GOOD=1 LOH_PENALTY_REFINE_ON_LATE=1 LOH_PENALTY_NO_EVICT_REWARD=keep LOH_PENALTY_BASELINE_DECAY=0.99 LOH_SURVIVAL_BINS=64 LOH_SURVIVAL_QUANTILE=0.99 LOH_SURVIVAL_MINCOUNT=1000 LOH_PENALTY_NET_GOOD_SCALE=1.0 LOH_PENALTY_NET_PENALTY_SCALE=1.0
1063,42,1,4201,bestcfg_penalty_3t_3m_20260207_000001__1063_042_r01,0,0.371115,0.353256,0.01,log,net,3.0,6.08,4.16,-0.149363,-33.9528,0.0,0.215942,LOH_PARALLEL_SAFE=1 LOH_SKIP_PIP_INSTALL=1 LOH_SKIP_BUILD=1 LOH_DEBUG_LEVEL=1 CACHESIM_VERBOSE=0 CACHESIM_NUM_REQ=3000000 LOH_RL_ALGO=SAC LOH_ACTION_SCALE=1.0 LOH_SCORE_USE_COMPOUND=0 LOH_SCORE_USE_IRT=0 LOH_USE_SOFTMAX=0 LOH_USE_HEURISTIC_SIGNS=0 LOH_INCLUDE_HIT_MISS_FEATURES=0 LOH_INCLUDE_CACHE_FEATURES=0 LOH_INCLUDE_CANDIDATE_FEATURES=0 LOH_INCLUDE_TOPK_CANDIDATE_FEATURES=0 LOH_INCLUDE_AVGTOPK_CANDIDATE_FEATURES=0 LOH_INCLUDE_REQUEST=0 LOH_ENABLE_PENALTY=1 LOH_REWARD_USE_PENALTY=1 LOH_PENALTY_SCALE=log LOH_PENALTY_REWARD_FORMULA=net LOH_REWARD_W_PENALTY=3.0 LOH_PENALTY_CUTOFF=0 LOH_PENALTY_DMAX=400000 LOH_PENALTY_EMPTY_AS_GOOD=1 LOH_PENALTY_REFINE_ON_LATE=1 LOH_PENALTY_NO_EVICT_REWARD=keep LOH_PENALTY_BASELINE_DECAY=0.99 LOH_SURVIVAL_BINS=64 LOH_SURVIVAL_QUANTILE=0.99 LOH_SURVIVAL_MINCOUNT=1000 LOH_PENALTY_NET_GOOD_SCALE=1.0 LOH_PENALTY_NET_PENALTY_SCALE=1.0
1063,43,1,4301,bestcfg_penalty_3t_3m_20260207_000001__1063_043_r01,0,0.367665,0.352474,0.01,log,net2,1.0,6.39,100.0,-1.0,-30.4304,-1.0,0.209858,LOH_PARALLEL_SAFE=1 LOH_SKIP_PIP_INSTALL=1 LOH_SKIP_BUILD=1 LOH_DEBUG_LEVEL=1 CACHESIM_VERBOSE=0 CACHESIM_NUM_REQ=3000000 LOH_RL_ALGO=SAC LOH_ACTION_SCALE=1.0 LOH_SCORE_USE_COMPOUND=0 LOH_SCORE_USE_IRT=0 LOH_USE_SOFTMAX=0 LOH_USE_HEURISTIC_SIGNS=0 LOH_INCLUDE_HIT_MISS_FEATURES=0 LOH_INCLUDE_CACHE_FEATURES=0 LOH_INCLUDE_CANDIDATE_FEATURES=0 LOH_INCLUDE_TOPK_CANDIDATE_FEATURES=0 LOH_INCLUDE_AVGTOPK_CANDIDATE_FEATURES=0 LOH_INCLUDE_REQUEST=0 LOH_ENABLE_PENALTY=1 LOH_REWARD_USE_PENALTY=1 LOH_PENALTY_SCALE=log LOH_PENALTY_REWARD_FORMULA=net2 LOH_REWARD_W_PENALTY=1.0 LOH_PENALTY_CUTOFF=0 LOH_PENALTY_DMAX=400000 LOH_PENALTY_EMPTY_AS_GOOD=1 LOH_PENALTY_REFINE_ON_LATE=1 LOH_PENALTY_NO_EVICT_REWARD=keep LOH_PENALTY_BASELINE_DECAY=0.99 LOH_SURVIVAL_BINS=64 LOH_SURVIVAL_QUANTILE=0.99 LOH_SURVIVAL_MINCOUNT=1000 LOH_PENALTY_NET_GOOD_SCALE=1.0 LOH_PENALTY_NET_PENALTY_SCALE=1.0
1063,44,1,4401,bestcfg_penalty_3t_3m_20260207_000001__1063_044_r01,0,0.367341,0.35051,0.01,log,net2,2.0,6.26,100.0,-1.0,-22.457,-1.0,0.208332,LOH_PARALLEL_SAFE=1 LOH_SKIP_PIP_INSTALL=1 LOH_SKIP_BUILD=1 LOH_DEBUG_LEVEL=1 CACHESIM_VERBOSE=0 CACHESIM_NUM_REQ=3000000 LOH_RL_ALGO=SAC LOH_ACTION_SCALE=1.0 LOH_SCORE_USE_COMPOUND=0 LOH_SCORE_USE_IRT=0 LOH_USE_SOFTMAX=0 LOH_USE_HEURISTIC_SIGNS=0 LOH_INCLUDE_HIT_MISS_FEATURES=0 LOH_INCLUDE_CACHE_FEATURES=0 LOH_INCLUDE_CANDIDATE_FEATURES=0 LOH_INCLUDE_TOPK_CANDIDATE_FEATURES=0 LOH_INCLUDE_AVGTOPK_CANDIDATE_FEATURES=0 LOH_INCLUDE_REQUEST=0 LOH_ENABLE_PENALTY=1 LOH_REWARD_USE_PENALTY=1 LOH_PENALTY_SCALE=log LOH_PENALTY_REWARD_FORMULA=net2 LOH_REWARD_W_PENALTY=2.0 LOH_PENALTY_CUTOFF=0 LOH_PENALTY_DMAX=400000 LOH_PENALTY_EMPTY_AS_GOOD=1 LOH_PENALTY_REFINE_ON_LATE=1 LOH_PENALTY_NO_EVICT_REWARD=keep LOH_PENALTY_BASELINE_DECAY=0.99 LOH_SURVIVAL_BINS=64 LOH_SURVIVAL_QUANTILE=0.99 LOH_SURVIVAL_MINCOUNT=1000 LOH_PENALTY_NET_GOOD_SCALE=1.0 LOH_PENALTY_NET_PENALTY_SCALE=1.0
1063,45,1,4501,bestcfg_penalty_3t_3m_20260207_000001__1063_045_r01,0,0.365212,0.348241,0.01,log,net2,3.0,6.3,100.0,-1.0,-23.4842,-1.0,0.204735,LOH_PARALLEL_SAFE=1 LOH_SKIP_PIP_INSTALL=1 LOH_SKIP_BUILD=1 LOH_DEBUG_LEVEL=1 CACHESIM_VERBOSE=0 CACHESIM_NUM_REQ=3000000 LOH_RL_ALGO=SAC LOH_ACTION_SCALE=1.0 LOH_SCORE_USE_COMPOUND=0 LOH_SCORE_USE_IRT=0 LOH_USE_SOFTMAX=0 LOH_USE_HEURISTIC_SIGNS=0 LOH_INCLUDE_HIT_MISS_FEATURES=0 LOH_INCLUDE_CACHE_FEATURES=0 LOH_INCLUDE_CANDIDATE_FEATURES=0 LOH_INCLUDE_TOPK_CANDIDATE_FEATURES=0 LOH_INCLUDE_AVGTOPK_CANDIDATE_FEATURES=0 LOH_INCLUDE_REQUEST=0 LOH_ENABLE_PENALTY=1 LOH_REWARD_USE_PENALTY=1 LOH_PENALTY_SCALE=log LOH_PENALTY_REWARD_FORMULA=net2 LOH_REWARD_W_PENALTY=3.0 LOH_PENALTY_CUTOFF=0 LOH_PENALTY_DMAX=400000 LOH_PENALTY_EMPTY_AS_GOOD=1 LOH_PENALTY_REFINE_ON_LATE=1 LOH_PENALTY_NO_EVICT_REWARD=keep LOH_PENALTY_BASELINE_DECAY=0.99 LOH_SURVIVAL_BINS=64 LOH_SURVIVAL_QUANTILE=0.99 LOH_SURVIVAL_MINCOUNT=1000 LOH_PENALTY_NET_GOOD_SCALE=1.0 LOH_PENALTY_NET_PENALTY_SCALE=1.0
1063,46,1,4601,bestcfg_penalty_3t_3m_20260207_000001__1063_046_r01,0,0.366416,0.348946,0.01,survival,relative,0.1,5.99,16.39,0.432356,-190.653,1.0,0.570116,LOH_PARALLEL_SAFE=1 LOH_SKIP_PIP_INSTALL=1 LOH_SKIP_BUILD=1 LOH_DEBUG_LEVEL=1 CACHESIM_VERBOSE=0 CACHESIM_NUM_REQ=3000000 LOH_RL_ALGO=SAC LOH_ACTION_SCALE=1.0 LOH_SCORE_USE_COMPOUND=0 LOH_SCORE_USE_IRT=0 LOH_USE_SOFTMAX=0 LOH_USE_HEURISTIC_SIGNS=0 LOH_INCLUDE_HIT_MISS_FEATURES=0 LOH_INCLUDE_CACHE_FEATURES=0 LOH_INCLUDE_CANDIDATE_FEATURES=0 LOH_INCLUDE_TOPK_CANDIDATE_FEATURES=0 LOH_INCLUDE_AVGTOPK_CANDIDATE_FEATURES=0 LOH_INCLUDE_REQUEST=0 LOH_ENABLE_PENALTY=1 LOH_REWARD_USE_PENALTY=1 LOH_PENALTY_SCALE=survival LOH_PENALTY_REWARD_FORMULA=relative LOH_REWARD_W_PENALTY=0.1 LOH_PENALTY_CUTOFF=0 LOH_PENALTY_DMAX=400000 LOH_PENALTY_EMPTY_AS_GOOD=1 LOH_PENALTY_REFINE_ON_LATE=1 LOH_PENALTY_NO_EVICT_REWARD=keep LOH_PENALTY_BASELINE_DECAY=0.99 LOH_SURVIVAL_BINS=64 LOH_SURVIVAL_QUANTILE=0.99 LOH_SURVIVAL_MINCOUNT=1000 LOH_PENALTY_NET_GOOD_SCALE=1.0 LOH_PENALTY_NET_PENALTY_SCALE=1.0
1063,47,1,4701,bestcfg_penalty_3t_3m_20260207_000001__1063_047_r01,0,0.370436,0.352744,0.01,survival,relative,0.2,5.39,15.74,0.42364,-1191.22,1.0,0.554109,LOH_PARALLEL_SAFE=1 LOH_SKIP_PIP_INSTALL=1 LOH_SKIP_BUILD=1 LOH_DEBUG_LEVEL=1 CACHESIM_VERBOSE=0 CACHESIM_NUM_REQ=3000000 LOH_RL_ALGO=SAC LOH_ACTION_SCALE=1.0 LOH_SCORE_USE_COMPOUND=0 LOH_SCORE_USE_IRT=0 LOH_USE_SOFTMAX=0 LOH_USE_HEURISTIC_SIGNS=0 LOH_INCLUDE_HIT_MISS_FEATURES=0 LOH_INCLUDE_CACHE_FEATURES=0 LOH_INCLUDE_CANDIDATE_FEATURES=0 LOH_INCLUDE_TOPK_CANDIDATE_FEATURES=0 LOH_INCLUDE_AVGTOPK_CANDIDATE_FEATURES=0 LOH_INCLUDE_REQUEST=0 LOH_ENABLE_PENALTY=1 LOH_REWARD_USE_PENALTY=1 LOH_PENALTY_SCALE=survival LOH_PENALTY_REWARD_FORMULA=relative LOH_REWARD_W_PENALTY=0.2 LOH_PENALTY_CUTOFF=0 LOH_PENALTY_DMAX=400000 LOH_PENALTY_EMPTY_AS_GOOD=1 LOH_PENALTY_REFINE_ON_LATE=1 LOH_PENALTY_NO_EVICT_REWARD=keep LOH_PENALTY_BASELINE_DECAY=0.99 LOH_SURVIVAL_BINS=64 LOH_SURVIVAL_QUANTILE=0.99 LOH_SURVIVAL_MINCOUNT=1000 LOH_PENALTY_NET_GOOD_SCALE=1.0 LOH_PENALTY_NET_PENALTY_SCALE=1.0
1063,48,1,4801,bestcfg_penalty_3t_3m_20260207_000001__1063_048_r01,0,0.36993,0.350578,0.01,survival,relative,0.5,6.13,16.65,0.426813,-255.82,1.0,0.549444,LOH_PARALLEL_SAFE=1 LOH_SKIP_PIP_INSTALL=1 LOH_SKIP_BUILD=1 LOH_DEBUG_LEVEL=1 CACHESIM_VERBOSE=0 CACHESIM_NUM_REQ=3000000 LOH_RL_ALGO=SAC LOH_ACTION_SCALE=1.0 LOH_SCORE_USE_COMPOUND=0 LOH_SCORE_USE_IRT=0 LOH_USE_SOFTMAX=0 LOH_USE_HEURISTIC_SIGNS=0 LOH_INCLUDE_HIT_MISS_FEATURES=0 LOH_INCLUDE_CACHE_FEATURES=0 LOH_INCLUDE_CANDIDATE_FEATURES=0 LOH_INCLUDE_TOPK_CANDIDATE_FEATURES=0 LOH_INCLUDE_AVGTOPK_CANDIDATE_FEATURES=0 LOH_INCLUDE_REQUEST=0 LOH_ENABLE_PENALTY=1 LOH_REWARD_USE_PENALTY=1 LOH_PENALTY_SCALE=survival LOH_PENALTY_REWARD_FORMULA=relative LOH_REWARD_W_PENALTY=0.5 LOH_PENALTY_CUTOFF=0 LOH_PENALTY_DMAX=400000 LOH_PENALTY_EMPTY_AS_GOOD=1 LOH_PENALTY_REFINE_ON_LATE=1 LOH_PENALTY_NO_EVICT_REWARD=keep LOH_PENALTY_BASELINE_DECAY=0.99 LOH_SURVIVAL_BINS=64 LOH_SURVIVAL_QUANTILE=0.99 LOH_SURVIVAL_MINCOUNT=1000 LOH_PENALTY_NET_GOOD_SCALE=1.0 LOH_PENALTY_NET_PENALTY_SCALE=1.0
1063,49,1,4901,bestcfg_penalty_3t_3m_20260207_000001__1063_049_r01,0,0.371186,0.349367,0.01,survival,relative,1.0,5.84,16.25,0.435384,-1364.4,1.0,0.577438,LOH_PARALLEL_SAFE=1 LOH_SKIP_PIP_INSTALL=1 LOH_SKIP_BUILD=1 LOH_DEBUG_LEVEL=1 CACHESIM_VERBOSE=0 CACHESIM_NUM_REQ=3000000 LOH_RL_ALGO=SAC LOH_ACTION_SCALE=1.0 LOH_SCORE_USE_COMPOUND=0 LOH_SCORE_USE_IRT=0 LOH_USE_SOFTMAX=0 LOH_USE_HEURISTIC_SIGNS=0 LOH_INCLUDE_HIT_MISS_FEATURES=0 LOH_INCLUDE_CACHE_FEATURES=0 LOH_INCLUDE_CANDIDATE_FEATURES=0 LOH_INCLUDE_TOPK_CANDIDATE_FEATURES=0 LOH_INCLUDE_AVGTOPK_CANDIDATE_FEATURES=0 LOH_INCLUDE_REQUEST=0 LOH_ENABLE_PENALTY=1 LOH_REWARD_USE_PENALTY=1 LOH_PENALTY_SCALE=survival LOH_PENALTY_REWARD_FORMULA=relative LOH_REWARD_W_PENALTY=1.0 LOH_PENALTY_CUTOFF=0 LOH_PENALTY_DMAX=400000 LOH_PENALTY_EMPTY_AS_GOOD=1 LOH_PENALTY_REFINE_ON_LATE=1 LOH_PENALTY_NO_EVICT_REWARD=keep LOH_PENALTY_BASELINE_DECAY=0.99 LOH_SURVIVAL_BINS=64 LOH_SURVIVAL_QUANTILE=0.99 LOH_SURVIVAL_MINCOUNT=1000 LOH_PENALTY_NET_GOOD_SCALE=1.0 LOH_PENALTY_NET_PENALTY_SCALE=1.0
1063,50,1,5001,bestcfg_penalty_3t_3m_20260207_000001__1063_050_r01,0,0.367514,0.349591,0.01,survival,centered,0.1,5.64,16.94,0.413956,-121.554,1.0,0.566012,LOH_PARALLEL_SAFE=1 LOH_SKIP_PIP_INSTALL=1 LOH_SKIP_BUILD=1 LOH_DEBUG_LEVEL=1 CACHESIM_VERBOSE=0 CACHESIM_NUM_REQ=3000000 LOH_RL_ALGO=SAC LOH_ACTION_SCALE=1.0 LOH_SCORE_USE_COMPOUND=0 LOH_SCORE_USE_IRT=0 LOH_USE_SOFTMAX=0 LOH_USE_HEURISTIC_SIGNS=0 LOH_INCLUDE_HIT_MISS_FEATURES=0 LOH_INCLUDE_CACHE_FEATURES=0 LOH_INCLUDE_CANDIDATE_FEATURES=0 LOH_INCLUDE_TOPK_CANDIDATE_FEATURES=0 LOH_INCLUDE_AVGTOPK_CANDIDATE_FEATURES=0 LOH_INCLUDE_REQUEST=0 LOH_ENABLE_PENALTY=1 LOH_REWARD_USE_PENALTY=1 LOH_PENALTY_SCALE=survival LOH_PENALTY_REWARD_FORMULA=centered LOH_REWARD_W_PENALTY=0.1 LOH_PENALTY_CUTOFF=0 LOH_PENALTY_DMAX=400000 LOH_PENALTY_EMPTY_AS_GOOD=1 LOH_PENALTY_REFINE_ON_LATE=1 LOH_PENALTY_NO_EVICT_REWARD=keep LOH_PENALTY_BASELINE_DECAY=0.99 LOH_SURVIVAL_BINS=64 LOH_SURVIVAL_QUANTILE=0.99 LOH_SURVIVAL_MINCOUNT=1000 LOH_PENALTY_NET_GOOD_SCALE=1.0 LOH_PENALTY_NET_PENALTY_SCALE=1.0
1063,51,1,5101,bestcfg_penalty_3t_3m_20260207_000001__1063_051_r01,0,0.370956,0.352704,0.01,survival,centered,0.2,6.04,17.45,0.409552,-97.8307,1.0,0.583107,LOH_PARALLEL_SAFE=1 LOH_SKIP_PIP_INSTALL=1 LOH_SKIP_BUILD=1 LOH_DEBUG_LEVEL=1 CACHESIM_VERBOSE=0 CACHESIM_NUM_REQ=3000000 LOH_RL_ALGO=SAC LOH_ACTION_SCALE=1.0 LOH_SCORE_USE_COMPOUND=0 LOH_SCORE_USE_IRT=0 LOH_USE_SOFTMAX=0 LOH_USE_HEURISTIC_SIGNS=0 LOH_INCLUDE_HIT_MISS_FEATURES=0 LOH_INCLUDE_CACHE_FEATURES=0 LOH_INCLUDE_CANDIDATE_FEATURES=0 LOH_INCLUDE_TOPK_CANDIDATE_FEATURES=0 LOH_INCLUDE_AVGTOPK_CANDIDATE_FEATURES=0 LOH_INCLUDE_REQUEST=0 LOH_ENABLE_PENALTY=1 LOH_REWARD_USE_PENALTY=1 LOH_PENALTY_SCALE=survival LOH_PENALTY_REWARD_FORMULA=centered LOH_REWARD_W_PENALTY=0.2 LOH_PENALTY_CUTOFF=0 LOH_PENALTY_DMAX=400000 LOH_PENALTY_EMPTY_AS_GOOD=1 LOH_PENALTY_REFINE_ON_LATE=1 LOH_PENALTY_NO_EVICT_REWARD=keep LOH_PENALTY_BASELINE_DECAY=0.99 LOH_SURVIVAL_BINS=64 LOH_SURVIVAL_QUANTILE=0.99 LOH_SURVIVAL_MINCOUNT=1000 LOH_PENALTY_NET_GOOD_SCALE=1.0 LOH_PENALTY_NET_PENALTY_SCALE=1.0
1063,52,1,5201,bestcfg_penalty_3t_3m_20260207_000001__1063_052_r01,0,0.370524,0.352875,0.01,survival,centered,0.5,5.63,17.15,0.412272,-148.968,1.0,0.587357,LOH_PARALLEL_SAFE=1 LOH_SKIP_PIP_INSTALL=1 LOH_SKIP_BUILD=1 LOH_DEBUG_LEVEL=1 CACHESIM_VERBOSE=0 CACHESIM_NUM_REQ=3000000 LOH_RL_ALGO=SAC LOH_ACTION_SCALE=1.0 LOH_SCORE_USE_COMPOUND=0 LOH_SCORE_USE_IRT=0 LOH_USE_SOFTMAX=0 LOH_USE_HEURISTIC_SIGNS=0 LOH_INCLUDE_HIT_MISS_FEATURES=0 LOH_INCLUDE_CACHE_FEATURES=0 LOH_INCLUDE_CANDIDATE_FEATURES=0 LOH_INCLUDE_TOPK_CANDIDATE_FEATURES=0 LOH_INCLUDE_AVGTOPK_CANDIDATE_FEATURES=0 LOH_INCLUDE_REQUEST=0 LOH_ENABLE_PENALTY=1 LOH_REWARD_USE_PENALTY=1 LOH_PENALTY_SCALE=survival LOH_PENALTY_REWARD_FORMULA=centered LOH_REWARD_W_PENALTY=0.5 LOH_PENALTY_CUTOFF=0 LOH_PENALTY_DMAX=400000 LOH_PENALTY_EMPTY_AS_GOOD=1 LOH_PENALTY_REFINE_ON_LATE=1 LOH_PENALTY_NO_EVICT_REWARD=keep LOH_PENALTY_BASELINE_DECAY=0.99 LOH_SURVIVAL_BINS=64 LOH_SURVIVAL_QUANTILE=0.99 LOH_SURVIVAL_MINCOUNT=1000 LOH_PENALTY_NET_GOOD_SCALE=1.0 LOH_PENALTY_NET_PENALTY_SCALE=1.0
1063,53,1,5301,bestcfg_penalty_3t_3m_20260207_000001__1063_053_r01,0,0.373731,0.354104,0.01,survival,centered,1.0,5.71,16.85,0.420872,-108.397,1.0,0.567664,LOH_PARALLEL_SAFE=1 LOH_SKIP_PIP_INSTALL=1 LOH_SKIP_BUILD=1 LOH_DEBUG_LEVEL=1 CACHESIM_VERBOSE=0 CACHESIM_NUM_REQ=3000000 LOH_RL_ALGO=SAC LOH_ACTION_SCALE=1.0 LOH_SCORE_USE_COMPOUND=0 LOH_SCORE_USE_IRT=0 LOH_USE_SOFTMAX=0 LOH_USE_HEURISTIC_SIGNS=0 LOH_INCLUDE_HIT_MISS_FEATURES=0 LOH_INCLUDE_CACHE_FEATURES=0 LOH_INCLUDE_CANDIDATE_FEATURES=0 LOH_INCLUDE_TOPK_CANDIDATE_FEATURES=0 LOH_INCLUDE_AVGTOPK_CANDIDATE_FEATURES=0 LOH_INCLUDE_REQUEST=0 LOH_ENABLE_PENALTY=1 LOH_REWARD_USE_PENALTY=1 LOH_PENALTY_SCALE=survival LOH_PENALTY_REWARD_FORMULA=centered LOH_REWARD_W_PENALTY=1.0 LOH_PENALTY_CUTOFF=0 LOH_PENALTY_DMAX=400000 LOH_PENALTY_EMPTY_AS_GOOD=1 LOH_PENALTY_REFINE_ON_LATE=1 LOH_PENALTY_NO_EVICT_REWARD=keep LOH_PENALTY_BASELINE_DECAY=0.99 LOH_SURVIVAL_BINS=64 LOH_SURVIVAL_QUANTILE=0.99 LOH_SURVIVAL_MINCOUNT=1000 LOH_PENALTY_NET_GOOD_SCALE=1.0 LOH_PENALTY_NET_PENALTY_SCALE=1.0
1063,54,1,5401,bestcfg_penalty_3t_3m_20260207_000001__1063_054_r01,0,0.367693,0.351257,0.01,survival,one_minus,0.1,6.05,11.5,0.633583,-52.4714,1.0,0.54052,LOH_PARALLEL_SAFE=1 LOH_SKIP_PIP_INSTALL=1 LOH_SKIP_BUILD=1 LOH_DEBUG_LEVEL=1 CACHESIM_VERBOSE=0 CACHESIM_NUM_REQ=3000000 LOH_RL_ALGO=SAC LOH_ACTION_SCALE=1.0 LOH_SCORE_USE_COMPOUND=0 LOH_SCORE_USE_IRT=0 LOH_USE_SOFTMAX=0 LOH_USE_HEURISTIC_SIGNS=0 LOH_INCLUDE_HIT_MISS_FEATURES=0 LOH_INCLUDE_CACHE_FEATURES=0 LOH_INCLUDE_CANDIDATE_FEATURES=0 LOH_INCLUDE_TOPK_CANDIDATE_FEATURES=0 LOH_INCLUDE_AVGTOPK_CANDIDATE_FEATURES=0 LOH_INCLUDE_REQUEST=0 LOH_ENABLE_PENALTY=1 LOH_REWARD_USE_PENALTY=1 LOH_PENALTY_SCALE=survival LOH_PENALTY_REWARD_FORMULA=one_minus LOH_REWARD_W_PENALTY=0.1 LOH_PENALTY_CUTOFF=0 LOH_PENALTY_DMAX=400000 LOH_PENALTY_EMPTY_AS_GOOD=1 LOH_PENALTY_REFINE_ON_LATE=1 LOH_PENALTY_NO_EVICT_REWARD=keep LOH_PENALTY_BASELINE_DECAY=0.99 LOH_SURVIVAL_BINS=64 LOH_SURVIVAL_QUANTILE=0.99 LOH_SURVIVAL_MINCOUNT=1000 LOH_PENALTY_NET_GOOD_SCALE=1.0 LOH_PENALTY_NET_PENALTY_SCALE=1.0
1063,55,1,5501,bestcfg_penalty_3t_3m_20260207_000001__1063_055_r01,0,0.368468,0.351352,0.01,survival,one_minus,0.2,5.83,11.18,0.639068,-161.668,1.0,0.551371,LOH_PARALLEL_SAFE=1 LOH_SKIP_PIP_INSTALL=1 LOH_SKIP_BUILD=1 LOH_DEBUG_LEVEL=1 CACHESIM_VERBOSE=0 CACHESIM_NUM_REQ=3000000 LOH_RL_ALGO=SAC LOH_ACTION_SCALE=1.0 LOH_SCORE_USE_COMPOUND=0 LOH_SCORE_USE_IRT=0 LOH_USE_SOFTMAX=0 LOH_USE_HEURISTIC_SIGNS=0 LOH_INCLUDE_HIT_MISS_FEATURES=0 LOH_INCLUDE_CACHE_FEATURES=0 LOH_INCLUDE_CANDIDATE_FEATURES=0 LOH_INCLUDE_TOPK_CANDIDATE_FEATURES=0 LOH_INCLUDE_AVGTOPK_CANDIDATE_FEATURES=0 LOH_INCLUDE_REQUEST=0 LOH_ENABLE_PENALTY=1 LOH_REWARD_USE_PENALTY=1 LOH_PENALTY_SCALE=survival LOH_PENALTY_REWARD_FORMULA=one_minus LOH_REWARD_W_PENALTY=0.2 LOH_PENALTY_CUTOFF=0 LOH_PENALTY_DMAX=400000 LOH_PENALTY_EMPTY_AS_GOOD=1 LOH_PENALTY_REFINE_ON_LATE=1 LOH_PENALTY_NO_EVICT_REWARD=keep LOH_PENALTY_BASELINE_DECAY=0.99 LOH_SURVIVAL_BINS=64 LOH_SURVIVAL_QUANTILE=0.99 LOH_SURVIVAL_MINCOUNT=1000 LOH_PENALTY_NET_GOOD_SCALE=1.0 LOH_PENALTY_NET_PENALTY_SCALE=1.0
1063,56,1,5601,bestcfg_penalty_3t_3m_20260207_000001__1063_056_r01,0,0.371086,0.351584,0.01,survival,one_minus,0.5,6.35,12.16,0.629619,-113.103,1.0,0.60569,LOH_PARALLEL_SAFE=1 LOH_SKIP_PIP_INSTALL=1 LOH_SKIP_BUILD=1 LOH_DEBUG_LEVEL=1 CACHESIM_VERBOSE=0 CACHESIM_NUM_REQ=3000000 LOH_RL_ALGO=SAC LOH_ACTION_SCALE=1.0 LOH_SCORE_USE_COMPOUND=0 LOH_SCORE_USE_IRT=0 LOH_USE_SOFTMAX=0 LOH_USE_HEURISTIC_SIGNS=0 LOH_INCLUDE_HIT_MISS_FEATURES=0 LOH_INCLUDE_CACHE_FEATURES=0 LOH_INCLUDE_CANDIDATE_FEATURES=0 LOH_INCLUDE_TOPK_CANDIDATE_FEATURES=0 LOH_INCLUDE_AVGTOPK_CANDIDATE_FEATURES=0 LOH_INCLUDE_REQUEST=0 LOH_ENABLE_PENALTY=1 LOH_REWARD_USE_PENALTY=1 LOH_PENALTY_SCALE=survival LOH_PENALTY_REWARD_FORMULA=one_minus LOH_REWARD_W_PENALTY=0.5 LOH_PENALTY_CUTOFF=0 LOH_PENALTY_DMAX=400000 LOH_PENALTY_EMPTY_AS_GOOD=1 LOH_PENALTY_REFINE_ON_LATE=1 LOH_PENALTY_NO_EVICT_REWARD=keep LOH_PENALTY_BASELINE_DECAY=0.99 LOH_SURVIVAL_BINS=64 LOH_SURVIVAL_QUANTILE=0.99 LOH_SURVIVAL_MINCOUNT=1000 LOH_PENALTY_NET_GOOD_SCALE=1.0 LOH_PENALTY_NET_PENALTY_SCALE=1.0
1063,57,1,5701,bestcfg_penalty_3t_3m_20260207_000001__1063_057_r01,0,0.370962,0.351276,0.01,survival,one_minus,1.0,6.22,12.56,0.620558,-60.9514,1.0,0.610617,LOH_PARALLEL_SAFE=1 LOH_SKIP_PIP_INSTALL=1 LOH_SKIP_BUILD=1 LOH_DEBUG_LEVEL=1 CACHESIM_VERBOSE=0 CACHESIM_NUM_REQ=3000000 LOH_RL_ALGO=SAC LOH_ACTION_SCALE=1.0 LOH_SCORE_USE_COMPOUND=0 LOH_SCORE_USE_IRT=0 LOH_USE_SOFTMAX=0 LOH_USE_HEURISTIC_SIGNS=0 LOH_INCLUDE_HIT_MISS_FEATURES=0 LOH_INCLUDE_CACHE_FEATURES=0 LOH_INCLUDE_CANDIDATE_FEATURES=0 LOH_INCLUDE_TOPK_CANDIDATE_FEATURES=0 LOH_INCLUDE_AVGTOPK_CANDIDATE_FEATURES=0 LOH_INCLUDE_REQUEST=0 LOH_ENABLE_PENALTY=1 LOH_REWARD_USE_PENALTY=1 LOH_PENALTY_SCALE=survival LOH_PENALTY_REWARD_FORMULA=one_minus LOH_REWARD_W_PENALTY=1.0 LOH_PENALTY_CUTOFF=0 LOH_PENALTY_DMAX=400000 LOH_PENALTY_EMPTY_AS_GOOD=1 LOH_PENALTY_REFINE_ON_LATE=1 LOH_PENALTY_NO_EVICT_REWARD=keep LOH_PENALTY_BASELINE_DECAY=0.99 LOH_SURVIVAL_BINS=64 LOH_SURVIVAL_QUANTILE=0.99 LOH_SURVIVAL_MINCOUNT=1000 LOH_PENALTY_NET_GOOD_SCALE=1.0 LOH_PENALTY_NET_PENALTY_SCALE=1.0
1063,58,1,5801,bestcfg_penalty_3t_3m_20260207_000001__1063_058_r01,0,0.368888,0.352021,0.01,survival,neg,0.1,5.83,11.39,-0.295043,-53.5326,-0.0,0.591925,LOH_PARALLEL_SAFE=1 LOH_SKIP_PIP_INSTALL=1 LOH_SKIP_BUILD=1 LOH_DEBUG_LEVEL=1 CACHESIM_VERBOSE=0 CACHESIM_NUM_REQ=3000000 LOH_RL_ALGO=SAC LOH_ACTION_SCALE=1.0 LOH_SCORE_USE_COMPOUND=0 LOH_SCORE_USE_IRT=0 LOH_USE_SOFTMAX=0 LOH_USE_HEURISTIC_SIGNS=0 LOH_INCLUDE_HIT_MISS_FEATURES=0 LOH_INCLUDE_CACHE_FEATURES=0 LOH_INCLUDE_CANDIDATE_FEATURES=0 LOH_INCLUDE_TOPK_CANDIDATE_FEATURES=0 LOH_INCLUDE_AVGTOPK_CANDIDATE_FEATURES=0 LOH_INCLUDE_REQUEST=0 LOH_ENABLE_PENALTY=1 LOH_REWARD_USE_PENALTY=1 LOH_PENALTY_SCALE=survival LOH_PENALTY_REWARD_FORMULA=neg LOH_REWARD_W_PENALTY=0.1 LOH_PENALTY_CUTOFF=0 LOH_PENALTY_DMAX=400000 LOH_PENALTY_EMPTY_AS_GOOD=1 LOH_PENALTY_REFINE_ON_LATE=1 LOH_PENALTY_NO_EVICT_REWARD=keep LOH_PENALTY_BASELINE_DECAY=0.99 LOH_SURVIVAL_BINS=64 LOH_SURVIVAL_QUANTILE=0.99 LOH_SURVIVAL_MINCOUNT=1000 LOH_PENALTY_NET_GOOD_SCALE=1.0 LOH_PENALTY_NET_PENALTY_SCALE=1.0
1063,59,1,5901,bestcfg_penalty_3t_3m_20260207_000001__1063_059_r01,0,0.368258,0.350301,0.01,survival,neg,0.2,5.72,11.54,-0.292714,-58.5367,-0.0,0.548566,LOH_PARALLEL_SAFE=1 LOH_SKIP_PIP_INSTALL=1 LOH_SKIP_BUILD=1 LOH_DEBUG_LEVEL=1 CACHESIM_VERBOSE=0 CACHESIM_NUM_REQ=3000000 LOH_RL_ALGO=SAC LOH_ACTION_SCALE=1.0 LOH_SCORE_USE_COMPOUND=0 LOH_SCORE_USE_IRT=0 LOH_USE_SOFTMAX=0 LOH_USE_HEURISTIC_SIGNS=0 LOH_INCLUDE_HIT_MISS_FEATURES=0 LOH_INCLUDE_CACHE_FEATURES=0 LOH_INCLUDE_CANDIDATE_FEATURES=0 LOH_INCLUDE_TOPK_CANDIDATE_FEATURES=0 LOH_INCLUDE_AVGTOPK_CANDIDATE_FEATURES=0 LOH_INCLUDE_REQUEST=0 LOH_ENABLE_PENALTY=1 LOH_REWARD_USE_PENALTY=1 LOH_PENALTY_SCALE=survival LOH_PENALTY_REWARD_FORMULA=neg LOH_REWARD_W_PENALTY=0.2 LOH_PENALTY_CUTOFF=0 LOH_PENALTY_DMAX=400000 LOH_PENALTY_EMPTY_AS_GOOD=1 LOH_PENALTY_REFINE_ON_LATE=1 LOH_PENALTY_NO_EVICT_REWARD=keep LOH_PENALTY_BASELINE_DECAY=0.99 LOH_SURVIVAL_BINS=64 LOH_SURVIVAL_QUANTILE=0.99 LOH_SURVIVAL_MINCOUNT=1000 LOH_PENALTY_NET_GOOD_SCALE=1.0 LOH_PENALTY_NET_PENALTY_SCALE=1.0
1063,60,1,6001,bestcfg_penalty_3t_3m_20260207_000001__1063_060_r01,0,0.368884,0.351883,0.01,survival,neg,0.5,5.86,11.32,-0.29151,-62.8815,-0.0,0.563263,LOH_PARALLEL_SAFE=1 LOH_SKIP_PIP_INSTALL=1 LOH_SKIP_BUILD=1 LOH_DEBUG_LEVEL=1 CACHESIM_VERBOSE=0 CACHESIM_NUM_REQ=3000000 LOH_RL_ALGO=SAC LOH_ACTION_SCALE=1.0 LOH_SCORE_USE_COMPOUND=0 LOH_SCORE_USE_IRT=0 LOH_USE_SOFTMAX=0 LOH_USE_HEURISTIC_SIGNS=0 LOH_INCLUDE_HIT_MISS_FEATURES=0 LOH_INCLUDE_CACHE_FEATURES=0 LOH_INCLUDE_CANDIDATE_FEATURES=0 LOH_INCLUDE_TOPK_CANDIDATE_FEATURES=0 LOH_INCLUDE_AVGTOPK_CANDIDATE_FEATURES=0 LOH_INCLUDE_REQUEST=0 LOH_ENABLE_PENALTY=1 LOH_REWARD_USE_PENALTY=1 LOH_PENALTY_SCALE=survival LOH_PENALTY_REWARD_FORMULA=neg LOH_REWARD_W_PENALTY=0.5 LOH_PENALTY_CUTOFF=0 LOH_PENALTY_DMAX=400000 LOH_PENALTY_EMPTY_AS_GOOD=1 LOH_PENALTY_REFINE_ON_LATE=1 LOH_PENALTY_NO_EVICT_REWARD=keep LOH_PENALTY_BASELINE_DECAY=0.99 LOH_SURVIVAL_BINS=64 LOH_SURVIVAL_QUANTILE=0.99 LOH_SURVIVAL_MINCOUNT=1000 LOH_PENALTY_NET_GOOD_SCALE=1.0 LOH_PENALTY_NET_PENALTY_SCALE=1.0
1063,61,1,6101,bestcfg_penalty_3t_3m_20260207_000001__1063_061_r01,0,0.369475,0.35183,0.01,survival,neg,1.0,5.8,11.18,-0.290861,-52.4771,-0.0,0.570021,LOH_PARALLEL_SAFE=1 LOH_SKIP_PIP_INSTALL=1 LOH_SKIP_BUILD=1 LOH_DEBUG_LEVEL=1 CACHESIM_VERBOSE=0 CACHESIM_NUM_REQ=3000000 LOH_RL_ALGO=SAC LOH_ACTION_SCALE=1.0 LOH_SCORE_USE_COMPOUND=0 LOH_SCORE_USE_IRT=0 LOH_USE_SOFTMAX=0 LOH_USE_HEURISTIC_SIGNS=0 LOH_INCLUDE_HIT_MISS_FEATURES=0 LOH_INCLUDE_CACHE_FEATURES=0 LOH_INCLUDE_CANDIDATE_FEATURES=0 LOH_INCLUDE_TOPK_CANDIDATE_FEATURES=0 LOH_INCLUDE_AVGTOPK_CANDIDATE_FEATURES=0 LOH_INCLUDE_REQUEST=0 LOH_ENABLE_PENALTY=1 LOH_REWARD_USE_PENALTY=1 LOH_PENALTY_SCALE=survival LOH_PENALTY_REWARD_FORMULA=neg LOH_REWARD_W_PENALTY=1.0 LOH_PENALTY_CUTOFF=0 LOH_PENALTY_DMAX=400000 LOH_PENALTY_EMPTY_AS_GOOD=1 LOH_PENALTY_REFINE_ON_LATE=1 LOH_PENALTY_NO_EVICT_REWARD=keep LOH_PENALTY_BASELINE_DECAY=0.99 LOH_SURVIVAL_BINS=64 LOH_SURVIVAL_QUANTILE=0.99 LOH_SURVIVAL_MINCOUNT=1000 LOH_PENALTY_NET_GOOD_SCALE=1.0 LOH_PENALTY_NET_PENALTY_SCALE=1.0
1063,62,1,6201,bestcfg_penalty_3t_3m_20260207_000001__1063_062_r01,0,0.369463,0.3526,0.01,survival,net,1.0,6.08,11.23,-0.290661,-145.598,0.0,0.572931,LOH_PARALLEL_SAFE=1 LOH_SKIP_PIP_INSTALL=1 LOH_SKIP_BUILD=1 LOH_DEBUG_LEVEL=1 CACHESIM_VERBOSE=0 CACHESIM_NUM_REQ=3000000 LOH_RL_ALGO=SAC LOH_ACTION_SCALE=1.0 LOH_SCORE_USE_COMPOUND=0 LOH_SCORE_USE_IRT=0 LOH_USE_SOFTMAX=0 LOH_USE_HEURISTIC_SIGNS=0 LOH_INCLUDE_HIT_MISS_FEATURES=0 LOH_INCLUDE_CACHE_FEATURES=0 LOH_INCLUDE_CANDIDATE_FEATURES=0 LOH_INCLUDE_TOPK_CANDIDATE_FEATURES=0 LOH_INCLUDE_AVGTOPK_CANDIDATE_FEATURES=0 LOH_INCLUDE_REQUEST=0 LOH_ENABLE_PENALTY=1 LOH_REWARD_USE_PENALTY=1 LOH_PENALTY_SCALE=survival LOH_PENALTY_REWARD_FORMULA=net LOH_REWARD_W_PENALTY=1.0 LOH_PENALTY_CUTOFF=0 LOH_PENALTY_DMAX=400000 LOH_PENALTY_EMPTY_AS_GOOD=1 LOH_PENALTY_REFINE_ON_LATE=1 LOH_PENALTY_NO_EVICT_REWARD=keep LOH_PENALTY_BASELINE_DECAY=0.99 LOH_SURVIVAL_BINS=64 LOH_SURVIVAL_QUANTILE=0.99 LOH_SURVIVAL_MINCOUNT=1000 LOH_PENALTY_NET_GOOD_SCALE=1.0 LOH_PENALTY_NET_PENALTY_SCALE=1.0
1063,63,1,6301,bestcfg_penalty_3t_3m_20260207_000001__1063_063_r01,0,0.372362,0.351056,0.01,survival,net,2.0,5.99,11.19,-0.289316,-68.8153,0.0,0.560213,LOH_PARALLEL_SAFE=1 LOH_SKIP_PIP_INSTALL=1 LOH_SKIP_BUILD=1 LOH_DEBUG_LEVEL=1 CACHESIM_VERBOSE=0 CACHESIM_NUM_REQ=3000000 LOH_RL_ALGO=SAC LOH_ACTION_SCALE=1.0 LOH_SCORE_USE_COMPOUND=0 LOH_SCORE_USE_IRT=0 LOH_USE_SOFTMAX=0 LOH_USE_HEURISTIC_SIGNS=0 LOH_INCLUDE_HIT_MISS_FEATURES=0 LOH_INCLUDE_CACHE_FEATURES=0 LOH_INCLUDE_CANDIDATE_FEATURES=0 LOH_INCLUDE_TOPK_CANDIDATE_FEATURES=0 LOH_INCLUDE_AVGTOPK_CANDIDATE_FEATURES=0 LOH_INCLUDE_REQUEST=0 LOH_ENABLE_PENALTY=1 LOH_REWARD_USE_PENALTY=1 LOH_PENALTY_SCALE=survival LOH_PENALTY_REWARD_FORMULA=net LOH_REWARD_W_PENALTY=2.0 LOH_PENALTY_CUTOFF=0 LOH_PENALTY_DMAX=400000 LOH_PENALTY_EMPTY_AS_GOOD=1 LOH_PENALTY_REFINE_ON_LATE=1 LOH_PENALTY_NO_EVICT_REWARD=keep LOH_PENALTY_BASELINE_DECAY=0.99 LOH_SURVIVAL_BINS=64 LOH_SURVIVAL_QUANTILE=0.99 LOH_SURVIVAL_MINCOUNT=1000 LOH_PENALTY_NET_GOOD_SCALE=1.0 LOH_PENALTY_NET_PENALTY_SCALE=1.0
1063,64,1,6401,bestcfg_penalty_3t_3m_20260207_000001__1063_064_r01,0,0.36889,0.350397,0.01,survival,net,3.0,6.74,11.02,-0.285405,-79.4824,0.0,0.580293,LOH_PARALLEL_SAFE=1 LOH_SKIP_PIP_INSTALL=1 LOH_SKIP_BUILD=1 LOH_DEBUG_LEVEL=1 CACHESIM_VERBOSE=0 CACHESIM_NUM_REQ=3000000 LOH_RL_ALGO=SAC LOH_ACTION_SCALE=1.0 LOH_SCORE_USE_COMPOUND=0 LOH_SCORE_USE_IRT=0 LOH_USE_SOFTMAX=0 LOH_USE_HEURISTIC_SIGNS=0 LOH_INCLUDE_HIT_MISS_FEATURES=0 LOH_INCLUDE_CACHE_FEATURES=0 LOH_INCLUDE_CANDIDATE_FEATURES=0 LOH_INCLUDE_TOPK_CANDIDATE_FEATURES=0 LOH_INCLUDE_AVGTOPK_CANDIDATE_FEATURES=0 LOH_INCLUDE_REQUEST=0 LOH_ENABLE_PENALTY=1 LOH_REWARD_USE_PENALTY=1 LOH_PENALTY_SCALE=survival LOH_PENALTY_REWARD_FORMULA=net LOH_REWARD_W_PENALTY=3.0 LOH_PENALTY_CUTOFF=0 LOH_PENALTY_DMAX=400000 LOH_PENALTY_EMPTY_AS_GOOD=1 LOH_PENALTY_REFINE_ON_LATE=1 LOH_PENALTY_NO_EVICT_REWARD=keep LOH_PENALTY_BASELINE_DECAY=0.99 LOH_SURVIVAL_BINS=64 LOH_SURVIVAL_QUANTILE=0.99 LOH_SURVIVAL_MINCOUNT=1000 LOH_PENALTY_NET_GOOD_SCALE=1.0 LOH_PENALTY_NET_PENALTY_SCALE=1.0
1063,65,1,6501,bestcfg_penalty_3t_3m_20260207_000001__1063_065_r01,0,0.365505,0.346049,0.01,survival,net2,1.0,6.3,100.0,-1.0,-106.529,-1.0,0.570187,LOH_PARALLEL_SAFE=1 LOH_SKIP_PIP_INSTALL=1 LOH_SKIP_BUILD=1 LOH_DEBUG_LEVEL=1 CACHESIM_VERBOSE=0 CACHESIM_NUM_REQ=3000000 LOH_RL_ALGO=SAC LOH_ACTION_SCALE=1.0 LOH_SCORE_USE_COMPOUND=0 LOH_SCORE_USE_IRT=0 LOH_USE_SOFTMAX=0 LOH_USE_HEURISTIC_SIGNS=0 LOH_INCLUDE_HIT_MISS_FEATURES=0 LOH_INCLUDE_CACHE_FEATURES=0 LOH_INCLUDE_CANDIDATE_FEATURES=0 LOH_INCLUDE_TOPK_CANDIDATE_FEATURES=0 LOH_INCLUDE_AVGTOPK_CANDIDATE_FEATURES=0 LOH_INCLUDE_REQUEST=0 LOH_ENABLE_PENALTY=1 LOH_REWARD_USE_PENALTY=1 LOH_PENALTY_SCALE=survival LOH_PENALTY_REWARD_FORMULA=net2 LOH_REWARD_W_PENALTY=1.0 LOH_PENALTY_CUTOFF=0 LOH_PENALTY_DMAX=400000 LOH_PENALTY_EMPTY_AS_GOOD=1 LOH_PENALTY_REFINE_ON_LATE=1 LOH_PENALTY_NO_EVICT_REWARD=keep LOH_PENALTY_BASELINE_DECAY=0.99 LOH_SURVIVAL_BINS=64 LOH_SURVIVAL_QUANTILE=0.99 LOH_SURVIVAL_MINCOUNT=1000 LOH_PENALTY_NET_GOOD_SCALE=1.0 LOH_PENALTY_NET_PENALTY_SCALE=1.0
1063,66,1,6601,bestcfg_penalty_3t_3m_20260207_000001__1063_066_r01,0,0.367119,0.348745,0.01,survival,net2,2.0,5.65,100.0,-1.0,-68.1367,-1.0,0.567112,LOH_PARALLEL_SAFE=1 LOH_SKIP_PIP_INSTALL=1 LOH_SKIP_BUILD=1 LOH_DEBUG_LEVEL=1 CACHESIM_VERBOSE=0 CACHESIM_NUM_REQ=3000000 LOH_RL_ALGO=SAC LOH_ACTION_SCALE=1.0 LOH_SCORE_USE_COMPOUND=0 LOH_SCORE_USE_IRT=0 LOH_USE_SOFTMAX=0 LOH_USE_HEURISTIC_SIGNS=0 LOH_INCLUDE_HIT_MISS_FEATURES=0 LOH_INCLUDE_CACHE_FEATURES=0 LOH_INCLUDE_CANDIDATE_FEATURES=0 LOH_INCLUDE_TOPK_CANDIDATE_FEATURES=0 LOH_INCLUDE_AVGTOPK_CANDIDATE_FEATURES=0 LOH_INCLUDE_REQUEST=0 LOH_ENABLE_PENALTY=1 LOH_REWARD_USE_PENALTY=1 LOH_PENALTY_SCALE=survival LOH_PENALTY_REWARD_FORMULA=net2 LOH_REWARD_W_PENALTY=2.0 LOH_PENALTY_CUTOFF=0 LOH_PENALTY_DMAX=400000 LOH_PENALTY_EMPTY_AS_GOOD=1 LOH_PENALTY_REFINE_ON_LATE=1 LOH_PENALTY_NO_EVICT_REWARD=keep LOH_PENALTY_BASELINE_DECAY=0.99 LOH_SURVIVAL_BINS=64 LOH_SURVIVAL_QUANTILE=0.99 LOH_SURVIVAL_MINCOUNT=1000 LOH_PENALTY_NET_GOOD_SCALE=1.0 LOH_PENALTY_NET_PENALTY_SCALE=1.0
1063,67,1,6701,bestcfg_penalty_3t_3m_20260207_000001__1063_067_r01,0,0.367848,0.349277,0.01,survival,net2,3.0,6.38,100.0,-1.0,-92.181,-1.0,0.582214,LOH_PARALLEL_SAFE=1 LOH_SKIP_PIP_INSTALL=1 LOH_SKIP_BUILD=1 LOH_DEBUG_LEVEL=1 CACHESIM_VERBOSE=0 CACHESIM_NUM_REQ=3000000 LOH_RL_ALGO=SAC LOH_ACTION_SCALE=1.0 LOH_SCORE_USE_COMPOUND=0 LOH_SCORE_USE_IRT=0 LOH_USE_SOFTMAX=0 LOH_USE_HEURISTIC_SIGNS=0 LOH_INCLUDE_HIT_MISS_FEATURES=0 LOH_INCLUDE_CACHE_FEATURES=0 LOH_INCLUDE_CANDIDATE_FEATURES=0 LOH_INCLUDE_TOPK_CANDIDATE_FEATURES=0 LOH_INCLUDE_AVGTOPK_CANDIDATE_FEATURES=0 LOH_INCLUDE_REQUEST=0 LOH_ENABLE_PENALTY=1 LOH_REWARD_USE_PENALTY=1 LOH_PENALTY_SCALE=survival LOH_PENALTY_REWARD_FORMULA=net2 LOH_REWARD_W_PENALTY=3.0 LOH_PENALTY_CUTOFF=0 LOH_PENALTY_DMAX=400000 LOH_PENALTY_EMPTY_AS_GOOD=1 LOH_PENALTY_REFINE_ON_LATE=1 LOH_PENALTY_NO_EVICT_REWARD=keep LOH_PENALTY_BASELINE_DECAY=0.99 LOH_SURVIVAL_BINS=64 LOH_SURVIVAL_QUANTILE=0.99 LOH_SURVIVAL_MINCOUNT=1000 LOH_PENALTY_NET_GOOD_SCALE=1.0 LOH_PENALTY_NET_PENALTY_SCALE=1.0
1063,68,1,6801,bestcfg_penalty_3t_3m_20260207_000001__1063_068_r01,0,0.369123,0.350811,0.01,binary,relative,0.1,6.09,16.49,0.423471,-16410.0,1.0,1.21264,LOH_PARALLEL_SAFE=1 LOH_SKIP_PIP_INSTALL=1 LOH_SKIP_BUILD=1 LOH_DEBUG_LEVEL=1 CACHESIM_VERBOSE=0 CACHESIM_NUM_REQ=3000000 LOH_RL_ALGO=SAC LOH_ACTION_SCALE=1.0 LOH_SCORE_USE_COMPOUND=0 LOH_SCORE_USE_IRT=0 LOH_USE_SOFTMAX=0 LOH_USE_HEURISTIC_SIGNS=0 LOH_INCLUDE_HIT_MISS_FEATURES=0 LOH_INCLUDE_CACHE_FEATURES=0 LOH_INCLUDE_CANDIDATE_FEATURES=0 LOH_INCLUDE_TOPK_CANDIDATE_FEATURES=0 LOH_INCLUDE_AVGTOPK_CANDIDATE_FEATURES=0 LOH_INCLUDE_REQUEST=0 LOH_ENABLE_PENALTY=1 LOH_REWARD_USE_PENALTY=1 LOH_PENALTY_SCALE=binary LOH_PENALTY_REWARD_FORMULA=relative LOH_REWARD_W_PENALTY=0.1 LOH_PENALTY_CUTOFF=0 LOH_PENALTY_DMAX=400000 LOH_PENALTY_EMPTY_AS_GOOD=1 LOH_PENALTY_REFINE_ON_LATE=1 LOH_PENALTY_NO_EVICT_REWARD=keep LOH_PENALTY_BASELINE_DECAY=0.99 LOH_SURVIVAL_BINS=64 LOH_SURVIVAL_QUANTILE=0.99 LOH_SURVIVAL_MINCOUNT=1000 LOH_PENALTY_NET_GOOD_SCALE=1.0 LOH_PENALTY_NET_PENALTY_SCALE=1.0
1063,69,1,6901,bestcfg_penalty_3t_3m_20260207_000001__1063_069_r01,0,0.370877,0.353842,0.01,binary,relative,0.2,5.85,16.37,0.407759,-118.311,1.0,1.15569,LOH_PARALLEL_SAFE=1 LOH_SKIP_PIP_INSTALL=1 LOH_SKIP_BUILD=1 LOH_DEBUG_LEVEL=1 CACHESIM_VERBOSE=0 CACHESIM_NUM_REQ=3000000 LOH_RL_ALGO=SAC LOH_ACTION_SCALE=1.0 LOH_SCORE_USE_COMPOUND=0 LOH_SCORE_USE_IRT=0 LOH_USE_SOFTMAX=0 LOH_USE_HEURISTIC_SIGNS=0 LOH_INCLUDE_HIT_MISS_FEATURES=0 LOH_INCLUDE_CACHE_FEATURES=0 LOH_INCLUDE_CANDIDATE_FEATURES=0 LOH_INCLUDE_TOPK_CANDIDATE_FEATURES=0 LOH_INCLUDE_AVGTOPK_CANDIDATE_FEATURES=0 LOH_INCLUDE_REQUEST=0 LOH_ENABLE_PENALTY=1 LOH_REWARD_USE_PENALTY=1 LOH_PENALTY_SCALE=binary LOH_PENALTY_REWARD_FORMULA=relative LOH_REWARD_W_PENALTY=0.2 LOH_PENALTY_CUTOFF=0 LOH_PENALTY_DMAX=400000 LOH_PENALTY_EMPTY_AS_GOOD=1 LOH_PENALTY_REFINE_ON_LATE=1 LOH_PENALTY_NO_EVICT_REWARD=keep LOH_PENALTY_BASELINE_DECAY=0.99 LOH_SURVIVAL_BINS=64 LOH_SURVIVAL_QUANTILE=0.99 LOH_SURVIVAL_MINCOUNT=1000 LOH_PENALTY_NET_GOOD_SCALE=1.0 LOH_PENALTY_NET_PENALTY_SCALE=1.0
1063,70,1,7001,bestcfg_penalty_3t_3m_20260207_000001__1063_070_r01,0,0.368931,0.349436,0.01,binary,relative,0.5,6.03,16.04,0.425966,-104.951,1.0,1.22209,LOH_PARALLEL_SAFE=1 LOH_SKIP_PIP_INSTALL=1 LOH_SKIP_BUILD=1 LOH_DEBUG_LEVEL=1 CACHESIM_VERBOSE=0 CACHESIM_NUM_REQ=3000000 LOH_RL_ALGO=SAC LOH_ACTION_SCALE=1.0 LOH_SCORE_USE_COMPOUND=0 LOH_SCORE_USE_IRT=0 LOH_USE_SOFTMAX=0 LOH_USE_HEURISTIC_SIGNS=0 LOH_INCLUDE_HIT_MISS_FEATURES=0 LOH_INCLUDE_CACHE_FEATURES=0 LOH_INCLUDE_CANDIDATE_FEATURES=0 LOH_INCLUDE_TOPK_CANDIDATE_FEATURES=0 LOH_INCLUDE_AVGTOPK_CANDIDATE_FEATURES=0 LOH_INCLUDE_REQUEST=0 LOH_ENABLE_PENALTY=1 LOH_REWARD_USE_PENALTY=1 LOH_PENALTY_SCALE=binary LOH_PENALTY_REWARD_FORMULA=relative LOH_REWARD_W_PENALTY=0.5 LOH_PENALTY_CUTOFF=0 LOH_PENALTY_DMAX=400000 LOH_PENALTY_EMPTY_AS_GOOD=1 LOH_PENALTY_REFINE_ON_LATE=1 LOH_PENALTY_NO_EVICT_REWARD=keep LOH_PENALTY_BASELINE_DECAY=0.99 LOH_SURVIVAL_BINS=64 LOH_SURVIVAL_QUANTILE=0.99 LOH_SURVIVAL_MINCOUNT=1000 LOH_PENALTY_NET_GOOD_SCALE=1.0 LOH_PENALTY_NET_PENALTY_SCALE=1.0
1063,71,1,7101,bestcfg_penalty_3t_3m_20260207_000001__1063_071_r01,0,0.371646,0.351121,0.01,binary,relative,1.0,5.88,16.0,0.411497,-169.807,1.0,1.14607,LOH_PARALLEL_SAFE=1 LOH_SKIP_PIP_INSTALL=1 LOH_SKIP_BUILD=1 LOH_DEBUG_LEVEL=1 CACHESIM_VERBOSE=0 CACHESIM_NUM_REQ=3000000 LOH_RL_ALGO=SAC LOH_ACTION_SCALE=1.0 LOH_SCORE_USE_COMPOUND=0 LOH_SCORE_USE_IRT=0 LOH_USE_SOFTMAX=0 LOH_USE_HEURISTIC_SIGNS=0 LOH_INCLUDE_HIT_MISS_FEATURES=0 LOH_INCLUDE_CACHE_FEATURES=0 LOH_INCLUDE_CANDIDATE_FEATURES=0 LOH_INCLUDE_TOPK_CANDIDATE_FEATURES=0 LOH_INCLUDE_AVGTOPK_CANDIDATE_FEATURES=0 LOH_INCLUDE_REQUEST=0 LOH_ENABLE_PENALTY=1 LOH_REWARD_USE_PENALTY=1 LOH_PENALTY_SCALE=binary LOH_PENALTY_REWARD_FORMULA=relative LOH_REWARD_W_PENALTY=1.0 LOH_PENALTY_CUTOFF=0 LOH_PENALTY_DMAX=400000 LOH_PENALTY_EMPTY_AS_GOOD=1 LOH_PENALTY_REFINE_ON_LATE=1 LOH_PENALTY_NO_EVICT_REWARD=keep LOH_PENALTY_BASELINE_DECAY=0.99 LOH_SURVIVAL_BINS=64 LOH_SURVIVAL_QUANTILE=0.99 LOH_SURVIVAL_MINCOUNT=1000 LOH_PENALTY_NET_GOOD_SCALE=1.0 LOH_PENALTY_NET_PENALTY_SCALE=1.0
1063,72,1,7201,bestcfg_penalty_3t_3m_20260207_000001__1063_072_r01,0,0.369528,0.351745,0.01,binary,centered,0.1,5.52,29.02,0.0901139,-365.0,1.0,1.16884,LOH_PARALLEL_SAFE=1 LOH_SKIP_PIP_INSTALL=1 LOH_SKIP_BUILD=1 LOH_DEBUG_LEVEL=1 CACHESIM_VERBOSE=0 CACHESIM_NUM_REQ=3000000 LOH_RL_ALGO=SAC LOH_ACTION_SCALE=1.0 LOH_SCORE_USE_COMPOUND=0 LOH_SCORE_USE_IRT=0 LOH_USE_SOFTMAX=0 LOH_USE_HEURISTIC_SIGNS=0 LOH_INCLUDE_HIT_MISS_FEATURES=0 LOH_INCLUDE_CACHE_FEATURES=0 LOH_INCLUDE_CANDIDATE_FEATURES=0 LOH_INCLUDE_TOPK_CANDIDATE_FEATURES=0 LOH_INCLUDE_AVGTOPK_CANDIDATE_FEATURES=0 LOH_INCLUDE_REQUEST=0 LOH_ENABLE_PENALTY=1 LOH_REWARD_USE_PENALTY=1 LOH_PENALTY_SCALE=binary LOH_PENALTY_REWARD_FORMULA=centered LOH_REWARD_W_PENALTY=0.1 LOH_PENALTY_CUTOFF=0 LOH_PENALTY_DMAX=400000 LOH_PENALTY_EMPTY_AS_GOOD=1 LOH_PENALTY_REFINE_ON_LATE=1 LOH_PENALTY_NO_EVICT_REWARD=keep LOH_PENALTY_BASELINE_DECAY=0.99 LOH_SURVIVAL_BINS=64 LOH_SURVIVAL_QUANTILE=0.99 LOH_SURVIVAL_MINCOUNT=1000 LOH_PENALTY_NET_GOOD_SCALE=1.0 LOH_PENALTY_NET_PENALTY_SCALE=1.0
1063,73,1,7301,bestcfg_penalty_3t_3m_20260207_000001__1063_073_r01,0,0.367763,0.349924,0.01,binary,centered,0.2,6.02,29.03,0.099145,-353.0,1.0,1.24075,LOH_PARALLEL_SAFE=1 LOH_SKIP_PIP_INSTALL=1 LOH_SKIP_BUILD=1 LOH_DEBUG_LEVEL=1 CACHESIM_VERBOSE=0 CACHESIM_NUM_REQ=3000000 LOH_RL_ALGO=SAC LOH_ACTION_SCALE=1.0 LOH_SCORE_USE_COMPOUND=0 LOH_SCORE_USE_IRT=0 LOH_USE_SOFTMAX=0 LOH_USE_HEURISTIC_SIGNS=0 LOH_INCLUDE_HIT_MISS_FEATURES=0 LOH_INCLUDE_CACHE_FEATURES=0 LOH_INCLUDE_CANDIDATE_FEATURES=0 LOH_INCLUDE_TOPK_CANDIDATE_FEATURES=0 LOH_INCLUDE_AVGTOPK_CANDIDATE_FEATURES=0 LOH_INCLUDE_REQUEST=0 LOH_ENABLE_PENALTY=1 LOH_REWARD_USE_PENALTY=1 LOH_PENALTY_SCALE=binary LOH_PENALTY_REWARD_FORMULA=centered LOH_REWARD_W_PENALTY=0.2 LOH_PENALTY_CUTOFF=0 LOH_PENALTY_DMAX=400000 LOH_PENALTY_EMPTY_AS_GOOD=1 LOH_PENALTY_REFINE_ON_LATE=1 LOH_PENALTY_NO_EVICT_REWARD=keep LOH_PENALTY_BASELINE_DECAY=0.99 LOH_SURVIVAL_BINS=64 LOH_SURVIVAL_QUANTILE=0.99 LOH_SURVIVAL_MINCOUNT=1000 LOH_PENALTY_NET_GOOD_SCALE=1.0 LOH_PENALTY_NET_PENALTY_SCALE=1.0
1063,74,1,7401,bestcfg_penalty_3t_3m_20260207_000001__1063_074_r01,0,0.371279,0.352508,0.01,binary,centered,0.5,6.49,29.28,0.114201,-225.0,1.0,1.24044,LOH_PARALLEL_SAFE=1 LOH_SKIP_PIP_INSTALL=1 LOH_SKIP_BUILD=1 LOH_DEBUG_LEVEL=1 CACHESIM_VERBOSE=0 CACHESIM_NUM_REQ=3000000 LOH_RL_ALGO=SAC LOH_ACTION_SCALE=1.0 LOH_SCORE_USE_COMPOUND=0 LOH_SCORE_USE_IRT=0 LOH_USE_SOFTMAX=0 LOH_USE_HEURISTIC_SIGNS=0 LOH_INCLUDE_HIT_MISS_FEATURES=0 LOH_INCLUDE_CACHE_FEATURES=0 LOH_INCLUDE_CANDIDATE_FEATURES=0 LOH_INCLUDE_TOPK_CANDIDATE_FEATURES=0 LOH_INCLUDE_AVGTOPK_CANDIDATE_FEATURES=0 LOH_INCLUDE_REQUEST=0 LOH_ENABLE_PENALTY=1 LOH_REWARD_USE_PENALTY=1 LOH_PENALTY_SCALE=binary LOH_PENALTY_REWARD_FORMULA=centered LOH_REWARD_W_PENALTY=0.5 LOH_PENALTY_CUTOFF=0 LOH_PENALTY_DMAX=400000 LOH_PENALTY_EMPTY_AS_GOOD=1 LOH_PENALTY_REFINE_ON_LATE=1 LOH_PENALTY_NO_EVICT_REWARD=keep LOH_PENALTY_BASELINE_DECAY=0.99 LOH_SURVIVAL_BINS=64 LOH_SURVIVAL_QUANTILE=0.99 LOH_SURVIVAL_MINCOUNT=1000 LOH_PENALTY_NET_GOOD_SCALE=1.0 LOH_PENALTY_NET_PENALTY_SCALE=1.0
1063,75,1,7501,bestcfg_penalty_3t_3m_20260207_000001__1063_075_r01,0,0.374129,0.353396,0.01,binary,centered,1.0,6.29,28.8,0.116544,-243.0,1.0,1.20714,LOH_PARALLEL_SAFE=1 LOH_SKIP_PIP_INSTALL=1 LOH_SKIP_BUILD=1 LOH_DEBUG_LEVEL=1 CACHESIM_VERBOSE=0 CACHESIM_NUM_REQ=3000000 LOH_RL_ALGO=SAC LOH_ACTION_SCALE=1.0 LOH_SCORE_USE_COMPOUND=0 LOH_SCORE_USE_IRT=0 LOH_USE_SOFTMAX=0 LOH_USE_HEURISTIC_SIGNS=0 LOH_INCLUDE_HIT_MISS_FEATURES=0 LOH_INCLUDE_CACHE_FEATURES=0 LOH_INCLUDE_CANDIDATE_FEATURES=0 LOH_INCLUDE_TOPK_CANDIDATE_FEATURES=0 LOH_INCLUDE_AVGTOPK_CANDIDATE_FEATURES=0 LOH_INCLUDE_REQUEST=0 LOH_ENABLE_PENALTY=1 LOH_REWARD_USE_PENALTY=1 LOH_PENALTY_SCALE=binary LOH_PENALTY_REWARD_FORMULA=centered LOH_REWARD_W_PENALTY=1.0 LOH_PENALTY_CUTOFF=0 LOH_PENALTY_DMAX=400000 LOH_PENALTY_EMPTY_AS_GOOD=1 LOH_PENALTY_REFINE_ON_LATE=1 LOH_PENALTY_NO_EVICT_REWARD=keep LOH_PENALTY_BASELINE_DECAY=0.99 LOH_SURVIVAL_BINS=64 LOH_SURVIVAL_QUANTILE=0.99 LOH_SURVIVAL_MINCOUNT=1000 LOH_PENALTY_NET_GOOD_SCALE=1.0 LOH_PENALTY_NET_PENALTY_SCALE=1.0
1063,76,1,7601,bestcfg_penalty_3t_3m_20260207_000001__1063_076_r01,0,0.370737,0.354081,0.01,binary,one_minus,0.1,5.99,18.07,0.385347,-208.0,1.0,1.20672,LOH_PARALLEL_SAFE=1 LOH_SKIP_PIP_INSTALL=1 LOH_SKIP_BUILD=1 LOH_DEBUG_LEVEL=1 CACHESIM_VERBOSE=0 CACHESIM_NUM_REQ=3000000 LOH_RL_ALGO=SAC LOH_ACTION_SCALE=1.0 LOH_SCORE_USE_COMPOUND=0 LOH_SCORE_USE_IRT=0 LOH_USE_SOFTMAX=0 LOH_USE_HEURISTIC_SIGNS=0 LOH_INCLUDE_HIT_MISS_FEATURES=0 LOH_INCLUDE_CACHE_FEATURES=0 LOH_INCLUDE_CANDIDATE_FEATURES=0 LOH_INCLUDE_TOPK_CANDIDATE_FEATURES=0 LOH_INCLUDE_AVGTOPK_CANDIDATE_FEATURES=0 LOH_INCLUDE_REQUEST=0 LOH_ENABLE_PENALTY=1 LOH_REWARD_USE_PENALTY=1 LOH_PENALTY_SCALE=binary LOH_PENALTY_REWARD_FORMULA=one_minus LOH_REWARD_W_PENALTY=0.1 LOH_PENALTY_CUTOFF=0 LOH_PENALTY_DMAX=400000 LOH_PENALTY_EMPTY_AS_GOOD=1 LOH_PENALTY_REFINE_ON_LATE=1 LOH_PENALTY_NO_EVICT_REWARD=keep LOH_PENALTY_BASELINE_DECAY=0.99 LOH_SURVIVAL_BINS=64 LOH_SURVIVAL_QUANTILE=0.99 LOH_SURVIVAL_MINCOUNT=1000 LOH_PENALTY_NET_GOOD_SCALE=1.0 LOH_PENALTY_NET_PENALTY_SCALE=1.0
1063,77,1,7701,bestcfg_penalty_3t_3m_20260207_000001__1063_077_r01,0,0.371225,0.352044,0.01,binary,one_minus,0.2,6.21,18.45,0.386637,-135.0,1.0,1.21749,LOH_PARALLEL_SAFE=1 LOH_SKIP_PIP_INSTALL=1 LOH_SKIP_BUILD=1 LOH_DEBUG_LEVEL=1 CACHESIM_VERBOSE=0 CACHESIM_NUM_REQ=3000000 LOH_RL_ALGO=SAC LOH_ACTION_SCALE=1.0 LOH_SCORE_USE_COMPOUND=0 LOH_SCORE_USE_IRT=0 LOH_USE_SOFTMAX=0 LOH_USE_HEURISTIC_SIGNS=0 LOH_INCLUDE_HIT_MISS_FEATURES=0 LOH_INCLUDE_CACHE_FEATURES=0 LOH_INCLUDE_CANDIDATE_FEATURES=0 LOH_INCLUDE_TOPK_CANDIDATE_FEATURES=0 LOH_INCLUDE_AVGTOPK_CANDIDATE_FEATURES=0 LOH_INCLUDE_REQUEST=0 LOH_ENABLE_PENALTY=1 LOH_REWARD_USE_PENALTY=1 LOH_PENALTY_SCALE=binary LOH_PENALTY_REWARD_FORMULA=one_minus LOH_REWARD_W_PENALTY=0.2 LOH_PENALTY_CUTOFF=0 LOH_PENALTY_DMAX=400000 LOH_PENALTY_EMPTY_AS_GOOD=1 LOH_PENALTY_REFINE_ON_LATE=1 LOH_PENALTY_NO_EVICT_REWARD=keep LOH_PENALTY_BASELINE_DECAY=0.99 LOH_SURVIVAL_BINS=64 LOH_SURVIVAL_QUANTILE=0.99 LOH_SURVIVAL_MINCOUNT=1000 LOH_PENALTY_NET_GOOD_SCALE=1.0 LOH_PENALTY_NET_PENALTY_SCALE=1.0
1063,78,1,7801,bestcfg_penalty_3t_3m_20260207_000001__1063_078_r01,0,0.371306,0.351133,0.01,binary,one_minus,0.5,6.45,18.61,0.396217,-96.2,1.0,1.13969,LOH_PARALLEL_SAFE=1 LOH_SKIP_PIP_INSTALL=1 LOH_SKIP_BUILD=1 LOH_DEBUG_LEVEL=1 CACHESIM_VERBOSE=0 CACHESIM_NUM_REQ=3000000 LOH_RL_ALGO=SAC LOH_ACTION_SCALE=1.0 LOH_SCORE_USE_COMPOUND=0 LOH_SCORE_USE_IRT=0 LOH_USE_SOFTMAX=0 LOH_USE_HEURISTIC_SIGNS=0 LOH_INCLUDE_HIT_MISS_FEATURES=0 LOH_INCLUDE_CACHE_FEATURES=0 LOH_INCLUDE_CANDIDATE_FEATURES=0 LOH_INCLUDE_TOPK_CANDIDATE_FEATURES=0 LOH_INCLUDE_AVGTOPK_CANDIDATE_FEATURES=0 LOH_INCLUDE_REQUEST=0 LOH_ENABLE_PENALTY=1 LOH_REWARD_USE_PENALTY=1 LOH_PENALTY_SCALE=binary LOH_PENALTY_REWARD_FORMULA=one_minus LOH_REWARD_W_PENALTY=0.5 LOH_PENALTY_CUTOFF=0 LOH_PENALTY_DMAX=400000 LOH_PENALTY_EMPTY_AS_GOOD=1 LOH_PENALTY_REFINE_ON_LATE=1 LOH_PENALTY_NO_EVICT_REWARD=keep LOH_PENALTY_BASELINE_DECAY=0.99 LOH_SURVIVAL_BINS=64 LOH_SURVIVAL_QUANTILE=0.99 LOH_SURVIVAL_MINCOUNT=1000 LOH_PENALTY_NET_GOOD_SCALE=1.0 LOH_PENALTY_NET_PENALTY_SCALE=1.0
1063,79,1,7901,bestcfg_penalty_3t_3m_20260207_000001__1063_079_r01,0,0.371602,0.351482,0.01,binary,one_minus,1.0,6.19,18.3,0.398328,-124.0,1.0,1.20709,LOH_PARALLEL_SAFE=1 LOH_SKIP_PIP_INSTALL=1 LOH_SKIP_BUILD=1 LOH_DEBUG_LEVEL=1 CACHESIM_VERBOSE=0 CACHESIM_NUM_REQ=3000000 LOH_RL_ALGO=SAC LOH_ACTION_SCALE=1.0 LOH_SCORE_USE_COMPOUND=0 LOH_SCORE_USE_IRT=0 LOH_USE_SOFTMAX=0 LOH_USE_HEURISTIC_SIGNS=0 LOH_INCLUDE_HIT_MISS_FEATURES=0 LOH_INCLUDE_CACHE_FEATURES=0 LOH_INCLUDE_CANDIDATE_FEATURES=0 LOH_INCLUDE_TOPK_CANDIDATE_FEATURES=0 LOH_INCLUDE_AVGTOPK_CANDIDATE_FEATURES=0 LOH_INCLUDE_REQUEST=0 LOH_ENABLE_PENALTY=1 LOH_REWARD_USE_PENALTY=1 LOH_PENALTY_SCALE=binary LOH_PENALTY_REWARD_FORMULA=one_minus LOH_REWARD_W_PENALTY=1.0 LOH_PENALTY_CUTOFF=0 LOH_PENALTY_DMAX=400000 LOH_PENALTY_EMPTY_AS_GOOD=1 LOH_PENALTY_REFINE_ON_LATE=1 LOH_PENALTY_NO_EVICT_REWARD=keep LOH_PENALTY_BASELINE_DECAY=0.99 LOH_SURVIVAL_BINS=64 LOH_SURVIVAL_QUANTILE=0.99 LOH_SURVIVAL_MINCOUNT=1000 LOH_PENALTY_NET_GOOD_SCALE=1.0 LOH_PENALTY_NET_PENALTY_SCALE=1.0
1063,80,1,8001,bestcfg_penalty_3t_3m_20260207_000001__1063_080_r01,0,0.365452,0.347724,0.01,binary,neg,0.1,6.28,22.93,-0.447406,-214.0,-0.0,1.24224,LOH_PARALLEL_SAFE=1 LOH_SKIP_PIP_INSTALL=1 LOH_SKIP_BUILD=1 LOH_DEBUG_LEVEL=1 CACHESIM_VERBOSE=0 CACHESIM_NUM_REQ=3000000 LOH_RL_ALGO=SAC LOH_ACTION_SCALE=1.0 LOH_SCORE_USE_COMPOUND=0 LOH_SCORE_USE_IRT=0 LOH_USE_SOFTMAX=0 LOH_USE_HEURISTIC_SIGNS=0 LOH_INCLUDE_HIT_MISS_FEATURES=0 LOH_INCLUDE_CACHE_FEATURES=0 LOH_INCLUDE_CANDIDATE_FEATURES=0 LOH_INCLUDE_TOPK_CANDIDATE_FEATURES=0 LOH_INCLUDE_AVGTOPK_CANDIDATE_FEATURES=0 LOH_INCLUDE_REQUEST=0 LOH_ENABLE_PENALTY=1 LOH_REWARD_USE_PENALTY=1 LOH_PENALTY_SCALE=binary LOH_PENALTY_REWARD_FORMULA=neg LOH_REWARD_W_PENALTY=0.1 LOH_PENALTY_CUTOFF=0 LOH_PENALTY_DMAX=400000 LOH_PENALTY_EMPTY_AS_GOOD=1 LOH_PENALTY_REFINE_ON_LATE=1 LOH_PENALTY_NO_EVICT_REWARD=keep LOH_PENALTY_BASELINE_DECAY=0.99 LOH_SURVIVAL_BINS=64 LOH_SURVIVAL_QUANTILE=0.99 LOH_SURVIVAL_MINCOUNT=1000 LOH_PENALTY_NET_GOOD_SCALE=1.0 LOH_PENALTY_NET_PENALTY_SCALE=1.0
1063,81,1,8101,bestcfg_penalty_3t_3m_20260207_000001__1063_081_r01,0,0.370272,0.35282,0.01,binary,neg,0.2,6.3,23.3,-0.451628,-156.0,-0.0,1.23282,LOH_PARALLEL_SAFE=1 LOH_SKIP_PIP_INSTALL=1 LOH_SKIP_BUILD=1 LOH_DEBUG_LEVEL=1 CACHESIM_VERBOSE=0 CACHESIM_NUM_REQ=3000000 LOH_RL_ALGO=SAC LOH_ACTION_SCALE=1.0 LOH_SCORE_USE_COMPOUND=0 LOH_SCORE_USE_IRT=0 LOH_USE_SOFTMAX=0 LOH_USE_HEURISTIC_SIGNS=0 LOH_INCLUDE_HIT_MISS_FEATURES=0 LOH_INCLUDE_CACHE_FEATURES=0 LOH_INCLUDE_CANDIDATE_FEATURES=0 LOH_INCLUDE_TOPK_CANDIDATE_FEATURES=0 LOH_INCLUDE_AVGTOPK_CANDIDATE_FEATURES=0 LOH_INCLUDE_REQUEST=0 LOH_ENABLE_PENALTY=1 LOH_REWARD_USE_PENALTY=1 LOH_PENALTY_SCALE=binary LOH_PENALTY_REWARD_FORMULA=neg LOH_REWARD_W_PENALTY=0.2 LOH_PENALTY_CUTOFF=0 LOH_PENALTY_DMAX=400000 LOH_PENALTY_EMPTY_AS_GOOD=1 LOH_PENALTY_REFINE_ON_LATE=1 LOH_PENALTY_NO_EVICT_REWARD=keep LOH_PENALTY_BASELINE_DECAY=0.99 LOH_SURVIVAL_BINS=64 LOH_SURVIVAL_QUANTILE=0.99 LOH_SURVIVAL_MINCOUNT=1000 LOH_PENALTY_NET_GOOD_SCALE=1.0 LOH_PENALTY_NET_PENALTY_SCALE=1.0
1063,82,1,8201,bestcfg_penalty_3t_3m_20260207_000001__1063_082_r01,0,0.369473,0.351824,0.01,binary,neg,0.5,6.21,23.55,-0.451638,-114.0,-0.0,1.20607,LOH_PARALLEL_SAFE=1 LOH_SKIP_PIP_INSTALL=1 LOH_SKIP_BUILD=1 LOH_DEBUG_LEVEL=1 CACHESIM_VERBOSE=0 CACHESIM_NUM_REQ=3000000 LOH_RL_ALGO=SAC LOH_ACTION_SCALE=1.0 LOH_SCORE_USE_COMPOUND=0 LOH_SCORE_USE_IRT=0 LOH_USE_SOFTMAX=0 LOH_USE_HEURISTIC_SIGNS=0 LOH_INCLUDE_HIT_MISS_FEATURES=0 LOH_INCLUDE_CACHE_FEATURES=0 LOH_INCLUDE_CANDIDATE_FEATURES=0 LOH_INCLUDE_TOPK_CANDIDATE_FEATURES=0 LOH_INCLUDE_AVGTOPK_CANDIDATE_FEATURES=0 LOH_INCLUDE_REQUEST=0 LOH_ENABLE_PENALTY=1 LOH_REWARD_USE_PENALTY=1 LOH_PENALTY_SCALE=binary LOH_PENALTY_REWARD_FORMULA=neg LOH_REWARD_W_PENALTY=0.5 LOH_PENALTY_CUTOFF=0 LOH_PENALTY_DMAX=400000 LOH_PENALTY_EMPTY_AS_GOOD=1 LOH_PENALTY_REFINE_ON_LATE=1 LOH_PENALTY_NO_EVICT_REWARD=keep LOH_PENALTY_BASELINE_DECAY=0.99 LOH_SURVIVAL_BINS=64 LOH_SURVIVAL_QUANTILE=0.99 LOH_SURVIVAL_MINCOUNT=1000 LOH_PENALTY_NET_GOOD_SCALE=1.0 LOH_PENALTY_NET_PENALTY_SCALE=1.0
1063,83,1,8301,bestcfg_penalty_3t_3m_20260207_000001__1063_083_r01,0,0.371872,0.351274,0.01,binary,neg,1.0,6.61,22.64,-0.442729,-201.0,-0.0,1.22094,LOH_PARALLEL_SAFE=1 LOH_SKIP_PIP_INSTALL=1 LOH_SKIP_BUILD=1 LOH_DEBUG_LEVEL=1 CACHESIM_VERBOSE=0 CACHESIM_NUM_REQ=3000000 LOH_RL_ALGO=SAC LOH_ACTION_SCALE=1.0 LOH_SCORE_USE_COMPOUND=0 LOH_SCORE_USE_IRT=0 LOH_USE_SOFTMAX=0 LOH_USE_HEURISTIC_SIGNS=0 LOH_INCLUDE_HIT_MISS_FEATURES=0 LOH_INCLUDE_CACHE_FEATURES=0 LOH_INCLUDE_CANDIDATE_FEATURES=0 LOH_INCLUDE_TOPK_CANDIDATE_FEATURES=0 LOH_INCLUDE_AVGTOPK_CANDIDATE_FEATURES=0 LOH_INCLUDE_REQUEST=0 LOH_ENABLE_PENALTY=1 LOH_REWARD_USE_PENALTY=1 LOH_PENALTY_SCALE=binary LOH_PENALTY_REWARD_FORMULA=neg LOH_REWARD_W_PENALTY=1.0 LOH_PENALTY_CUTOFF=0 LOH_PENALTY_DMAX=400000 LOH_PENALTY_EMPTY_AS_GOOD=1 LOH_PENALTY_REFINE_ON_LATE=1 LOH_PENALTY_NO_EVICT_REWARD=keep LOH_PENALTY_BASELINE_DECAY=0.99 LOH_SURVIVAL_BINS=64 LOH_SURVIVAL_QUANTILE=0.99 LOH_SURVIVAL_MINCOUNT=1000 LOH_PENALTY_NET_GOOD_SCALE=1.0 LOH_PENALTY_NET_PENALTY_SCALE=1.0
1063,84,1,8401,bestcfg_penalty_3t_3m_20260207_000001__1063_084_r01,0,0.373063,0.353646,0.01,binary,net,1.0,6.37,23.11,-0.449001,-100.0,0.0,1.18014,LOH_PARALLEL_SAFE=1 LOH_SKIP_PIP_INSTALL=1 LOH_SKIP_BUILD=1 LOH_DEBUG_LEVEL=1 CACHESIM_VERBOSE=0 CACHESIM_NUM_REQ=3000000 LOH_RL_ALGO=SAC LOH_ACTION_SCALE=1.0 LOH_SCORE_USE_COMPOUND=0 LOH_SCORE_USE_IRT=0 LOH_USE_SOFTMAX=0 LOH_USE_HEURISTIC_SIGNS=0 LOH_INCLUDE_HIT_MISS_FEATURES=0 LOH_INCLUDE_CACHE_FEATURES=0 LOH_INCLUDE_CANDIDATE_FEATURES=0 LOH_INCLUDE_TOPK_CANDIDATE_FEATURES=0 LOH_INCLUDE_AVGTOPK_CANDIDATE_FEATURES=0 LOH_INCLUDE_REQUEST=0 LOH_ENABLE_PENALTY=1 LOH_REWARD_USE_PENALTY=1 LOH_PENALTY_SCALE=binary LOH_PENALTY_REWARD_FORMULA=net LOH_REWARD_W_PENALTY=1.0 LOH_PENALTY_CUTOFF=0 LOH_PENALTY_DMAX=400000 LOH_PENALTY_EMPTY_AS_GOOD=1 LOH_PENALTY_REFINE_ON_LATE=1 LOH_PENALTY_NO_EVICT_REWARD=keep LOH_PENALTY_BASELINE_DECAY=0.99 LOH_SURVIVAL_BINS=64 LOH_SURVIVAL_QUANTILE=0.99 LOH_SURVIVAL_MINCOUNT=1000 LOH_PENALTY_NET_GOOD_SCALE=1.0 LOH_PENALTY_NET_PENALTY_SCALE=1.0
1063,85,1,8501,bestcfg_penalty_3t_3m_20260207_000001__1063_085_r01,0,0.371623,0.351389,0.01,binary,net,2.0,6.52,22.67,-0.444848,-98.0,0.0,1.16038,LOH_PARALLEL_SAFE=1 LOH_SKIP_PIP_INSTALL=1 LOH_SKIP_BUILD=1 LOH_DEBUG_LEVEL=1 CACHESIM_VERBOSE=0 CACHESIM_NUM_REQ=3000000 LOH_RL_ALGO=SAC LOH_ACTION_SCALE=1.0 LOH_SCORE_USE_COMPOUND=0 LOH_SCORE_USE_IRT=0 LOH_USE_SOFTMAX=0 LOH_USE_HEURISTIC_SIGNS=0 LOH_INCLUDE_HIT_MISS_FEATURES=0 LOH_INCLUDE_CACHE_FEATURES=0 LOH_INCLUDE_CANDIDATE_FEATURES=0 LOH_INCLUDE_TOPK_CANDIDATE_FEATURES=0 LOH_INCLUDE_AVGTOPK_CANDIDATE_FEATURES=0 LOH_INCLUDE_REQUEST=0 LOH_ENABLE_PENALTY=1 LOH_REWARD_USE_PENALTY=1 LOH_PENALTY_SCALE=binary LOH_PENALTY_REWARD_FORMULA=net LOH_REWARD_W_PENALTY=2.0 LOH_PENALTY_CUTOFF=0 LOH_PENALTY_DMAX=400000 LOH_PENALTY_EMPTY_AS_GOOD=1 LOH_PENALTY_REFINE_ON_LATE=1 LOH_PENALTY_NO_EVICT_REWARD=keep LOH_PENALTY_BASELINE_DECAY=0.99 LOH_SURVIVAL_BINS=64 LOH_SURVIVAL_QUANTILE=0.99 LOH_SURVIVAL_MINCOUNT=1000 LOH_PENALTY_NET_GOOD_SCALE=1.0 LOH_PENALTY_NET_PENALTY_SCALE=1.0
1063,86,1,8601,bestcfg_penalty_3t_3m_20260207_000001__1063_086_r01,0,0.371623,0.351843,0.01,binary,net,3.0,5.73,23.63,-0.453887,-110.0,0.0,1.18753,LOH_PARALLEL_SAFE=1 LOH_SKIP_PIP_INSTALL=1 LOH_SKIP_BUILD=1 LOH_DEBUG_LEVEL=1 CACHESIM_VERBOSE=0 CACHESIM_NUM_REQ=3000000 LOH_RL_ALGO=SAC LOH_ACTION_SCALE=1.0 LOH_SCORE_USE_COMPOUND=0 LOH_SCORE_USE_IRT=0 LOH_USE_SOFTMAX=0 LOH_USE_HEURISTIC_SIGNS=0 LOH_INCLUDE_HIT_MISS_FEATURES=0 LOH_INCLUDE_CACHE_FEATURES=0 LOH_INCLUDE_CANDIDATE_FEATURES=0 LOH_INCLUDE_TOPK_CANDIDATE_FEATURES=0 LOH_INCLUDE_AVGTOPK_CANDIDATE_FEATURES=0 LOH_INCLUDE_REQUEST=0 LOH_ENABLE_PENALTY=1 LOH_REWARD_USE_PENALTY=1 LOH_PENALTY_SCALE=binary LOH_PENALTY_REWARD_FORMULA=net LOH_REWARD_W_PENALTY=3.0 LOH_PENALTY_CUTOFF=0 LOH_PENALTY_DMAX=400000 LOH_PENALTY_EMPTY_AS_GOOD=1 LOH_PENALTY_REFINE_ON_LATE=1 LOH_PENALTY_NO_EVICT_REWARD=keep LOH_PENALTY_BASELINE_DECAY=0.99 LOH_SURVIVAL_BINS=64 LOH_SURVIVAL_QUANTILE=0.99 LOH_SURVIVAL_MINCOUNT=1000 LOH_PENALTY_NET_GOOD_SCALE=1.0 LOH_PENALTY_NET_PENALTY_SCALE=1.0
1063,87,1,8701,bestcfg_penalty_3t_3m_20260207_000001__1063_087_r01,0,0.369093,0.352897,0.01,binary,net2,1.0,6.14,100.0,-1.0,-90.0,-1.0,1.21216,LOH_PARALLEL_SAFE=1 LOH_SKIP_PIP_INSTALL=1 LOH_SKIP_BUILD=1 LOH_DEBUG_LEVEL=1 CACHESIM_VERBOSE=0 CACHESIM_NUM_REQ=3000000 LOH_RL_ALGO=SAC LOH_ACTION_SCALE=1.0 LOH_SCORE_USE_COMPOUND=0 LOH_SCORE_USE_IRT=0 LOH_USE_SOFTMAX=0 LOH_USE_HEURISTIC_SIGNS=0 LOH_INCLUDE_HIT_MISS_FEATURES=0 LOH_INCLUDE_CACHE_FEATURES=0 LOH_INCLUDE_CANDIDATE_FEATURES=0 LOH_INCLUDE_TOPK_CANDIDATE_FEATURES=0 LOH_INCLUDE_AVGTOPK_CANDIDATE_FEATURES=0 LOH_INCLUDE_REQUEST=0 LOH_ENABLE_PENALTY=1 LOH_REWARD_USE_PENALTY=1 LOH_PENALTY_SCALE=binary LOH_PENALTY_REWARD_FORMULA=net2 LOH_REWARD_W_PENALTY=1.0 LOH_PENALTY_CUTOFF=0 LOH_PENALTY_DMAX=400000 LOH_PENALTY_EMPTY_AS_GOOD=1 LOH_PENALTY_REFINE_ON_LATE=1 LOH_PENALTY_NO_EVICT_REWARD=keep LOH_PENALTY_BASELINE_DECAY=0.99 LOH_SURVIVAL_BINS=64 LOH_SURVIVAL_QUANTILE=0.99 LOH_SURVIVAL_MINCOUNT=1000 LOH_PENALTY_NET_GOOD_SCALE=1.0 LOH_PENALTY_NET_PENALTY_SCALE=1.0
1063,88,1,8801,bestcfg_penalty_3t_3m_20260207_000001__1063_088_r01,0,0.368603,0.352105,0.01,binary,net2,2.0,5.63,100.0,-1.0,-100.0,-1.0,1.15875,LOH_PARALLEL_SAFE=1 LOH_SKIP_PIP_INSTALL=1 LOH_SKIP_BUILD=1 LOH_DEBUG_LEVEL=1 CACHESIM_VERBOSE=0 CACHESIM_NUM_REQ=3000000 LOH_RL_ALGO=SAC LOH_ACTION_SCALE=1.0 LOH_SCORE_USE_COMPOUND=0 LOH_SCORE_USE_IRT=0 LOH_USE_SOFTMAX=0 LOH_USE_HEURISTIC_SIGNS=0 LOH_INCLUDE_HIT_MISS_FEATURES=0 LOH_INCLUDE_CACHE_FEATURES=0 LOH_INCLUDE_CANDIDATE_FEATURES=0 LOH_INCLUDE_TOPK_CANDIDATE_FEATURES=0 LOH_INCLUDE_AVGTOPK_CANDIDATE_FEATURES=0 LOH_INCLUDE_REQUEST=0 LOH_ENABLE_PENALTY=1 LOH_REWARD_USE_PENALTY=1 LOH_PENALTY_SCALE=binary LOH_PENALTY_REWARD_FORMULA=net2 LOH_REWARD_W_PENALTY=2.0 LOH_PENALTY_CUTOFF=0 LOH_PENALTY_DMAX=400000 LOH_PENALTY_EMPTY_AS_GOOD=1 LOH_PENALTY_REFINE_ON_LATE=1 LOH_PENALTY_NO_EVICT_REWARD=keep LOH_PENALTY_BASELINE_DECAY=0.99 LOH_SURVIVAL_BINS=64 LOH_SURVIVAL_QUANTILE=0.99 LOH_SURVIVAL_MINCOUNT=1000 LOH_PENALTY_NET_GOOD_SCALE=1.0 LOH_PENALTY_NET_PENALTY_SCALE=1.0
1063,89,1,8901,bestcfg_penalty_3t_3m_20260207_000001__1063_089_r01,0,0.369216,0.352424,0.01,binary,net2,3.0,6.34,100.0,-1.0,-131.0,-1.0,1.2424,LOH_PARALLEL_SAFE=1 LOH_SKIP_PIP_INSTALL=1 LOH_SKIP_BUILD=1 LOH_DEBUG_LEVEL=1 CACHESIM_VERBOSE=0 CACHESIM_NUM_REQ=3000000 LOH_RL_ALGO=SAC LOH_ACTION_SCALE=1.0 LOH_SCORE_USE_COMPOUND=0 LOH_SCORE_USE_IRT=0 LOH_USE_SOFTMAX=0 LOH_USE_HEURISTIC_SIGNS=0 LOH_INCLUDE_HIT_MISS_FEATURES=0 LOH_INCLUDE_CACHE_FEATURES=0 LOH_INCLUDE_CANDIDATE_FEATURES=0 LOH_INCLUDE_TOPK_CANDIDATE_FEATURES=0 LOH_INCLUDE_AVGTOPK_CANDIDATE_FEATURES=0 LOH_INCLUDE_REQUEST=0 LOH_ENABLE_PENALTY=1 LOH_REWARD_USE_PENALTY=1 LOH_PENALTY_SCALE=binary LOH_PENALTY_REWARD_FORMULA=net2 LOH_REWARD_W_PENALTY=3.0 LOH_PENALTY_CUTOFF=0 LOH_PENALTY_DMAX=400000 LOH_PENALTY_EMPTY_AS_GOOD=1 LOH_PENALTY_REFINE_ON_LATE=1 LOH_PENALTY_NO_EVICT_REWARD=keep LOH_PENALTY_BASELINE_DECAY=0.99 LOH_SURVIVAL_BINS=64 LOH_SURVIVAL_QUANTILE=0.99 LOH_SURVIVAL_MINCOUNT=1000 LOH_PENALTY_NET_GOOD_SCALE=1.0 LOH_PENALTY_NET_PENALTY_SCALE=1.0
1063,90,1,9001,bestcfg_penalty_3t_3m_20260207_000001__1063_090_r01,0,0.371108,0.352873,0.01,log,centered,1.0,5.78,9.89,0.704484,-44.3703,1.0,0.211063,LOH_PARALLEL_SAFE=1 LOH_SKIP_PIP_INSTALL=1 LOH_SKIP_BUILD=1 LOH_DEBUG_LEVEL=1 CACHESIM_VERBOSE=0 CACHESIM_NUM_REQ=3000000 LOH_RL_ALGO=SAC LOH_ACTION_SCALE=1.0 LOH_SCORE_USE_COMPOUND=0 LOH_SCORE_USE_IRT=0 LOH_USE_SOFTMAX=0 LOH_USE_HEURISTIC_SIGNS=0 LOH_INCLUDE_HIT_MISS_FEATURES=0 LOH_INCLUDE_CACHE_FEATURES=0 LOH_INCLUDE_CANDIDATE_FEATURES=0 LOH_INCLUDE_TOPK_CANDIDATE_FEATURES=0 LOH_INCLUDE_AVGTOPK_CANDIDATE_FEATURES=0 LOH_INCLUDE_REQUEST=0 LOH_ENABLE_PENALTY=1 LOH_REWARD_USE_PENALTY=1 LOH_PENALTY_SCALE=log LOH_PENALTY_REWARD_FORMULA=centered LOH_REWARD_W_PENALTY=1.0 LOH_PENALTY_CUTOFF=0 LOH_PENALTY_DMAX=400000 LOH_PENALTY_EMPTY_AS_GOOD=1 LOH_PENALTY_REFINE_ON_LATE=1 LOH_PENALTY_NO_EVICT_REWARD=keep LOH_PENALTY_BASELINE_DECAY=0.99 LOH_SURVIVAL_BINS=64 LOH_SURVIVAL_QUANTILE=0.99 LOH_SURVIVAL_MINCOUNT=1000 LOH_PENALTY_NET_GOOD_SCALE=1.0 LOH_PENALTY_NET_PENALTY_SCALE=1.0 LOH_PENALTY_CUTOFF=0
1063,91,1,9101,bestcfg_penalty_3t_3m_20260207_000001__1063_091_r01,0,0.367057,0.348262,0.01,log,centered,1.0,93.36,93.41,0.991092,-2.78506,1.0,0.004651,LOH_PARALLEL_SAFE=1 LOH_SKIP_PIP_INSTALL=1 LOH_SKIP_BUILD=1 LOH_DEBUG_LEVEL=1 CACHESIM_VERBOSE=0 CACHESIM_NUM_REQ=3000000 LOH_RL_ALGO=SAC LOH_ACTION_SCALE=1.0 LOH_SCORE_USE_COMPOUND=0 LOH_SCORE_USE_IRT=0 LOH_USE_SOFTMAX=0 LOH_USE_HEURISTIC_SIGNS=0 LOH_INCLUDE_HIT_MISS_FEATURES=0 LOH_INCLUDE_CACHE_FEATURES=0 LOH_INCLUDE_CANDIDATE_FEATURES=0 LOH_INCLUDE_TOPK_CANDIDATE_FEATURES=0 LOH_INCLUDE_AVGTOPK_CANDIDATE_FEATURES=0 LOH_INCLUDE_REQUEST=0 LOH_ENABLE_PENALTY=1 LOH_REWARD_USE_PENALTY=1 LOH_PENALTY_SCALE=log LOH_PENALTY_REWARD_FORMULA=centered LOH_REWARD_W_PENALTY=1.0 LOH_PENALTY_CUTOFF=0 LOH_PENALTY_DMAX=400000 LOH_PENALTY_EMPTY_AS_GOOD=1 LOH_PENALTY_REFINE_ON_LATE=1 LOH_PENALTY_NO_EVICT_REWARD=keep LOH_PENALTY_BASELINE_DECAY=0.99 LOH_SURVIVAL_BINS=64 LOH_SURVIVAL_QUANTILE=0.99 LOH_SURVIVAL_MINCOUNT=1000 LOH_PENALTY_NET_GOOD_SCALE=1.0 LOH_PENALTY_NET_PENALTY_SCALE=1.0 LOH_PENALTY_CUTOFF=500
1063,92,1,9201,bestcfg_penalty_3t_3m_20260207_000001__1063_092_r01,0,0.367103,0.348886,0.01,log,centered,1.0,80.06,80.16,0.97822,-12.2477,1.0,0.0118693,LOH_PARALLEL_SAFE=1 LOH_SKIP_PIP_INSTALL=1 LOH_SKIP_BUILD=1 LOH_DEBUG_LEVEL=1 CACHESIM_VERBOSE=0 CACHESIM_NUM_REQ=3000000 LOH_RL_ALGO=SAC LOH_ACTION_SCALE=1.0 LOH_SCORE_USE_COMPOUND=0 LOH_SCORE_USE_IRT=0 LOH_USE_SOFTMAX=0 LOH_USE_HEURISTIC_SIGNS=0 LOH_INCLUDE_HIT_MISS_FEATURES=0 LOH_INCLUDE_CACHE_FEATURES=0 LOH_INCLUDE_CANDIDATE_FEATURES=0 LOH_INCLUDE_TOPK_CANDIDATE_FEATURES=0 LOH_INCLUDE_AVGTOPK_CANDIDATE_FEATURES=0 LOH_INCLUDE_REQUEST=0 LOH_ENABLE_PENALTY=1 LOH_REWARD_USE_PENALTY=1 LOH_PENALTY_SCALE=log LOH_PENALTY_REWARD_FORMULA=centered LOH_REWARD_W_PENALTY=1.0 LOH_PENALTY_CUTOFF=0 LOH_PENALTY_DMAX=400000 LOH_PENALTY_EMPTY_AS_GOOD=1 LOH_PENALTY_REFINE_ON_LATE=1 LOH_PENALTY_NO_EVICT_REWARD=keep LOH_PENALTY_BASELINE_DECAY=0.99 LOH_SURVIVAL_BINS=64 LOH_SURVIVAL_QUANTILE=0.99 LOH_SURVIVAL_MINCOUNT=1000 LOH_PENALTY_NET_GOOD_SCALE=1.0 LOH_PENALTY_NET_PENALTY_SCALE=1.0 LOH_PENALTY_CUTOFF=2000
1063,93,1,9301,bestcfg_penalty_3t_3m_20260207_000001__1063_093_r01,0,0.368443,0.350421,0.01,log,centered,1.0,45.06,45.69,0.923441,-12.5446,1.0,0.0463176,LOH_PARALLEL_SAFE=1 LOH_SKIP_PIP_INSTALL=1 LOH_SKIP_BUILD=1 LOH_DEBUG_LEVEL=1 CACHESIM_VERBOSE=0 CACHESIM_NUM_REQ=3000000 LOH_RL_ALGO=SAC LOH_ACTION_SCALE=1.0 LOH_SCORE_USE_COMPOUND=0 LOH_SCORE_USE_IRT=0 LOH_USE_SOFTMAX=0 LOH_USE_HEURISTIC_SIGNS=0 LOH_INCLUDE_HIT_MISS_FEATURES=0 LOH_INCLUDE_CACHE_FEATURES=0 LOH_INCLUDE_CANDIDATE_FEATURES=0 LOH_INCLUDE_TOPK_CANDIDATE_FEATURES=0 LOH_INCLUDE_AVGTOPK_CANDIDATE_FEATURES=0 LOH_INCLUDE_REQUEST=0 LOH_ENABLE_PENALTY=1 LOH_REWARD_USE_PENALTY=1 LOH_PENALTY_SCALE=log LOH_PENALTY_REWARD_FORMULA=centered LOH_REWARD_W_PENALTY=1.0 LOH_PENALTY_CUTOFF=0 LOH_PENALTY_DMAX=400000 LOH_PENALTY_EMPTY_AS_GOOD=1 LOH_PENALTY_REFINE_ON_LATE=1 LOH_PENALTY_NO_EVICT_REWARD=keep LOH_PENALTY_BASELINE_DECAY=0.99 LOH_SURVIVAL_BINS=64 LOH_SURVIVAL_QUANTILE=0.99 LOH_SURVIVAL_MINCOUNT=1000 LOH_PENALTY_NET_GOOD_SCALE=1.0 LOH_PENALTY_NET_PENALTY_SCALE=1.0 LOH_PENALTY_CUTOFF=10000
1063,94,1,9401,bestcfg_penalty_3t_3m_20260207_000001__1063_094_r01,0,0.368089,0.350722,0.01,log,centered,1.0,6.3,14.19,0.896162,-15.4126,1.0,0.059762,LOH_PARALLEL_SAFE=1 LOH_SKIP_PIP_INSTALL=1 LOH_SKIP_BUILD=1 LOH_DEBUG_LEVEL=1 CACHESIM_VERBOSE=0 CACHESIM_NUM_REQ=3000000 LOH_RL_ALGO=SAC LOH_ACTION_SCALE=1.0 LOH_SCORE_USE_COMPOUND=0 LOH_SCORE_USE_IRT=0 LOH_USE_SOFTMAX=0 LOH_USE_HEURISTIC_SIGNS=0 LOH_INCLUDE_HIT_MISS_FEATURES=0 LOH_INCLUDE_CACHE_FEATURES=0 LOH_INCLUDE_CANDIDATE_FEATURES=0 LOH_INCLUDE_TOPK_CANDIDATE_FEATURES=0 LOH_INCLUDE_AVGTOPK_CANDIDATE_FEATURES=0 LOH_INCLUDE_REQUEST=0 LOH_ENABLE_PENALTY=1 LOH_REWARD_USE_PENALTY=1 LOH_PENALTY_SCALE=log LOH_PENALTY_REWARD_FORMULA=centered LOH_REWARD_W_PENALTY=1.0 LOH_PENALTY_CUTOFF=0 LOH_PENALTY_DMAX=400000 LOH_PENALTY_EMPTY_AS_GOOD=1 LOH_PENALTY_REFINE_ON_LATE=1 LOH_PENALTY_NO_EVICT_REWARD=keep LOH_PENALTY_BASELINE_DECAY=0.99 LOH_SURVIVAL_BINS=64 LOH_SURVIVAL_QUANTILE=0.99 LOH_SURVIVAL_MINCOUNT=1000 LOH_PENALTY_NET_GOOD_SCALE=1.0 LOH_PENALTY_NET_PENALTY_SCALE=1.0 LOH_PENALTY_DMAX=50000
1063,95,1,9501,bestcfg_penalty_3t_3m_20260207_000001__1063_095_r01,0,0.370576,0.352626,0.01,log,centered,1.0,5.69,8.89,0.764659,-29.2304,1.0,0.154977,LOH_PARALLEL_SAFE=1 LOH_SKIP_PIP_INSTALL=1 LOH_SKIP_BUILD=1 LOH_DEBUG_LEVEL=1 CACHESIM_VERBOSE=0 CACHESIM_NUM_REQ=3000000 LOH_RL_ALGO=SAC LOH_ACTION_SCALE=1.0 LOH_SCORE_USE_COMPOUND=0 LOH_SCORE_USE_IRT=0 LOH_USE_SOFTMAX=0 LOH_USE_HEURISTIC_SIGNS=0 LOH_INCLUDE_HIT_MISS_FEATURES=0 LOH_INCLUDE_CACHE_FEATURES=0 LOH_INCLUDE_CANDIDATE_FEATURES=0 LOH_INCLUDE_TOPK_CANDIDATE_FEATURES=0 LOH_INCLUDE_AVGTOPK_CANDIDATE_FEATURES=0 LOH_INCLUDE_REQUEST=0 LOH_ENABLE_PENALTY=1 LOH_REWARD_USE_PENALTY=1 LOH_PENALTY_SCALE=log LOH_PENALTY_REWARD_FORMULA=centered LOH_REWARD_W_PENALTY=1.0 LOH_PENALTY_CUTOFF=0 LOH_PENALTY_DMAX=400000 LOH_PENALTY_EMPTY_AS_GOOD=1 LOH_PENALTY_REFINE_ON_LATE=1 LOH_PENALTY_NO_EVICT_REWARD=keep LOH_PENALTY_BASELINE_DECAY=0.99 LOH_SURVIVAL_BINS=64 LOH_SURVIVAL_QUANTILE=0.99 LOH_SURVIVAL_MINCOUNT=1000 LOH_PENALTY_NET_GOOD_SCALE=1.0 LOH_PENALTY_NET_PENALTY_SCALE=1.0 LOH_PENALTY_DMAX=200000
1063,96,1,9601,bestcfg_penalty_3t_3m_20260207_000001__1063_096_r01,0,0.366919,0.347997,0.01,log,centered,1.0,6.14,10.02,0.708832,-32.5076,1.0,0.198451,LOH_PARALLEL_SAFE=1 LOH_SKIP_PIP_INSTALL=1 LOH_SKIP_BUILD=1 LOH_DEBUG_LEVEL=1 CACHESIM_VERBOSE=0 CACHESIM_NUM_REQ=3000000 LOH_RL_ALGO=SAC LOH_ACTION_SCALE=1.0 LOH_SCORE_USE_COMPOUND=0 LOH_SCORE_USE_IRT=0 LOH_USE_SOFTMAX=0 LOH_USE_HEURISTIC_SIGNS=0 LOH_INCLUDE_HIT_MISS_FEATURES=0 LOH_INCLUDE_CACHE_FEATURES=0 LOH_INCLUDE_CANDIDATE_FEATURES=0 LOH_INCLUDE_TOPK_CANDIDATE_FEATURES=0 LOH_INCLUDE_AVGTOPK_CANDIDATE_FEATURES=0 LOH_INCLUDE_REQUEST=0 LOH_ENABLE_PENALTY=1 LOH_REWARD_USE_PENALTY=1 LOH_PENALTY_SCALE=log LOH_PENALTY_REWARD_FORMULA=centered LOH_REWARD_W_PENALTY=1.0 LOH_PENALTY_CUTOFF=0 LOH_PENALTY_DMAX=400000 LOH_PENALTY_EMPTY_AS_GOOD=1 LOH_PENALTY_REFINE_ON_LATE=1 LOH_PENALTY_NO_EVICT_REWARD=keep LOH_PENALTY_BASELINE_DECAY=0.99 LOH_SURVIVAL_BINS=64 LOH_SURVIVAL_QUANTILE=0.99 LOH_SURVIVAL_MINCOUNT=1000 LOH_PENALTY_NET_GOOD_SCALE=1.0 LOH_PENALTY_NET_PENALTY_SCALE=1.0 LOH_PENALTY_DMAX=400000
1063,97,1,9701,bestcfg_penalty_3t_3m_20260207_000001__1063_097_r01,0,0.369497,0.351279,0.01,log,centered,1.0,5.82,9.64,0.703954,-63.8011,1.0,0.208779,LOH_PARALLEL_SAFE=1 LOH_SKIP_PIP_INSTALL=1 LOH_SKIP_BUILD=1 LOH_DEBUG_LEVEL=1 CACHESIM_VERBOSE=0 CACHESIM_NUM_REQ=3000000 LOH_RL_ALGO=SAC LOH_ACTION_SCALE=1.0 LOH_SCORE_USE_COMPOUND=0 LOH_SCORE_USE_IRT=0 LOH_USE_SOFTMAX=0 LOH_USE_HEURISTIC_SIGNS=0 LOH_INCLUDE_HIT_MISS_FEATURES=0 LOH_INCLUDE_CACHE_FEATURES=0 LOH_INCLUDE_CANDIDATE_FEATURES=0 LOH_INCLUDE_TOPK_CANDIDATE_FEATURES=0 LOH_INCLUDE_AVGTOPK_CANDIDATE_FEATURES=0 LOH_INCLUDE_REQUEST=0 LOH_ENABLE_PENALTY=1 LOH_REWARD_USE_PENALTY=1 LOH_PENALTY_SCALE=log LOH_PENALTY_REWARD_FORMULA=centered LOH_REWARD_W_PENALTY=1.0 LOH_PENALTY_CUTOFF=0 LOH_PENALTY_DMAX=400000 LOH_PENALTY_EMPTY_AS_GOOD=1 LOH_PENALTY_REFINE_ON_LATE=1 LOH_PENALTY_NO_EVICT_REWARD=keep LOH_PENALTY_BASELINE_DECAY=0.99 LOH_SURVIVAL_BINS=64 LOH_SURVIVAL_QUANTILE=0.99 LOH_SURVIVAL_MINCOUNT=1000 LOH_PENALTY_NET_GOOD_SCALE=1.0 LOH_PENALTY_NET_PENALTY_SCALE=1.0 LOH_PENALTY_EMPTY_AS_GOOD=0
1063,98,1,9801,bestcfg_penalty_3t_3m_20260207_000001__1063_098_r01,0,0.369871,0.350014,0.01,log,centered,1.0,6.54,10.61,0.707356,-52.1754,1.0,0.208621,LOH_PARALLEL_SAFE=1 LOH_SKIP_PIP_INSTALL=1 LOH_SKIP_BUILD=1 LOH_DEBUG_LEVEL=1 CACHESIM_VERBOSE=0 CACHESIM_NUM_REQ=3000000 LOH_RL_ALGO=SAC LOH_ACTION_SCALE=1.0 LOH_SCORE_USE_COMPOUND=0 LOH_SCORE_USE_IRT=0 LOH_USE_SOFTMAX=0 LOH_USE_HEURISTIC_SIGNS=0 LOH_INCLUDE_HIT_MISS_FEATURES=0 LOH_INCLUDE_CACHE_FEATURES=0 LOH_INCLUDE_CANDIDATE_FEATURES=0 LOH_INCLUDE_TOPK_CANDIDATE_FEATURES=0 LOH_INCLUDE_AVGTOPK_CANDIDATE_FEATURES=0 LOH_INCLUDE_REQUEST=0 LOH_ENABLE_PENALTY=1 LOH_REWARD_USE_PENALTY=1 LOH_PENALTY_SCALE=log LOH_PENALTY_REWARD_FORMULA=centered LOH_REWARD_W_PENALTY=1.0 LOH_PENALTY_CUTOFF=0 LOH_PENALTY_DMAX=400000 LOH_PENALTY_EMPTY_AS_GOOD=1 LOH_PENALTY_REFINE_ON_LATE=1 LOH_PENALTY_NO_EVICT_REWARD=keep LOH_PENALTY_BASELINE_DECAY=0.99 LOH_SURVIVAL_BINS=64 LOH_SURVIVAL_QUANTILE=0.99 LOH_SURVIVAL_MINCOUNT=1000 LOH_PENALTY_NET_GOOD_SCALE=1.0 LOH_PENALTY_NET_PENALTY_SCALE=1.0 LOH_PENALTY_EMPTY_AS_GOOD=1
1063,99,1,9901,bestcfg_penalty_3t_3m_20260207_000001__1063_099_r01,0,0.369973,0.353391,0.01,log,centered,1.0,5.89,9.7,0.705476,-76.6092,1.0,0.208704,LOH_PARALLEL_SAFE=1 LOH_SKIP_PIP_INSTALL=1 LOH_SKIP_BUILD=1 LOH_DEBUG_LEVEL=1 CACHESIM_VERBOSE=0 CACHESIM_NUM_REQ=3000000 LOH_RL_ALGO=SAC LOH_ACTION_SCALE=1.0 LOH_SCORE_USE_COMPOUND=0 LOH_SCORE_USE_IRT=0 LOH_USE_SOFTMAX=0 LOH_USE_HEURISTIC_SIGNS=0 LOH_INCLUDE_HIT_MISS_FEATURES=0 LOH_INCLUDE_CACHE_FEATURES=0 LOH_INCLUDE_CANDIDATE_FEATURES=0 LOH_INCLUDE_TOPK_CANDIDATE_FEATURES=0 LOH_INCLUDE_AVGTOPK_CANDIDATE_FEATURES=0 LOH_INCLUDE_REQUEST=0 LOH_ENABLE_PENALTY=1 LOH_REWARD_USE_PENALTY=1 LOH_PENALTY_SCALE=log LOH_PENALTY_REWARD_FORMULA=centered LOH_REWARD_W_PENALTY=1.0 LOH_PENALTY_CUTOFF=0 LOH_PENALTY_DMAX=400000 LOH_PENALTY_EMPTY_AS_GOOD=1 LOH_PENALTY_REFINE_ON_LATE=1 LOH_PENALTY_NO_EVICT_REWARD=keep LOH_PENALTY_BASELINE_DECAY=0.99 LOH_SURVIVAL_BINS=64 LOH_SURVIVAL_QUANTILE=0.99 LOH_SURVIVAL_MINCOUNT=1000 LOH_PENALTY_NET_GOOD_SCALE=1.0 LOH_PENALTY_NET_PENALTY_SCALE=1.0 LOH_PENALTY_REFINE_ON_LATE=0
1063,100,1,10001,bestcfg_penalty_3t_3m_20260207_000001__1063_100_r01,0,0.371347,0.351655,0.01,log,centered,1.0,5.88,9.49,0.709418,-34.2291,1.0,0.188366,LOH_PARALLEL_SAFE=1 LOH_SKIP_PIP_INSTALL=1 LOH_SKIP_BUILD=1 LOH_DEBUG_LEVEL=1 CACHESIM_VERBOSE=0 CACHESIM_NUM_REQ=3000000 LOH_RL_ALGO=SAC LOH_ACTION_SCALE=1.0 LOH_SCORE_USE_COMPOUND=0 LOH_SCORE_USE_IRT=0 LOH_USE_SOFTMAX=0 LOH_USE_HEURISTIC_SIGNS=0 LOH_INCLUDE_HIT_MISS_FEATURES=0 LOH_INCLUDE_CACHE_FEATURES=0 LOH_INCLUDE_CANDIDATE_FEATURES=0 LOH_INCLUDE_TOPK_CANDIDATE_FEATURES=0 LOH_INCLUDE_AVGTOPK_CANDIDATE_FEATURES=0 LOH_INCLUDE_REQUEST=0 LOH_ENABLE_PENALTY=1 LOH_REWARD_USE_PENALTY=1 LOH_PENALTY_SCALE=log LOH_PENALTY_REWARD_FORMULA=centered LOH_REWARD_W_PENALTY=1.0 LOH_PENALTY_CUTOFF=0 LOH_PENALTY_DMAX=400000 LOH_PENALTY_EMPTY_AS_GOOD=1 LOH_PENALTY_REFINE_ON_LATE=1 LOH_PENALTY_NO_EVICT_REWARD=keep LOH_PENALTY_BASELINE_DECAY=0.99 LOH_SURVIVAL_BINS=64 LOH_SURVIVAL_QUANTILE=0.99 LOH_SURVIVAL_MINCOUNT=1000 LOH_PENALTY_NET_GOOD_SCALE=1.0 LOH_PENALTY_NET_PENALTY_SCALE=1.0 LOH_PENALTY_REFINE_ON_LATE=1
1063,101,1,10101,bestcfg_penalty_3t_3m_20260207_000001__1063_101_r01,0,0.368892,0.351349,0.01,log,centered,1.0,5.95,9.89,0.702944,-46.3696,1.0,0.206478,LOH_PARALLEL_SAFE=1 LOH_SKIP_PIP_INSTALL=1 LOH_SKIP_BUILD=1 LOH_DEBUG_LEVEL=1 CACHESIM_VERBOSE=0 CACHESIM_NUM_REQ=3000000 LOH_RL_ALGO=SAC LOH_ACTION_SCALE=1.0 LOH_SCORE_USE_COMPOUND=0 LOH_SCORE_USE_IRT=0 LOH_USE_SOFTMAX=0 LOH_USE_HEURISTIC_SIGNS=0 LOH_INCLUDE_HIT_MISS_FEATURES=0 LOH_INCLUDE_CACHE_FEATURES=0 LOH_INCLUDE_CANDIDATE_FEATURES=0 LOH_INCLUDE_TOPK_CANDIDATE_FEATURES=0 LOH_INCLUDE_AVGTOPK_CANDIDATE_FEATURES=0 LOH_INCLUDE_REQUEST=0 LOH_ENABLE_PENALTY=1 LOH_REWARD_USE_PENALTY=1 LOH_PENALTY_SCALE=log LOH_PENALTY_REWARD_FORMULA=centered LOH_REWARD_W_PENALTY=1.0 LOH_PENALTY_CUTOFF=0 LOH_PENALTY_DMAX=400000 LOH_PENALTY_EMPTY_AS_GOOD=1 LOH_PENALTY_REFINE_ON_LATE=1 LOH_PENALTY_NO_EVICT_REWARD=keep LOH_PENALTY_BASELINE_DECAY=0.99 LOH_SURVIVAL_BINS=64 LOH_SURVIVAL_QUANTILE=0.99 LOH_SURVIVAL_MINCOUNT=1000 LOH_PENALTY_NET_GOOD_SCALE=1.0 LOH_PENALTY_NET_PENALTY_SCALE=1.0 LOH_PENALTY_NO_EVICT_REWARD=keep
1063,102,1,10201,bestcfg_penalty_3t_3m_20260207_000001__1063_102_r01,0,0.369971,0.352267,0.01,log,centered,1.0,5.64,9.64,0.705012,-44.8841,1.0,0.214631,LOH_PARALLEL_SAFE=1 LOH_SKIP_PIP_INSTALL=1 LOH_SKIP_BUILD=1 LOH_DEBUG_LEVEL=1 CACHESIM_VERBOSE=0 CACHESIM_NUM_REQ=3000000 LOH_RL_ALGO=SAC LOH_ACTION_SCALE=1.0 LOH_SCORE_USE_COMPOUND=0 LOH_SCORE_USE_IRT=0 LOH_USE_SOFTMAX=0 LOH_USE_HEURISTIC_SIGNS=0 LOH_INCLUDE_HIT_MISS_FEATURES=0 LOH_INCLUDE_CACHE_FEATURES=0 LOH_INCLUDE_CANDIDATE_FEATURES=0 LOH_INCLUDE_TOPK_CANDIDATE_FEATURES=0 LOH_INCLUDE_AVGTOPK_CANDIDATE_FEATURES=0 LOH_INCLUDE_REQUEST=0 LOH_ENABLE_PENALTY=1 LOH_REWARD_USE_PENALTY=1 LOH_PENALTY_SCALE=log LOH_PENALTY_REWARD_FORMULA=centered LOH_REWARD_W_PENALTY=1.0 LOH_PENALTY_CUTOFF=0 LOH_PENALTY_DMAX=400000 LOH_PENALTY_EMPTY_AS_GOOD=1 LOH_PENALTY_REFINE_ON_LATE=1 LOH_PENALTY_NO_EVICT_REWARD=keep LOH_PENALTY_BASELINE_DECAY=0.99 LOH_SURVIVAL_BINS=64 LOH_SURVIVAL_QUANTILE=0.99 LOH_SURVIVAL_MINCOUNT=1000 LOH_PENALTY_NET_GOOD_SCALE=1.0 LOH_PENALTY_NET_PENALTY_SCALE=1.0 LOH_PENALTY_NO_EVICT_REWARD=zero
1063,103,1,10301,bestcfg_penalty_3t_3m_20260207_000001__1063_103_r01,0,0.370699,0.353233,0.01,log,centered,1.0,6.28,10.06,0.704189,-35.7649,1.0,0.20242,LOH_PARALLEL_SAFE=1 LOH_SKIP_PIP_INSTALL=1 LOH_SKIP_BUILD=1 LOH_DEBUG_LEVEL=1 CACHESIM_VERBOSE=0 CACHESIM_NUM_REQ=3000000 LOH_RL_ALGO=SAC LOH_ACTION_SCALE=1.0 LOH_SCORE_USE_COMPOUND=0 LOH_SCORE_USE_IRT=0 LOH_USE_SOFTMAX=0 LOH_USE_HEURISTIC_SIGNS=0 LOH_INCLUDE_HIT_MISS_FEATURES=0 LOH_INCLUDE_CACHE_FEATURES=0 LOH_INCLUDE_CANDIDATE_FEATURES=0 LOH_INCLUDE_TOPK_CANDIDATE_FEATURES=0 LOH_INCLUDE_AVGTOPK_CANDIDATE_FEATURES=0 LOH_INCLUDE_REQUEST=0 LOH_ENABLE_PENALTY=1 LOH_REWARD_USE_PENALTY=1 LOH_PENALTY_SCALE=log LOH_PENALTY_REWARD_FORMULA=centered LOH_REWARD_W_PENALTY=1.0 LOH_PENALTY_CUTOFF=0 LOH_PENALTY_DMAX=400000 LOH_PENALTY_EMPTY_AS_GOOD=1 LOH_PENALTY_REFINE_ON_LATE=1 LOH_PENALTY_NO_EVICT_REWARD=keep LOH_PENALTY_BASELINE_DECAY=0.99 LOH_SURVIVAL_BINS=64 LOH_SURVIVAL_QUANTILE=0.99 LOH_SURVIVAL_MINCOUNT=1000 LOH_PENALTY_NET_GOOD_SCALE=1.0 LOH_PENALTY_NET_PENALTY_SCALE=1.0 LOH_PENALTY_BASELINE_DECAY=0.95
1063,104,1,10401,bestcfg_penalty_3t_3m_20260207_000001__1063_104_r01,0,0.370661,0.353049,0.01,log,centered,1.0,5.88,9.59,0.71088,-50.9283,1.0,0.206834,LOH_PARALLEL_SAFE=1 LOH_SKIP_PIP_INSTALL=1 LOH_SKIP_BUILD=1 LOH_DEBUG_LEVEL=1 CACHESIM_VERBOSE=0 CACHESIM_NUM_REQ=3000000 LOH_RL_ALGO=SAC LOH_ACTION_SCALE=1.0 LOH_SCORE_USE_COMPOUND=0 LOH_SCORE_USE_IRT=0 LOH_USE_SOFTMAX=0 LOH_USE_HEURISTIC_SIGNS=0 LOH_INCLUDE_HIT_MISS_FEATURES=0 LOH_INCLUDE_CACHE_FEATURES=0 LOH_INCLUDE_CANDIDATE_FEATURES=0 LOH_INCLUDE_TOPK_CANDIDATE_FEATURES=0 LOH_INCLUDE_AVGTOPK_CANDIDATE_FEATURES=0 LOH_INCLUDE_REQUEST=0 LOH_ENABLE_PENALTY=1 LOH_REWARD_USE_PENALTY=1 LOH_PENALTY_SCALE=log LOH_PENALTY_REWARD_FORMULA=centered LOH_REWARD_W_PENALTY=1.0 LOH_PENALTY_CUTOFF=0 LOH_PENALTY_DMAX=400000 LOH_PENALTY_EMPTY_AS_GOOD=1 LOH_PENALTY_REFINE_ON_LATE=1 LOH_PENALTY_NO_EVICT_REWARD=keep LOH_PENALTY_BASELINE_DECAY=0.99 LOH_SURVIVAL_BINS=64 LOH_SURVIVAL_QUANTILE=0.99 LOH_SURVIVAL_MINCOUNT=1000 LOH_PENALTY_NET_GOOD_SCALE=1.0 LOH_PENALTY_NET_PENALTY_SCALE=1.0 LOH_PENALTY_BASELINE_DECAY=0.99
1063,105,1,10501,bestcfg_penalty_3t_3m_20260207_000001__1063_105_r01,0,0.368919,0.350011,0.01,log,centered,1.0,6.12,9.85,0.710003,-61.1488,1.0,0.20223,LOH_PARALLEL_SAFE=1 LOH_SKIP_PIP_INSTALL=1 LOH_SKIP_BUILD=1 LOH_DEBUG_LEVEL=1 CACHESIM_VERBOSE=0 CACHESIM_NUM_REQ=3000000 LOH_RL_ALGO=SAC LOH_ACTION_SCALE=1.0 LOH_SCORE_USE_COMPOUND=0 LOH_SCORE_USE_IRT=0 LOH_USE_SOFTMAX=0 LOH_USE_HEURISTIC_SIGNS=0 LOH_INCLUDE_HIT_MISS_FEATURES=0 LOH_INCLUDE_CACHE_FEATURES=0 LOH_INCLUDE_CANDIDATE_FEATURES=0 LOH_INCLUDE_TOPK_CANDIDATE_FEATURES=0 LOH_INCLUDE_AVGTOPK_CANDIDATE_FEATURES=0 LOH_INCLUDE_REQUEST=0 LOH_ENABLE_PENALTY=1 LOH_REWARD_USE_PENALTY=1 LOH_PENALTY_SCALE=log LOH_PENALTY_REWARD_FORMULA=centered LOH_REWARD_W_PENALTY=1.0 LOH_PENALTY_CUTOFF=0 LOH_PENALTY_DMAX=400000 LOH_PENALTY_EMPTY_AS_GOOD=1 LOH_PENALTY_REFINE_ON_LATE=1 LOH_PENALTY_NO_EVICT_REWARD=keep LOH_PENALTY_BASELINE_DECAY=0.99 LOH_SURVIVAL_BINS=64 LOH_SURVIVAL_QUANTILE=0.99 LOH_SURVIVAL_MINCOUNT=1000 LOH_PENALTY_NET_GOOD_SCALE=1.0 LOH_PENALTY_NET_PENALTY_SCALE=1.0 LOH_PENALTY_BASELINE_DECAY=0.995
1063,106,1,10601,bestcfg_penalty_3t_3m_20260207_000001__1063_106_r01,0,0.373262,0.353093,0.01,survival,centered,1.0,5.87,16.88,0.427019,-199.585,1.0,0.555048,LOH_PARALLEL_SAFE=1 LOH_SKIP_PIP_INSTALL=1 LOH_SKIP_BUILD=1 LOH_DEBUG_LEVEL=1 CACHESIM_VERBOSE=0 CACHESIM_NUM_REQ=3000000 LOH_RL_ALGO=SAC LOH_ACTION_SCALE=1.0 LOH_SCORE_USE_COMPOUND=0 LOH_SCORE_USE_IRT=0 LOH_USE_SOFTMAX=0 LOH_USE_HEURISTIC_SIGNS=0 LOH_INCLUDE_HIT_MISS_FEATURES=0 LOH_INCLUDE_CACHE_FEATURES=0 LOH_INCLUDE_CANDIDATE_FEATURES=0 LOH_INCLUDE_TOPK_CANDIDATE_FEATURES=0 LOH_INCLUDE_AVGTOPK_CANDIDATE_FEATURES=0 LOH_INCLUDE_REQUEST=0 LOH_ENABLE_PENALTY=1 LOH_REWARD_USE_PENALTY=1 LOH_PENALTY_SCALE=log LOH_PENALTY_REWARD_FORMULA=centered LOH_REWARD_W_PENALTY=1.0 LOH_PENALTY_CUTOFF=0 LOH_PENALTY_DMAX=400000 LOH_PENALTY_EMPTY_AS_GOOD=1 LOH_PENALTY_REFINE_ON_LATE=1 LOH_PENALTY_NO_EVICT_REWARD=keep LOH_PENALTY_BASELINE_DECAY=0.99 LOH_SURVIVAL_BINS=64 LOH_SURVIVAL_QUANTILE=0.99 LOH_SURVIVAL_MINCOUNT=1000 LOH_PENALTY_NET_GOOD_SCALE=1.0 LOH_PENALTY_NET_PENALTY_SCALE=1.0 LOH_PENALTY_SCALE=survival LOH_SURVIVAL_QUANTILE=0.95
1063,107,1,10701,bestcfg_penalty_3t_3m_20260207_000001__1063_107_r01,0,0.373101,0.352794,0.01,survival,centered,1.0,5.72,16.68,0.420545,-145.297,1.0,0.560642,LOH_PARALLEL_SAFE=1 LOH_SKIP_PIP_INSTALL=1 LOH_SKIP_BUILD=1 LOH_DEBUG_LEVEL=1 CACHESIM_VERBOSE=0 CACHESIM_NUM_REQ=3000000 LOH_RL_ALGO=SAC LOH_ACTION_SCALE=1.0 LOH_SCORE_USE_COMPOUND=0 LOH_SCORE_USE_IRT=0 LOH_USE_SOFTMAX=0 LOH_USE_HEURISTIC_SIGNS=0 LOH_INCLUDE_HIT_MISS_FEATURES=0 LOH_INCLUDE_CACHE_FEATURES=0 LOH_INCLUDE_CANDIDATE_FEATURES=0 LOH_INCLUDE_TOPK_CANDIDATE_FEATURES=0 LOH_INCLUDE_AVGTOPK_CANDIDATE_FEATURES=0 LOH_INCLUDE_REQUEST=0 LOH_ENABLE_PENALTY=1 LOH_REWARD_USE_PENALTY=1 LOH_PENALTY_SCALE=log LOH_PENALTY_REWARD_FORMULA=centered LOH_REWARD_W_PENALTY=1.0 LOH_PENALTY_CUTOFF=0 LOH_PENALTY_DMAX=400000 LOH_PENALTY_EMPTY_AS_GOOD=1 LOH_PENALTY_REFINE_ON_LATE=1 LOH_PENALTY_NO_EVICT_REWARD=keep LOH_PENALTY_BASELINE_DECAY=0.99 LOH_SURVIVAL_BINS=64 LOH_SURVIVAL_QUANTILE=0.99 LOH_SURVIVAL_MINCOUNT=1000 LOH_PENALTY_NET_GOOD_SCALE=1.0 LOH_PENALTY_NET_PENALTY_SCALE=1.0 LOH_PENALTY_SCALE=survival LOH_SURVIVAL_QUANTILE=0.99
1063,108,1,10801,bestcfg_penalty_3t_3m_20260207_000001__1063_108_r01,0,0.370155,0.349067,0.01,survival,centered,1.0,6.29,16.76,0.451001,-122.398,1.0,0.551873,LOH_PARALLEL_SAFE=1 LOH_SKIP_PIP_INSTALL=1 LOH_SKIP_BUILD=1 LOH_DEBUG_LEVEL=1 CACHESIM_VERBOSE=0 CACHESIM_NUM_REQ=3000000 LOH_RL_ALGO=SAC LOH_ACTION_SCALE=1.0 LOH_SCORE_USE_COMPOUND=0 LOH_SCORE_USE_IRT=0 LOH_USE_SOFTMAX=0 LOH_USE_HEURISTIC_SIGNS=0 LOH_INCLUDE_HIT_MISS_FEATURES=0 LOH_INCLUDE_CACHE_FEATURES=0 LOH_INCLUDE_CANDIDATE_FEATURES=0 LOH_INCLUDE_TOPK_CANDIDATE_FEATURES=0 LOH_INCLUDE_AVGTOPK_CANDIDATE_FEATURES=0 LOH_INCLUDE_REQUEST=0 LOH_ENABLE_PENALTY=1 LOH_REWARD_USE_PENALTY=1 LOH_PENALTY_SCALE=log LOH_PENALTY_REWARD_FORMULA=centered LOH_REWARD_W_PENALTY=1.0 LOH_PENALTY_CUTOFF=0 LOH_PENALTY_DMAX=400000 LOH_PENALTY_EMPTY_AS_GOOD=1 LOH_PENALTY_REFINE_ON_LATE=1 LOH_PENALTY_NO_EVICT_REWARD=keep LOH_PENALTY_BASELINE_DECAY=0.99 LOH_SURVIVAL_BINS=64 LOH_SURVIVAL_QUANTILE=0.99 LOH_SURVIVAL_MINCOUNT=1000 LOH_PENALTY_NET_GOOD_SCALE=1.0 LOH_PENALTY_NET_PENALTY_SCALE=1.0 LOH_PENALTY_SCALE=survival LOH_SURVIVAL_BINS=32
1063,109,1,10901,bestcfg_penalty_3t_3m_20260207_000001__1063_109_r01,0,0.372581,0.353224,0.01,survival,centered,1.0,6.0,17.05,0.41961,-165.591,1.0,0.58872,LOH_PARALLEL_SAFE=1 LOH_SKIP_PIP_INSTALL=1 LOH_SKIP_BUILD=1 LOH_DEBUG_LEVEL=1 CACHESIM_VERBOSE=0 CACHESIM_NUM_REQ=3000000 LOH_RL_ALGO=SAC LOH_ACTION_SCALE=1.0 LOH_SCORE_USE_COMPOUND=0 LOH_SCORE_USE_IRT=0 LOH_USE_SOFTMAX=0 LOH_USE_HEURISTIC_SIGNS=0 LOH_INCLUDE_HIT_MISS_FEATURES=0 LOH_INCLUDE_CACHE_FEATURES=0 LOH_INCLUDE_CANDIDATE_FEATURES=0 LOH_INCLUDE_TOPK_CANDIDATE_FEATURES=0 LOH_INCLUDE_AVGTOPK_CANDIDATE_FEATURES=0 LOH_INCLUDE_REQUEST=0 LOH_ENABLE_PENALTY=1 LOH_REWARD_USE_PENALTY=1 LOH_PENALTY_SCALE=log LOH_PENALTY_REWARD_FORMULA=centered LOH_REWARD_W_PENALTY=1.0 LOH_PENALTY_CUTOFF=0 LOH_PENALTY_DMAX=400000 LOH_PENALTY_EMPTY_AS_GOOD=1 LOH_PENALTY_REFINE_ON_LATE=1 LOH_PENALTY_NO_EVICT_REWARD=keep LOH_PENALTY_BASELINE_DECAY=0.99 LOH_SURVIVAL_BINS=64 LOH_SURVIVAL_QUANTILE=0.99 LOH_SURVIVAL_MINCOUNT=1000 LOH_PENALTY_NET_GOOD_SCALE=1.0 LOH_PENALTY_NET_PENALTY_SCALE=1.0 LOH_PENALTY_SCALE=survival LOH_SURVIVAL_BINS=64
1063,110,1,11001,bestcfg_penalty_3t_3m_20260207_000001__1063_110_r01,0,0.375629,0.35485,0.01,survival,centered,1.0,6.09,17.55,0.41189,-119.77,1.0,0.576681,LOH_PARALLEL_SAFE=1 LOH_SKIP_PIP_INSTALL=1 LOH_SKIP_BUILD=1 LOH_DEBUG_LEVEL=1 CACHESIM_VERBOSE=0 CACHESIM_NUM_REQ=3000000 LOH_RL_ALGO=SAC LOH_ACTION_SCALE=1.0 LOH_SCORE_USE_COMPOUND=0 LOH_SCORE_USE_IRT=0 LOH_USE_SOFTMAX=0 LOH_USE_HEURISTIC_SIGNS=0 LOH_INCLUDE_HIT_MISS_FEATURES=0 LOH_INCLUDE_CACHE_FEATURES=0 LOH_INCLUDE_CANDIDATE_FEATURES=0 LOH_INCLUDE_TOPK_CANDIDATE_FEATURES=0 LOH_INCLUDE_AVGTOPK_CANDIDATE_FEATURES=0 LOH_INCLUDE_REQUEST=0 LOH_ENABLE_PENALTY=1 LOH_REWARD_USE_PENALTY=1 LOH_PENALTY_SCALE=log LOH_PENALTY_REWARD_FORMULA=centered LOH_REWARD_W_PENALTY=1.0 LOH_PENALTY_CUTOFF=0 LOH_PENALTY_DMAX=400000 LOH_PENALTY_EMPTY_AS_GOOD=1 LOH_PENALTY_REFINE_ON_LATE=1 LOH_PENALTY_NO_EVICT_REWARD=keep LOH_PENALTY_BASELINE_DECAY=0.99 LOH_SURVIVAL_BINS=64 LOH_SURVIVAL_QUANTILE=0.99 LOH_SURVIVAL_MINCOUNT=1000 LOH_PENALTY_NET_GOOD_SCALE=1.0 LOH_PENALTY_NET_PENALTY_SCALE=1.0 LOH_PENALTY_SCALE=survival LOH_SURVIVAL_MINCOUNT=500
1063,111,1,11101,bestcfg_penalty_3t_3m_20260207_000001__1063_111_r01,0,0.373365,0.353581,0.01,survival,centered,1.0,5.56,16.87,0.409233,-110.385,1.0,0.595697,LOH_PARALLEL_SAFE=1 LOH_SKIP_PIP_INSTALL=1 LOH_SKIP_BUILD=1 LOH_DEBUG_LEVEL=1 CACHESIM_VERBOSE=0 CACHESIM_NUM_REQ=3000000 LOH_RL_ALGO=SAC LOH_ACTION_SCALE=1.0 LOH_SCORE_USE_COMPOUND=0 LOH_SCORE_USE_IRT=0 LOH_USE_SOFTMAX=0 LOH_USE_HEURISTIC_SIGNS=0 LOH_INCLUDE_HIT_MISS_FEATURES=0 LOH_INCLUDE_CACHE_FEATURES=0 LOH_INCLUDE_CANDIDATE_FEATURES=0 LOH_INCLUDE_TOPK_CANDIDATE_FEATURES=0 LOH_INCLUDE_AVGTOPK_CANDIDATE_FEATURES=0 LOH_INCLUDE_REQUEST=0 LOH_ENABLE_PENALTY=1 LOH_REWARD_USE_PENALTY=1 LOH_PENALTY_SCALE=log LOH_PENALTY_REWARD_FORMULA=centered LOH_REWARD_W_PENALTY=1.0 LOH_PENALTY_CUTOFF=0 LOH_PENALTY_DMAX=400000 LOH_PENALTY_EMPTY_AS_GOOD=1 LOH_PENALTY_REFINE_ON_LATE=1 LOH_PENALTY_NO_EVICT_REWARD=keep LOH_PENALTY_BASELINE_DECAY=0.99 LOH_SURVIVAL_BINS=64 LOH_SURVIVAL_QUANTILE=0.99 LOH_SURVIVAL_MINCOUNT=1000 LOH_PENALTY_NET_GOOD_SCALE=1.0 LOH_PENALTY_NET_PENALTY_SCALE=1.0 LOH_PENALTY_SCALE=survival LOH_SURVIVAL_MINCOUNT=1000
1063,112,1,11201,bestcfg_penalty_3t_3m_20260207_000001__1063_112_r01,0,0.369116,0.351067,0.01,log,net,1.0,5.49,3.68,-0.144844,-41.2122,0.0,0.211525,LOH_PARALLEL_SAFE=1 LOH_SKIP_PIP_INSTALL=1 LOH_SKIP_BUILD=1 LOH_DEBUG_LEVEL=1 CACHESIM_VERBOSE=0 CACHESIM_NUM_REQ=3000000 LOH_RL_ALGO=SAC LOH_ACTION_SCALE=1.0 LOH_SCORE_USE_COMPOUND=0 LOH_SCORE_USE_IRT=0 LOH_USE_SOFTMAX=0 LOH_USE_HEURISTIC_SIGNS=0 LOH_INCLUDE_HIT_MISS_FEATURES=0 LOH_INCLUDE_CACHE_FEATURES=0 LOH_INCLUDE_CANDIDATE_FEATURES=0 LOH_INCLUDE_TOPK_CANDIDATE_FEATURES=0 LOH_INCLUDE_AVGTOPK_CANDIDATE_FEATURES=0 LOH_INCLUDE_REQUEST=0 LOH_ENABLE_PENALTY=1 LOH_REWARD_USE_PENALTY=1 LOH_PENALTY_SCALE=log LOH_PENALTY_REWARD_FORMULA=centered LOH_REWARD_W_PENALTY=1.0 LOH_PENALTY_CUTOFF=0 LOH_PENALTY_DMAX=400000 LOH_PENALTY_EMPTY_AS_GOOD=1 LOH_PENALTY_REFINE_ON_LATE=1 LOH_PENALTY_NO_EVICT_REWARD=keep LOH_PENALTY_BASELINE_DECAY=0.99 LOH_SURVIVAL_BINS=64 LOH_SURVIVAL_QUANTILE=0.99 LOH_SURVIVAL_MINCOUNT=1000 LOH_PENALTY_NET_GOOD_SCALE=1.0 LOH_PENALTY_NET_PENALTY_SCALE=1.0 LOH_PENALTY_REWARD_FORMULA=net LOH_PENALTY_NET_GOOD_SCALE=0.5
1063,113,1,11301,bestcfg_penalty_3t_3m_20260207_000001__1063_113_r01,0,0.370631,0.353257,0.01,log,net,1.0,5.96,3.97,-0.14728,-20.0297,0.0,0.20909,LOH_PARALLEL_SAFE=1 LOH_SKIP_PIP_INSTALL=1 LOH_SKIP_BUILD=1 LOH_DEBUG_LEVEL=1 CACHESIM_VERBOSE=0 CACHESIM_NUM_REQ=3000000 LOH_RL_ALGO=SAC LOH_ACTION_SCALE=1.0 LOH_SCORE_USE_COMPOUND=0 LOH_SCORE_USE_IRT=0 LOH_USE_SOFTMAX=0 LOH_USE_HEURISTIC_SIGNS=0 LOH_INCLUDE_HIT_MISS_FEATURES=0 LOH_INCLUDE_CACHE_FEATURES=0 LOH_INCLUDE_CANDIDATE_FEATURES=0 LOH_INCLUDE_TOPK_CANDIDATE_FEATURES=0 LOH_INCLUDE_AVGTOPK_CANDIDATE_FEATURES=0 LOH_INCLUDE_REQUEST=0 LOH_ENABLE_PENALTY=1 LOH_REWARD_USE_PENALTY=1 LOH_PENALTY_SCALE=log LOH_PENALTY_REWARD_FORMULA=centered LOH_REWARD_W_PENALTY=1.0 LOH_PENALTY_CUTOFF=0 LOH_PENALTY_DMAX=400000 LOH_PENALTY_EMPTY_AS_GOOD=1 LOH_PENALTY_REFINE_ON_LATE=1 LOH_PENALTY_NO_EVICT_REWARD=keep LOH_PENALTY_BASELINE_DECAY=0.99 LOH_SURVIVAL_BINS=64 LOH_SURVIVAL_QUANTILE=0.99 LOH_SURVIVAL_MINCOUNT=1000 LOH_PENALTY_NET_GOOD_SCALE=1.0 LOH_PENALTY_NET_PENALTY_SCALE=1.0 LOH_PENALTY_REWARD_FORMULA=net LOH_PENALTY_NET_GOOD_SCALE=1.0
1063,114,1,11401,bestcfg_penalty_3t_3m_20260207_000001__1063_114_r01,0,0.37025,0.352803,0.01,log,net,1.0,5.57,3.84,-0.145453,-24.4888,0.0,0.206883,LOH_PARALLEL_SAFE=1 LOH_SKIP_PIP_INSTALL=1 LOH_SKIP_BUILD=1 LOH_DEBUG_LEVEL=1 CACHESIM_VERBOSE=0 CACHESIM_NUM_REQ=3000000 LOH_RL_ALGO=SAC LOH_ACTION_SCALE=1.0 LOH_SCORE_USE_COMPOUND=0 LOH_SCORE_USE_IRT=0 LOH_USE_SOFTMAX=0 LOH_USE_HEURISTIC_SIGNS=0 LOH_INCLUDE_HIT_MISS_FEATURES=0 LOH_INCLUDE_CACHE_FEATURES=0 LOH_INCLUDE_CANDIDATE_FEATURES=0 LOH_INCLUDE_TOPK_CANDIDATE_FEATURES=0 LOH_INCLUDE_AVGTOPK_CANDIDATE_FEATURES=0 LOH_INCLUDE_REQUEST=0 LOH_ENABLE_PENALTY=1 LOH_REWARD_USE_PENALTY=1 LOH_PENALTY_SCALE=log LOH_PENALTY_REWARD_FORMULA=centered LOH_REWARD_W_PENALTY=1.0 LOH_PENALTY_CUTOFF=0 LOH_PENALTY_DMAX=400000 LOH_PENALTY_EMPTY_AS_GOOD=1 LOH_PENALTY_REFINE_ON_LATE=1 LOH_PENALTY_NO_EVICT_REWARD=keep LOH_PENALTY_BASELINE_DECAY=0.99 LOH_SURVIVAL_BINS=64 LOH_SURVIVAL_QUANTILE=0.99 LOH_SURVIVAL_MINCOUNT=1000 LOH_PENALTY_NET_GOOD_SCALE=1.0 LOH_PENALTY_NET_PENALTY_SCALE=1.0 LOH_PENALTY_REWARD_FORMULA=net LOH_PENALTY_NET_GOOD_SCALE=2.0
1063,115,1,11501,bestcfg_penalty_3t_3m_20260207_000001__1063_115_r01,0,0.369039,0.350024,0.01,log,net,1.0,6.34,1.44,-0.0853512,-10.2705,0.0,0.205529,LOH_PARALLEL_SAFE=1 LOH_SKIP_PIP_INSTALL=1 LOH_SKIP_BUILD=1 LOH_DEBUG_LEVEL=1 CACHESIM_VERBOSE=0 CACHESIM_NUM_REQ=3000000 LOH_RL_ALGO=SAC LOH_ACTION_SCALE=1.0 LOH_SCORE_USE_COMPOUND=0 LOH_SCORE_USE_IRT=0 LOH_USE_SOFTMAX=0 LOH_USE_HEURISTIC_SIGNS=0 LOH_INCLUDE_HIT_MISS_FEATURES=0 LOH_INCLUDE_CACHE_FEATURES=0 LOH_INCLUDE_CANDIDATE_FEATURES=0 LOH_INCLUDE_TOPK_CANDIDATE_FEATURES=0 LOH_INCLUDE_AVGTOPK_CANDIDATE_FEATURES=0 LOH_INCLUDE_REQUEST=0 LOH_ENABLE_PENALTY=1 LOH_REWARD_USE_PENALTY=1 LOH_PENALTY_SCALE=log LOH_PENALTY_REWARD_FORMULA=centered LOH_REWARD_W_PENALTY=1.0 LOH_PENALTY_CUTOFF=0 LOH_PENALTY_DMAX=400000 LOH_PENALTY_EMPTY_AS_GOOD=1 LOH_PENALTY_REFINE_ON_LATE=1 LOH_PENALTY_NO_EVICT_REWARD=keep LOH_PENALTY_BASELINE_DECAY=0.99 LOH_SURVIVAL_BINS=64 LOH_SURVIVAL_QUANTILE=0.99 LOH_SURVIVAL_MINCOUNT=1000 LOH_PENALTY_NET_GOOD_SCALE=1.0 LOH_PENALTY_NET_PENALTY_SCALE=1.0 LOH_PENALTY_REWARD_FORMULA=net LOH_PENALTY_NET_PENALTY_SCALE=0.5
1063,116,1,11601,bestcfg_penalty_3t_3m_20260207_000001__1063_116_r01,0,0.369477,0.351289,0.01,log,net,1.0,5.92,4.07,-0.146882,-23.2477,0.0,0.213912,LOH_PARALLEL_SAFE=1 LOH_SKIP_PIP_INSTALL=1 LOH_SKIP_BUILD=1 LOH_DEBUG_LEVEL=1 CACHESIM_VERBOSE=0 CACHESIM_NUM_REQ=3000000 LOH_RL_ALGO=SAC LOH_ACTION_SCALE=1.0 LOH_SCORE_USE_COMPOUND=0 LOH_SCORE_USE_IRT=0 LOH_USE_SOFTMAX=0 LOH_USE_HEURISTIC_SIGNS=0 LOH_INCLUDE_HIT_MISS_FEATURES=0 LOH_INCLUDE_CACHE_FEATURES=0 LOH_INCLUDE_CANDIDATE_FEATURES=0 LOH_INCLUDE_TOPK_CANDIDATE_FEATURES=0 LOH_INCLUDE_AVGTOPK_CANDIDATE_FEATURES=0 LOH_INCLUDE_REQUEST=0 LOH_ENABLE_PENALTY=1 LOH_REWARD_USE_PENALTY=1 LOH_PENALTY_SCALE=log LOH_PENALTY_REWARD_FORMULA=centered LOH_REWARD_W_PENALTY=1.0 LOH_PENALTY_CUTOFF=0 LOH_PENALTY_DMAX=400000 LOH_PENALTY_EMPTY_AS_GOOD=1 LOH_PENALTY_REFINE_ON_LATE=1 LOH_PENALTY_NO_EVICT_REWARD=keep LOH_PENALTY_BASELINE_DECAY=0.99 LOH_SURVIVAL_BINS=64 LOH_SURVIVAL_QUANTILE=0.99 LOH_SURVIVAL_MINCOUNT=1000 LOH_PENALTY_NET_GOOD_SCALE=1.0 LOH_PENALTY_NET_PENALTY_SCALE=1.0 LOH_PENALTY_REWARD_FORMULA=net LOH_PENALTY_NET_PENALTY_SCALE=1.0
1063,117,1,11701,bestcfg_penalty_3t_3m_20260207_000001__1063_117_r01,0,0.3699,0.350684,0.01,log,net,1.0,6.17,8.07,-0.236894,-38.1401,0.0,0.204613,LOH_PARALLEL_SAFE=1 LOH_SKIP_PIP_INSTALL=1 LOH_SKIP_BUILD=1 LOH_DEBUG_LEVEL=1 CACHESIM_VERBOSE=0 CACHESIM_NUM_REQ=3000000 LOH_RL_ALGO=SAC LOH_ACTION_SCALE=1.0 LOH_SCORE_USE_COMPOUND=0 LOH_SCORE_USE_IRT=0 LOH_USE_SOFTMAX=0 LOH_USE_HEURISTIC_SIGNS=0 LOH_INCLUDE_HIT_MISS_FEATURES=0 LOH_INCLUDE_CACHE_FEATURES=0 LOH_INCLUDE_CANDIDATE_FEATURES=0 LOH_INCLUDE_TOPK_CANDIDATE_FEATURES=0 LOH_INCLUDE_AVGTOPK_CANDIDATE_FEATURES=0 LOH_INCLUDE_REQUEST=0 LOH_ENABLE_PENALTY=1 LOH_REWARD_USE_PENALTY=1 LOH_PENALTY_SCALE=log LOH_PENALTY_REWARD_FORMULA=centered LOH_REWARD_W_PENALTY=1.0 LOH_PENALTY_CUTOFF=0 LOH_PENALTY_DMAX=400000 LOH_PENALTY_EMPTY_AS_GOOD=1 LOH_PENALTY_REFINE_ON_LATE=1 LOH_PENALTY_NO_EVICT_REWARD=keep LOH_PENALTY_BASELINE_DECAY=0.99 LOH_SURVIVAL_BINS=64 LOH_SURVIVAL_QUANTILE=0.99 LOH_SURVIVAL_MINCOUNT=1000 LOH_PENALTY_NET_GOOD_SCALE=1.0 LOH_PENALTY_NET_PENALTY_SCALE=1.0 LOH_PENALTY_REWARD_FORMULA=net LOH_PENALTY_NET_PENALTY_SCALE=2.0
1063,118,1,11801,bestcfg_penalty_3t_3m_20260207_000001__1063_118_r01,0,0.368272,0.351292,0.01,log,net2,1.0,5.35,8.26,-0.619336,-25.5911,-0.5,0.202482,LOH_PARALLEL_SAFE=1 LOH_SKIP_PIP_INSTALL=1 LOH_SKIP_BUILD=1 LOH_DEBUG_LEVEL=1 CACHESIM_VERBOSE=0 CACHESIM_NUM_REQ=3000000 LOH_RL_ALGO=SAC LOH_ACTION_SCALE=1.0 LOH_SCORE_USE_COMPOUND=0 LOH_SCORE_USE_IRT=0 LOH_USE_SOFTMAX=0 LOH_USE_HEURISTIC_SIGNS=0 LOH_INCLUDE_HIT_MISS_FEATURES=0 LOH_INCLUDE_CACHE_FEATURES=0 LOH_INCLUDE_CANDIDATE_FEATURES=0 LOH_INCLUDE_TOPK_CANDIDATE_FEATURES=0 LOH_INCLUDE_AVGTOPK_CANDIDATE_FEATURES=0 LOH_INCLUDE_REQUEST=0 LOH_ENABLE_PENALTY=1 LOH_REWARD_USE_PENALTY=1 LOH_PENALTY_SCALE=log LOH_PENALTY_REWARD_FORMULA=centered LOH_REWARD_W_PENALTY=1.0 LOH_PENALTY_CUTOFF=0 LOH_PENALTY_DMAX=400000 LOH_PENALTY_EMPTY_AS_GOOD=1 LOH_PENALTY_REFINE_ON_LATE=1 LOH_PENALTY_NO_EVICT_REWARD=keep LOH_PENALTY_BASELINE_DECAY=0.99 LOH_SURVIVAL_BINS=64 LOH_SURVIVAL_QUANTILE=0.99 LOH_SURVIVAL_MINCOUNT=1000 LOH_PENALTY_NET_GOOD_SCALE=1.0 LOH_PENALTY_NET_PENALTY_SCALE=1.0 LOH_PENALTY_REWARD_FORMULA=net2 LOH_PENALTY_NET_GOOD_SCALE=0.5
1063,119,1,11901,bestcfg_penalty_3t_3m_20260207_000001__1063_119_r01,0,0.368039,0.350958,0.01,log,net2,1.0,6.16,100.0,-1.0,-21.3191,-1.0,0.207285,LOH_PARALLEL_SAFE=1 LOH_SKIP_PIP_INSTALL=1 LOH_SKIP_BUILD=1 LOH_DEBUG_LEVEL=1 CACHESIM_VERBOSE=0 CACHESIM_NUM_REQ=3000000 LOH_RL_ALGO=SAC LOH_ACTION_SCALE=1.0 LOH_SCORE_USE_COMPOUND=0 LOH_SCORE_USE_IRT=0 LOH_USE_SOFTMAX=0 LOH_USE_HEURISTIC_SIGNS=0 LOH_INCLUDE_HIT_MISS_FEATURES=0 LOH_INCLUDE_CACHE_FEATURES=0 LOH_INCLUDE_CANDIDATE_FEATURES=0 LOH_INCLUDE_TOPK_CANDIDATE_FEATURES=0 LOH_INCLUDE_AVGTOPK_CANDIDATE_FEATURES=0 LOH_INCLUDE_REQUEST=0 LOH_ENABLE_PENALTY=1 LOH_REWARD_USE_PENALTY=1 LOH_PENALTY_SCALE=log LOH_PENALTY_REWARD_FORMULA=centered LOH_REWARD_W_PENALTY=1.0 LOH_PENALTY_CUTOFF=0 LOH_PENALTY_DMAX=400000 LOH_PENALTY_EMPTY_AS_GOOD=1 LOH_PENALTY_REFINE_ON_LATE=1 LOH_PENALTY_NO_EVICT_REWARD=keep LOH_PENALTY_BASELINE_DECAY=0.99 LOH_SURVIVAL_BINS=64 LOH_SURVIVAL_QUANTILE=0.99 LOH_SURVIVAL_MINCOUNT=1000 LOH_PENALTY_NET_GOOD_SCALE=1.0 LOH_PENALTY_NET_PENALTY_SCALE=1.0 LOH_PENALTY_REWARD_FORMULA=net2 LOH_PENALTY_NET_GOOD_SCALE=1.0
1063,120,1,12001,bestcfg_penalty_3t_3m_20260207_000001__1063_120_r01,0,0.365919,0.347852,0.01,log,net2,1.0,6.45,100.0,-1.0,-35.2566,-2.0,0.206945,LOH_PARALLEL_SAFE=1 LOH_SKIP_PIP_INSTALL=1 LOH_SKIP_BUILD=1 LOH_DEBUG_LEVEL=1 CACHESIM_VERBOSE=0 CACHESIM_NUM_REQ=3000000 LOH_RL_ALGO=SAC LOH_ACTION_SCALE=1.0 LOH_SCORE_USE_COMPOUND=0 LOH_SCORE_USE_IRT=0 LOH_USE_SOFTMAX=0 LOH_USE_HEURISTIC_SIGNS=0 LOH_INCLUDE_HIT_MISS_FEATURES=0 LOH_INCLUDE_CACHE_FEATURES=0 LOH_INCLUDE_CANDIDATE_FEATURES=0 LOH_INCLUDE_TOPK_CANDIDATE_FEATURES=0 LOH_INCLUDE_AVGTOPK_CANDIDATE_FEATURES=0 LOH_INCLUDE_REQUEST=0 LOH_ENABLE_PENALTY=1 LOH_REWARD_USE_PENALTY=1 LOH_PENALTY_SCALE=log LOH_PENALTY_REWARD_FORMULA=centered LOH_REWARD_W_PENALTY=1.0 LOH_PENALTY_CUTOFF=0 LOH_PENALTY_DMAX=400000 LOH_PENALTY_EMPTY_AS_GOOD=1 LOH_PENALTY_REFINE_ON_LATE=1 LOH_PENALTY_NO_EVICT_REWARD=keep LOH_PENALTY_BASELINE_DECAY=0.99 LOH_SURVIVAL_BINS=64 LOH_SURVIVAL_QUANTILE=0.99 LOH_SURVIVAL_MINCOUNT=1000 LOH_PENALTY_NET_GOOD_SCALE=1.0 LOH_PENALTY_NET_PENALTY_SCALE=1.0 LOH_PENALTY_REWARD_FORMULA=net2 LOH_PENALTY_NET_GOOD_SCALE=2.0
1063,121,1,12101,bestcfg_penalty_3t_3m_20260207_000001__1063_121_r01,0,0.365912,0.347158,0.01,log,net2,1.0,6.02,100.0,-1.0,-10.1364,-1.0,0.19892,LOH_PARALLEL_SAFE=1 LOH_SKIP_PIP_INSTALL=1 LOH_SKIP_BUILD=1 LOH_DEBUG_LEVEL=1 CACHESIM_VERBOSE=0 CACHESIM_NUM_REQ=3000000 LOH_RL_ALGO=SAC LOH_ACTION_SCALE=1.0 LOH_SCORE_USE_COMPOUND=0 LOH_SCORE_USE_IRT=0 LOH_USE_SOFTMAX=0 LOH_USE_HEURISTIC_SIGNS=0 LOH_INCLUDE_HIT_MISS_FEATURES=0 LOH_INCLUDE_CACHE_FEATURES=0 LOH_INCLUDE_CANDIDATE_FEATURES=0 LOH_INCLUDE_TOPK_CANDIDATE_FEATURES=0 LOH_INCLUDE_AVGTOPK_CANDIDATE_FEATURES=0 LOH_INCLUDE_REQUEST=0 LOH_ENABLE_PENALTY=1 LOH_REWARD_USE_PENALTY=1 LOH_PENALTY_SCALE=log LOH_PENALTY_REWARD_FORMULA=centered LOH_REWARD_W_PENALTY=1.0 LOH_PENALTY_CUTOFF=0 LOH_PENALTY_DMAX=400000 LOH_PENALTY_EMPTY_AS_GOOD=1 LOH_PENALTY_REFINE_ON_LATE=1 LOH_PENALTY_NO_EVICT_REWARD=keep LOH_PENALTY_BASELINE_DECAY=0.99 LOH_SURVIVAL_BINS=64 LOH_SURVIVAL_QUANTILE=0.99 LOH_SURVIVAL_MINCOUNT=1000 LOH_PENALTY_NET_GOOD_SCALE=1.0 LOH_PENALTY_NET_PENALTY_SCALE=1.0 LOH_PENALTY_REWARD_FORMULA=net2 LOH_PENALTY_NET_PENALTY_SCALE=0.5
1063,122,1,12201,bestcfg_penalty_3t_3m_20260207_000001__1063_122_r01,0,0.368488,0.351645,0.01,log,net2,1.0,5.97,100.0,-1.0,-20.025,-1.0,0.206818,LOH_PARALLEL_SAFE=1 LOH_SKIP_PIP_INSTALL=1 LOH_SKIP_BUILD=1 LOH_DEBUG_LEVEL=1 CACHESIM_VERBOSE=0 CACHESIM_NUM_REQ=3000000 LOH_RL_ALGO=SAC LOH_ACTION_SCALE=1.0 LOH_SCORE_USE_COMPOUND=0 LOH_SCORE_USE_IRT=0 LOH_USE_SOFTMAX=0 LOH_USE_HEURISTIC_SIGNS=0 LOH_INCLUDE_HIT_MISS_FEATURES=0 LOH_INCLUDE_CACHE_FEATURES=0 LOH_INCLUDE_CANDIDATE_FEATURES=0 LOH_INCLUDE_TOPK_CANDIDATE_FEATURES=0 LOH_INCLUDE_AVGTOPK_CANDIDATE_FEATURES=0 LOH_INCLUDE_REQUEST=0 LOH_ENABLE_PENALTY=1 LOH_REWARD_USE_PENALTY=1 LOH_PENALTY_SCALE=log LOH_PENALTY_REWARD_FORMULA=centered LOH_REWARD_W_PENALTY=1.0 LOH_PENALTY_CUTOFF=0 LOH_PENALTY_DMAX=400000 LOH_PENALTY_EMPTY_AS_GOOD=1 LOH_PENALTY_REFINE_ON_LATE=1 LOH_PENALTY_NO_EVICT_REWARD=keep LOH_PENALTY_BASELINE_DECAY=0.99 LOH_SURVIVAL_BINS=64 LOH_SURVIVAL_QUANTILE=0.99 LOH_SURVIVAL_MINCOUNT=1000 LOH_PENALTY_NET_GOOD_SCALE=1.0 LOH_PENALTY_NET_PENALTY_SCALE=1.0 LOH_PENALTY_REWARD_FORMULA=net2 LOH_PENALTY_NET_PENALTY_SCALE=1.0
1063,123,1,12301,bestcfg_penalty_3t_3m_20260207_000001__1063_123_r01,0,0.369445,0.353525,0.01,log,net2,1.0,5.74,100.0,-1.0,-44.4605,-1.0,0.199328,LOH_PARALLEL_SAFE=1 LOH_SKIP_PIP_INSTALL=1 LOH_SKIP_BUILD=1 LOH_DEBUG_LEVEL=1 CACHESIM_VERBOSE=0 CACHESIM_NUM_REQ=3000000 LOH_RL_ALGO=SAC LOH_ACTION_SCALE=1.0 LOH_SCORE_USE_COMPOUND=0 LOH_SCORE_USE_IRT=0 LOH_USE_SOFTMAX=0 LOH_USE_HEURISTIC_SIGNS=0 LOH_INCLUDE_HIT_MISS_FEATURES=0 LOH_INCLUDE_CACHE_FEATURES=0 LOH_INCLUDE_CANDIDATE_FEATURES=0 LOH_INCLUDE_TOPK_CANDIDATE_FEATURES=0 LOH_INCLUDE_AVGTOPK_CANDIDATE_FEATURES=0 LOH_INCLUDE_REQUEST=0 LOH_ENABLE_PENALTY=1 LOH_REWARD_USE_PENALTY=1 LOH_PENALTY_SCALE=log LOH_PENALTY_REWARD_FORMULA=centered LOH_REWARD_W_PENALTY=1.0 LOH_PENALTY_CUTOFF=0 LOH_PENALTY_DMAX=400000 LOH_PENALTY_EMPTY_AS_GOOD=1 LOH_PENALTY_REFINE_ON_LATE=1 LOH_PENALTY_NO_EVICT_REWARD=keep LOH_PENALTY_BASELINE_DECAY=0.99 LOH_SURVIVAL_BINS=64 LOH_SURVIVAL_QUANTILE=0.99 LOH_SURVIVAL_MINCOUNT=1000 LOH_PENALTY_NET_GOOD_SCALE=1.0 LOH_PENALTY_NET_PENALTY_SCALE=1.0 LOH_PENALTY_REWARD_FORMULA=net2 LOH_PENALTY_NET_PENALTY_SCALE=2.0
meta_reag,1,1,101,bestcfg_penalty_3t_3m_20260207_000001__meta_reag_001_r01,0,0.368201,0.225527,0.01,log,centered,1.0,92.67,94.36,0.956204,-2.44875,1.0,0.0221536,LOH_PARALLEL_SAFE=1 LOH_SKIP_PIP_INSTALL=1 LOH_SKIP_BUILD=1 LOH_DEBUG_LEVEL=1 CACHESIM_VERBOSE=0 CACHESIM_NUM_REQ=3000000 LOH_RL_ALGO=SAC LOH_ACTION_SCALE=1.0 LOH_SCORE_USE_COMPOUND=1 LOH_SCORE_USE_IRT=1 LOH_USE_SOFTMAX=1 LOH_USE_HEURISTIC_SIGNS=0 LOH_INCLUDE_HIT_MISS_FEATURES=0 LOH_INCLUDE_CACHE_FEATURES=0 LOH_INCLUDE_CANDIDATE_FEATURES=0 LOH_INCLUDE_TOPK_CANDIDATE_FEATURES=0 LOH_INCLUDE_AVGTOPK_CANDIDATE_FEATURES=0 LOH_INCLUDE_REQUEST=0 LOH_ENABLE_PENALTY=1 LOH_REWARD_USE_PENALTY=0
meta_reag,2,1,201,bestcfg_penalty_3t_3m_20260207_000001__meta_reag_002_r01,0,0.368211,0.225867,0.01,reciprocal,relative,0.1,90.25,91.25,0.957271,-324.762,1.0,0.00079034,LOH_PARALLEL_SAFE=1 LOH_SKIP_PIP_INSTALL=1 LOH_SKIP_BUILD=1 LOH_DEBUG_LEVEL=1 CACHESIM_VERBOSE=0 CACHESIM_NUM_REQ=3000000 LOH_RL_ALGO=SAC LOH_ACTION_SCALE=1.0 LOH_SCORE_USE_COMPOUND=1 LOH_SCORE_USE_IRT=1 LOH_USE_SOFTMAX=1 LOH_USE_HEURISTIC_SIGNS=0 LOH_INCLUDE_HIT_MISS_FEATURES=0 LOH_INCLUDE_CACHE_FEATURES=0 LOH_INCLUDE_CANDIDATE_FEATURES=0 LOH_INCLUDE_TOPK_CANDIDATE_FEATURES=0 LOH_INCLUDE_AVGTOPK_CANDIDATE_FEATURES=0 LOH_INCLUDE_REQUEST=0 LOH_ENABLE_PENALTY=1 LOH_REWARD_USE_PENALTY=1 LOH_PENALTY_SCALE=reciprocal LOH_PENALTY_REWARD_FORMULA=relative LOH_REWARD_W_PENALTY=0.1 LOH_PENALTY_CUTOFF=0 LOH_PENALTY_DMAX=400000 LOH_PENALTY_EMPTY_AS_GOOD=1 LOH_PENALTY_REFINE_ON_LATE=1 LOH_PENALTY_NO_EVICT_REWARD=keep LOH_PENALTY_BASELINE_DECAY=0.99 LOH_SURVIVAL_BINS=64 LOH_SURVIVAL_QUANTILE=0.99 LOH_SURVIVAL_MINCOUNT=1000 LOH_PENALTY_NET_GOOD_SCALE=1.0 LOH_PENALTY_NET_PENALTY_SCALE=1.0
meta_reag,3,1,301,bestcfg_penalty_3t_3m_20260207_000001__meta_reag_003_r01,0,0.368246,0.225172,0.01,reciprocal,relative,0.2,87.7,88.71,0.956001,-7972.16,1.0,0.00191283,LOH_PARALLEL_SAFE=1 LOH_SKIP_PIP_INSTALL=1 LOH_SKIP_BUILD=1 LOH_DEBUG_LEVEL=1 CACHESIM_VERBOSE=0 CACHESIM_NUM_REQ=3000000 LOH_RL_ALGO=SAC LOH_ACTION_SCALE=1.0 LOH_SCORE_USE_COMPOUND=1 LOH_SCORE_USE_IRT=1 LOH_USE_SOFTMAX=1 LOH_USE_HEURISTIC_SIGNS=0 LOH_INCLUDE_HIT_MISS_FEATURES=0 LOH_INCLUDE_CACHE_FEATURES=0 LOH_INCLUDE_CANDIDATE_FEATURES=0 LOH_INCLUDE_TOPK_CANDIDATE_FEATURES=0 LOH_INCLUDE_AVGTOPK_CANDIDATE_FEATURES=0 LOH_INCLUDE_REQUEST=0 LOH_ENABLE_PENALTY=1 LOH_REWARD_USE_PENALTY=1 LOH_PENALTY_SCALE=reciprocal LOH_PENALTY_REWARD_FORMULA=relative LOH_REWARD_W_PENALTY=0.2 LOH_PENALTY_CUTOFF=0 LOH_PENALTY_DMAX=400000 LOH_PENALTY_EMPTY_AS_GOOD=1 LOH_PENALTY_REFINE_ON_LATE=1 LOH_PENALTY_NO_EVICT_REWARD=keep LOH_PENALTY_BASELINE_DECAY=0.99 LOH_SURVIVAL_BINS=64 LOH_SURVIVAL_QUANTILE=0.99 LOH_SURVIVAL_MINCOUNT=1000 LOH_PENALTY_NET_GOOD_SCALE=1.0 LOH_PENALTY_NET_PENALTY_SCALE=1.0
meta_reag,4,1,401,bestcfg_penalty_3t_3m_20260207_000001__meta_reag_004_r01,0,0.368284,0.225248,0.01,reciprocal,relative,0.5,92.17,92.71,0.970107,-7972.16,1.0,0.000940683,LOH_PARALLEL_SAFE=1 LOH_SKIP_PIP_INSTALL=1 LOH_SKIP_BUILD=1 LOH_DEBUG_LEVEL=1 CACHESIM_VERBOSE=0 CACHESIM_NUM_REQ=3000000 LOH_RL_ALGO=SAC LOH_ACTION_SCALE=1.0 LOH_SCORE_USE_COMPOUND=1 LOH_SCORE_USE_IRT=1 LOH_USE_SOFTMAX=1 LOH_USE_HEURISTIC_SIGNS=0 LOH_INCLUDE_HIT_MISS_FEATURES=0 LOH_INCLUDE_CACHE_FEATURES=0 LOH_INCLUDE_CANDIDATE_FEATURES=0 LOH_INCLUDE_TOPK_CANDIDATE_FEATURES=0 LOH_INCLUDE_AVGTOPK_CANDIDATE_FEATURES=0 LOH_INCLUDE_REQUEST=0 LOH_ENABLE_PENALTY=1 LOH_REWARD_USE_PENALTY=1 LOH_PENALTY_SCALE=reciprocal LOH_PENALTY_REWARD_FORMULA=relative LOH_REWARD_W_PENALTY=0.5 LOH_PENALTY_CUTOFF=0 LOH_PENALTY_DMAX=400000 LOH_PENALTY_EMPTY_AS_GOOD=1 LOH_PENALTY_REFINE_ON_LATE=1 LOH_PENALTY_NO_EVICT_REWARD=keep LOH_PENALTY_BASELINE_DECAY=0.99 LOH_SURVIVAL_BINS=64 LOH_SURVIVAL_QUANTILE=0.99 LOH_SURVIVAL_MINCOUNT=1000 LOH_PENALTY_NET_GOOD_SCALE=1.0 LOH_PENALTY_NET_PENALTY_SCALE=1.0
meta_reag,5,1,501,bestcfg_penalty_3t_3m_20260207_000001__meta_reag_005_r01,0,0.368345,0.2245,0.01,reciprocal,relative,1.0,85.86,88.13,0.8937,-209.43,1.0,0.00106545,LOH_PARALLEL_SAFE=1 LOH_SKIP_PIP_INSTALL=1 LOH_SKIP_BUILD=1 LOH_DEBUG_LEVEL=1 CACHESIM_VERBOSE=0 CACHESIM_NUM_REQ=3000000 LOH_RL_ALGO=SAC LOH_ACTION_SCALE=1.0 LOH_SCORE_USE_COMPOUND=1 LOH_SCORE_USE_IRT=1 LOH_USE_SOFTMAX=1 LOH_USE_HEURISTIC_SIGNS=0 LOH_INCLUDE_HIT_MISS_FEATURES=0 LOH_INCLUDE_CACHE_FEATURES=0 LOH_INCLUDE_CANDIDATE_FEATURES=0 LOH_INCLUDE_TOPK_CANDIDATE_FEATURES=0 LOH_INCLUDE_AVGTOPK_CANDIDATE_FEATURES=0 LOH_INCLUDE_REQUEST=0 LOH_ENABLE_PENALTY=1 LOH_REWARD_USE_PENALTY=1 LOH_PENALTY_SCALE=reciprocal LOH_PENALTY_REWARD_FORMULA=relative LOH_REWARD_W_PENALTY=1.0 LOH_PENALTY_CUTOFF=0 LOH_PENALTY_DMAX=400000 LOH_PENALTY_EMPTY_AS_GOOD=1 LOH_PENALTY_REFINE_ON_LATE=1 LOH_PENALTY_NO_EVICT_REWARD=keep LOH_PENALTY_BASELINE_DECAY=0.99 LOH_SURVIVAL_BINS=64 LOH_SURVIVAL_QUANTILE=0.99 LOH_SURVIVAL_MINCOUNT=1000 LOH_PENALTY_NET_GOOD_SCALE=1.0 LOH_PENALTY_NET_PENALTY_SCALE=1.0
meta_reag,6,1,601,bestcfg_penalty_3t_3m_20260207_000001__meta_reag_006_r01,0,0.368217,0.225535,0.01,reciprocal,centered,0.1,90.08,90.22,0.99804,-1.00001,1.0,0.000979886,LOH_PARALLEL_SAFE=1 LOH_SKIP_PIP_INSTALL=1 LOH_SKIP_BUILD=1 LOH_DEBUG_LEVEL=1 CACHESIM_VERBOSE=0 CACHESIM_NUM_REQ=3000000 LOH_RL_ALGO=SAC LOH_ACTION_SCALE=1.0 LOH_SCORE_USE_COMPOUND=1 LOH_SCORE_USE_IRT=1 LOH_USE_SOFTMAX=1 LOH_USE_HEURISTIC_SIGNS=0 LOH_INCLUDE_HIT_MISS_FEATURES=0 LOH_INCLUDE_CACHE_FEATURES=0 LOH_INCLUDE_CANDIDATE_FEATURES=0 LOH_INCLUDE_TOPK_CANDIDATE_FEATURES=0 LOH_INCLUDE_AVGTOPK_CANDIDATE_FEATURES=0 LOH_INCLUDE_REQUEST=0 LOH_ENABLE_PENALTY=1 LOH_REWARD_USE_PENALTY=1 LOH_PENALTY_SCALE=reciprocal LOH_PENALTY_REWARD_FORMULA=centered LOH_REWARD_W_PENALTY=0.1 LOH_PENALTY_CUTOFF=0 LOH_PENALTY_DMAX=400000 LOH_PENALTY_EMPTY_AS_GOOD=1 LOH_PENALTY_REFINE_ON_LATE=1 LOH_PENALTY_NO_EVICT_REWARD=keep LOH_PENALTY_BASELINE_DECAY=0.99 LOH_SURVIVAL_BINS=64 LOH_SURVIVAL_QUANTILE=0.99 LOH_SURVIVAL_MINCOUNT=1000 LOH_PENALTY_NET_GOOD_SCALE=1.0 LOH_PENALTY_NET_PENALTY_SCALE=1.0
meta_reag,7,1,701,bestcfg_penalty_3t_3m_20260207_000001__meta_reag_007_r01,0,0.368334,0.225199,0.01,reciprocal,centered,0.2,90.81,90.88,0.997871,-1.11111,1.0,0.00108386,LOH_PARALLEL_SAFE=1 LOH_SKIP_PIP_INSTALL=1 LOH_SKIP_BUILD=1 LOH_DEBUG_LEVEL=1 CACHESIM_VERBOSE=0 CACHESIM_NUM_REQ=3000000 LOH_RL_ALGO=SAC LOH_ACTION_SCALE=1.0 LOH_SCORE_USE_COMPOUND=1 LOH_SCORE_USE_IRT=1 LOH_USE_SOFTMAX=1 LOH_USE_HEURISTIC_SIGNS=0 LOH_INCLUDE_HIT_MISS_FEATURES=0 LOH_INCLUDE_CACHE_FEATURES=0 LOH_INCLUDE_CANDIDATE_FEATURES=0 LOH_INCLUDE_TOPK_CANDIDATE_FEATURES=0 LOH_INCLUDE_AVGTOPK_CANDIDATE_FEATURES=0 LOH_INCLUDE_REQUEST=0 LOH_ENABLE_PENALTY=1 LOH_REWARD_USE_PENALTY=1 LOH_PENALTY_SCALE=reciprocal LOH_PENALTY_REWARD_FORMULA=centered LOH_REWARD_W_PENALTY=0.2 LOH_PENALTY_CUTOFF=0 LOH_PENALTY_DMAX=400000 LOH_PENALTY_EMPTY_AS_GOOD=1 LOH_PENALTY_REFINE_ON_LATE=1 LOH_PENALTY_NO_EVICT_REWARD=keep LOH_PENALTY_BASELINE_DECAY=0.99 LOH_SURVIVAL_BINS=64 LOH_SURVIVAL_QUANTILE=0.99 LOH_SURVIVAL_MINCOUNT=1000 LOH_PENALTY_NET_GOOD_SCALE=1.0 LOH_PENALTY_NET_PENALTY_SCALE=1.0
meta_reag,8,1,801,bestcfg_penalty_3t_3m_20260207_000001__meta_reag_008_r01,0,0.368327,0.224582,0.01,reciprocal,centered,0.5,85.76,85.79,0.998045,0.5,1.0,0.000977434,LOH_PARALLEL_SAFE=1 LOH_SKIP_PIP_INSTALL=1 LOH_SKIP_BUILD=1 LOH_DEBUG_LEVEL=1 CACHESIM_VERBOSE=0 CACHESIM_NUM_REQ=3000000 LOH_RL_ALGO=SAC LOH_ACTION_SCALE=1.0 LOH_SCORE_USE_COMPOUND=1 LOH_SCORE_USE_IRT=1 LOH_USE_SOFTMAX=1 LOH_USE_HEURISTIC_SIGNS=0 LOH_INCLUDE_HIT_MISS_FEATURES=0 LOH_INCLUDE_CACHE_FEATURES=0 LOH_INCLUDE_CANDIDATE_FEATURES=0 LOH_INCLUDE_TOPK_CANDIDATE_FEATURES=0 LOH_INCLUDE_AVGTOPK_CANDIDATE_FEATURES=0 LOH_INCLUDE_REQUEST=0 LOH_ENABLE_PENALTY=1 LOH_REWARD_USE_PENALTY=1 LOH_PENALTY_SCALE=reciprocal LOH_PENALTY_REWARD_FORMULA=centered LOH_REWARD_W_PENALTY=0.5 LOH_PENALTY_CUTOFF=0 LOH_PENALTY_DMAX=400000 LOH_PENALTY_EMPTY_AS_GOOD=1 LOH_PENALTY_REFINE_ON_LATE=1 LOH_PENALTY_NO_EVICT_REWARD=keep LOH_PENALTY_BASELINE_DECAY=0.99 LOH_SURVIVAL_BINS=64 LOH_SURVIVAL_QUANTILE=0.99 LOH_SURVIVAL_MINCOUNT=1000 LOH_PENALTY_NET_GOOD_SCALE=1.0 LOH_PENALTY_NET_PENALTY_SCALE=1.0
meta_reag,9,1,901,bestcfg_penalty_3t_3m_20260207_000001__meta_reag_009_r01,0,0.368221,0.225352,0.01,reciprocal,centered,1.0,91.53,91.68,0.996251,-1.00001,1.0,0.00187456,LOH_PARALLEL_SAFE=1 LOH_SKIP_PIP_INSTALL=1 LOH_SKIP_BUILD=1 LOH_DEBUG_LEVEL=1 CACHESIM_VERBOSE=0 CACHESIM_NUM_REQ=3000000 LOH_RL_ALGO=SAC LOH_ACTION_SCALE=1.0 LOH_SCORE_USE_COMPOUND=1 LOH_SCORE_USE_IRT=1 LOH_USE_SOFTMAX=1 LOH_USE_HEURISTIC_SIGNS=0 LOH_INCLUDE_HIT_MISS_FEATURES=0 LOH_INCLUDE_CACHE_FEATURES=0 LOH_INCLUDE_CANDIDATE_FEATURES=0 LOH_INCLUDE_TOPK_CANDIDATE_FEATURES=0 LOH_INCLUDE_AVGTOPK_CANDIDATE_FEATURES=0 LOH_INCLUDE_REQUEST=0 LOH_ENABLE_PENALTY=1 LOH_REWARD_USE_PENALTY=1 LOH_PENALTY_SCALE=reciprocal LOH_PENALTY_REWARD_FORMULA=centered LOH_REWARD_W_PENALTY=1.0 LOH_PENALTY_CUTOFF=0 LOH_PENALTY_DMAX=400000 LOH_PENALTY_EMPTY_AS_GOOD=1 LOH_PENALTY_REFINE_ON_LATE=1 LOH_PENALTY_NO_EVICT_REWARD=keep LOH_PENALTY_BASELINE_DECAY=0.99 LOH_SURVIVAL_BINS=64 LOH_SURVIVAL_QUANTILE=0.99 LOH_SURVIVAL_MINCOUNT=1000 LOH_PENALTY_NET_GOOD_SCALE=1.0 LOH_PENALTY_NET_PENALTY_SCALE=1.0
meta_reag,10,1,1001,bestcfg_penalty_3t_3m_20260207_000001__meta_reag_010_r01,0,0.368165,0.22495,0.01,reciprocal,one_minus,0.1,92.16,92.3,0.999033,0.0,1.0,0.000966688,LOH_PARALLEL_SAFE=1 LOH_SKIP_PIP_INSTALL=1 LOH_SKIP_BUILD=1 LOH_DEBUG_LEVEL=1 CACHESIM_VERBOSE=0 CACHESIM_NUM_REQ=3000000 LOH_RL_ALGO=SAC LOH_ACTION_SCALE=1.0 LOH_SCORE_USE_COMPOUND=1 LOH_SCORE_USE_IRT=1 LOH_USE_SOFTMAX=1 LOH_USE_HEURISTIC_SIGNS=0 LOH_INCLUDE_HIT_MISS_FEATURES=0 LOH_INCLUDE_CACHE_FEATURES=0 LOH_INCLUDE_CANDIDATE_FEATURES=0 LOH_INCLUDE_TOPK_CANDIDATE_FEATURES=0 LOH_INCLUDE_AVGTOPK_CANDIDATE_FEATURES=0 LOH_INCLUDE_REQUEST=0 LOH_ENABLE_PENALTY=1 LOH_REWARD_USE_PENALTY=1 LOH_PENALTY_SCALE=reciprocal LOH_PENALTY_REWARD_FORMULA=one_minus LOH_REWARD_W_PENALTY=0.1 LOH_PENALTY_CUTOFF=0 LOH_PENALTY_DMAX=400000 LOH_PENALTY_EMPTY_AS_GOOD=1 LOH_PENALTY_REFINE_ON_LATE=1 LOH_PENALTY_NO_EVICT_REWARD=keep LOH_PENALTY_BASELINE_DECAY=0.99 LOH_SURVIVAL_BINS=64 LOH_SURVIVAL_QUANTILE=0.99 LOH_SURVIVAL_MINCOUNT=1000 LOH_PENALTY_NET_GOOD_SCALE=1.0 LOH_PENALTY_NET_PENALTY_SCALE=1.0
meta_reag,11,1,1101,bestcfg_penalty_3t_3m_20260207_000001__meta_reag_011_r01,0,0.368233,0.225567,0.01,reciprocal,one_minus,0.2,90.03,90.17,0.999206,0.666667,1.0,0.000793914,LOH_PARALLEL_SAFE=1 LOH_SKIP_PIP_INSTALL=1 LOH_SKIP_BUILD=1 LOH_DEBUG_LEVEL=1 CACHESIM_VERBOSE=0 CACHESIM_NUM_REQ=3000000 LOH_RL_ALGO=SAC LOH_ACTION_SCALE=1.0 LOH_SCORE_USE_COMPOUND=1 LOH_SCORE_USE_IRT=1 LOH_USE_SOFTMAX=1 LOH_USE_HEURISTIC_SIGNS=0 LOH_INCLUDE_HIT_MISS_FEATURES=0 LOH_INCLUDE_CACHE_FEATURES=0 LOH_INCLUDE_CANDIDATE_FEATURES=0 LOH_INCLUDE_TOPK_CANDIDATE_FEATURES=0 LOH_INCLUDE_AVGTOPK_CANDIDATE_FEATURES=0 LOH_INCLUDE_REQUEST=0 LOH_ENABLE_PENALTY=1 LOH_REWARD_USE_PENALTY=1 LOH_PENALTY_SCALE=reciprocal LOH_PENALTY_REWARD_FORMULA=one_minus LOH_REWARD_W_PENALTY=0.2 LOH_PENALTY_CUTOFF=0 LOH_PENALTY_DMAX=400000 LOH_PENALTY_EMPTY_AS_GOOD=1 LOH_PENALTY_REFINE_ON_LATE=1 LOH_PENALTY_NO_EVICT_REWARD=keep LOH_PENALTY_BASELINE_DECAY=0.99 LOH_SURVIVAL_BINS=64 LOH_SURVIVAL_QUANTILE=0.99 LOH_SURVIVAL_MINCOUNT=1000 LOH_PENALTY_NET_GOOD_SCALE=1.0 LOH_PENALTY_NET_PENALTY_SCALE=1.0
meta_reag,12,1,1201,bestcfg_penalty_3t_3m_20260207_000001__meta_reag_012_r01,0,0.368268,0.224865,0.01,reciprocal,one_minus,0.5,88.25,88.38,0.997617,-0.066919,1.0,0.00238257,LOH_PARALLEL_SAFE=1 LOH_SKIP_PIP_INSTALL=1 LOH_SKIP_BUILD=1 LOH_DEBUG_LEVEL=1 CACHESIM_VERBOSE=0 CACHESIM_NUM_REQ=3000000 LOH_RL_ALGO=SAC LOH_ACTION_SCALE=1.0 LOH_SCORE_USE_COMPOUND=1 LOH_SCORE_USE_IRT=1 LOH_USE_SOFTMAX=1 LOH_USE_HEURISTIC_SIGNS=0 LOH_INCLUDE_HIT_MISS_FEATURES=0 LOH_INCLUDE_CACHE_FEATURES=0 LOH_INCLUDE_CANDIDATE_FEATURES=0 LOH_INCLUDE_TOPK_CANDIDATE_FEATURES=0 LOH_INCLUDE_AVGTOPK_CANDIDATE_FEATURES=0 LOH_INCLUDE_REQUEST=0 LOH_ENABLE_PENALTY=1 LOH_REWARD_USE_PENALTY=1 LOH_PENALTY_SCALE=reciprocal LOH_PENALTY_REWARD_FORMULA=one_minus LOH_REWARD_W_PENALTY=0.5 LOH_PENALTY_CUTOFF=0 LOH_PENALTY_DMAX=400000 LOH_PENALTY_EMPTY_AS_GOOD=1 LOH_PENALTY_REFINE_ON_LATE=1 LOH_PENALTY_NO_EVICT_REWARD=keep LOH_PENALTY_BASELINE_DECAY=0.99 LOH_SURVIVAL_BINS=64 LOH_SURVIVAL_QUANTILE=0.99 LOH_SURVIVAL_MINCOUNT=1000 LOH_PENALTY_NET_GOOD_SCALE=1.0 LOH_PENALTY_NET_PENALTY_SCALE=1.0
meta_reag,13,1,1301,bestcfg_penalty_3t_3m_20260207_000001__meta_reag_013_r01,0,0.368205,0.224917,0.01,reciprocal,one_minus,1.0,86.02,86.15,0.99895,0.0,1.0,0.00104984,LOH_PARALLEL_SAFE=1 LOH_SKIP_PIP_INSTALL=1 LOH_SKIP_BUILD=1 LOH_DEBUG_LEVEL=1 CACHESIM_VERBOSE=0 CACHESIM_NUM_REQ=3000000 LOH_RL_ALGO=SAC LOH_ACTION_SCALE=1.0 LOH_SCORE_USE_COMPOUND=1 LOH_SCORE_USE_IRT=1 LOH_USE_SOFTMAX=1 LOH_USE_HEURISTIC_SIGNS=0 LOH_INCLUDE_HIT_MISS_FEATURES=0 LOH_INCLUDE_CACHE_FEATURES=0 LOH_INCLUDE_CANDIDATE_FEATURES=0 LOH_INCLUDE_TOPK_CANDIDATE_FEATURES=0 LOH_INCLUDE_AVGTOPK_CANDIDATE_FEATURES=0 LOH_INCLUDE_REQUEST=0 LOH_ENABLE_PENALTY=1 LOH_REWARD_USE_PENALTY=1 LOH_PENALTY_SCALE=reciprocal LOH_PENALTY_REWARD_FORMULA=one_minus LOH_REWARD_W_PENALTY=1.0 LOH_PENALTY_CUTOFF=0 LOH_PENALTY_DMAX=400000 LOH_PENALTY_EMPTY_AS_GOOD=1 LOH_PENALTY_REFINE_ON_LATE=1 LOH_PENALTY_NO_EVICT_REWARD=keep LOH_PENALTY_BASELINE_DECAY=0.99 LOH_SURVIVAL_BINS=64 LOH_SURVIVAL_QUANTILE=0.99 LOH_SURVIVAL_MINCOUNT=1000 LOH_PENALTY_NET_GOOD_SCALE=1.0 LOH_PENALTY_NET_PENALTY_SCALE=1.0
meta_reag,14,1,1401,bestcfg_penalty_3t_3m_20260207_000001__meta_reag_014_r01,0,0.368249,0.224904,0.01,reciprocal,neg,0.1,89.88,0.03,-0.00100732,-1.0,-0.0,0.00100732,LOH_PARALLEL_SAFE=1 LOH_SKIP_PIP_INSTALL=1 LOH_SKIP_BUILD=1 LOH_DEBUG_LEVEL=1 CACHESIM_VERBOSE=0 CACHESIM_NUM_REQ=3000000 LOH_RL_ALGO=SAC LOH_ACTION_SCALE=1.0 LOH_SCORE_USE_COMPOUND=1 LOH_SCORE_USE_IRT=1 LOH_USE_SOFTMAX=1 LOH_USE_HEURISTIC_SIGNS=0 LOH_INCLUDE_HIT_MISS_FEATURES=0 LOH_INCLUDE_CACHE_FEATURES=0 LOH_INCLUDE_CANDIDATE_FEATURES=0 LOH_INCLUDE_TOPK_CANDIDATE_FEATURES=0 LOH_INCLUDE_AVGTOPK_CANDIDATE_FEATURES=0 LOH_INCLUDE_REQUEST=0 LOH_ENABLE_PENALTY=1 LOH_REWARD_USE_PENALTY=1 LOH_PENALTY_SCALE=reciprocal LOH_PENALTY_REWARD_FORMULA=neg LOH_REWARD_W_PENALTY=0.1 LOH_PENALTY_CUTOFF=0 LOH_PENALTY_DMAX=400000 LOH_PENALTY_EMPTY_AS_GOOD=1 LOH_PENALTY_REFINE_ON_LATE=1 LOH_PENALTY_NO_EVICT_REWARD=keep LOH_PENALTY_BASELINE_DECAY=0.99 LOH_SURVIVAL_BINS=64 LOH_SURVIVAL_QUANTILE=0.99 LOH_SURVIVAL_MINCOUNT=1000 LOH_PENALTY_NET_GOOD_SCALE=1.0 LOH_PENALTY_NET_PENALTY_SCALE=1.0
meta_reag,15,1,1501,bestcfg_penalty_3t_3m_20260207_000001__meta_reag_015_r01,0,0.368214,0.225071,0.01,reciprocal,neg,0.2,92.19,0.04,-0.00107167,-1.0,-0.0,0.00107167,LOH_PARALLEL_SAFE=1 LOH_SKIP_PIP_INSTALL=1 LOH_SKIP_BUILD=1 LOH_DEBUG_LEVEL=1 CACHESIM_VERBOSE=0 CACHESIM_NUM_REQ=3000000 LOH_RL_ALGO=SAC LOH_ACTION_SCALE=1.0 LOH_SCORE_USE_COMPOUND=1 LOH_SCORE_USE_IRT=1 LOH_USE_SOFTMAX=1 LOH_USE_HEURISTIC_SIGNS=0 LOH_INCLUDE_HIT_MISS_FEATURES=0 LOH_INCLUDE_CACHE_FEATURES=0 LOH_INCLUDE_CANDIDATE_FEATURES=0 LOH_INCLUDE_TOPK_CANDIDATE_FEATURES=0 LOH_INCLUDE_AVGTOPK_CANDIDATE_FEATURES=0 LOH_INCLUDE_REQUEST=0 LOH_ENABLE_PENALTY=1 LOH_REWARD_USE_PENALTY=1 LOH_PENALTY_SCALE=reciprocal LOH_PENALTY_REWARD_FORMULA=neg LOH_REWARD_W_PENALTY=0.2 LOH_PENALTY_CUTOFF=0 LOH_PENALTY_DMAX=400000 LOH_PENALTY_EMPTY_AS_GOOD=1 LOH_PENALTY_REFINE_ON_LATE=1 LOH_PENALTY_NO_EVICT_REWARD=keep LOH_PENALTY_BASELINE_DECAY=0.99 LOH_SURVIVAL_BINS=64 LOH_SURVIVAL_QUANTILE=0.99 LOH_SURVIVAL_MINCOUNT=1000 LOH_PENALTY_NET_GOOD_SCALE=1.0 LOH_PENALTY_NET_PENALTY_SCALE=1.0
meta_reag,16,1,1601,bestcfg_penalty_3t_3m_20260207_000001__meta_reag_016_r01,0,0.36828,0.225393,0.01,reciprocal,neg,0.5,85.91,0.07,-0.00127465,-1.00041,-0.0,0.00127479,LOH_PARALLEL_SAFE=1 LOH_SKIP_PIP_INSTALL=1 LOH_SKIP_BUILD=1 LOH_DEBUG_LEVEL=1 CACHESIM_VERBOSE=0 CACHESIM_NUM_REQ=3000000 LOH_RL_ALGO=SAC LOH_ACTION_SCALE=1.0 LOH_SCORE_USE_COMPOUND=1 LOH_SCORE_USE_IRT=1 LOH_USE_SOFTMAX=1 LOH_USE_HEURISTIC_SIGNS=0 LOH_INCLUDE_HIT_MISS_FEATURES=0 LOH_INCLUDE_CACHE_FEATURES=0 LOH_INCLUDE_CANDIDATE_FEATURES=0 LOH_INCLUDE_TOPK_CANDIDATE_FEATURES=0 LOH_INCLUDE_AVGTOPK_CANDIDATE_FEATURES=0 LOH_INCLUDE_REQUEST=0 LOH_ENABLE_PENALTY=1 LOH_REWARD_USE_PENALTY=1 LOH_PENALTY_SCALE=reciprocal LOH_PENALTY_REWARD_FORMULA=neg LOH_REWARD_W_PENALTY=0.5 LOH_PENALTY_CUTOFF=0 LOH_PENALTY_DMAX=400000 LOH_PENALTY_EMPTY_AS_GOOD=1 LOH_PENALTY_REFINE_ON_LATE=1 LOH_PENALTY_NO_EVICT_REWARD=keep LOH_PENALTY_BASELINE_DECAY=0.99 LOH_SURVIVAL_BINS=64 LOH_SURVIVAL_QUANTILE=0.99 LOH_SURVIVAL_MINCOUNT=1000 LOH_PENALTY_NET_GOOD_SCALE=1.0 LOH_PENALTY_NET_PENALTY_SCALE=1.0
meta_reag,17,1,1701,bestcfg_penalty_3t_3m_20260207_000001__meta_reag_017_r01,0,0.368201,0.225241,0.01,reciprocal,neg,1.0,89.98,0.03,-0.00142,-1.0,-0.0,0.00142,LOH_PARALLEL_SAFE=1 LOH_SKIP_PIP_INSTALL=1 LOH_SKIP_BUILD=1 LOH_DEBUG_LEVEL=1 CACHESIM_VERBOSE=0 CACHESIM_NUM_REQ=3000000 LOH_RL_ALGO=SAC LOH_ACTION_SCALE=1.0 LOH_SCORE_USE_COMPOUND=1 LOH_SCORE_USE_IRT=1 LOH_USE_SOFTMAX=1 LOH_USE_HEURISTIC_SIGNS=0 LOH_INCLUDE_HIT_MISS_FEATURES=0 LOH_INCLUDE_CACHE_FEATURES=0 LOH_INCLUDE_CANDIDATE_FEATURES=0 LOH_INCLUDE_TOPK_CANDIDATE_FEATURES=0 LOH_INCLUDE_AVGTOPK_CANDIDATE_FEATURES=0 LOH_INCLUDE_REQUEST=0 LOH_ENABLE_PENALTY=1 LOH_REWARD_USE_PENALTY=1 LOH_PENALTY_SCALE=reciprocal LOH_PENALTY_REWARD_FORMULA=neg LOH_REWARD_W_PENALTY=1.0 LOH_PENALTY_CUTOFF=0 LOH_PENALTY_DMAX=400000 LOH_PENALTY_EMPTY_AS_GOOD=1 LOH_PENALTY_REFINE_ON_LATE=1 LOH_PENALTY_NO_EVICT_REWARD=keep LOH_PENALTY_BASELINE_DECAY=0.99 LOH_SURVIVAL_BINS=64 LOH_SURVIVAL_QUANTILE=0.99 LOH_SURVIVAL_MINCOUNT=1000 LOH_PENALTY_NET_GOOD_SCALE=1.0 LOH_PENALTY_NET_PENALTY_SCALE=1.0
meta_reag,18,1,1801,bestcfg_penalty_3t_3m_20260207_000001__meta_reag_018_r01,0,0.368213,0.224926,0.01,reciprocal,net,1.0,92.41,0.07,-0.00133959,-1.00041,0.0,0.00133974,LOH_PARALLEL_SAFE=1 LOH_SKIP_PIP_INSTALL=1 LOH_SKIP_BUILD=1 LOH_DEBUG_LEVEL=1 CACHESIM_VERBOSE=0 CACHESIM_NUM_REQ=3000000 LOH_RL_ALGO=SAC LOH_ACTION_SCALE=1.0 LOH_SCORE_USE_COMPOUND=1 LOH_SCORE_USE_IRT=1 LOH_USE_SOFTMAX=1 LOH_USE_HEURISTIC_SIGNS=0 LOH_INCLUDE_HIT_MISS_FEATURES=0 LOH_INCLUDE_CACHE_FEATURES=0 LOH_INCLUDE_CANDIDATE_FEATURES=0 LOH_INCLUDE_TOPK_CANDIDATE_FEATURES=0 LOH_INCLUDE_AVGTOPK_CANDIDATE_FEATURES=0 LOH_INCLUDE_REQUEST=0 LOH_ENABLE_PENALTY=1 LOH_REWARD_USE_PENALTY=1 LOH_PENALTY_SCALE=reciprocal LOH_PENALTY_REWARD_FORMULA=net LOH_REWARD_W_PENALTY=1.0 LOH_PENALTY_CUTOFF=0 LOH_PENALTY_DMAX=400000 LOH_PENALTY_EMPTY_AS_GOOD=1 LOH_PENALTY_REFINE_ON_LATE=1 LOH_PENALTY_NO_EVICT_REWARD=keep LOH_PENALTY_BASELINE_DECAY=0.99 LOH_SURVIVAL_BINS=64 LOH_SURVIVAL_QUANTILE=0.99 LOH_SURVIVAL_MINCOUNT=1000 LOH_PENALTY_NET_GOOD_SCALE=1.0 LOH_PENALTY_NET_PENALTY_SCALE=1.0
meta_reag,19,1,1901,bestcfg_penalty_3t_3m_20260207_000001__meta_reag_019_r01,0,0.368208,0.224994,0.01,reciprocal,net,2.0,92.53,0.07,-0.00152502,-1.0,0.0,0.00152503,LOH_PARALLEL_SAFE=1 LOH_SKIP_PIP_INSTALL=1 LOH_SKIP_BUILD=1 LOH_DEBUG_LEVEL=1 CACHESIM_VERBOSE=0 CACHESIM_NUM_REQ=3000000 LOH_RL_ALGO=SAC LOH_ACTION_SCALE=1.0 LOH_SCORE_USE_COMPOUND=1 LOH_SCORE_USE_IRT=1 LOH_USE_SOFTMAX=1 LOH_USE_HEURISTIC_SIGNS=0 LOH_INCLUDE_HIT_MISS_FEATURES=0 LOH_INCLUDE_CACHE_FEATURES=0 LOH_INCLUDE_CANDIDATE_FEATURES=0 LOH_INCLUDE_TOPK_CANDIDATE_FEATURES=0 LOH_INCLUDE_AVGTOPK_CANDIDATE_FEATURES=0 LOH_INCLUDE_REQUEST=0 LOH_ENABLE_PENALTY=1 LOH_REWARD_USE_PENALTY=1 LOH_PENALTY_SCALE=reciprocal LOH_PENALTY_REWARD_FORMULA=net LOH_REWARD_W_PENALTY=2.0 LOH_PENALTY_CUTOFF=0 LOH_PENALTY_DMAX=400000 LOH_PENALTY_EMPTY_AS_GOOD=1 LOH_PENALTY_REFINE_ON_LATE=1 LOH_PENALTY_NO_EVICT_REWARD=keep LOH_PENALTY_BASELINE_DECAY=0.99 LOH_SURVIVAL_BINS=64 LOH_SURVIVAL_QUANTILE=0.99 LOH_SURVIVAL_MINCOUNT=1000 LOH_PENALTY_NET_GOOD_SCALE=1.0 LOH_PENALTY_NET_PENALTY_SCALE=1.0
meta_reag,20,1,2001,bestcfg_penalty_3t_3m_20260207_000001__meta_reag_020_r01,0,0.368202,0.225572,0.01,reciprocal,net,3.0,91.84,0.04,-0.00123451,-1.0,0.0,0.00123451,LOH_PARALLEL_SAFE=1 LOH_SKIP_PIP_INSTALL=1 LOH_SKIP_BUILD=1 LOH_DEBUG_LEVEL=1 CACHESIM_VERBOSE=0 CACHESIM_NUM_REQ=3000000 LOH_RL_ALGO=SAC LOH_ACTION_SCALE=1.0 LOH_SCORE_USE_COMPOUND=1 LOH_SCORE_USE_IRT=1 LOH_USE_SOFTMAX=1 LOH_USE_HEURISTIC_SIGNS=0 LOH_INCLUDE_HIT_MISS_FEATURES=0 LOH_INCLUDE_CACHE_FEATURES=0 LOH_INCLUDE_CANDIDATE_FEATURES=0 LOH_INCLUDE_TOPK_CANDIDATE_FEATURES=0 LOH_INCLUDE_AVGTOPK_CANDIDATE_FEATURES=0 LOH_INCLUDE_REQUEST=0 LOH_ENABLE_PENALTY=1 LOH_REWARD_USE_PENALTY=1 LOH_PENALTY_SCALE=reciprocal LOH_PENALTY_REWARD_FORMULA=net LOH_REWARD_W_PENALTY=3.0 LOH_PENALTY_CUTOFF=0 LOH_PENALTY_DMAX=400000 LOH_PENALTY_EMPTY_AS_GOOD=1 LOH_PENALTY_REFINE_ON_LATE=1 LOH_PENALTY_NO_EVICT_REWARD=keep LOH_PENALTY_BASELINE_DECAY=0.99 LOH_SURVIVAL_BINS=64 LOH_SURVIVAL_QUANTILE=0.99 LOH_SURVIVAL_MINCOUNT=1000 LOH_PENALTY_NET_GOOD_SCALE=1.0 LOH_PENALTY_NET_PENALTY_SCALE=1.0
meta_reag,21,1,2101,bestcfg_penalty_3t_3m_20260207_000001__meta_reag_021_r01,0,0.368223,0.224796,0.01,reciprocal,net2,1.0,92.57,100.0,-1.0,-1.5002,-1.0,0.000824006,LOH_PARALLEL_SAFE=1 LOH_SKIP_PIP_INSTALL=1 LOH_SKIP_BUILD=1 LOH_DEBUG_LEVEL=1 CACHESIM_VERBOSE=0 CACHESIM_NUM_REQ=3000000 LOH_RL_ALGO=SAC LOH_ACTION_SCALE=1.0 LOH_SCORE_USE_COMPOUND=1 LOH_SCORE_USE_IRT=1 LOH_USE_SOFTMAX=1 LOH_USE_HEURISTIC_SIGNS=0 LOH_INCLUDE_HIT_MISS_FEATURES=0 LOH_INCLUDE_CACHE_FEATURES=0 LOH_INCLUDE_CANDIDATE_FEATURES=0 LOH_INCLUDE_TOPK_CANDIDATE_FEATURES=0 LOH_INCLUDE_AVGTOPK_CANDIDATE_FEATURES=0 LOH_INCLUDE_REQUEST=0 LOH_ENABLE_PENALTY=1 LOH_REWARD_USE_PENALTY=1 LOH_PENALTY_SCALE=reciprocal LOH_PENALTY_REWARD_FORMULA=net2 LOH_REWARD_W_PENALTY=1.0 LOH_PENALTY_CUTOFF=0 LOH_PENALTY_DMAX=400000 LOH_PENALTY_EMPTY_AS_GOOD=1 LOH_PENALTY_REFINE_ON_LATE=1 LOH_PENALTY_NO_EVICT_REWARD=keep LOH_PENALTY_BASELINE_DECAY=0.99 LOH_SURVIVAL_BINS=64 LOH_SURVIVAL_QUANTILE=0.99 LOH_SURVIVAL_MINCOUNT=1000 LOH_PENALTY_NET_GOOD_SCALE=1.0 LOH_PENALTY_NET_PENALTY_SCALE=1.0
meta_reag,22,1,2201,bestcfg_penalty_3t_3m_20260207_000001__meta_reag_022_r01,0,0.368214,0.225382,0.01,reciprocal,net2,2.0,88.19,100.0,-1.0,-2.00001,-1.0,0.00138742,LOH_PARALLEL_SAFE=1 LOH_SKIP_PIP_INSTALL=1 LOH_SKIP_BUILD=1 LOH_DEBUG_LEVEL=1 CACHESIM_VERBOSE=0 CACHESIM_NUM_REQ=3000000 LOH_RL_ALGO=SAC LOH_ACTION_SCALE=1.0 LOH_SCORE_USE_COMPOUND=1 LOH_SCORE_USE_IRT=1 LOH_USE_SOFTMAX=1 LOH_USE_HEURISTIC_SIGNS=0 LOH_INCLUDE_HIT_MISS_FEATURES=0 LOH_INCLUDE_CACHE_FEATURES=0 LOH_INCLUDE_CANDIDATE_FEATURES=0 LOH_INCLUDE_TOPK_CANDIDATE_FEATURES=0 LOH_INCLUDE_AVGTOPK_CANDIDATE_FEATURES=0 LOH_INCLUDE_REQUEST=0 LOH_ENABLE_PENALTY=1 LOH_REWARD_USE_PENALTY=1 LOH_PENALTY_SCALE=reciprocal LOH_PENALTY_REWARD_FORMULA=net2 LOH_REWARD_W_PENALTY=2.0 LOH_PENALTY_CUTOFF=0 LOH_PENALTY_DMAX=400000 LOH_PENALTY_EMPTY_AS_GOOD=1 LOH_PENALTY_REFINE_ON_LATE=1 LOH_PENALTY_NO_EVICT_REWARD=keep LOH_PENALTY_BASELINE_DECAY=0.99 LOH_SURVIVAL_BINS=64 LOH_SURVIVAL_QUANTILE=0.99 LOH_SURVIVAL_MINCOUNT=1000 LOH_PENALTY_NET_GOOD_SCALE=1.0 LOH_PENALTY_NET_PENALTY_SCALE=1.0
meta_reag,23,1,2301,bestcfg_penalty_3t_3m_20260207_000001__meta_reag_023_r01,0,0.368202,0.224932,0.01,reciprocal,net2,3.0,92.22,100.0,-1.0,-2.0,-1.0,0.00115349,LOH_PARALLEL_SAFE=1 LOH_SKIP_PIP_INSTALL=1 LOH_SKIP_BUILD=1 LOH_DEBUG_LEVEL=1 CACHESIM_VERBOSE=0 CACHESIM_NUM_REQ=3000000 LOH_RL_ALGO=SAC LOH_ACTION_SCALE=1.0 LOH_SCORE_USE_COMPOUND=1 LOH_SCORE_USE_IRT=1 LOH_USE_SOFTMAX=1 LOH_USE_HEURISTIC_SIGNS=0 LOH_INCLUDE_HIT_MISS_FEATURES=0 LOH_INCLUDE_CACHE_FEATURES=0 LOH_INCLUDE_CANDIDATE_FEATURES=0 LOH_INCLUDE_TOPK_CANDIDATE_FEATURES=0 LOH_INCLUDE_AVGTOPK_CANDIDATE_FEATURES=0 LOH_INCLUDE_REQUEST=0 LOH_ENABLE_PENALTY=1 LOH_REWARD_USE_PENALTY=1 LOH_PENALTY_SCALE=reciprocal LOH_PENALTY_REWARD_FORMULA=net2 LOH_REWARD_W_PENALTY=3.0 LOH_PENALTY_CUTOFF=0 LOH_PENALTY_DMAX=400000 LOH_PENALTY_EMPTY_AS_GOOD=1 LOH_PENALTY_REFINE_ON_LATE=1 LOH_PENALTY_NO_EVICT_REWARD=keep LOH_PENALTY_BASELINE_DECAY=0.99 LOH_SURVIVAL_BINS=64 LOH_SURVIVAL_QUANTILE=0.99 LOH_SURVIVAL_MINCOUNT=1000 LOH_PENALTY_NET_GOOD_SCALE=1.0 LOH_PENALTY_NET_PENALTY_SCALE=1.0
meta_reag,24,1,2401,bestcfg_penalty_3t_3m_20260207_000001__meta_reag_024_r01,0,0.368284,0.224993,0.01,log,relative,0.1,87.88,93.66,0.847231,-261.225,1.0,0.0809907,LOH_PARALLEL_SAFE=1 LOH_SKIP_PIP_INSTALL=1 LOH_SKIP_BUILD=1 LOH_DEBUG_LEVEL=1 CACHESIM_VERBOSE=0 CACHESIM_NUM_REQ=3000000 LOH_RL_ALGO=SAC LOH_ACTION_SCALE=1.0 LOH_SCORE_USE_COMPOUND=1 LOH_SCORE_USE_IRT=1 LOH_USE_SOFTMAX=1 LOH_USE_HEURISTIC_SIGNS=0 LOH_INCLUDE_HIT_MISS_FEATURES=0 LOH_INCLUDE_CACHE_FEATURES=0 LOH_INCLUDE_CANDIDATE_FEATURES=0 LOH_INCLUDE_TOPK_CANDIDATE_FEATURES=0 LOH_INCLUDE_AVGTOPK_CANDIDATE_FEATURES=0 LOH_INCLUDE_REQUEST=0 LOH_ENABLE_PENALTY=1 LOH_REWARD_USE_PENALTY=1 LOH_PENALTY_SCALE=log LOH_PENALTY_REWARD_FORMULA=relative LOH_REWARD_W_PENALTY=0.1 LOH_PENALTY_CUTOFF=0 LOH_PENALTY_DMAX=400000 LOH_PENALTY_EMPTY_AS_GOOD=1 LOH_PENALTY_REFINE_ON_LATE=1 LOH_PENALTY_NO_EVICT_REWARD=keep LOH_PENALTY_BASELINE_DECAY=0.99 LOH_SURVIVAL_BINS=64 LOH_SURVIVAL_QUANTILE=0.99 LOH_SURVIVAL_MINCOUNT=1000 LOH_PENALTY_NET_GOOD_SCALE=1.0 LOH_PENALTY_NET_PENALTY_SCALE=1.0
meta_reag,25,1,2501,bestcfg_penalty_3t_3m_20260207_000001__meta_reag_025_r01,0,0.36832,0.225122,0.01,log,relative,0.2,86.64,93.55,0.85188,-565.637,1.0,0.185112,LOH_PARALLEL_SAFE=1 LOH_SKIP_PIP_INSTALL=1 LOH_SKIP_BUILD=1 LOH_DEBUG_LEVEL=1 CACHESIM_VERBOSE=0 CACHESIM_NUM_REQ=3000000 LOH_RL_ALGO=SAC LOH_ACTION_SCALE=1.0 LOH_SCORE_USE_COMPOUND=1 LOH_SCORE_USE_IRT=1 LOH_USE_SOFTMAX=1 LOH_USE_HEURISTIC_SIGNS=0 LOH_INCLUDE_HIT_MISS_FEATURES=0 LOH_INCLUDE_CACHE_FEATURES=0 LOH_INCLUDE_CANDIDATE_FEATURES=0 LOH_INCLUDE_TOPK_CANDIDATE_FEATURES=0 LOH_INCLUDE_AVGTOPK_CANDIDATE_FEATURES=0 LOH_INCLUDE_REQUEST=0 LOH_ENABLE_PENALTY=1 LOH_REWARD_USE_PENALTY=1 LOH_PENALTY_SCALE=log LOH_PENALTY_REWARD_FORMULA=relative LOH_REWARD_W_PENALTY=0.2 LOH_PENALTY_CUTOFF=0 LOH_PENALTY_DMAX=400000 LOH_PENALTY_EMPTY_AS_GOOD=1 LOH_PENALTY_REFINE_ON_LATE=1 LOH_PENALTY_NO_EVICT_REWARD=keep LOH_PENALTY_BASELINE_DECAY=0.99 LOH_SURVIVAL_BINS=64 LOH_SURVIVAL_QUANTILE=0.99 LOH_SURVIVAL_MINCOUNT=1000 LOH_PENALTY_NET_GOOD_SCALE=1.0 LOH_PENALTY_NET_PENALTY_SCALE=1.0
meta_reag,26,1,2601,bestcfg_penalty_3t_3m_20260207_000001__meta_reag_026_r01,0,0.368237,0.22542,0.01,log,relative,0.5,90.2,94.54,0.910317,-565.637,1.0,0.0953349,LOH_PARALLEL_SAFE=1 LOH_SKIP_PIP_INSTALL=1 LOH_SKIP_BUILD=1 LOH_DEBUG_LEVEL=1 CACHESIM_VERBOSE=0 CACHESIM_NUM_REQ=3000000 LOH_RL_ALGO=SAC LOH_ACTION_SCALE=1.0 LOH_SCORE_USE_COMPOUND=1 LOH_SCORE_USE_IRT=1 LOH_USE_SOFTMAX=1 LOH_USE_HEURISTIC_SIGNS=0 LOH_INCLUDE_HIT_MISS_FEATURES=0 LOH_INCLUDE_CACHE_FEATURES=0 LOH_INCLUDE_CANDIDATE_FEATURES=0 LOH_INCLUDE_TOPK_CANDIDATE_FEATURES=0 LOH_INCLUDE_AVGTOPK_CANDIDATE_FEATURES=0 LOH_INCLUDE_REQUEST=0 LOH_ENABLE_PENALTY=1 LOH_REWARD_USE_PENALTY=1 LOH_PENALTY_SCALE=log LOH_PENALTY_REWARD_FORMULA=relative LOH_REWARD_W_PENALTY=0.5 LOH_PENALTY_CUTOFF=0 LOH_PENALTY_DMAX=400000 LOH_PENALTY_EMPTY_AS_GOOD=1 LOH_PENALTY_REFINE_ON_LATE=1 LOH_PENALTY_NO_EVICT_REWARD=keep LOH_PENALTY_BASELINE_DECAY=0.99 LOH_SURVIVAL_BINS=64 LOH_SURVIVAL_QUANTILE=0.99 LOH_SURVIVAL_MINCOUNT=1000 LOH_PENALTY_NET_GOOD_SCALE=1.0 LOH_PENALTY_NET_PENALTY_SCALE=1.0
meta_reag,27,1,2701,bestcfg_penalty_3t_3m_20260207_000001__meta_reag_027_r01,0,0.368288,0.22518,0.01,log,relative,1.0,89.69,94.79,0.894145,-261.225,1.0,0.0684747,LOH_PARALLEL_SAFE=1 LOH_SKIP_PIP_INSTALL=1 LOH_SKIP_BUILD=1 LOH_DEBUG_LEVEL=1 CACHESIM_VERBOSE=0 CACHESIM_NUM_REQ=3000000 LOH_RL_ALGO=SAC LOH_ACTION_SCALE=1.0 LOH_SCORE_USE_COMPOUND=1 LOH_SCORE_USE_IRT=1 LOH_USE_SOFTMAX=1 LOH_USE_HEURISTIC_SIGNS=0 LOH_INCLUDE_HIT_MISS_FEATURES=0 LOH_INCLUDE_CACHE_FEATURES=0 LOH_INCLUDE_CANDIDATE_FEATURES=0 LOH_INCLUDE_TOPK_CANDIDATE_FEATURES=0 LOH_INCLUDE_AVGTOPK_CANDIDATE_FEATURES=0 LOH_INCLUDE_REQUEST=0 LOH_ENABLE_PENALTY=1 LOH_REWARD_USE_PENALTY=1 LOH_PENALTY_SCALE=log LOH_PENALTY_REWARD_FORMULA=relative LOH_REWARD_W_PENALTY=1.0 LOH_PENALTY_CUTOFF=0 LOH_PENALTY_DMAX=400000 LOH_PENALTY_EMPTY_AS_GOOD=1 LOH_PENALTY_REFINE_ON_LATE=1 LOH_PENALTY_NO_EVICT_REWARD=keep LOH_PENALTY_BASELINE_DECAY=0.99 LOH_SURVIVAL_BINS=64 LOH_SURVIVAL_QUANTILE=0.99 LOH_SURVIVAL_MINCOUNT=1000 LOH_PENALTY_NET_GOOD_SCALE=1.0 LOH_PENALTY_NET_PENALTY_SCALE=1.0
meta_reag,28,1,2801,bestcfg_penalty_3t_3m_20260207_000001__meta_reag_028_r01,0,0.368274,0.225087,0.01,log,centered,0.1,89.07,94.67,0.883604,-2.928,1.0,0.0745333,LOH_PARALLEL_SAFE=1 LOH_SKIP_PIP_INSTALL=1 LOH_SKIP_BUILD=1 LOH_DEBUG_LEVEL=1 CACHESIM_VERBOSE=0 CACHESIM_NUM_REQ=3000000 LOH_RL_ALGO=SAC LOH_ACTION_SCALE=1.0 LOH_SCORE_USE_COMPOUND=1 LOH_SCORE_USE_IRT=1 LOH_USE_SOFTMAX=1 LOH_USE_HEURISTIC_SIGNS=0 LOH_INCLUDE_HIT_MISS_FEATURES=0 LOH_INCLUDE_CACHE_FEATURES=0 LOH_INCLUDE_CANDIDATE_FEATURES=0 LOH_INCLUDE_TOPK_CANDIDATE_FEATURES=0 LOH_INCLUDE_AVGTOPK_CANDIDATE_FEATURES=0 LOH_INCLUDE_REQUEST=0 LOH_ENABLE_PENALTY=1 LOH_REWARD_USE_PENALTY=1 LOH_PENALTY_SCALE=log LOH_PENALTY_REWARD_FORMULA=centered LOH_REWARD_W_PENALTY=0.1 LOH_PENALTY_CUTOFF=0 LOH_PENALTY_DMAX=400000 LOH_PENALTY_EMPTY_AS_GOOD=1 LOH_PENALTY_REFINE_ON_LATE=1 LOH_PENALTY_NO_EVICT_REWARD=keep LOH_PENALTY_BASELINE_DECAY=0.99 LOH_SURVIVAL_BINS=64 LOH_SURVIVAL_QUANTILE=0.99 LOH_SURVIVAL_MINCOUNT=1000 LOH_PENALTY_NET_GOOD_SCALE=1.0 LOH_PENALTY_NET_PENALTY_SCALE=1.0
meta_reag,29,1,2901,bestcfg_penalty_3t_3m_20260207_000001__meta_reag_029_r01,0,0.368128,0.2245,0.01,log,centered,0.2,92.72,94.63,0.959732,-2.0145,1.0,0.0204919,LOH_PARALLEL_SAFE=1 LOH_SKIP_PIP_INSTALL=1 LOH_SKIP_BUILD=1 LOH_DEBUG_LEVEL=1 CACHESIM_VERBOSE=0 CACHESIM_NUM_REQ=3000000 LOH_RL_ALGO=SAC LOH_ACTION_SCALE=1.0 LOH_SCORE_USE_COMPOUND=1 LOH_SCORE_USE_IRT=1 LOH_USE_SOFTMAX=1 LOH_USE_HEURISTIC_SIGNS=0 LOH_INCLUDE_HIT_MISS_FEATURES=0 LOH_INCLUDE_CACHE_FEATURES=0 LOH_INCLUDE_CANDIDATE_FEATURES=0 LOH_INCLUDE_TOPK_CANDIDATE_FEATURES=0 LOH_INCLUDE_AVGTOPK_CANDIDATE_FEATURES=0 LOH_INCLUDE_REQUEST=0 LOH_ENABLE_PENALTY=1 LOH_REWARD_USE_PENALTY=1 LOH_PENALTY_SCALE=log LOH_PENALTY_REWARD_FORMULA=centered LOH_REWARD_W_PENALTY=0.2 LOH_PENALTY_CUTOFF=0 LOH_PENALTY_DMAX=400000 LOH_PENALTY_EMPTY_AS_GOOD=1 LOH_PENALTY_REFINE_ON_LATE=1 LOH_PENALTY_NO_EVICT_REWARD=keep LOH_PENALTY_BASELINE_DECAY=0.99 LOH_SURVIVAL_BINS=64 LOH_SURVIVAL_QUANTILE=0.99 LOH_SURVIVAL_MINCOUNT=1000 LOH_PENALTY_NET_GOOD_SCALE=1.0 LOH_PENALTY_NET_PENALTY_SCALE=1.0
meta_reag,30,1,3001,bestcfg_penalty_3t_3m_20260207_000001__meta_reag_030_r01,0,0.368195,0.225064,0.01,log,centered,0.5,92.44,94.35,0.955511,-2.12197,1.0,0.0225671,LOH_PARALLEL_SAFE=1 LOH_SKIP_PIP_INSTALL=1 LOH_SKIP_BUILD=1 LOH_DEBUG_LEVEL=1 CACHESIM_VERBOSE=0 CACHESIM_NUM_REQ=3000000 LOH_RL_ALGO=SAC LOH_ACTION_SCALE=1.0 LOH_SCORE_USE_COMPOUND=1 LOH_SCORE_USE_IRT=1 LOH_USE_SOFTMAX=1 LOH_USE_HEURISTIC_SIGNS=0 LOH_INCLUDE_HIT_MISS_FEATURES=0 LOH_INCLUDE_CACHE_FEATURES=0 LOH_INCLUDE_CANDIDATE_FEATURES=0 LOH_INCLUDE_TOPK_CANDIDATE_FEATURES=0 LOH_INCLUDE_AVGTOPK_CANDIDATE_FEATURES=0 LOH_INCLUDE_REQUEST=0 LOH_ENABLE_PENALTY=1 LOH_REWARD_USE_PENALTY=1 LOH_PENALTY_SCALE=log LOH_PENALTY_REWARD_FORMULA=centered LOH_REWARD_W_PENALTY=0.5 LOH_PENALTY_CUTOFF=0 LOH_PENALTY_DMAX=400000 LOH_PENALTY_EMPTY_AS_GOOD=1 LOH_PENALTY_REFINE_ON_LATE=1 LOH_PENALTY_NO_EVICT_REWARD=keep LOH_PENALTY_BASELINE_DECAY=0.99 LOH_SURVIVAL_BINS=64 LOH_SURVIVAL_QUANTILE=0.99 LOH_SURVIVAL_MINCOUNT=1000 LOH_PENALTY_NET_GOOD_SCALE=1.0 LOH_PENALTY_NET_PENALTY_SCALE=1.0
meta_reag,31,1,3101,bestcfg_penalty_3t_3m_20260207_000001__meta_reag_031_r01,0,0.368311,0.225006,0.01,log,centered,1.0,89.4,93.79,0.89627,-2.44875,1.0,0.069817,LOH_PARALLEL_SAFE=1 LOH_SKIP_PIP_INSTALL=1 LOH_SKIP_BUILD=1 LOH_DEBUG_LEVEL=1 CACHESIM_VERBOSE=0 CACHESIM_NUM_REQ=3000000 LOH_RL_ALGO=SAC LOH_ACTION_SCALE=1.0 LOH_SCORE_USE_COMPOUND=1 LOH_SCORE_USE_IRT=1 LOH_USE_SOFTMAX=1 LOH_USE_HEURISTIC_SIGNS=0 LOH_INCLUDE_HIT_MISS_FEATURES=0 LOH_INCLUDE_CACHE_FEATURES=0 LOH_INCLUDE_CANDIDATE_FEATURES=0 LOH_INCLUDE_TOPK_CANDIDATE_FEATURES=0 LOH_INCLUDE_AVGTOPK_CANDIDATE_FEATURES=0 LOH_INCLUDE_REQUEST=0 LOH_ENABLE_PENALTY=1 LOH_REWARD_USE_PENALTY=1 LOH_PENALTY_SCALE=log LOH_PENALTY_REWARD_FORMULA=centered LOH_REWARD_W_PENALTY=1.0 LOH_PENALTY_CUTOFF=0 LOH_PENALTY_DMAX=400000 LOH_PENALTY_EMPTY_AS_GOOD=1 LOH_PENALTY_REFINE_ON_LATE=1 LOH_PENALTY_NO_EVICT_REWARD=keep LOH_PENALTY_BASELINE_DECAY=0.99 LOH_SURVIVAL_BINS=64 LOH_SURVIVAL_QUANTILE=0.99 LOH_SURVIVAL_MINCOUNT=1000 LOH_PENALTY_NET_GOOD_SCALE=1.0 LOH_PENALTY_NET_PENALTY_SCALE=1.0
meta_reag,32,1,3201,bestcfg_penalty_3t_3m_20260207_000001__meta_reag_032_r01,0,0.368171,0.225414,0.01,log,one_minus,0.1,89.51,91.6,0.941217,-0.724375,1.0,0.0587829,LOH_PARALLEL_SAFE=1 LOH_SKIP_PIP_INSTALL=1 LOH_SKIP_BUILD=1 LOH_DEBUG_LEVEL=1 CACHESIM_VERBOSE=0 CACHESIM_NUM_REQ=3000000 LOH_RL_ALGO=SAC LOH_ACTION_SCALE=1.0 LOH_SCORE_USE_COMPOUND=1 LOH_SCORE_USE_IRT=1 LOH_USE_SOFTMAX=1 LOH_USE_HEURISTIC_SIGNS=0 LOH_INCLUDE_HIT_MISS_FEATURES=0 LOH_INCLUDE_CACHE_FEATURES=0 LOH_INCLUDE_CANDIDATE_FEATURES=0 LOH_INCLUDE_TOPK_CANDIDATE_FEATURES=0 LOH_INCLUDE_AVGTOPK_CANDIDATE_FEATURES=0 LOH_INCLUDE_REQUEST=0 LOH_ENABLE_PENALTY=1 LOH_REWARD_USE_PENALTY=1 LOH_PENALTY_SCALE=log LOH_PENALTY_REWARD_FORMULA=one_minus LOH_REWARD_W_PENALTY=0.1 LOH_PENALTY_CUTOFF=0 LOH_PENALTY_DMAX=400000 LOH_PENALTY_EMPTY_AS_GOOD=1 LOH_PENALTY_REFINE_ON_LATE=1 LOH_PENALTY_NO_EVICT_REWARD=keep LOH_PENALTY_BASELINE_DECAY=0.99 LOH_SURVIVAL_BINS=64 LOH_SURVIVAL_QUANTILE=0.99 LOH_SURVIVAL_MINCOUNT=1000 LOH_PENALTY_NET_GOOD_SCALE=1.0 LOH_PENALTY_NET_PENALTY_SCALE=1.0
meta_reag,33,1,3301,bestcfg_penalty_3t_3m_20260207_000001__meta_reag_033_r01,0,0.368168,0.22549,0.01,log,one_minus,0.2,92.48,94.49,0.979432,-0.408946,1.0,0.020568,LOH_PARALLEL_SAFE=1 LOH_SKIP_PIP_INSTALL=1 LOH_SKIP_BUILD=1 LOH_DEBUG_LEVEL=1 CACHESIM_VERBOSE=0 CACHESIM_NUM_REQ=3000000 LOH_RL_ALGO=SAC LOH_ACTION_SCALE=1.0 LOH_SCORE_USE_COMPOUND=1 LOH_SCORE_USE_IRT=1 LOH_USE_SOFTMAX=1 LOH_USE_HEURISTIC_SIGNS=0 LOH_INCLUDE_HIT_MISS_FEATURES=0 LOH_INCLUDE_CACHE_FEATURES=0 LOH_INCLUDE_CANDIDATE_FEATURES=0 LOH_INCLUDE_TOPK_CANDIDATE_FEATURES=0 LOH_INCLUDE_AVGTOPK_CANDIDATE_FEATURES=0 LOH_INCLUDE_REQUEST=0 LOH_ENABLE_PENALTY=1 LOH_REWARD_USE_PENALTY=1 LOH_PENALTY_SCALE=log LOH_PENALTY_REWARD_FORMULA=one_minus LOH_REWARD_W_PENALTY=0.2 LOH_PENALTY_CUTOFF=0 LOH_PENALTY_DMAX=400000 LOH_PENALTY_EMPTY_AS_GOOD=1 LOH_PENALTY_REFINE_ON_LATE=1 LOH_PENALTY_NO_EVICT_REWARD=keep LOH_PENALTY_BASELINE_DECAY=0.99 LOH_SURVIVAL_BINS=64 LOH_SURVIVAL_QUANTILE=0.99 LOH_SURVIVAL_MINCOUNT=1000 LOH_PENALTY_NET_GOOD_SCALE=1.0 LOH_PENALTY_NET_PENALTY_SCALE=1.0
meta_reag,34,1,3401,bestcfg_penalty_3t_3m_20260207_000001__meta_reag_034_r01,0,0.368237,0.224809,0.01,log,one_minus,0.5,91.9,94.01,0.975587,-0.408946,1.0,0.024413,LOH_PARALLEL_SAFE=1 LOH_SKIP_PIP_INSTALL=1 LOH_SKIP_BUILD=1 LOH_DEBUG_LEVEL=1 CACHESIM_VERBOSE=0 CACHESIM_NUM_REQ=3000000 LOH_RL_ALGO=SAC LOH_ACTION_SCALE=1.0 LOH_SCORE_USE_COMPOUND=1 LOH_SCORE_USE_IRT=1 LOH_USE_SOFTMAX=1 LOH_USE_HEURISTIC_SIGNS=0 LOH_INCLUDE_HIT_MISS_FEATURES=0 LOH_INCLUDE_CACHE_FEATURES=0 LOH_INCLUDE_CANDIDATE_FEATURES=0 LOH_INCLUDE_TOPK_CANDIDATE_FEATURES=0 LOH_INCLUDE_AVGTOPK_CANDIDATE_FEATURES=0 LOH_INCLUDE_REQUEST=0 LOH_ENABLE_PENALTY=1 LOH_REWARD_USE_PENALTY=1 LOH_PENALTY_SCALE=log LOH_PENALTY_REWARD_FORMULA=one_minus LOH_REWARD_W_PENALTY=0.5 LOH_PENALTY_CUTOFF=0 LOH_PENALTY_DMAX=400000 LOH_PENALTY_EMPTY_AS_GOOD=1 LOH_PENALTY_REFINE_ON_LATE=1 LOH_PENALTY_NO_EVICT_REWARD=keep LOH_PENALTY_BASELINE_DECAY=0.99 LOH_SURVIVAL_BINS=64 LOH_SURVIVAL_QUANTILE=0.99 LOH_SURVIVAL_MINCOUNT=1000 LOH_PENALTY_NET_GOOD_SCALE=1.0 LOH_PENALTY_NET_PENALTY_SCALE=1.0
meta_reag,35,1,3501,bestcfg_penalty_3t_3m_20260207_000001__meta_reag_035_r01,0,0.36817,0.225683,0.01,log,one_minus,1.0,92.19,93.8,0.976383,-0.443846,1.0,0.0236169,LOH_PARALLEL_SAFE=1 LOH_SKIP_PIP_INSTALL=1 LOH_SKIP_BUILD=1 LOH_DEBUG_LEVEL=1 CACHESIM_VERBOSE=0 CACHESIM_NUM_REQ=3000000 LOH_RL_ALGO=SAC LOH_ACTION_SCALE=1.0 LOH_SCORE_USE_COMPOUND=1 LOH_SCORE_USE_IRT=1 LOH_USE_SOFTMAX=1 LOH_USE_HEURISTIC_SIGNS=0 LOH_INCLUDE_HIT_MISS_FEATURES=0 LOH_INCLUDE_CACHE_FEATURES=0 LOH_INCLUDE_CANDIDATE_FEATURES=0 LOH_INCLUDE_TOPK_CANDIDATE_FEATURES=0 LOH_INCLUDE_AVGTOPK_CANDIDATE_FEATURES=0 LOH_INCLUDE_REQUEST=0 LOH_ENABLE_PENALTY=1 LOH_REWARD_USE_PENALTY=1 LOH_PENALTY_SCALE=log LOH_PENALTY_REWARD_FORMULA=one_minus LOH_REWARD_W_PENALTY=1.0 LOH_PENALTY_CUTOFF=0 LOH_PENALTY_DMAX=400000 LOH_PENALTY_EMPTY_AS_GOOD=1 LOH_PENALTY_REFINE_ON_LATE=1 LOH_PENALTY_NO_EVICT_REWARD=keep LOH_PENALTY_BASELINE_DECAY=0.99 LOH_SURVIVAL_BINS=64 LOH_SURVIVAL_QUANTILE=0.99 LOH_SURVIVAL_MINCOUNT=1000 LOH_PENALTY_NET_GOOD_SCALE=1.0 LOH_PENALTY_NET_PENALTY_SCALE=1.0
meta_reag,36,1,3601,bestcfg_penalty_3t_3m_20260207_000001__meta_reag_036_r01,0,0.368247,0.225335,0.01,log,neg,0.1,85.08,2.35,-0.0456885,-1.70947,-0.0,0.0622157,LOH_PARALLEL_SAFE=1 LOH_SKIP_PIP_INSTALL=1 LOH_SKIP_BUILD=1 LOH_DEBUG_LEVEL=1 CACHESIM_VERBOSE=0 CACHESIM_NUM_REQ=3000000 LOH_RL_ALGO=SAC LOH_ACTION_SCALE=1.0 LOH_SCORE_USE_COMPOUND=1 LOH_SCORE_USE_IRT=1 LOH_USE_SOFTMAX=1 LOH_USE_HEURISTIC_SIGNS=0 LOH_INCLUDE_HIT_MISS_FEATURES=0 LOH_INCLUDE_CACHE_FEATURES=0 LOH_INCLUDE_CANDIDATE_FEATURES=0 LOH_INCLUDE_TOPK_CANDIDATE_FEATURES=0 LOH_INCLUDE_AVGTOPK_CANDIDATE_FEATURES=0 LOH_INCLUDE_REQUEST=0 LOH_ENABLE_PENALTY=1 LOH_REWARD_USE_PENALTY=1 LOH_PENALTY_SCALE=log LOH_PENALTY_REWARD_FORMULA=neg LOH_REWARD_W_PENALTY=0.1 LOH_PENALTY_CUTOFF=0 LOH_PENALTY_DMAX=400000 LOH_PENALTY_EMPTY_AS_GOOD=1 LOH_PENALTY_REFINE_ON_LATE=1 LOH_PENALTY_NO_EVICT_REWARD=keep LOH_PENALTY_BASELINE_DECAY=0.99 LOH_SURVIVAL_BINS=64 LOH_SURVIVAL_QUANTILE=0.99 LOH_SURVIVAL_MINCOUNT=1000 LOH_PENALTY_NET_GOOD_SCALE=1.0 LOH_PENALTY_NET_PENALTY_SCALE=1.0
meta_reag,37,1,3701,bestcfg_penalty_3t_3m_20260207_000001__meta_reag_037_r01,0,0.368272,0.225318,0.01,log,neg,0.2,87.53,4.18,-0.0697498,-3.56996,-0.0,0.169245,LOH_PARALLEL_SAFE=1 LOH_SKIP_PIP_INSTALL=1 LOH_SKIP_BUILD=1 LOH_DEBUG_LEVEL=1 CACHESIM_VERBOSE=0 CACHESIM_NUM_REQ=3000000 LOH_RL_ALGO=SAC LOH_ACTION_SCALE=1.0 LOH_SCORE_USE_COMPOUND=1 LOH_SCORE_USE_IRT=1 LOH_USE_SOFTMAX=1 LOH_USE_HEURISTIC_SIGNS=0 LOH_INCLUDE_HIT_MISS_FEATURES=0 LOH_INCLUDE_CACHE_FEATURES=0 LOH_INCLUDE_CANDIDATE_FEATURES=0 LOH_INCLUDE_TOPK_CANDIDATE_FEATURES=0 LOH_INCLUDE_AVGTOPK_CANDIDATE_FEATURES=0 LOH_INCLUDE_REQUEST=0 LOH_ENABLE_PENALTY=1 LOH_REWARD_USE_PENALTY=1 LOH_PENALTY_SCALE=log LOH_PENALTY_REWARD_FORMULA=neg LOH_REWARD_W_PENALTY=0.2 LOH_PENALTY_CUTOFF=0 LOH_PENALTY_DMAX=400000 LOH_PENALTY_EMPTY_AS_GOOD=1 LOH_PENALTY_REFINE_ON_LATE=1 LOH_PENALTY_NO_EVICT_REWARD=keep LOH_PENALTY_BASELINE_DECAY=0.99 LOH_SURVIVAL_BINS=64 LOH_SURVIVAL_QUANTILE=0.99 LOH_SURVIVAL_MINCOUNT=1000 LOH_PENALTY_NET_GOOD_SCALE=1.0 LOH_PENALTY_NET_PENALTY_SCALE=1.0
meta_reag,38,1,3801,bestcfg_penalty_3t_3m_20260207_000001__meta_reag_038_r01,0,0.368232,0.225176,0.01,log,neg,0.5,91.75,0.42,-0.0254125,-3.19981,-0.0,0.0326955,LOH_PARALLEL_SAFE=1 LOH_SKIP_PIP_INSTALL=1 LOH_SKIP_BUILD=1 LOH_DEBUG_LEVEL=1 CACHESIM_VERBOSE=0 CACHESIM_NUM_REQ=3000000 LOH_RL_ALGO=SAC LOH_ACTION_SCALE=1.0 LOH_SCORE_USE_COMPOUND=1 LOH_SCORE_USE_IRT=1 LOH_USE_SOFTMAX=1 LOH_USE_HEURISTIC_SIGNS=0 LOH_INCLUDE_HIT_MISS_FEATURES=0 LOH_INCLUDE_CACHE_FEATURES=0 LOH_INCLUDE_CANDIDATE_FEATURES=0 LOH_INCLUDE_TOPK_CANDIDATE_FEATURES=0 LOH_INCLUDE_AVGTOPK_CANDIDATE_FEATURES=0 LOH_INCLUDE_REQUEST=0 LOH_ENABLE_PENALTY=1 LOH_REWARD_USE_PENALTY=1 LOH_PENALTY_SCALE=log LOH_PENALTY_REWARD_FORMULA=neg LOH_REWARD_W_PENALTY=0.5 LOH_PENALTY_CUTOFF=0 LOH_PENALTY_DMAX=400000 LOH_PENALTY_EMPTY_AS_GOOD=1 LOH_PENALTY_REFINE_ON_LATE=1 LOH_PENALTY_NO_EVICT_REWARD=keep LOH_PENALTY_BASELINE_DECAY=0.99 LOH_SURVIVAL_BINS=64 LOH_SURVIVAL_QUANTILE=0.99 LOH_SURVIVAL_MINCOUNT=1000 LOH_PENALTY_NET_GOOD_SCALE=1.0 LOH_PENALTY_NET_PENALTY_SCALE=1.0
meta_reag,39,1,3901,bestcfg_penalty_3t_3m_20260207_000001__meta_reag_039_r01,0,0.368219,0.224628,0.01,log,neg,1.0,92.38,0.0,-0.0208301,-0.937303,-0.0,0.0208301,LOH_PARALLEL_SAFE=1 LOH_SKIP_PIP_INSTALL=1 LOH_SKIP_BUILD=1 LOH_DEBUG_LEVEL=1 CACHESIM_VERBOSE=0 CACHESIM_NUM_REQ=3000000 LOH_RL_ALGO=SAC LOH_ACTION_SCALE=1.0 LOH_SCORE_USE_COMPOUND=1 LOH_SCORE_USE_IRT=1 LOH_USE_SOFTMAX=1 LOH_USE_HEURISTIC_SIGNS=0 LOH_INCLUDE_HIT_MISS_FEATURES=0 LOH_INCLUDE_CACHE_FEATURES=0 LOH_INCLUDE_CANDIDATE_FEATURES=0 LOH_INCLUDE_TOPK_CANDIDATE_FEATURES=0 LOH_INCLUDE_AVGTOPK_CANDIDATE_FEATURES=0 LOH_INCLUDE_REQUEST=0 LOH_ENABLE_PENALTY=1 LOH_REWARD_USE_PENALTY=1 LOH_PENALTY_SCALE=log LOH_PENALTY_REWARD_FORMULA=neg LOH_REWARD_W_PENALTY=1.0 LOH_PENALTY_CUTOFF=0 LOH_PENALTY_DMAX=400000 LOH_PENALTY_EMPTY_AS_GOOD=1 LOH_PENALTY_REFINE_ON_LATE=1 LOH_PENALTY_NO_EVICT_REWARD=keep LOH_PENALTY_BASELINE_DECAY=0.99 LOH_SURVIVAL_BINS=64 LOH_SURVIVAL_QUANTILE=0.99 LOH_SURVIVAL_MINCOUNT=1000 LOH_PENALTY_NET_GOOD_SCALE=1.0 LOH_PENALTY_NET_PENALTY_SCALE=1.0
meta_reag,40,1,4001,bestcfg_penalty_3t_3m_20260207_000001__meta_reag_040_r01,0,0.368215,0.225061,0.01,log,net,1.0,90.54,2.33,-0.0449351,-3.41456,0.0,0.0977153,LOH_PARALLEL_SAFE=1 LOH_SKIP_PIP_INSTALL=1 LOH_SKIP_BUILD=1 LOH_DEBUG_LEVEL=1 CACHESIM_VERBOSE=0 CACHESIM_NUM_REQ=3000000 LOH_RL_ALGO=SAC LOH_ACTION_SCALE=1.0 LOH_SCORE_USE_COMPOUND=1 LOH_SCORE_USE_IRT=1 LOH_USE_SOFTMAX=1 LOH_USE_HEURISTIC_SIGNS=0 LOH_INCLUDE_HIT_MISS_FEATURES=0 LOH_INCLUDE_CACHE_FEATURES=0 LOH_INCLUDE_CANDIDATE_FEATURES=0 LOH_INCLUDE_TOPK_CANDIDATE_FEATURES=0 LOH_INCLUDE_AVGTOPK_CANDIDATE_FEATURES=0 LOH_INCLUDE_REQUEST=0 LOH_ENABLE_PENALTY=1 LOH_REWARD_USE_PENALTY=1 LOH_PENALTY_SCALE=log LOH_PENALTY_REWARD_FORMULA=net LOH_REWARD_W_PENALTY=1.0 LOH_PENALTY_CUTOFF=0 LOH_PENALTY_DMAX=400000 LOH_PENALTY_EMPTY_AS_GOOD=1 LOH_PENALTY_REFINE_ON_LATE=1 LOH_PENALTY_NO_EVICT_REWARD=keep LOH_PENALTY_BASELINE_DECAY=0.99 LOH_SURVIVAL_BINS=64 LOH_SURVIVAL_QUANTILE=0.99 LOH_SURVIVAL_MINCOUNT=1000 LOH_PENALTY_NET_GOOD_SCALE=1.0 LOH_PENALTY_NET_PENALTY_SCALE=1.0
meta_reag,41,1,4101,bestcfg_penalty_3t_3m_20260207_000001__meta_reag_041_r01,0,0.368222,0.224889,0.01,log,net,2.0,92.29,0.14,-0.0228684,-1.60703,0.0,0.02335,LOH_PARALLEL_SAFE=1 LOH_SKIP_PIP_INSTALL=1 LOH_SKIP_BUILD=1 LOH_DEBUG_LEVEL=1 CACHESIM_VERBOSE=0 CACHESIM_NUM_REQ=3000000 LOH_RL_ALGO=SAC LOH_ACTION_SCALE=1.0 LOH_SCORE_USE_COMPOUND=1 LOH_SCORE_USE_IRT=1 LOH_USE_SOFTMAX=1 LOH_USE_HEURISTIC_SIGNS=0 LOH_INCLUDE_HIT_MISS_FEATURES=0 LOH_INCLUDE_CACHE_FEATURES=0 LOH_INCLUDE_CANDIDATE_FEATURES=0 LOH_INCLUDE_TOPK_CANDIDATE_FEATURES=0 LOH_INCLUDE_AVGTOPK_CANDIDATE_FEATURES=0 LOH_INCLUDE_REQUEST=0 LOH_ENABLE_PENALTY=1 LOH_REWARD_USE_PENALTY=1 LOH_PENALTY_SCALE=log LOH_PENALTY_REWARD_FORMULA=net LOH_REWARD_W_PENALTY=2.0 LOH_PENALTY_CUTOFF=0 LOH_PENALTY_DMAX=400000 LOH_PENALTY_EMPTY_AS_GOOD=1 LOH_PENALTY_REFINE_ON_LATE=1 LOH_PENALTY_NO_EVICT_REWARD=keep LOH_PENALTY_BASELINE_DECAY=0.99 LOH_SURVIVAL_BINS=64 LOH_SURVIVAL_QUANTILE=0.99 LOH_SURVIVAL_MINCOUNT=1000 LOH_PENALTY_NET_GOOD_SCALE=1.0 LOH_PENALTY_NET_PENALTY_SCALE=1.0
meta_reag,42,1,4201,bestcfg_penalty_3t_3m_20260207_000001__meta_reag_042_r01,0,0.368269,0.225712,0.01,log,net,3.0,90.1,2.73,-0.0482251,-2.13999,0.0,0.0730939,LOH_PARALLEL_SAFE=1 LOH_SKIP_PIP_INSTALL=1 LOH_SKIP_BUILD=1 LOH_DEBUG_LEVEL=1 CACHESIM_VERBOSE=0 CACHESIM_NUM_REQ=3000000 LOH_RL_ALGO=SAC LOH_ACTION_SCALE=1.0 LOH_SCORE_USE_COMPOUND=1 LOH_SCORE_USE_IRT=1 LOH_USE_SOFTMAX=1 LOH_USE_HEURISTIC_SIGNS=0 LOH_INCLUDE_HIT_MISS_FEATURES=0 LOH_INCLUDE_CACHE_FEATURES=0 LOH_INCLUDE_CANDIDATE_FEATURES=0 LOH_INCLUDE_TOPK_CANDIDATE_FEATURES=0 LOH_INCLUDE_AVGTOPK_CANDIDATE_FEATURES=0 LOH_INCLUDE_REQUEST=0 LOH_ENABLE_PENALTY=1 LOH_REWARD_USE_PENALTY=1 LOH_PENALTY_SCALE=log LOH_PENALTY_REWARD_FORMULA=net LOH_REWARD_W_PENALTY=3.0 LOH_PENALTY_CUTOFF=0 LOH_PENALTY_DMAX=400000 LOH_PENALTY_EMPTY_AS_GOOD=1 LOH_PENALTY_REFINE_ON_LATE=1 LOH_PENALTY_NO_EVICT_REWARD=keep LOH_PENALTY_BASELINE_DECAY=0.99 LOH_SURVIVAL_BINS=64 LOH_SURVIVAL_QUANTILE=0.99 LOH_SURVIVAL_MINCOUNT=1000 LOH_PENALTY_NET_GOOD_SCALE=1.0 LOH_PENALTY_NET_PENALTY_SCALE=1.0
meta_reag,43,1,4301,bestcfg_penalty_3t_3m_20260207_000001__meta_reag_043_r01,0,0.368142,0.22488,0.01,log,net2,1.0,92.34,100.0,-1.0,-2.48995,-1.0,0.0228422,LOH_PARALLEL_SAFE=1 LOH_SKIP_PIP_INSTALL=1 LOH_SKIP_BUILD=1 LOH_DEBUG_LEVEL=1 CACHESIM_VERBOSE=0 CACHESIM_NUM_REQ=3000000 LOH_RL_ALGO=SAC LOH_ACTION_SCALE=1.0 LOH_SCORE_USE_COMPOUND=1 LOH_SCORE_USE_IRT=1 LOH_USE_SOFTMAX=1 LOH_USE_HEURISTIC_SIGNS=0 LOH_INCLUDE_HIT_MISS_FEATURES=0 LOH_INCLUDE_CACHE_FEATURES=0 LOH_INCLUDE_CANDIDATE_FEATURES=0 LOH_INCLUDE_TOPK_CANDIDATE_FEATURES=0 LOH_INCLUDE_AVGTOPK_CANDIDATE_FEATURES=0 LOH_INCLUDE_REQUEST=0 LOH_ENABLE_PENALTY=1 LOH_REWARD_USE_PENALTY=1 LOH_PENALTY_SCALE=log LOH_PENALTY_REWARD_FORMULA=net2 LOH_REWARD_W_PENALTY=1.0 LOH_PENALTY_CUTOFF=0 LOH_PENALTY_DMAX=400000 LOH_PENALTY_EMPTY_AS_GOOD=1 LOH_PENALTY_REFINE_ON_LATE=1 LOH_PENALTY_NO_EVICT_REWARD=keep LOH_PENALTY_BASELINE_DECAY=0.99 LOH_SURVIVAL_BINS=64 LOH_SURVIVAL_QUANTILE=0.99 LOH_SURVIVAL_MINCOUNT=1000 LOH_PENALTY_NET_GOOD_SCALE=1.0 LOH_PENALTY_NET_PENALTY_SCALE=1.0
meta_reag,44,1,4401,bestcfg_penalty_3t_3m_20260207_000001__meta_reag_044_r01,0,0.368118,0.225014,0.01,log,net2,2.0,92.48,100.0,-1.0,-2.2495,-1.0,0.0226227,LOH_PARALLEL_SAFE=1 LOH_SKIP_PIP_INSTALL=1 LOH_SKIP_BUILD=1 LOH_DEBUG_LEVEL=1 CACHESIM_VERBOSE=0 CACHESIM_NUM_REQ=3000000 LOH_RL_ALGO=SAC LOH_ACTION_SCALE=1.0 LOH_SCORE_USE_COMPOUND=1 LOH_SCORE_USE_IRT=1 LOH_USE_SOFTMAX=1 LOH_USE_HEURISTIC_SIGNS=0 LOH_INCLUDE_HIT_MISS_FEATURES=0 LOH_INCLUDE_CACHE_FEATURES=0 LOH_INCLUDE_CANDIDATE_FEATURES=0 LOH_INCLUDE_TOPK_CANDIDATE_FEATURES=0 LOH_INCLUDE_AVGTOPK_CANDIDATE_FEATURES=0 LOH_INCLUDE_REQUEST=0 LOH_ENABLE_PENALTY=1 LOH_REWARD_USE_PENALTY=1 LOH_PENALTY_SCALE=log LOH_PENALTY_REWARD_FORMULA=net2 LOH_REWARD_W_PENALTY=2.0 LOH_PENALTY_CUTOFF=0 LOH_PENALTY_DMAX=400000 LOH_PENALTY_EMPTY_AS_GOOD=1 LOH_PENALTY_REFINE_ON_LATE=1 LOH_PENALTY_NO_EVICT_REWARD=keep LOH_PENALTY_BASELINE_DECAY=0.99 LOH_SURVIVAL_BINS=64 LOH_SURVIVAL_QUANTILE=0.99 LOH_SURVIVAL_MINCOUNT=1000 LOH_PENALTY_NET_GOOD_SCALE=1.0 LOH_PENALTY_NET_PENALTY_SCALE=1.0
meta_reag,45,1,4501,bestcfg_penalty_3t_3m_20260207_000001__meta_reag_045_r01,0,0.368316,0.224539,0.01,log,net2,3.0,85.76,100.0,-1.0,-3.72578,-1.0,0.186165,LOH_PARALLEL_SAFE=1 LOH_SKIP_PIP_INSTALL=1 LOH_SKIP_BUILD=1 LOH_DEBUG_LEVEL=1 CACHESIM_VERBOSE=0 CACHESIM_NUM_REQ=3000000 LOH_RL_ALGO=SAC LOH_ACTION_SCALE=1.0 LOH_SCORE_USE_COMPOUND=1 LOH_SCORE_USE_IRT=1 LOH_USE_SOFTMAX=1 LOH_USE_HEURISTIC_SIGNS=0 LOH_INCLUDE_HIT_MISS_FEATURES=0 LOH_INCLUDE_CACHE_FEATURES=0 LOH_INCLUDE_CANDIDATE_FEATURES=0 LOH_INCLUDE_TOPK_CANDIDATE_FEATURES=0 LOH_INCLUDE_AVGTOPK_CANDIDATE_FEATURES=0 LOH_INCLUDE_REQUEST=0 LOH_ENABLE_PENALTY=1 LOH_REWARD_USE_PENALTY=1 LOH_PENALTY_SCALE=log LOH_PENALTY_REWARD_FORMULA=net2 LOH_REWARD_W_PENALTY=3.0 LOH_PENALTY_CUTOFF=0 LOH_PENALTY_DMAX=400000 LOH_PENALTY_EMPTY_AS_GOOD=1 LOH_PENALTY_REFINE_ON_LATE=1 LOH_PENALTY_NO_EVICT_REWARD=keep LOH_PENALTY_BASELINE_DECAY=0.99 LOH_SURVIVAL_BINS=64 LOH_SURVIVAL_QUANTILE=0.99 LOH_SURVIVAL_MINCOUNT=1000 LOH_PENALTY_NET_GOOD_SCALE=1.0 LOH_PENALTY_NET_PENALTY_SCALE=1.0
meta_reag,46,1,4601,bestcfg_penalty_3t_3m_20260207_000001__meta_reag_046_r01,0,0.368293,0.225017,0.01,survival,relative,0.1,89.55,95.1,0.895248,-261.225,1.0,0.164138,LOH_PARALLEL_SAFE=1 LOH_SKIP_PIP_INSTALL=1 LOH_SKIP_BUILD=1 LOH_DEBUG_LEVEL=1 CACHESIM_VERBOSE=0 CACHESIM_NUM_REQ=3000000 LOH_RL_ALGO=SAC LOH_ACTION_SCALE=1.0 LOH_SCORE_USE_COMPOUND=1 LOH_SCORE_USE_IRT=1 LOH_USE_SOFTMAX=1 LOH_USE_HEURISTIC_SIGNS=0 LOH_INCLUDE_HIT_MISS_FEATURES=0 LOH_INCLUDE_CACHE_FEATURES=0 LOH_INCLUDE_CANDIDATE_FEATURES=0 LOH_INCLUDE_TOPK_CANDIDATE_FEATURES=0 LOH_INCLUDE_AVGTOPK_CANDIDATE_FEATURES=0 LOH_INCLUDE_REQUEST=0 LOH_ENABLE_PENALTY=1 LOH_REWARD_USE_PENALTY=1 LOH_PENALTY_SCALE=survival LOH_PENALTY_REWARD_FORMULA=relative LOH_REWARD_W_PENALTY=0.1 LOH_PENALTY_CUTOFF=0 LOH_PENALTY_DMAX=400000 LOH_PENALTY_EMPTY_AS_GOOD=1 LOH_PENALTY_REFINE_ON_LATE=1 LOH_PENALTY_NO_EVICT_REWARD=keep LOH_PENALTY_BASELINE_DECAY=0.99 LOH_SURVIVAL_BINS=64 LOH_SURVIVAL_QUANTILE=0.99 LOH_SURVIVAL_MINCOUNT=1000 LOH_PENALTY_NET_GOOD_SCALE=1.0 LOH_PENALTY_NET_PENALTY_SCALE=1.0
meta_reag,47,1,4701,bestcfg_penalty_3t_3m_20260207_000001__meta_reag_047_r01,0,0.368223,0.225405,0.01,survival,relative,0.2,89.81,94.94,0.901967,-261.225,1.0,0.0951721,LOH_PARALLEL_SAFE=1 LOH_SKIP_PIP_INSTALL=1 LOH_SKIP_BUILD=1 LOH_DEBUG_LEVEL=1 CACHESIM_VERBOSE=0 CACHESIM_NUM_REQ=3000000 LOH_RL_ALGO=SAC LOH_ACTION_SCALE=1.0 LOH_SCORE_USE_COMPOUND=1 LOH_SCORE_USE_IRT=1 LOH_USE_SOFTMAX=1 LOH_USE_HEURISTIC_SIGNS=0 LOH_INCLUDE_HIT_MISS_FEATURES=0 LOH_INCLUDE_CACHE_FEATURES=0 LOH_INCLUDE_CANDIDATE_FEATURES=0 LOH_INCLUDE_TOPK_CANDIDATE_FEATURES=0 LOH_INCLUDE_AVGTOPK_CANDIDATE_FEATURES=0 LOH_INCLUDE_REQUEST=0 LOH_ENABLE_PENALTY=1 LOH_REWARD_USE_PENALTY=1 LOH_PENALTY_SCALE=survival LOH_PENALTY_REWARD_FORMULA=relative LOH_REWARD_W_PENALTY=0.2 LOH_PENALTY_CUTOFF=0 LOH_PENALTY_DMAX=400000 LOH_PENALTY_EMPTY_AS_GOOD=1 LOH_PENALTY_REFINE_ON_LATE=1 LOH_PENALTY_NO_EVICT_REWARD=keep LOH_PENALTY_BASELINE_DECAY=0.99 LOH_SURVIVAL_BINS=64 LOH_SURVIVAL_QUANTILE=0.99 LOH_SURVIVAL_MINCOUNT=1000 LOH_PENALTY_NET_GOOD_SCALE=1.0 LOH_PENALTY_NET_PENALTY_SCALE=1.0
meta_reag,48,1,4801,bestcfg_penalty_3t_3m_20260207_000001__meta_reag_048_r01,0,0.368353,0.224929,0.01,survival,relative,0.5,90.7,95.68,0.899396,-261.225,1.0,0.0935483,LOH_PARALLEL_SAFE=1 LOH_SKIP_PIP_INSTALL=1 LOH_SKIP_BUILD=1 LOH_DEBUG_LEVEL=1 CACHESIM_VERBOSE=0 CACHESIM_NUM_REQ=3000000 LOH_RL_ALGO=SAC LOH_ACTION_SCALE=1.0 LOH_SCORE_USE_COMPOUND=1 LOH_SCORE_USE_IRT=1 LOH_USE_SOFTMAX=1 LOH_USE_HEURISTIC_SIGNS=0 LOH_INCLUDE_HIT_MISS_FEATURES=0 LOH_INCLUDE_CACHE_FEATURES=0 LOH_INCLUDE_CANDIDATE_FEATURES=0 LOH_INCLUDE_TOPK_CANDIDATE_FEATURES=0 LOH_INCLUDE_AVGTOPK_CANDIDATE_FEATURES=0 LOH_INCLUDE_REQUEST=0 LOH_ENABLE_PENALTY=1 LOH_REWARD_USE_PENALTY=1 LOH_PENALTY_SCALE=survival LOH_PENALTY_REWARD_FORMULA=relative LOH_REWARD_W_PENALTY=0.5 LOH_PENALTY_CUTOFF=0 LOH_PENALTY_DMAX=400000 LOH_PENALTY_EMPTY_AS_GOOD=1 LOH_PENALTY_REFINE_ON_LATE=1 LOH_PENALTY_NO_EVICT_REWARD=keep LOH_PENALTY_BASELINE_DECAY=0.99 LOH_SURVIVAL_BINS=64 LOH_SURVIVAL_QUANTILE=0.99 LOH_SURVIVAL_MINCOUNT=1000 LOH_PENALTY_NET_GOOD_SCALE=1.0 LOH_PENALTY_NET_PENALTY_SCALE=1.0
meta_reag,49,1,4901,bestcfg_penalty_3t_3m_20260207_000001__meta_reag_049_r01,0,0.368281,0.225472,0.01,survival,relative,1.0,89.83,96.46,0.888503,-261.225,1.0,0.482031,LOH_PARALLEL_SAFE=1 LOH_SKIP_PIP_INSTALL=1 LOH_SKIP_BUILD=1 LOH_DEBUG_LEVEL=1 CACHESIM_VERBOSE=0 CACHESIM_NUM_REQ=3000000 LOH_RL_ALGO=SAC LOH_ACTION_SCALE=1.0 LOH_SCORE_USE_COMPOUND=1 LOH_SCORE_USE_IRT=1 LOH_USE_SOFTMAX=1 LOH_USE_HEURISTIC_SIGNS=0 LOH_INCLUDE_HIT_MISS_FEATURES=0 LOH_INCLUDE_CACHE_FEATURES=0 LOH_INCLUDE_CANDIDATE_FEATURES=0 LOH_INCLUDE_TOPK_CANDIDATE_FEATURES=0 LOH_INCLUDE_AVGTOPK_CANDIDATE_FEATURES=0 LOH_INCLUDE_REQUEST=0 LOH_ENABLE_PENALTY=1 LOH_REWARD_USE_PENALTY=1 LOH_PENALTY_SCALE=survival LOH_PENALTY_REWARD_FORMULA=relative LOH_REWARD_W_PENALTY=1.0 LOH_PENALTY_CUTOFF=0 LOH_PENALTY_DMAX=400000 LOH_PENALTY_EMPTY_AS_GOOD=1 LOH_PENALTY_REFINE_ON_LATE=1 LOH_PENALTY_NO_EVICT_REWARD=keep LOH_PENALTY_BASELINE_DECAY=0.99 LOH_SURVIVAL_BINS=64 LOH_SURVIVAL_QUANTILE=0.99 LOH_SURVIVAL_MINCOUNT=1000 LOH_PENALTY_NET_GOOD_SCALE=1.0 LOH_PENALTY_NET_PENALTY_SCALE=1.0
meta_reag,50,1,5001,bestcfg_penalty_3t_3m_20260207_000001__meta_reag_050_r01,0,0.36821,0.224534,0.01,survival,centered,0.1,92.48,94.82,0.950457,-3.79759,1.0,0.0254642,LOH_PARALLEL_SAFE=1 LOH_SKIP_PIP_INSTALL=1 LOH_SKIP_BUILD=1 LOH_DEBUG_LEVEL=1 CACHESIM_VERBOSE=0 CACHESIM_NUM_REQ=3000000 LOH_RL_ALGO=SAC LOH_ACTION_SCALE=1.0 LOH_SCORE_USE_COMPOUND=1 LOH_SCORE_USE_IRT=1 LOH_USE_SOFTMAX=1 LOH_USE_HEURISTIC_SIGNS=0 LOH_INCLUDE_HIT_MISS_FEATURES=0 LOH_INCLUDE_CACHE_FEATURES=0 LOH_INCLUDE_CANDIDATE_FEATURES=0 LOH_INCLUDE_TOPK_CANDIDATE_FEATURES=0 LOH_INCLUDE_AVGTOPK_CANDIDATE_FEATURES=0 LOH_INCLUDE_REQUEST=0 LOH_ENABLE_PENALTY=1 LOH_REWARD_USE_PENALTY=1 LOH_PENALTY_SCALE=survival LOH_PENALTY_REWARD_FORMULA=centered LOH_REWARD_W_PENALTY=0.1 LOH_PENALTY_CUTOFF=0 LOH_PENALTY_DMAX=400000 LOH_PENALTY_EMPTY_AS_GOOD=1 LOH_PENALTY_REFINE_ON_LATE=1 LOH_PENALTY_NO_EVICT_REWARD=keep LOH_PENALTY_BASELINE_DECAY=0.99 LOH_SURVIVAL_BINS=64 LOH_SURVIVAL_QUANTILE=0.99 LOH_SURVIVAL_MINCOUNT=1000 LOH_PENALTY_NET_GOOD_SCALE=1.0 LOH_PENALTY_NET_PENALTY_SCALE=1.0
meta_reag,51,1,5101,bestcfg_penalty_3t_3m_20260207_000001__meta_reag_051_r01,0,0.368185,0.225621,0.01,survival,centered,0.2,91.66,93.85,0.941582,-1.16654,1.0,0.0292663,LOH_PARALLEL_SAFE=1 LOH_SKIP_PIP_INSTALL=1 LOH_SKIP_BUILD=1 LOH_DEBUG_LEVEL=1 CACHESIM_VERBOSE=0 CACHESIM_NUM_REQ=3000000 LOH_RL_ALGO=SAC LOH_ACTION_SCALE=1.0 LOH_SCORE_USE_COMPOUND=1 LOH_SCORE_USE_IRT=1 LOH_USE_SOFTMAX=1 LOH_USE_HEURISTIC_SIGNS=0 LOH_INCLUDE_HIT_MISS_FEATURES=0 LOH_INCLUDE_CACHE_FEATURES=0 LOH_INCLUDE_CANDIDATE_FEATURES=0 LOH_INCLUDE_TOPK_CANDIDATE_FEATURES=0 LOH_INCLUDE_AVGTOPK_CANDIDATE_FEATURES=0 LOH_INCLUDE_REQUEST=0 LOH_ENABLE_PENALTY=1 LOH_REWARD_USE_PENALTY=1 LOH_PENALTY_SCALE=survival LOH_PENALTY_REWARD_FORMULA=centered LOH_REWARD_W_PENALTY=0.2 LOH_PENALTY_CUTOFF=0 LOH_PENALTY_DMAX=400000 LOH_PENALTY_EMPTY_AS_GOOD=1 LOH_PENALTY_REFINE_ON_LATE=1 LOH_PENALTY_NO_EVICT_REWARD=keep LOH_PENALTY_BASELINE_DECAY=0.99 LOH_SURVIVAL_BINS=64 LOH_SURVIVAL_QUANTILE=0.99 LOH_SURVIVAL_MINCOUNT=1000 LOH_PENALTY_NET_GOOD_SCALE=1.0 LOH_PENALTY_NET_PENALTY_SCALE=1.0
meta_reag,52,1,5201,bestcfg_penalty_3t_3m_20260207_000001__meta_reag_052_r01,0,0.368287,0.225231,0.01,survival,centered,0.5,91.49,94.15,0.932458,-25.8759,1.0,0.109904,LOH_PARALLEL_SAFE=1 LOH_SKIP_PIP_INSTALL=1 LOH_SKIP_BUILD=1 LOH_DEBUG_LEVEL=1 CACHESIM_VERBOSE=0 CACHESIM_NUM_REQ=3000000 LOH_RL_ALGO=SAC LOH_ACTION_SCALE=1.0 LOH_SCORE_USE_COMPOUND=1 LOH_SCORE_USE_IRT=1 LOH_USE_SOFTMAX=1 LOH_USE_HEURISTIC_SIGNS=0 LOH_INCLUDE_HIT_MISS_FEATURES=0 LOH_INCLUDE_CACHE_FEATURES=0 LOH_INCLUDE_CANDIDATE_FEATURES=0 LOH_INCLUDE_TOPK_CANDIDATE_FEATURES=0 LOH_INCLUDE_AVGTOPK_CANDIDATE_FEATURES=0 LOH_INCLUDE_REQUEST=0 LOH_ENABLE_PENALTY=1 LOH_REWARD_USE_PENALTY=1 LOH_PENALTY_SCALE=survival LOH_PENALTY_REWARD_FORMULA=centered LOH_REWARD_W_PENALTY=0.5 LOH_PENALTY_CUTOFF=0 LOH_PENALTY_DMAX=400000 LOH_PENALTY_EMPTY_AS_GOOD=1 LOH_PENALTY_REFINE_ON_LATE=1 LOH_PENALTY_NO_EVICT_REWARD=keep LOH_PENALTY_BASELINE_DECAY=0.99 LOH_SURVIVAL_BINS=64 LOH_SURVIVAL_QUANTILE=0.99 LOH_SURVIVAL_MINCOUNT=1000 LOH_PENALTY_NET_GOOD_SCALE=1.0 LOH_PENALTY_NET_PENALTY_SCALE=1.0
meta_reag,53,1,5301,bestcfg_penalty_3t_3m_20260207_000001__meta_reag_053_r01,0,0.368299,0.224805,0.01,survival,centered,1.0,89.6,94.96,0.876992,-25.9338,1.0,0.124985,LOH_PARALLEL_SAFE=1 LOH_SKIP_PIP_INSTALL=1 LOH_SKIP_BUILD=1 LOH_DEBUG_LEVEL=1 CACHESIM_VERBOSE=0 CACHESIM_NUM_REQ=3000000 LOH_RL_ALGO=SAC LOH_ACTION_SCALE=1.0 LOH_SCORE_USE_COMPOUND=1 LOH_SCORE_USE_IRT=1 LOH_USE_SOFTMAX=1 LOH_USE_HEURISTIC_SIGNS=0 LOH_INCLUDE_HIT_MISS_FEATURES=0 LOH_INCLUDE_CACHE_FEATURES=0 LOH_INCLUDE_CANDIDATE_FEATURES=0 LOH_INCLUDE_TOPK_CANDIDATE_FEATURES=0 LOH_INCLUDE_AVGTOPK_CANDIDATE_FEATURES=0 LOH_INCLUDE_REQUEST=0 LOH_ENABLE_PENALTY=1 LOH_REWARD_USE_PENALTY=1 LOH_PENALTY_SCALE=survival LOH_PENALTY_REWARD_FORMULA=centered LOH_REWARD_W_PENALTY=1.0 LOH_PENALTY_CUTOFF=0 LOH_PENALTY_DMAX=400000 LOH_PENALTY_EMPTY_AS_GOOD=1 LOH_PENALTY_REFINE_ON_LATE=1 LOH_PENALTY_NO_EVICT_REWARD=keep LOH_PENALTY_BASELINE_DECAY=0.99 LOH_SURVIVAL_BINS=64 LOH_SURVIVAL_QUANTILE=0.99 LOH_SURVIVAL_MINCOUNT=1000 LOH_PENALTY_NET_GOOD_SCALE=1.0 LOH_PENALTY_NET_PENALTY_SCALE=1.0
meta_reag,54,1,5401,bestcfg_penalty_3t_3m_20260207_000001__meta_reag_054_r01,0,0.368235,0.225446,0.01,survival,one_minus,0.1,90.92,93.18,0.945887,-5.96004,1.0,0.0629066,LOH_PARALLEL_SAFE=1 LOH_SKIP_PIP_INSTALL=1 LOH_SKIP_BUILD=1 LOH_DEBUG_LEVEL=1 CACHESIM_VERBOSE=0 CACHESIM_NUM_REQ=3000000 LOH_RL_ALGO=SAC LOH_ACTION_SCALE=1.0 LOH_SCORE_USE_COMPOUND=1 LOH_SCORE_USE_IRT=1 LOH_USE_SOFTMAX=1 LOH_USE_HEURISTIC_SIGNS=0 LOH_INCLUDE_HIT_MISS_FEATURES=0 LOH_INCLUDE_CACHE_FEATURES=0 LOH_INCLUDE_CANDIDATE_FEATURES=0 LOH_INCLUDE_TOPK_CANDIDATE_FEATURES=0 LOH_INCLUDE_AVGTOPK_CANDIDATE_FEATURES=0 LOH_INCLUDE_REQUEST=0 LOH_ENABLE_PENALTY=1 LOH_REWARD_USE_PENALTY=1 LOH_PENALTY_SCALE=survival LOH_PENALTY_REWARD_FORMULA=one_minus LOH_REWARD_W_PENALTY=0.1 LOH_PENALTY_CUTOFF=0 LOH_PENALTY_DMAX=400000 LOH_PENALTY_EMPTY_AS_GOOD=1 LOH_PENALTY_REFINE_ON_LATE=1 LOH_PENALTY_NO_EVICT_REWARD=keep LOH_PENALTY_BASELINE_DECAY=0.99 LOH_SURVIVAL_BINS=64 LOH_SURVIVAL_QUANTILE=0.99 LOH_SURVIVAL_MINCOUNT=1000 LOH_PENALTY_NET_GOOD_SCALE=1.0 LOH_PENALTY_NET_PENALTY_SCALE=1.0
meta_reag,55,1,5501,bestcfg_penalty_3t_3m_20260207_000001__meta_reag_055_r01,0,0.368202,0.225025,0.01,survival,one_minus,0.2,92.34,94.26,0.968839,-1.81496,1.0,0.0314503,LOH_PARALLEL_SAFE=1 LOH_SKIP_PIP_INSTALL=1 LOH_SKIP_BUILD=1 LOH_DEBUG_LEVEL=1 CACHESIM_VERBOSE=0 CACHESIM_NUM_REQ=3000000 LOH_RL_ALGO=SAC LOH_ACTION_SCALE=1.0 LOH_SCORE_USE_COMPOUND=1 LOH_SCORE_USE_IRT=1 LOH_USE_SOFTMAX=1 LOH_USE_HEURISTIC_SIGNS=0 LOH_INCLUDE_HIT_MISS_FEATURES=0 LOH_INCLUDE_CACHE_FEATURES=0 LOH_INCLUDE_CANDIDATE_FEATURES=0 LOH_INCLUDE_TOPK_CANDIDATE_FEATURES=0 LOH_INCLUDE_AVGTOPK_CANDIDATE_FEATURES=0 LOH_INCLUDE_REQUEST=0 LOH_ENABLE_PENALTY=1 LOH_REWARD_USE_PENALTY=1 LOH_PENALTY_SCALE=survival LOH_PENALTY_REWARD_FORMULA=one_minus LOH_REWARD_W_PENALTY=0.2 LOH_PENALTY_CUTOFF=0 LOH_PENALTY_DMAX=400000 LOH_PENALTY_EMPTY_AS_GOOD=1 LOH_PENALTY_REFINE_ON_LATE=1 LOH_PENALTY_NO_EVICT_REWARD=keep LOH_PENALTY_BASELINE_DECAY=0.99 LOH_SURVIVAL_BINS=64 LOH_SURVIVAL_QUANTILE=0.99 LOH_SURVIVAL_MINCOUNT=1000 LOH_PENALTY_NET_GOOD_SCALE=1.0 LOH_PENALTY_NET_PENALTY_SCALE=1.0
meta_reag,56,1,5601,bestcfg_penalty_3t_3m_20260207_000001__meta_reag_056_r01,0,0.368249,0.224503,0.01,survival,one_minus,0.5,91.75,94.1,0.964987,-5.17603,1.0,0.0398981,LOH_PARALLEL_SAFE=1 LOH_SKIP_PIP_INSTALL=1 LOH_SKIP_BUILD=1 LOH_DEBUG_LEVEL=1 CACHESIM_VERBOSE=0 CACHESIM_NUM_REQ=3000000 LOH_RL_ALGO=SAC LOH_ACTION_SCALE=1.0 LOH_SCORE_USE_COMPOUND=1 LOH_SCORE_USE_IRT=1 LOH_USE_SOFTMAX=1 LOH_USE_HEURISTIC_SIGNS=0 LOH_INCLUDE_HIT_MISS_FEATURES=0 LOH_INCLUDE_CACHE_FEATURES=0 LOH_INCLUDE_CANDIDATE_FEATURES=0 LOH_INCLUDE_TOPK_CANDIDATE_FEATURES=0 LOH_INCLUDE_AVGTOPK_CANDIDATE_FEATURES=0 LOH_INCLUDE_REQUEST=0 LOH_ENABLE_PENALTY=1 LOH_REWARD_USE_PENALTY=1 LOH_PENALTY_SCALE=survival LOH_PENALTY_REWARD_FORMULA=one_minus LOH_REWARD_W_PENALTY=0.5 LOH_PENALTY_CUTOFF=0 LOH_PENALTY_DMAX=400000 LOH_PENALTY_EMPTY_AS_GOOD=1 LOH_PENALTY_REFINE_ON_LATE=1 LOH_PENALTY_NO_EVICT_REWARD=keep LOH_PENALTY_BASELINE_DECAY=0.99 LOH_SURVIVAL_BINS=64 LOH_SURVIVAL_QUANTILE=0.99 LOH_SURVIVAL_MINCOUNT=1000 LOH_PENALTY_NET_GOOD_SCALE=1.0 LOH_PENALTY_NET_PENALTY_SCALE=1.0
meta_reag,57,1,5701,bestcfg_penalty_3t_3m_20260207_000001__meta_reag_057_r01,0,0.368143,0.224849,0.01,survival,one_minus,1.0,92.65,94.54,0.976478,-0.724375,1.0,0.0235224,LOH_PARALLEL_SAFE=1 LOH_SKIP_PIP_INSTALL=1 LOH_SKIP_BUILD=1 LOH_DEBUG_LEVEL=1 CACHESIM_VERBOSE=0 CACHESIM_NUM_REQ=3000000 LOH_RL_ALGO=SAC LOH_ACTION_SCALE=1.0 LOH_SCORE_USE_COMPOUND=1 LOH_SCORE_USE_IRT=1 LOH_USE_SOFTMAX=1 LOH_USE_HEURISTIC_SIGNS=0 LOH_INCLUDE_HIT_MISS_FEATURES=0 LOH_INCLUDE_CACHE_FEATURES=0 LOH_INCLUDE_CANDIDATE_FEATURES=0 LOH_INCLUDE_TOPK_CANDIDATE_FEATURES=0 LOH_INCLUDE_AVGTOPK_CANDIDATE_FEATURES=0 LOH_INCLUDE_REQUEST=0 LOH_ENABLE_PENALTY=1 LOH_REWARD_USE_PENALTY=1 LOH_PENALTY_SCALE=survival LOH_PENALTY_REWARD_FORMULA=one_minus LOH_REWARD_W_PENALTY=1.0 LOH_PENALTY_CUTOFF=0 LOH_PENALTY_DMAX=400000 LOH_PENALTY_EMPTY_AS_GOOD=1 LOH_PENALTY_REFINE_ON_LATE=1 LOH_PENALTY_NO_EVICT_REWARD=keep LOH_PENALTY_BASELINE_DECAY=0.99 LOH_SURVIVAL_BINS=64 LOH_SURVIVAL_QUANTILE=0.99 LOH_SURVIVAL_MINCOUNT=1000 LOH_PENALTY_NET_GOOD_SCALE=1.0 LOH_PENALTY_NET_PENALTY_SCALE=1.0
meta_reag,58,1,5801,bestcfg_penalty_3t_3m_20260207_000001__meta_reag_058_r01,0,0.368241,0.225755,0.01,survival,neg,0.1,89.8,3.04,-0.0569728,-11.4856,-0.0,0.0929273,LOH_PARALLEL_SAFE=1 LOH_SKIP_PIP_INSTALL=1 LOH_SKIP_BUILD=1 LOH_DEBUG_LEVEL=1 CACHESIM_VERBOSE=0 CACHESIM_NUM_REQ=3000000 LOH_RL_ALGO=SAC LOH_ACTION_SCALE=1.0 LOH_SCORE_USE_COMPOUND=1 LOH_SCORE_USE_IRT=1 LOH_USE_SOFTMAX=1 LOH_USE_HEURISTIC_SIGNS=0 LOH_INCLUDE_HIT_MISS_FEATURES=0 LOH_INCLUDE_CACHE_FEATURES=0 LOH_INCLUDE_CANDIDATE_FEATURES=0 LOH_INCLUDE_TOPK_CANDIDATE_FEATURES=0 LOH_INCLUDE_AVGTOPK_CANDIDATE_FEATURES=0 LOH_INCLUDE_REQUEST=0 LOH_ENABLE_PENALTY=1 LOH_REWARD_USE_PENALTY=1 LOH_PENALTY_SCALE=survival LOH_PENALTY_REWARD_FORMULA=neg LOH_REWARD_W_PENALTY=0.1 LOH_PENALTY_CUTOFF=0 LOH_PENALTY_DMAX=400000 LOH_PENALTY_EMPTY_AS_GOOD=1 LOH_PENALTY_REFINE_ON_LATE=1 LOH_PENALTY_NO_EVICT_REWARD=keep LOH_PENALTY_BASELINE_DECAY=0.99 LOH_SURVIVAL_BINS=64 LOH_SURVIVAL_QUANTILE=0.99 LOH_SURVIVAL_MINCOUNT=1000 LOH_PENALTY_NET_GOOD_SCALE=1.0 LOH_PENALTY_NET_PENALTY_SCALE=1.0
meta_reag,59,1,5901,bestcfg_penalty_3t_3m_20260207_000001__meta_reag_059_r01,0,0.368143,0.225083,0.01,survival,neg,0.2,90.32,2.39,-0.0460291,-12.5363,-0.0,0.135113,LOH_PARALLEL_SAFE=1 LOH_SKIP_PIP_INSTALL=1 LOH_SKIP_BUILD=1 LOH_DEBUG_LEVEL=1 CACHESIM_VERBOSE=0 CACHESIM_NUM_REQ=3000000 LOH_RL_ALGO=SAC LOH_ACTION_SCALE=1.0 LOH_SCORE_USE_COMPOUND=1 LOH_SCORE_USE_IRT=1 LOH_USE_SOFTMAX=1 LOH_USE_HEURISTIC_SIGNS=0 LOH_INCLUDE_HIT_MISS_FEATURES=0 LOH_INCLUDE_CACHE_FEATURES=0 LOH_INCLUDE_CANDIDATE_FEATURES=0 LOH_INCLUDE_TOPK_CANDIDATE_FEATURES=0 LOH_INCLUDE_AVGTOPK_CANDIDATE_FEATURES=0 LOH_INCLUDE_REQUEST=0 LOH_ENABLE_PENALTY=1 LOH_REWARD_USE_PENALTY=1 LOH_PENALTY_SCALE=survival LOH_PENALTY_REWARD_FORMULA=neg LOH_REWARD_W_PENALTY=0.2 LOH_PENALTY_CUTOFF=0 LOH_PENALTY_DMAX=400000 LOH_PENALTY_EMPTY_AS_GOOD=1 LOH_PENALTY_REFINE_ON_LATE=1 LOH_PENALTY_NO_EVICT_REWARD=keep LOH_PENALTY_BASELINE_DECAY=0.99 LOH_SURVIVAL_BINS=64 LOH_SURVIVAL_QUANTILE=0.99 LOH_SURVIVAL_MINCOUNT=1000 LOH_PENALTY_NET_GOOD_SCALE=1.0 LOH_PENALTY_NET_PENALTY_SCALE=1.0
meta_reag,60,1,6001,bestcfg_penalty_3t_3m_20260207_000001__meta_reag_060_r01,0,0.368281,0.225383,0.01,survival,neg,0.5,86.68,6.23,-0.0890616,-12.4735,-0.0,0.24368,LOH_PARALLEL_SAFE=1 LOH_SKIP_PIP_INSTALL=1 LOH_SKIP_BUILD=1 LOH_DEBUG_LEVEL=1 CACHESIM_VERBOSE=0 CACHESIM_NUM_REQ=3000000 LOH_RL_ALGO=SAC LOH_ACTION_SCALE=1.0 LOH_SCORE_USE_COMPOUND=1 LOH_SCORE_USE_IRT=1 LOH_USE_SOFTMAX=1 LOH_USE_HEURISTIC_SIGNS=0 LOH_INCLUDE_HIT_MISS_FEATURES=0 LOH_INCLUDE_CACHE_FEATURES=0 LOH_INCLUDE_CANDIDATE_FEATURES=0 LOH_INCLUDE_TOPK_CANDIDATE_FEATURES=0 LOH_INCLUDE_AVGTOPK_CANDIDATE_FEATURES=0 LOH_INCLUDE_REQUEST=0 LOH_ENABLE_PENALTY=1 LOH_REWARD_USE_PENALTY=1 LOH_PENALTY_SCALE=survival LOH_PENALTY_REWARD_FORMULA=neg LOH_REWARD_W_PENALTY=0.5 LOH_PENALTY_CUTOFF=0 LOH_PENALTY_DMAX=400000 LOH_PENALTY_EMPTY_AS_GOOD=1 LOH_PENALTY_REFINE_ON_LATE=1 LOH_PENALTY_NO_EVICT_REWARD=keep LOH_PENALTY_BASELINE_DECAY=0.99 LOH_SURVIVAL_BINS=64 LOH_SURVIVAL_QUANTILE=0.99 LOH_SURVIVAL_MINCOUNT=1000 LOH_PENALTY_NET_GOOD_SCALE=1.0 LOH_PENALTY_NET_PENALTY_SCALE=1.0
meta_reag,61,1,6101,bestcfg_penalty_3t_3m_20260207_000001__meta_reag_061_r01,0,0.368135,0.225091,0.01,survival,neg,1.0,92.56,0.11,-0.0250022,-12.3978,-0.0,0.0330705,LOH_PARALLEL_SAFE=1 LOH_SKIP_PIP_INSTALL=1 LOH_SKIP_BUILD=1 LOH_DEBUG_LEVEL=1 CACHESIM_VERBOSE=0 CACHESIM_NUM_REQ=3000000 LOH_RL_ALGO=SAC LOH_ACTION_SCALE=1.0 LOH_SCORE_USE_COMPOUND=1 LOH_SCORE_USE_IRT=1 LOH_USE_SOFTMAX=1 LOH_USE_HEURISTIC_SIGNS=0 LOH_INCLUDE_HIT_MISS_FEATURES=0 LOH_INCLUDE_CACHE_FEATURES=0 LOH_INCLUDE_CANDIDATE_FEATURES=0 LOH_INCLUDE_TOPK_CANDIDATE_FEATURES=0 LOH_INCLUDE_AVGTOPK_CANDIDATE_FEATURES=0 LOH_INCLUDE_REQUEST=0 LOH_ENABLE_PENALTY=1 LOH_REWARD_USE_PENALTY=1 LOH_PENALTY_SCALE=survival LOH_PENALTY_REWARD_FORMULA=neg LOH_REWARD_W_PENALTY=1.0 LOH_PENALTY_CUTOFF=0 LOH_PENALTY_DMAX=400000 LOH_PENALTY_EMPTY_AS_GOOD=1 LOH_PENALTY_REFINE_ON_LATE=1 LOH_PENALTY_NO_EVICT_REWARD=keep LOH_PENALTY_BASELINE_DECAY=0.99 LOH_SURVIVAL_BINS=64 LOH_SURVIVAL_QUANTILE=0.99 LOH_SURVIVAL_MINCOUNT=1000 LOH_PENALTY_NET_GOOD_SCALE=1.0 LOH_PENALTY_NET_PENALTY_SCALE=1.0
meta_reag,62,1,6201,bestcfg_penalty_3t_3m_20260207_000001__meta_reag_062_r01,0,0.368269,0.22544,0.01,survival,net,1.0,91.26,1.22,-0.0401847,-8.49471,0.0,0.0871326,LOH_PARALLEL_SAFE=1 LOH_SKIP_PIP_INSTALL=1 LOH_SKIP_BUILD=1 LOH_DEBUG_LEVEL=1 CACHESIM_VERBOSE=0 CACHESIM_NUM_REQ=3000000 LOH_RL_ALGO=SAC LOH_ACTION_SCALE=1.0 LOH_SCORE_USE_COMPOUND=1 LOH_SCORE_USE_IRT=1 LOH_USE_SOFTMAX=1 LOH_USE_HEURISTIC_SIGNS=0 LOH_INCLUDE_HIT_MISS_FEATURES=0 LOH_INCLUDE_CACHE_FEATURES=0 LOH_INCLUDE_CANDIDATE_FEATURES=0 LOH_INCLUDE_TOPK_CANDIDATE_FEATURES=0 LOH_INCLUDE_AVGTOPK_CANDIDATE_FEATURES=0 LOH_INCLUDE_REQUEST=0 LOH_ENABLE_PENALTY=1 LOH_REWARD_USE_PENALTY=1 LOH_PENALTY_SCALE=survival LOH_PENALTY_REWARD_FORMULA=net LOH_REWARD_W_PENALTY=1.0 LOH_PENALTY_CUTOFF=0 LOH_PENALTY_DMAX=400000 LOH_PENALTY_EMPTY_AS_GOOD=1 LOH_PENALTY_REFINE_ON_LATE=1 LOH_PENALTY_NO_EVICT_REWARD=keep LOH_PENALTY_BASELINE_DECAY=0.99 LOH_SURVIVAL_BINS=64 LOH_SURVIVAL_QUANTILE=0.99 LOH_SURVIVAL_MINCOUNT=1000 LOH_PENALTY_NET_GOOD_SCALE=1.0 LOH_PENALTY_NET_PENALTY_SCALE=1.0
meta_reag,63,1,6301,bestcfg_penalty_3t_3m_20260207_000001__meta_reag_063_r01,0,0.368215,0.225108,0.01,survival,net,2.0,90.56,2.05,-0.04546,-8.85933,0.0,0.09687,LOH_PARALLEL_SAFE=1 LOH_SKIP_PIP_INSTALL=1 LOH_SKIP_BUILD=1 LOH_DEBUG_LEVEL=1 CACHESIM_VERBOSE=0 CACHESIM_NUM_REQ=3000000 LOH_RL_ALGO=SAC LOH_ACTION_SCALE=1.0 LOH_SCORE_USE_COMPOUND=1 LOH_SCORE_USE_IRT=1 LOH_USE_SOFTMAX=1 LOH_USE_HEURISTIC_SIGNS=0 LOH_INCLUDE_HIT_MISS_FEATURES=0 LOH_INCLUDE_CACHE_FEATURES=0 LOH_INCLUDE_CANDIDATE_FEATURES=0 LOH_INCLUDE_TOPK_CANDIDATE_FEATURES=0 LOH_INCLUDE_AVGTOPK_CANDIDATE_FEATURES=0 LOH_INCLUDE_REQUEST=0 LOH_ENABLE_PENALTY=1 LOH_REWARD_USE_PENALTY=1 LOH_PENALTY_SCALE=survival LOH_PENALTY_REWARD_FORMULA=net LOH_REWARD_W_PENALTY=2.0 LOH_PENALTY_CUTOFF=0 LOH_PENALTY_DMAX=400000 LOH_PENALTY_EMPTY_AS_GOOD=1 LOH_PENALTY_REFINE_ON_LATE=1 LOH_PENALTY_NO_EVICT_REWARD=keep LOH_PENALTY_BASELINE_DECAY=0.99 LOH_SURVIVAL_BINS=64 LOH_SURVIVAL_QUANTILE=0.99 LOH_SURVIVAL_MINCOUNT=1000 LOH_PENALTY_NET_GOOD_SCALE=1.0 LOH_PENALTY_NET_PENALTY_SCALE=1.0
meta_reag,64,1,6401,bestcfg_penalty_3t_3m_20260207_000001__meta_reag_064_r01,0,0.368195,0.225112,0.01,survival,net,3.0,92.25,0.35,-0.0279298,-2.07897,0.0,0.0291624,LOH_PARALLEL_SAFE=1 LOH_SKIP_PIP_INSTALL=1 LOH_SKIP_BUILD=1 LOH_DEBUG_LEVEL=1 CACHESIM_VERBOSE=0 CACHESIM_NUM_REQ=3000000 LOH_RL_ALGO=SAC LOH_ACTION_SCALE=1.0 LOH_SCORE_USE_COMPOUND=1 LOH_SCORE_USE_IRT=1 LOH_USE_SOFTMAX=1 LOH_USE_HEURISTIC_SIGNS=0 LOH_INCLUDE_HIT_MISS_FEATURES=0 LOH_INCLUDE_CACHE_FEATURES=0 LOH_INCLUDE_CANDIDATE_FEATURES=0 LOH_INCLUDE_TOPK_CANDIDATE_FEATURES=0 LOH_INCLUDE_AVGTOPK_CANDIDATE_FEATURES=0 LOH_INCLUDE_REQUEST=0 LOH_ENABLE_PENALTY=1 LOH_REWARD_USE_PENALTY=1 LOH_PENALTY_SCALE=survival LOH_PENALTY_REWARD_FORMULA=net LOH_REWARD_W_PENALTY=3.0 LOH_PENALTY_CUTOFF=0 LOH_PENALTY_DMAX=400000 LOH_PENALTY_EMPTY_AS_GOOD=1 LOH_PENALTY_REFINE_ON_LATE=1 LOH_PENALTY_NO_EVICT_REWARD=keep LOH_PENALTY_BASELINE_DECAY=0.99 LOH_SURVIVAL_BINS=64 LOH_SURVIVAL_QUANTILE=0.99 LOH_SURVIVAL_MINCOUNT=1000 LOH_PENALTY_NET_GOOD_SCALE=1.0 LOH_PENALTY_NET_PENALTY_SCALE=1.0
meta_reag,65,1,6501,bestcfg_penalty_3t_3m_20260207_000001__meta_reag_065_r01,0,0.368308,0.224606,0.01,survival,net2,1.0,85.39,100.0,-1.0,-26.2021,-1.0,0.829249,LOH_PARALLEL_SAFE=1 LOH_SKIP_PIP_INSTALL=1 LOH_SKIP_BUILD=1 LOH_DEBUG_LEVEL=1 CACHESIM_VERBOSE=0 CACHESIM_NUM_REQ=3000000 LOH_RL_ALGO=SAC LOH_ACTION_SCALE=1.0 LOH_SCORE_USE_COMPOUND=1 LOH_SCORE_USE_IRT=1 LOH_USE_SOFTMAX=1 LOH_USE_HEURISTIC_SIGNS=0 LOH_INCLUDE_HIT_MISS_FEATURES=0 LOH_INCLUDE_CACHE_FEATURES=0 LOH_INCLUDE_CANDIDATE_FEATURES=0 LOH_INCLUDE_TOPK_CANDIDATE_FEATURES=0 LOH_INCLUDE_AVGTOPK_CANDIDATE_FEATURES=0 LOH_INCLUDE_REQUEST=0 LOH_ENABLE_PENALTY=1 LOH_REWARD_USE_PENALTY=1 LOH_PENALTY_SCALE=survival LOH_PENALTY_REWARD_FORMULA=net2 LOH_REWARD_W_PENALTY=1.0 LOH_PENALTY_CUTOFF=0 LOH_PENALTY_DMAX=400000 LOH_PENALTY_EMPTY_AS_GOOD=1 LOH_PENALTY_REFINE_ON_LATE=1 LOH_PENALTY_NO_EVICT_REWARD=keep LOH_PENALTY_BASELINE_DECAY=0.99 LOH_SURVIVAL_BINS=64 LOH_SURVIVAL_QUANTILE=0.99 LOH_SURVIVAL_MINCOUNT=1000 LOH_PENALTY_NET_GOOD_SCALE=1.0 LOH_PENALTY_NET_PENALTY_SCALE=1.0
meta_reag,66,1,6601,bestcfg_penalty_3t_3m_20260207_000001__meta_reag_066_r01,0,0.368264,0.225619,0.01,survival,net2,2.0,86.47,100.0,-1.0,-29.026,-1.0,0.393879,LOH_PARALLEL_SAFE=1 LOH_SKIP_PIP_INSTALL=1 LOH_SKIP_BUILD=1 LOH_DEBUG_LEVEL=1 CACHESIM_VERBOSE=0 CACHESIM_NUM_REQ=3000000 LOH_RL_ALGO=SAC LOH_ACTION_SCALE=1.0 LOH_SCORE_USE_COMPOUND=1 LOH_SCORE_USE_IRT=1 LOH_USE_SOFTMAX=1 LOH_USE_HEURISTIC_SIGNS=0 LOH_INCLUDE_HIT_MISS_FEATURES=0 LOH_INCLUDE_CACHE_FEATURES=0 LOH_INCLUDE_CANDIDATE_FEATURES=0 LOH_INCLUDE_TOPK_CANDIDATE_FEATURES=0 LOH_INCLUDE_AVGTOPK_CANDIDATE_FEATURES=0 LOH_INCLUDE_REQUEST=0 LOH_ENABLE_PENALTY=1 LOH_REWARD_USE_PENALTY=1 LOH_PENALTY_SCALE=survival LOH_PENALTY_REWARD_FORMULA=net2 LOH_REWARD_W_PENALTY=2.0 LOH_PENALTY_CUTOFF=0 LOH_PENALTY_DMAX=400000 LOH_PENALTY_EMPTY_AS_GOOD=1 LOH_PENALTY_REFINE_ON_LATE=1 LOH_PENALTY_NO_EVICT_REWARD=keep LOH_PENALTY_BASELINE_DECAY=0.99 LOH_SURVIVAL_BINS=64 LOH_SURVIVAL_QUANTILE=0.99 LOH_SURVIVAL_MINCOUNT=1000 LOH_PENALTY_NET_GOOD_SCALE=1.0 LOH_PENALTY_NET_PENALTY_SCALE=1.0
meta_reag,67,1,6701,bestcfg_penalty_3t_3m_20260207_000001__meta_reag_067_r01,0,0.368273,0.224753,0.01,survival,net2,3.0,91.55,100.0,-1.0,-10.2258,-1.0,0.0854433,LOH_PARALLEL_SAFE=1 LOH_SKIP_PIP_INSTALL=1 LOH_SKIP_BUILD=1 LOH_DEBUG_LEVEL=1 CACHESIM_VERBOSE=0 CACHESIM_NUM_REQ=3000000 LOH_RL_ALGO=SAC LOH_ACTION_SCALE=1.0 LOH_SCORE_USE_COMPOUND=1 LOH_SCORE_USE_IRT=1 LOH_USE_SOFTMAX=1 LOH_USE_HEURISTIC_SIGNS=0 LOH_INCLUDE_HIT_MISS_FEATURES=0 LOH_INCLUDE_CACHE_FEATURES=0 LOH_INCLUDE_CANDIDATE_FEATURES=0 LOH_INCLUDE_TOPK_CANDIDATE_FEATURES=0 LOH_INCLUDE_AVGTOPK_CANDIDATE_FEATURES=0 LOH_INCLUDE_REQUEST=0 LOH_ENABLE_PENALTY=1 LOH_REWARD_USE_PENALTY=1 LOH_PENALTY_SCALE=survival LOH_PENALTY_REWARD_FORMULA=net2 LOH_REWARD_W_PENALTY=3.0 LOH_PENALTY_CUTOFF=0 LOH_PENALTY_DMAX=400000 LOH_PENALTY_EMPTY_AS_GOOD=1 LOH_PENALTY_REFINE_ON_LATE=1 LOH_PENALTY_NO_EVICT_REWARD=keep LOH_PENALTY_BASELINE_DECAY=0.99 LOH_SURVIVAL_BINS=64 LOH_SURVIVAL_QUANTILE=0.99 LOH_SURVIVAL_MINCOUNT=1000 LOH_PENALTY_NET_GOOD_SCALE=1.0 LOH_PENALTY_NET_PENALTY_SCALE=1.0
meta_reag,68,1,6801,bestcfg_penalty_3t_3m_20260207_000001__meta_reag_068_r01,0,0.368154,0.224714,0.01,binary,relative,0.1,91.56,93.67,0.904738,-99.0,1.0,0.159406,LOH_PARALLEL_SAFE=1 LOH_SKIP_PIP_INSTALL=1 LOH_SKIP_BUILD=1 LOH_DEBUG_LEVEL=1 CACHESIM_VERBOSE=0 CACHESIM_NUM_REQ=3000000 LOH_RL_ALGO=SAC LOH_ACTION_SCALE=1.0 LOH_SCORE_USE_COMPOUND=1 LOH_SCORE_USE_IRT=1 LOH_USE_SOFTMAX=1 LOH_USE_HEURISTIC_SIGNS=0 LOH_INCLUDE_HIT_MISS_FEATURES=0 LOH_INCLUDE_CACHE_FEATURES=0 LOH_INCLUDE_CANDIDATE_FEATURES=0 LOH_INCLUDE_TOPK_CANDIDATE_FEATURES=0 LOH_INCLUDE_AVGTOPK_CANDIDATE_FEATURES=0 LOH_INCLUDE_REQUEST=0 LOH_ENABLE_PENALTY=1 LOH_REWARD_USE_PENALTY=1 LOH_PENALTY_SCALE=binary LOH_PENALTY_REWARD_FORMULA=relative LOH_REWARD_W_PENALTY=0.1 LOH_PENALTY_CUTOFF=0 LOH_PENALTY_DMAX=400000 LOH_PENALTY_EMPTY_AS_GOOD=1 LOH_PENALTY_REFINE_ON_LATE=1 LOH_PENALTY_NO_EVICT_REWARD=keep LOH_PENALTY_BASELINE_DECAY=0.99 LOH_SURVIVAL_BINS=64 LOH_SURVIVAL_QUANTILE=0.99 LOH_SURVIVAL_MINCOUNT=1000 LOH_PENALTY_NET_GOOD_SCALE=1.0 LOH_PENALTY_NET_PENALTY_SCALE=1.0
meta_reag,69,1,6901,bestcfg_penalty_3t_3m_20260207_000001__meta_reag_069_r01,0,0.368239,0.225187,0.01,binary,relative,0.2,92.31,94.68,0.881113,-99.0,1.0,0.0736038,LOH_PARALLEL_SAFE=1 LOH_SKIP_PIP_INSTALL=1 LOH_SKIP_BUILD=1 LOH_DEBUG_LEVEL=1 CACHESIM_VERBOSE=0 CACHESIM_NUM_REQ=3000000 LOH_RL_ALGO=SAC LOH_ACTION_SCALE=1.0 LOH_SCORE_USE_COMPOUND=1 LOH_SCORE_USE_IRT=1 LOH_USE_SOFTMAX=1 LOH_USE_HEURISTIC_SIGNS=0 LOH_INCLUDE_HIT_MISS_FEATURES=0 LOH_INCLUDE_CACHE_FEATURES=0 LOH_INCLUDE_CANDIDATE_FEATURES=0 LOH_INCLUDE_TOPK_CANDIDATE_FEATURES=0 LOH_INCLUDE_AVGTOPK_CANDIDATE_FEATURES=0 LOH_INCLUDE_REQUEST=0 LOH_ENABLE_PENALTY=1 LOH_REWARD_USE_PENALTY=1 LOH_PENALTY_SCALE=binary LOH_PENALTY_REWARD_FORMULA=relative LOH_REWARD_W_PENALTY=0.2 LOH_PENALTY_CUTOFF=0 LOH_PENALTY_DMAX=400000 LOH_PENALTY_EMPTY_AS_GOOD=1 LOH_PENALTY_REFINE_ON_LATE=1 LOH_PENALTY_NO_EVICT_REWARD=keep LOH_PENALTY_BASELINE_DECAY=0.99 LOH_SURVIVAL_BINS=64 LOH_SURVIVAL_QUANTILE=0.99 LOH_SURVIVAL_MINCOUNT=1000 LOH_PENALTY_NET_GOOD_SCALE=1.0 LOH_PENALTY_NET_PENALTY_SCALE=1.0
meta_reag,70,1,7001,bestcfg_penalty_3t_3m_20260207_000001__meta_reag_070_r01,0,0.368287,0.225124,0.01,binary,relative,0.5,92.17,94.81,0.878313,-99.0,1.0,0.114033,LOH_PARALLEL_SAFE=1 LOH_SKIP_PIP_INSTALL=1 LOH_SKIP_BUILD=1 LOH_DEBUG_LEVEL=1 CACHESIM_VERBOSE=0 CACHESIM_NUM_REQ=3000000 LOH_RL_ALGO=SAC LOH_ACTION_SCALE=1.0 LOH_SCORE_USE_COMPOUND=1 LOH_SCORE_USE_IRT=1 LOH_USE_SOFTMAX=1 LOH_USE_HEURISTIC_SIGNS=0 LOH_INCLUDE_HIT_MISS_FEATURES=0 LOH_INCLUDE_CACHE_FEATURES=0 LOH_INCLUDE_CANDIDATE_FEATURES=0 LOH_INCLUDE_TOPK_CANDIDATE_FEATURES=0 LOH_INCLUDE_AVGTOPK_CANDIDATE_FEATURES=0 LOH_INCLUDE_REQUEST=0 LOH_ENABLE_PENALTY=1 LOH_REWARD_USE_PENALTY=1 LOH_PENALTY_SCALE=binary LOH_PENALTY_REWARD_FORMULA=relative LOH_REWARD_W_PENALTY=0.5 LOH_PENALTY_CUTOFF=0 LOH_PENALTY_DMAX=400000 LOH_PENALTY_EMPTY_AS_GOOD=1 LOH_PENALTY_REFINE_ON_LATE=1 LOH_PENALTY_NO_EVICT_REWARD=keep LOH_PENALTY_BASELINE_DECAY=0.99 LOH_SURVIVAL_BINS=64 LOH_SURVIVAL_QUANTILE=0.99 LOH_SURVIVAL_MINCOUNT=1000 LOH_PENALTY_NET_GOOD_SCALE=1.0 LOH_PENALTY_NET_PENALTY_SCALE=1.0
meta_reag,71,1,7101,bestcfg_penalty_3t_3m_20260207_000001__meta_reag_071_r01,0,0.368324,0.225013,0.01,binary,relative,1.0,92.48,94.89,0.88251,-99.0,1.0,0.0728988,LOH_PARALLEL_SAFE=1 LOH_SKIP_PIP_INSTALL=1 LOH_SKIP_BUILD=1 LOH_DEBUG_LEVEL=1 CACHESIM_VERBOSE=0 CACHESIM_NUM_REQ=3000000 LOH_RL_ALGO=SAC LOH_ACTION_SCALE=1.0 LOH_SCORE_USE_COMPOUND=1 LOH_SCORE_USE_IRT=1 LOH_USE_SOFTMAX=1 LOH_USE_HEURISTIC_SIGNS=0 LOH_INCLUDE_HIT_MISS_FEATURES=0 LOH_INCLUDE_CACHE_FEATURES=0 LOH_INCLUDE_CANDIDATE_FEATURES=0 LOH_INCLUDE_TOPK_CANDIDATE_FEATURES=0 LOH_INCLUDE_AVGTOPK_CANDIDATE_FEATURES=0 LOH_INCLUDE_REQUEST=0 LOH_ENABLE_PENALTY=1 LOH_REWARD_USE_PENALTY=1 LOH_PENALTY_SCALE=binary LOH_PENALTY_REWARD_FORMULA=relative LOH_REWARD_W_PENALTY=1.0 LOH_PENALTY_CUTOFF=0 LOH_PENALTY_DMAX=400000 LOH_PENALTY_EMPTY_AS_GOOD=1 LOH_PENALTY_REFINE_ON_LATE=1 LOH_PENALTY_NO_EVICT_REWARD=keep LOH_PENALTY_BASELINE_DECAY=0.99 LOH_SURVIVAL_BINS=64 LOH_SURVIVAL_QUANTILE=0.99 LOH_SURVIVAL_MINCOUNT=1000 LOH_PENALTY_NET_GOOD_SCALE=1.0 LOH_PENALTY_NET_PENALTY_SCALE=1.0
meta_reag,72,1,7201,bestcfg_penalty_3t_3m_20260207_000001__meta_reag_072_r01,0,0.368215,0.224958,0.01,binary,centered,0.1,92.74,98.83,0.867552,-29.0,1.0,0.0789676,LOH_PARALLEL_SAFE=1 LOH_SKIP_PIP_INSTALL=1 LOH_SKIP_BUILD=1 LOH_DEBUG_LEVEL=1 CACHESIM_VERBOSE=0 CACHESIM_NUM_REQ=3000000 LOH_RL_ALGO=SAC LOH_ACTION_SCALE=1.0 LOH_SCORE_USE_COMPOUND=1 LOH_SCORE_USE_IRT=1 LOH_USE_SOFTMAX=1 LOH_USE_HEURISTIC_SIGNS=0 LOH_INCLUDE_HIT_MISS_FEATURES=0 LOH_INCLUDE_CACHE_FEATURES=0 LOH_INCLUDE_CANDIDATE_FEATURES=0 LOH_INCLUDE_TOPK_CANDIDATE_FEATURES=0 LOH_INCLUDE_AVGTOPK_CANDIDATE_FEATURES=0 LOH_INCLUDE_REQUEST=0 LOH_ENABLE_PENALTY=1 LOH_REWARD_USE_PENALTY=1 LOH_PENALTY_SCALE=binary LOH_PENALTY_REWARD_FORMULA=centered LOH_REWARD_W_PENALTY=0.1 LOH_PENALTY_CUTOFF=0 LOH_PENALTY_DMAX=400000 LOH_PENALTY_EMPTY_AS_GOOD=1 LOH_PENALTY_REFINE_ON_LATE=1 LOH_PENALTY_NO_EVICT_REWARD=keep LOH_PENALTY_BASELINE_DECAY=0.99 LOH_SURVIVAL_BINS=64 LOH_SURVIVAL_QUANTILE=0.99 LOH_SURVIVAL_MINCOUNT=1000 LOH_PENALTY_NET_GOOD_SCALE=1.0 LOH_PENALTY_NET_PENALTY_SCALE=1.0
meta_reag,73,1,7301,bestcfg_penalty_3t_3m_20260207_000001__meta_reag_073_r01,0,0.368246,0.225043,0.01,binary,centered,0.2,90.07,98.76,0.815522,-225.0,1.0,2.02226,LOH_PARALLEL_SAFE=1 LOH_SKIP_PIP_INSTALL=1 LOH_SKIP_BUILD=1 LOH_DEBUG_LEVEL=1 CACHESIM_VERBOSE=0 CACHESIM_NUM_REQ=3000000 LOH_RL_ALGO=SAC LOH_ACTION_SCALE=1.0 LOH_SCORE_USE_COMPOUND=1 LOH_SCORE_USE_IRT=1 LOH_USE_SOFTMAX=1 LOH_USE_HEURISTIC_SIGNS=0 LOH_INCLUDE_HIT_MISS_FEATURES=0 LOH_INCLUDE_CACHE_FEATURES=0 LOH_INCLUDE_CANDIDATE_FEATURES=0 LOH_INCLUDE_TOPK_CANDIDATE_FEATURES=0 LOH_INCLUDE_AVGTOPK_CANDIDATE_FEATURES=0 LOH_INCLUDE_REQUEST=0 LOH_ENABLE_PENALTY=1 LOH_REWARD_USE_PENALTY=1 LOH_PENALTY_SCALE=binary LOH_PENALTY_REWARD_FORMULA=centered LOH_REWARD_W_PENALTY=0.2 LOH_PENALTY_CUTOFF=0 LOH_PENALTY_DMAX=400000 LOH_PENALTY_EMPTY_AS_GOOD=1 LOH_PENALTY_REFINE_ON_LATE=1 LOH_PENALTY_NO_EVICT_REWARD=keep LOH_PENALTY_BASELINE_DECAY=0.99 LOH_SURVIVAL_BINS=64 LOH_SURVIVAL_QUANTILE=0.99 LOH_SURVIVAL_MINCOUNT=1000 LOH_PENALTY_NET_GOOD_SCALE=1.0 LOH_PENALTY_NET_PENALTY_SCALE=1.0
meta_reag,74,1,7401,bestcfg_penalty_3t_3m_20260207_000001__meta_reag_074_r01,0,0.368229,0.225166,0.01,binary,centered,0.5,91.63,98.73,0.846721,-14.1429,1.0,0.120777,LOH_PARALLEL_SAFE=1 LOH_SKIP_PIP_INSTALL=1 LOH_SKIP_BUILD=1 LOH_DEBUG_LEVEL=1 CACHESIM_VERBOSE=0 CACHESIM_NUM_REQ=3000000 LOH_RL_ALGO=SAC LOH_ACTION_SCALE=1.0 LOH_SCORE_USE_COMPOUND=1 LOH_SCORE_USE_IRT=1 LOH_USE_SOFTMAX=1 LOH_USE_HEURISTIC_SIGNS=0 LOH_INCLUDE_HIT_MISS_FEATURES=0 LOH_INCLUDE_CACHE_FEATURES=0 LOH_INCLUDE_CANDIDATE_FEATURES=0 LOH_INCLUDE_TOPK_CANDIDATE_FEATURES=0 LOH_INCLUDE_AVGTOPK_CANDIDATE_FEATURES=0 LOH_INCLUDE_REQUEST=0 LOH_ENABLE_PENALTY=1 LOH_REWARD_USE_PENALTY=1 LOH_PENALTY_SCALE=binary LOH_PENALTY_REWARD_FORMULA=centered LOH_REWARD_W_PENALTY=0.5 LOH_PENALTY_CUTOFF=0 LOH_PENALTY_DMAX=400000 LOH_PENALTY_EMPTY_AS_GOOD=1 LOH_PENALTY_REFINE_ON_LATE=1 LOH_PENALTY_NO_EVICT_REWARD=keep LOH_PENALTY_BASELINE_DECAY=0.99 LOH_SURVIVAL_BINS=64 LOH_SURVIVAL_QUANTILE=0.99 LOH_SURVIVAL_MINCOUNT=1000 LOH_PENALTY_NET_GOOD_SCALE=1.0 LOH_PENALTY_NET_PENALTY_SCALE=1.0
meta_reag,75,1,7501,bestcfg_penalty_3t_3m_20260207_000001__meta_reag_075_r01,0,0.368294,0.225351,0.01,binary,centered,1.0,88.53,94.38,0.860692,-5.0,1.0,0.0725296,LOH_PARALLEL_SAFE=1 LOH_SKIP_PIP_INSTALL=1 LOH_SKIP_BUILD=1 LOH_DEBUG_LEVEL=1 CACHESIM_VERBOSE=0 CACHESIM_NUM_REQ=3000000 LOH_RL_ALGO=SAC LOH_ACTION_SCALE=1.0 LOH_SCORE_USE_COMPOUND=1 LOH_SCORE_USE_IRT=1 LOH_USE_SOFTMAX=1 LOH_USE_HEURISTIC_SIGNS=0 LOH_INCLUDE_HIT_MISS_FEATURES=0 LOH_INCLUDE_CACHE_FEATURES=0 LOH_INCLUDE_CANDIDATE_FEATURES=0 LOH_INCLUDE_TOPK_CANDIDATE_FEATURES=0 LOH_INCLUDE_AVGTOPK_CANDIDATE_FEATURES=0 LOH_INCLUDE_REQUEST=0 LOH_ENABLE_PENALTY=1 LOH_REWARD_USE_PENALTY=1 LOH_PENALTY_SCALE=binary LOH_PENALTY_REWARD_FORMULA=centered LOH_REWARD_W_PENALTY=1.0 LOH_PENALTY_CUTOFF=0 LOH_PENALTY_DMAX=400000 LOH_PENALTY_EMPTY_AS_GOOD=1 LOH_PENALTY_REFINE_ON_LATE=1 LOH_PENALTY_NO_EVICT_REWARD=keep LOH_PENALTY_BASELINE_DECAY=0.99 LOH_SURVIVAL_BINS=64 LOH_SURVIVAL_QUANTILE=0.99 LOH_SURVIVAL_MINCOUNT=1000 LOH_PENALTY_NET_GOOD_SCALE=1.0 LOH_PENALTY_NET_PENALTY_SCALE=1.0
meta_reag,76,1,7601,bestcfg_penalty_3t_3m_20260207_000001__meta_reag_076_r01,0,0.368207,0.224763,0.01,binary,one_minus,0.1,90.28,92.57,0.887392,-82.0,1.0,1.15287,LOH_PARALLEL_SAFE=1 LOH_SKIP_PIP_INSTALL=1 LOH_SKIP_BUILD=1 LOH_DEBUG_LEVEL=1 CACHESIM_VERBOSE=0 CACHESIM_NUM_REQ=3000000 LOH_RL_ALGO=SAC LOH_ACTION_SCALE=1.0 LOH_SCORE_USE_COMPOUND=1 LOH_SCORE_USE_IRT=1 LOH_USE_SOFTMAX=1 LOH_USE_HEURISTIC_SIGNS=0 LOH_INCLUDE_HIT_MISS_FEATURES=0 LOH_INCLUDE_CACHE_FEATURES=0 LOH_INCLUDE_CANDIDATE_FEATURES=0 LOH_INCLUDE_TOPK_CANDIDATE_FEATURES=0 LOH_INCLUDE_AVGTOPK_CANDIDATE_FEATURES=0 LOH_INCLUDE_REQUEST=0 LOH_ENABLE_PENALTY=1 LOH_REWARD_USE_PENALTY=1 LOH_PENALTY_SCALE=binary LOH_PENALTY_REWARD_FORMULA=one_minus LOH_REWARD_W_PENALTY=0.1 LOH_PENALTY_CUTOFF=0 LOH_PENALTY_DMAX=400000 LOH_PENALTY_EMPTY_AS_GOOD=1 LOH_PENALTY_REFINE_ON_LATE=1 LOH_PENALTY_NO_EVICT_REWARD=keep LOH_PENALTY_BASELINE_DECAY=0.99 LOH_SURVIVAL_BINS=64 LOH_SURVIVAL_QUANTILE=0.99 LOH_SURVIVAL_MINCOUNT=1000 LOH_PENALTY_NET_GOOD_SCALE=1.0 LOH_PENALTY_NET_PENALTY_SCALE=1.0
meta_reag,77,1,7701,bestcfg_penalty_3t_3m_20260207_000001__meta_reag_077_r01,0,0.368161,0.224584,0.01,binary,one_minus,0.2,92.41,92.65,0.927727,-2.0,1.0,0.0729832,LOH_PARALLEL_SAFE=1 LOH_SKIP_PIP_INSTALL=1 LOH_SKIP_BUILD=1 LOH_DEBUG_LEVEL=1 CACHESIM_VERBOSE=0 CACHESIM_NUM_REQ=3000000 LOH_RL_ALGO=SAC LOH_ACTION_SCALE=1.0 LOH_SCORE_USE_COMPOUND=1 LOH_SCORE_USE_IRT=1 LOH_USE_SOFTMAX=1 LOH_USE_HEURISTIC_SIGNS=0 LOH_INCLUDE_HIT_MISS_FEATURES=0 LOH_INCLUDE_CACHE_FEATURES=0 LOH_INCLUDE_CANDIDATE_FEATURES=0 LOH_INCLUDE_TOPK_CANDIDATE_FEATURES=0 LOH_INCLUDE_AVGTOPK_CANDIDATE_FEATURES=0 LOH_INCLUDE_REQUEST=0 LOH_ENABLE_PENALTY=1 LOH_REWARD_USE_PENALTY=1 LOH_PENALTY_SCALE=binary LOH_PENALTY_REWARD_FORMULA=one_minus LOH_REWARD_W_PENALTY=0.2 LOH_PENALTY_CUTOFF=0 LOH_PENALTY_DMAX=400000 LOH_PENALTY_EMPTY_AS_GOOD=1 LOH_PENALTY_REFINE_ON_LATE=1 LOH_PENALTY_NO_EVICT_REWARD=keep LOH_PENALTY_BASELINE_DECAY=0.99 LOH_SURVIVAL_BINS=64 LOH_SURVIVAL_QUANTILE=0.99 LOH_SURVIVAL_MINCOUNT=1000 LOH_PENALTY_NET_GOOD_SCALE=1.0 LOH_PENALTY_NET_PENALTY_SCALE=1.0
meta_reag,78,1,7801,bestcfg_penalty_3t_3m_20260207_000001__meta_reag_078_r01,0,0.368275,0.224404,0.01,binary,one_minus,0.5,89.4,93.52,0.858672,-104.0,1.0,1.9937,LOH_PARALLEL_SAFE=1 LOH_SKIP_PIP_INSTALL=1 LOH_SKIP_BUILD=1 LOH_DEBUG_LEVEL=1 CACHESIM_VERBOSE=0 CACHESIM_NUM_REQ=3000000 LOH_RL_ALGO=SAC LOH_ACTION_SCALE=1.0 LOH_SCORE_USE_COMPOUND=1 LOH_SCORE_USE_IRT=1 LOH_USE_SOFTMAX=1 LOH_USE_HEURISTIC_SIGNS=0 LOH_INCLUDE_HIT_MISS_FEATURES=0 LOH_INCLUDE_CACHE_FEATURES=0 LOH_INCLUDE_CANDIDATE_FEATURES=0 LOH_INCLUDE_TOPK_CANDIDATE_FEATURES=0 LOH_INCLUDE_AVGTOPK_CANDIDATE_FEATURES=0 LOH_INCLUDE_REQUEST=0 LOH_ENABLE_PENALTY=1 LOH_REWARD_USE_PENALTY=1 LOH_PENALTY_SCALE=binary LOH_PENALTY_REWARD_FORMULA=one_minus LOH_REWARD_W_PENALTY=0.5 LOH_PENALTY_CUTOFF=0 LOH_PENALTY_DMAX=400000 LOH_PENALTY_EMPTY_AS_GOOD=1 LOH_PENALTY_REFINE_ON_LATE=1 LOH_PENALTY_NO_EVICT_REWARD=keep LOH_PENALTY_BASELINE_DECAY=0.99 LOH_SURVIVAL_BINS=64 LOH_SURVIVAL_QUANTILE=0.99 LOH_SURVIVAL_MINCOUNT=1000 LOH_PENALTY_NET_GOOD_SCALE=1.0 LOH_PENALTY_NET_PENALTY_SCALE=1.0
meta_reag,79,1,7901,bestcfg_penalty_3t_3m_20260207_000001__meta_reag_079_r01,0,0.368251,0.224772,0.01,binary,one_minus,1.0,91.14,93.03,0.898894,-50.0,1.0,0.518327,LOH_PARALLEL_SAFE=1 LOH_SKIP_PIP_INSTALL=1 LOH_SKIP_BUILD=1 LOH_DEBUG_LEVEL=1 CACHESIM_VERBOSE=0 CACHESIM_NUM_REQ=3000000 LOH_RL_ALGO=SAC LOH_ACTION_SCALE=1.0 LOH_SCORE_USE_COMPOUND=1 LOH_SCORE_USE_IRT=1 LOH_USE_SOFTMAX=1 LOH_USE_HEURISTIC_SIGNS=0 LOH_INCLUDE_HIT_MISS_FEATURES=0 LOH_INCLUDE_CACHE_FEATURES=0 LOH_INCLUDE_CANDIDATE_FEATURES=0 LOH_INCLUDE_TOPK_CANDIDATE_FEATURES=0 LOH_INCLUDE_AVGTOPK_CANDIDATE_FEATURES=0 LOH_INCLUDE_REQUEST=0 LOH_ENABLE_PENALTY=1 LOH_REWARD_USE_PENALTY=1 LOH_PENALTY_SCALE=binary LOH_PENALTY_REWARD_FORMULA=one_minus LOH_REWARD_W_PENALTY=1.0 LOH_PENALTY_CUTOFF=0 LOH_PENALTY_DMAX=400000 LOH_PENALTY_EMPTY_AS_GOOD=1 LOH_PENALTY_REFINE_ON_LATE=1 LOH_PENALTY_NO_EVICT_REWARD=keep LOH_PENALTY_BASELINE_DECAY=0.99 LOH_SURVIVAL_BINS=64 LOH_SURVIVAL_QUANTILE=0.99 LOH_SURVIVAL_MINCOUNT=1000 LOH_PENALTY_NET_GOOD_SCALE=1.0 LOH_PENALTY_NET_PENALTY_SCALE=1.0
meta_reag,80,1,8001,bestcfg_penalty_3t_3m_20260207_000001__meta_reag_080_r01,0,0.368183,0.225019,0.01,binary,neg,0.1,89.19,9.71,-0.102089,-117.0,-0.0,2.25565,LOH_PARALLEL_SAFE=1 LOH_SKIP_PIP_INSTALL=1 LOH_SKIP_BUILD=1 LOH_DEBUG_LEVEL=1 CACHESIM_VERBOSE=0 CACHESIM_NUM_REQ=3000000 LOH_RL_ALGO=SAC LOH_ACTION_SCALE=1.0 LOH_SCORE_USE_COMPOUND=1 LOH_SCORE_USE_IRT=1 LOH_USE_SOFTMAX=1 LOH_USE_HEURISTIC_SIGNS=0 LOH_INCLUDE_HIT_MISS_FEATURES=0 LOH_INCLUDE_CACHE_FEATURES=0 LOH_INCLUDE_CANDIDATE_FEATURES=0 LOH_INCLUDE_TOPK_CANDIDATE_FEATURES=0 LOH_INCLUDE_AVGTOPK_CANDIDATE_FEATURES=0 LOH_INCLUDE_REQUEST=0 LOH_ENABLE_PENALTY=1 LOH_REWARD_USE_PENALTY=1 LOH_PENALTY_SCALE=binary LOH_PENALTY_REWARD_FORMULA=neg LOH_REWARD_W_PENALTY=0.1 LOH_PENALTY_CUTOFF=0 LOH_PENALTY_DMAX=400000 LOH_PENALTY_EMPTY_AS_GOOD=1 LOH_PENALTY_REFINE_ON_LATE=1 LOH_PENALTY_NO_EVICT_REWARD=keep LOH_PENALTY_BASELINE_DECAY=0.99 LOH_SURVIVAL_BINS=64 LOH_SURVIVAL_QUANTILE=0.99 LOH_SURVIVAL_MINCOUNT=1000 LOH_PENALTY_NET_GOOD_SCALE=1.0 LOH_PENALTY_NET_PENALTY_SCALE=1.0
meta_reag,81,1,8101,bestcfg_penalty_3t_3m_20260207_000001__meta_reag_081_r01,0,0.368223,0.225878,0.01,binary,neg,0.2,92.26,6.68,-0.0715064,-2.0,-0.0,0.0753919,LOH_PARALLEL_SAFE=1 LOH_SKIP_PIP_INSTALL=1 LOH_SKIP_BUILD=1 LOH_DEBUG_LEVEL=1 CACHESIM_VERBOSE=0 CACHESIM_NUM_REQ=3000000 LOH_RL_ALGO=SAC LOH_ACTION_SCALE=1.0 LOH_SCORE_USE_COMPOUND=1 LOH_SCORE_USE_IRT=1 LOH_USE_SOFTMAX=1 LOH_USE_HEURISTIC_SIGNS=0 LOH_INCLUDE_HIT_MISS_FEATURES=0 LOH_INCLUDE_CACHE_FEATURES=0 LOH_INCLUDE_CANDIDATE_FEATURES=0 LOH_INCLUDE_TOPK_CANDIDATE_FEATURES=0 LOH_INCLUDE_AVGTOPK_CANDIDATE_FEATURES=0 LOH_INCLUDE_REQUEST=0 LOH_ENABLE_PENALTY=1 LOH_REWARD_USE_PENALTY=1 LOH_PENALTY_SCALE=binary LOH_PENALTY_REWARD_FORMULA=neg LOH_REWARD_W_PENALTY=0.2 LOH_PENALTY_CUTOFF=0 LOH_PENALTY_DMAX=400000 LOH_PENALTY_EMPTY_AS_GOOD=1 LOH_PENALTY_REFINE_ON_LATE=1 LOH_PENALTY_NO_EVICT_REWARD=keep LOH_PENALTY_BASELINE_DECAY=0.99 LOH_SURVIVAL_BINS=64 LOH_SURVIVAL_QUANTILE=0.99 LOH_SURVIVAL_MINCOUNT=1000 LOH_PENALTY_NET_GOOD_SCALE=1.0 LOH_PENALTY_NET_PENALTY_SCALE=1.0
meta_reag,82,1,8201,bestcfg_penalty_3t_3m_20260207_000001__meta_reag_082_r01,0,0.368152,0.225577,0.01,binary,neg,0.5,91.38,7.47,-0.0799901,-55.0,-0.0,0.564987,LOH_PARALLEL_SAFE=1 LOH_SKIP_PIP_INSTALL=1 LOH_SKIP_BUILD=1 LOH_DEBUG_LEVEL=1 CACHESIM_VERBOSE=0 CACHESIM_NUM_REQ=3000000 LOH_RL_ALGO=SAC LOH_ACTION_SCALE=1.0 LOH_SCORE_USE_COMPOUND=1 LOH_SCORE_USE_IRT=1 LOH_USE_SOFTMAX=1 LOH_USE_HEURISTIC_SIGNS=0 LOH_INCLUDE_HIT_MISS_FEATURES=0 LOH_INCLUDE_CACHE_FEATURES=0 LOH_INCLUDE_CANDIDATE_FEATURES=0 LOH_INCLUDE_TOPK_CANDIDATE_FEATURES=0 LOH_INCLUDE_AVGTOPK_CANDIDATE_FEATURES=0 LOH_INCLUDE_REQUEST=0 LOH_ENABLE_PENALTY=1 LOH_REWARD_USE_PENALTY=1 LOH_PENALTY_SCALE=binary LOH_PENALTY_REWARD_FORMULA=neg LOH_REWARD_W_PENALTY=0.5 LOH_PENALTY_CUTOFF=0 LOH_PENALTY_DMAX=400000 LOH_PENALTY_EMPTY_AS_GOOD=1 LOH_PENALTY_REFINE_ON_LATE=1 LOH_PENALTY_NO_EVICT_REWARD=keep LOH_PENALTY_BASELINE_DECAY=0.99 LOH_SURVIVAL_BINS=64 LOH_SURVIVAL_QUANTILE=0.99 LOH_SURVIVAL_MINCOUNT=1000 LOH_PENALTY_NET_GOOD_SCALE=1.0 LOH_PENALTY_NET_PENALTY_SCALE=1.0
meta_reag,83,1,8301,bestcfg_penalty_3t_3m_20260207_000001__meta_reag_083_r01,0,0.368186,0.22587,0.01,binary,neg,1.0,91.54,7.09,-0.0771943,-35.0,-0.0,0.127738,LOH_PARALLEL_SAFE=1 LOH_SKIP_PIP_INSTALL=1 LOH_SKIP_BUILD=1 LOH_DEBUG_LEVEL=1 CACHESIM_VERBOSE=0 CACHESIM_NUM_REQ=3000000 LOH_RL_ALGO=SAC LOH_ACTION_SCALE=1.0 LOH_SCORE_USE_COMPOUND=1 LOH_SCORE_USE_IRT=1 LOH_USE_SOFTMAX=1 LOH_USE_HEURISTIC_SIGNS=0 LOH_INCLUDE_HIT_MISS_FEATURES=0 LOH_INCLUDE_CACHE_FEATURES=0 LOH_INCLUDE_CANDIDATE_FEATURES=0 LOH_INCLUDE_TOPK_CANDIDATE_FEATURES=0 LOH_INCLUDE_AVGTOPK_CANDIDATE_FEATURES=0 LOH_INCLUDE_REQUEST=0 LOH_ENABLE_PENALTY=1 LOH_REWARD_USE_PENALTY=1 LOH_PENALTY_SCALE=binary LOH_PENALTY_REWARD_FORMULA=neg LOH_REWARD_W_PENALTY=1.0 LOH_PENALTY_CUTOFF=0 LOH_PENALTY_DMAX=400000 LOH_PENALTY_EMPTY_AS_GOOD=1 LOH_PENALTY_REFINE_ON_LATE=1 LOH_PENALTY_NO_EVICT_REWARD=keep LOH_PENALTY_BASELINE_DECAY=0.99 LOH_SURVIVAL_BINS=64 LOH_SURVIVAL_QUANTILE=0.99 LOH_SURVIVAL_MINCOUNT=1000 LOH_PENALTY_NET_GOOD_SCALE=1.0 LOH_PENALTY_NET_PENALTY_SCALE=1.0
meta_reag,84,1,8401,bestcfg_penalty_3t_3m_20260207_000001__meta_reag_084_r01,0,0.368145,0.225047,0.01,binary,net,1.0,92.2,6.75,-0.0726421,-25.0,0.0,0.179848,LOH_PARALLEL_SAFE=1 LOH_SKIP_PIP_INSTALL=1 LOH_SKIP_BUILD=1 LOH_DEBUG_LEVEL=1 CACHESIM_VERBOSE=0 CACHESIM_NUM_REQ=3000000 LOH_RL_ALGO=SAC LOH_ACTION_SCALE=1.0 LOH_SCORE_USE_COMPOUND=1 LOH_SCORE_USE_IRT=1 LOH_USE_SOFTMAX=1 LOH_USE_HEURISTIC_SIGNS=0 LOH_INCLUDE_HIT_MISS_FEATURES=0 LOH_INCLUDE_CACHE_FEATURES=0 LOH_INCLUDE_CANDIDATE_FEATURES=0 LOH_INCLUDE_TOPK_CANDIDATE_FEATURES=0 LOH_INCLUDE_AVGTOPK_CANDIDATE_FEATURES=0 LOH_INCLUDE_REQUEST=0 LOH_ENABLE_PENALTY=1 LOH_REWARD_USE_PENALTY=1 LOH_PENALTY_SCALE=binary LOH_PENALTY_REWARD_FORMULA=net LOH_REWARD_W_PENALTY=1.0 LOH_PENALTY_CUTOFF=0 LOH_PENALTY_DMAX=400000 LOH_PENALTY_EMPTY_AS_GOOD=1 LOH_PENALTY_REFINE_ON_LATE=1 LOH_PENALTY_NO_EVICT_REWARD=keep LOH_PENALTY_BASELINE_DECAY=0.99 LOH_SURVIVAL_BINS=64 LOH_SURVIVAL_QUANTILE=0.99 LOH_SURVIVAL_MINCOUNT=1000 LOH_PENALTY_NET_GOOD_SCALE=1.0 LOH_PENALTY_NET_PENALTY_SCALE=1.0
meta_reag,85,1,8501,bestcfg_penalty_3t_3m_20260207_000001__meta_reag_085_r01,0,0.368321,0.224361,0.01,binary,net,2.0,88.62,10.29,-0.107947,-183.0,0.0,5.28526,LOH_PARALLEL_SAFE=1 LOH_SKIP_PIP_INSTALL=1 LOH_SKIP_BUILD=1 LOH_DEBUG_LEVEL=1 CACHESIM_VERBOSE=0 CACHESIM_NUM_REQ=3000000 LOH_RL_ALGO=SAC LOH_ACTION_SCALE=1.0 LOH_SCORE_USE_COMPOUND=1 LOH_SCORE_USE_IRT=1 LOH_USE_SOFTMAX=1 LOH_USE_HEURISTIC_SIGNS=0 LOH_INCLUDE_HIT_MISS_FEATURES=0 LOH_INCLUDE_CACHE_FEATURES=0 LOH_INCLUDE_CANDIDATE_FEATURES=0 LOH_INCLUDE_TOPK_CANDIDATE_FEATURES=0 LOH_INCLUDE_AVGTOPK_CANDIDATE_FEATURES=0 LOH_INCLUDE_REQUEST=0 LOH_ENABLE_PENALTY=1 LOH_REWARD_USE_PENALTY=1 LOH_PENALTY_SCALE=binary LOH_PENALTY_REWARD_FORMULA=net LOH_REWARD_W_PENALTY=2.0 LOH_PENALTY_CUTOFF=0 LOH_PENALTY_DMAX=400000 LOH_PENALTY_EMPTY_AS_GOOD=1 LOH_PENALTY_REFINE_ON_LATE=1 LOH_PENALTY_NO_EVICT_REWARD=keep LOH_PENALTY_BASELINE_DECAY=0.99 LOH_SURVIVAL_BINS=64 LOH_SURVIVAL_QUANTILE=0.99 LOH_SURVIVAL_MINCOUNT=1000 LOH_PENALTY_NET_GOOD_SCALE=1.0 LOH_PENALTY_NET_PENALTY_SCALE=1.0
meta_reag,86,1,8601,bestcfg_penalty_3t_3m_20260207_000001__meta_reag_086_r01,0,0.368246,0.225244,0.01,binary,net,3.0,90.14,8.79,-0.0928736,-104.0,0.0,1.79391,LOH_PARALLEL_SAFE=1 LOH_SKIP_PIP_INSTALL=1 LOH_SKIP_BUILD=1 LOH_DEBUG_LEVEL=1 CACHESIM_VERBOSE=0 CACHESIM_NUM_REQ=3000000 LOH_RL_ALGO=SAC LOH_ACTION_SCALE=1.0 LOH_SCORE_USE_COMPOUND=1 LOH_SCORE_USE_IRT=1 LOH_USE_SOFTMAX=1 LOH_USE_HEURISTIC_SIGNS=0 LOH_INCLUDE_HIT_MISS_FEATURES=0 LOH_INCLUDE_CACHE_FEATURES=0 LOH_INCLUDE_CANDIDATE_FEATURES=0 LOH_INCLUDE_TOPK_CANDIDATE_FEATURES=0 LOH_INCLUDE_AVGTOPK_CANDIDATE_FEATURES=0 LOH_INCLUDE_REQUEST=0 LOH_ENABLE_PENALTY=1 LOH_REWARD_USE_PENALTY=1 LOH_PENALTY_SCALE=binary LOH_PENALTY_REWARD_FORMULA=net LOH_REWARD_W_PENALTY=3.0 LOH_PENALTY_CUTOFF=0 LOH_PENALTY_DMAX=400000 LOH_PENALTY_EMPTY_AS_GOOD=1 LOH_PENALTY_REFINE_ON_LATE=1 LOH_PENALTY_NO_EVICT_REWARD=keep LOH_PENALTY_BASELINE_DECAY=0.99 LOH_SURVIVAL_BINS=64 LOH_SURVIVAL_QUANTILE=0.99 LOH_SURVIVAL_MINCOUNT=1000 LOH_PENALTY_NET_GOOD_SCALE=1.0 LOH_PENALTY_NET_PENALTY_SCALE=1.0
meta_reag,87,1,8701,bestcfg_penalty_3t_3m_20260207_000001__meta_reag_087_r01,0,0.368127,0.225389,0.01,binary,net2,1.0,92.73,100.0,-1.0,-10.0,-1.0,0.0753813,LOH_PARALLEL_SAFE=1 LOH_SKIP_PIP_INSTALL=1 LOH_SKIP_BUILD=1 LOH_DEBUG_LEVEL=1 CACHESIM_VERBOSE=0 CACHESIM_NUM_REQ=3000000 LOH_RL_ALGO=SAC LOH_ACTION_SCALE=1.0 LOH_SCORE_USE_COMPOUND=1 LOH_SCORE_USE_IRT=1 LOH_USE_SOFTMAX=1 LOH_USE_HEURISTIC_SIGNS=0 LOH_INCLUDE_HIT_MISS_FEATURES=0 LOH_INCLUDE_CACHE_FEATURES=0 LOH_INCLUDE_CANDIDATE_FEATURES=0 LOH_INCLUDE_TOPK_CANDIDATE_FEATURES=0 LOH_INCLUDE_AVGTOPK_CANDIDATE_FEATURES=0 LOH_INCLUDE_REQUEST=0 LOH_ENABLE_PENALTY=1 LOH_REWARD_USE_PENALTY=1 LOH_PENALTY_SCALE=binary LOH_PENALTY_REWARD_FORMULA=net2 LOH_REWARD_W_PENALTY=1.0 LOH_PENALTY_CUTOFF=0 LOH_PENALTY_DMAX=400000 LOH_PENALTY_EMPTY_AS_GOOD=1 LOH_PENALTY_REFINE_ON_LATE=1 LOH_PENALTY_NO_EVICT_REWARD=keep LOH_PENALTY_BASELINE_DECAY=0.99 LOH_SURVIVAL_BINS=64 LOH_SURVIVAL_QUANTILE=0.99 LOH_SURVIVAL_MINCOUNT=1000 LOH_PENALTY_NET_GOOD_SCALE=1.0 LOH_PENALTY_NET_PENALTY_SCALE=1.0
meta_reag,88,1,8801,bestcfg_penalty_3t_3m_20260207_000001__meta_reag_088_r01,0,0.368218,0.225068,0.01,binary,net2,2.0,92.18,100.0,-1.0,-4.0,-1.0,0.0779387,LOH_PARALLEL_SAFE=1 LOH_SKIP_PIP_INSTALL=1 LOH_SKIP_BUILD=1 LOH_DEBUG_LEVEL=1 CACHESIM_VERBOSE=0 CACHESIM_NUM_REQ=3000000 LOH_RL_ALGO=SAC LOH_ACTION_SCALE=1.0 LOH_SCORE_USE_COMPOUND=1 LOH_SCORE_USE_IRT=1 LOH_USE_SOFTMAX=1 LOH_USE_HEURISTIC_SIGNS=0 LOH_INCLUDE_HIT_MISS_FEATURES=0 LOH_INCLUDE_CACHE_FEATURES=0 LOH_INCLUDE_CANDIDATE_FEATURES=0 LOH_INCLUDE_TOPK_CANDIDATE_FEATURES=0 LOH_INCLUDE_AVGTOPK_CANDIDATE_FEATURES=0 LOH_INCLUDE_REQUEST=0 LOH_ENABLE_PENALTY=1 LOH_REWARD_USE_PENALTY=1 LOH_PENALTY_SCALE=binary LOH_PENALTY_REWARD_FORMULA=net2 LOH_REWARD_W_PENALTY=2.0 LOH_PENALTY_CUTOFF=0 LOH_PENALTY_DMAX=400000 LOH_PENALTY_EMPTY_AS_GOOD=1 LOH_PENALTY_REFINE_ON_LATE=1 LOH_PENALTY_NO_EVICT_REWARD=keep LOH_PENALTY_BASELINE_DECAY=0.99 LOH_SURVIVAL_BINS=64 LOH_SURVIVAL_QUANTILE=0.99 LOH_SURVIVAL_MINCOUNT=1000 LOH_PENALTY_NET_GOOD_SCALE=1.0 LOH_PENALTY_NET_PENALTY_SCALE=1.0
meta_reag,89,1,8901,bestcfg_penalty_3t_3m_20260207_000001__meta_reag_089_r01,0,0.368213,0.224767,0.01,binary,net2,3.0,92.27,100.0,-1.0,-11.0,-1.0,0.0781918,LOH_PARALLEL_SAFE=1 LOH_SKIP_PIP_INSTALL=1 LOH_SKIP_BUILD=1 LOH_DEBUG_LEVEL=1 CACHESIM_VERBOSE=0 CACHESIM_NUM_REQ=3000000 LOH_RL_ALGO=SAC LOH_ACTION_SCALE=1.0 LOH_SCORE_USE_COMPOUND=1 LOH_SCORE_USE_IRT=1 LOH_USE_SOFTMAX=1 LOH_USE_HEURISTIC_SIGNS=0 LOH_INCLUDE_HIT_MISS_FEATURES=0 LOH_INCLUDE_CACHE_FEATURES=0 LOH_INCLUDE_CANDIDATE_FEATURES=0 LOH_INCLUDE_TOPK_CANDIDATE_FEATURES=0 LOH_INCLUDE_AVGTOPK_CANDIDATE_FEATURES=0 LOH_INCLUDE_REQUEST=0 LOH_ENABLE_PENALTY=1 LOH_REWARD_USE_PENALTY=1 LOH_PENALTY_SCALE=binary LOH_PENALTY_REWARD_FORMULA=net2 LOH_REWARD_W_PENALTY=3.0 LOH_PENALTY_CUTOFF=0 LOH_PENALTY_DMAX=400000 LOH_PENALTY_EMPTY_AS_GOOD=1 LOH_PENALTY_REFINE_ON_LATE=1 LOH_PENALTY_NO_EVICT_REWARD=keep LOH_PENALTY_BASELINE_DECAY=0.99 LOH_SURVIVAL_BINS=64 LOH_SURVIVAL_QUANTILE=0.99 LOH_SURVIVAL_MINCOUNT=1000 LOH_PENALTY_NET_GOOD_SCALE=1.0 LOH_PENALTY_NET_PENALTY_SCALE=1.0
meta_reag,90,1,9001,bestcfg_penalty_3t_3m_20260207_000001__meta_reag_090_r01,0,0.368239,0.225168,0.01,log,centered,1.0,91.0,94.15,0.93217,-4.03682,1.0,0.0485498,LOH_PARALLEL_SAFE=1 LOH_SKIP_PIP_INSTALL=1 LOH_SKIP_BUILD=1 LOH_DEBUG_LEVEL=1 CACHESIM_VERBOSE=0 CACHESIM_NUM_REQ=3000000 LOH_RL_ALGO=SAC LOH_ACTION_SCALE=1.0 LOH_SCORE_USE_COMPOUND=1 LOH_SCORE_USE_IRT=1 LOH_USE_SOFTMAX=1 LOH_USE_HEURISTIC_SIGNS=0 LOH_INCLUDE_HIT_MISS_FEATURES=0 LOH_INCLUDE_CACHE_FEATURES=0 LOH_INCLUDE_CANDIDATE_FEATURES=0 LOH_INCLUDE_TOPK_CANDIDATE_FEATURES=0 LOH_INCLUDE_AVGTOPK_CANDIDATE_FEATURES=0 LOH_INCLUDE_REQUEST=0 LOH_ENABLE_PENALTY=1 LOH_REWARD_USE_PENALTY=1 LOH_PENALTY_SCALE=log LOH_PENALTY_REWARD_FORMULA=centered LOH_REWARD_W_PENALTY=1.0 LOH_PENALTY_CUTOFF=0 LOH_PENALTY_DMAX=400000 LOH_PENALTY_EMPTY_AS_GOOD=1 LOH_PENALTY_REFINE_ON_LATE=1 LOH_PENALTY_NO_EVICT_REWARD=keep LOH_PENALTY_BASELINE_DECAY=0.99 LOH_SURVIVAL_BINS=64 LOH_SURVIVAL_QUANTILE=0.99 LOH_SURVIVAL_MINCOUNT=1000 LOH_PENALTY_NET_GOOD_SCALE=1.0 LOH_PENALTY_NET_PENALTY_SCALE=1.0 LOH_PENALTY_CUTOFF=0
meta_reag,91,1,9101,bestcfg_penalty_3t_3m_20260207_000001__meta_reag_091_r01,0,0.368262,0.226029,0.01,log,centered,1.0,98.0,98.0,0.974614,-0.892529,1.0,0.0126929,LOH_PARALLEL_SAFE=1 LOH_SKIP_PIP_INSTALL=1 LOH_SKIP_BUILD=1 LOH_DEBUG_LEVEL=1 CACHESIM_VERBOSE=0 CACHESIM_NUM_REQ=3000000 LOH_RL_ALGO=SAC LOH_ACTION_SCALE=1.0 LOH_SCORE_USE_COMPOUND=1 LOH_SCORE_USE_IRT=1 LOH_USE_SOFTMAX=1 LOH_USE_HEURISTIC_SIGNS=0 LOH_INCLUDE_HIT_MISS_FEATURES=0 LOH_INCLUDE_CACHE_FEATURES=0 LOH_INCLUDE_CANDIDATE_FEATURES=0 LOH_INCLUDE_TOPK_CANDIDATE_FEATURES=0 LOH_INCLUDE_AVGTOPK_CANDIDATE_FEATURES=0 LOH_INCLUDE_REQUEST=0 LOH_ENABLE_PENALTY=1 LOH_REWARD_USE_PENALTY=1 LOH_PENALTY_SCALE=log LOH_PENALTY_REWARD_FORMULA=centered LOH_REWARD_W_PENALTY=1.0 LOH_PENALTY_CUTOFF=0 LOH_PENALTY_DMAX=400000 LOH_PENALTY_EMPTY_AS_GOOD=1 LOH_PENALTY_REFINE_ON_LATE=1 LOH_PENALTY_NO_EVICT_REWARD=keep LOH_PENALTY_BASELINE_DECAY=0.99 LOH_SURVIVAL_BINS=64 LOH_SURVIVAL_QUANTILE=0.99 LOH_SURVIVAL_MINCOUNT=1000 LOH_PENALTY_NET_GOOD_SCALE=1.0 LOH_PENALTY_NET_PENALTY_SCALE=1.0 LOH_PENALTY_CUTOFF=500
meta_reag,92,1,9201,bestcfg_penalty_3t_3m_20260207_000001__meta_reag_092_r01,0,0.368223,0.225829,0.01,log,centered,1.0,96.54,96.57,0.963933,-1.82041,1.0,0.0181769,LOH_PARALLEL_SAFE=1 LOH_SKIP_PIP_INSTALL=1 LOH_SKIP_BUILD=1 LOH_DEBUG_LEVEL=1 CACHESIM_VERBOSE=0 CACHESIM_NUM_REQ=3000000 LOH_RL_ALGO=SAC LOH_ACTION_SCALE=1.0 LOH_SCORE_USE_COMPOUND=1 LOH_SCORE_USE_IRT=1 LOH_USE_SOFTMAX=1 LOH_USE_HEURISTIC_SIGNS=0 LOH_INCLUDE_HIT_MISS_FEATURES=0 LOH_INCLUDE_CACHE_FEATURES=0 LOH_INCLUDE_CANDIDATE_FEATURES=0 LOH_INCLUDE_TOPK_CANDIDATE_FEATURES=0 LOH_INCLUDE_AVGTOPK_CANDIDATE_FEATURES=0 LOH_INCLUDE_REQUEST=0 LOH_ENABLE_PENALTY=1 LOH_REWARD_USE_PENALTY=1 LOH_PENALTY_SCALE=log LOH_PENALTY_REWARD_FORMULA=centered LOH_REWARD_W_PENALTY=1.0 LOH_PENALTY_CUTOFF=0 LOH_PENALTY_DMAX=400000 LOH_PENALTY_EMPTY_AS_GOOD=1 LOH_PENALTY_REFINE_ON_LATE=1 LOH_PENALTY_NO_EVICT_REWARD=keep LOH_PENALTY_BASELINE_DECAY=0.99 LOH_SURVIVAL_BINS=64 LOH_SURVIVAL_QUANTILE=0.99 LOH_SURVIVAL_MINCOUNT=1000 LOH_PENALTY_NET_GOOD_SCALE=1.0 LOH_PENALTY_NET_PENALTY_SCALE=1.0 LOH_PENALTY_CUTOFF=2000
meta_reag,93,1,9301,bestcfg_penalty_3t_3m_20260207_000001__meta_reag_093_r01,0,0.368242,0.225411,0.01,log,centered,1.0,93.21,93.24,0.943696,-2.44875,1.0,0.0284005,LOH_PARALLEL_SAFE=1 LOH_SKIP_PIP_INSTALL=1 LOH_SKIP_BUILD=1 LOH_DEBUG_LEVEL=1 CACHESIM_VERBOSE=0 CACHESIM_NUM_REQ=3000000 LOH_RL_ALGO=SAC LOH_ACTION_SCALE=1.0 LOH_SCORE_USE_COMPOUND=1 LOH_SCORE_USE_IRT=1 LOH_USE_SOFTMAX=1 LOH_USE_HEURISTIC_SIGNS=0 LOH_INCLUDE_HIT_MISS_FEATURES=0 LOH_INCLUDE_CACHE_FEATURES=0 LOH_INCLUDE_CANDIDATE_FEATURES=0 LOH_INCLUDE_TOPK_CANDIDATE_FEATURES=0 LOH_INCLUDE_AVGTOPK_CANDIDATE_FEATURES=0 LOH_INCLUDE_REQUEST=0 LOH_ENABLE_PENALTY=1 LOH_REWARD_USE_PENALTY=1 LOH_PENALTY_SCALE=log LOH_PENALTY_REWARD_FORMULA=centered LOH_REWARD_W_PENALTY=1.0 LOH_PENALTY_CUTOFF=0 LOH_PENALTY_DMAX=400000 LOH_PENALTY_EMPTY_AS_GOOD=1 LOH_PENALTY_REFINE_ON_LATE=1 LOH_PENALTY_NO_EVICT_REWARD=keep LOH_PENALTY_BASELINE_DECAY=0.99 LOH_SURVIVAL_BINS=64 LOH_SURVIVAL_QUANTILE=0.99 LOH_SURVIVAL_MINCOUNT=1000 LOH_PENALTY_NET_GOOD_SCALE=1.0 LOH_PENALTY_NET_PENALTY_SCALE=1.0 LOH_PENALTY_CUTOFF=10000
meta_reag,94,1,9401,bestcfg_penalty_3t_3m_20260207_000001__meta_reag_094_r01,0,0.36823,0.225245,0.01,log,centered,1.0,87.37,94.22,0.880937,-1.95322,1.0,0.0616822,LOH_PARALLEL_SAFE=1 LOH_SKIP_PIP_INSTALL=1 LOH_SKIP_BUILD=1 LOH_DEBUG_LEVEL=1 CACHESIM_VERBOSE=0 CACHESIM_NUM_REQ=3000000 LOH_RL_ALGO=SAC LOH_ACTION_SCALE=1.0 LOH_SCORE_USE_COMPOUND=1 LOH_SCORE_USE_IRT=1 LOH_USE_SOFTMAX=1 LOH_USE_HEURISTIC_SIGNS=0 LOH_INCLUDE_HIT_MISS_FEATURES=0 LOH_INCLUDE_CACHE_FEATURES=0 LOH_INCLUDE_CANDIDATE_FEATURES=0 LOH_INCLUDE_TOPK_CANDIDATE_FEATURES=0 LOH_INCLUDE_AVGTOPK_CANDIDATE_FEATURES=0 LOH_INCLUDE_REQUEST=0 LOH_ENABLE_PENALTY=1 LOH_REWARD_USE_PENALTY=1 LOH_PENALTY_SCALE=log LOH_PENALTY_REWARD_FORMULA=centered LOH_REWARD_W_PENALTY=1.0 LOH_PENALTY_CUTOFF=0 LOH_PENALTY_DMAX=400000 LOH_PENALTY_EMPTY_AS_GOOD=1 LOH_PENALTY_REFINE_ON_LATE=1 LOH_PENALTY_NO_EVICT_REWARD=keep LOH_PENALTY_BASELINE_DECAY=0.99 LOH_SURVIVAL_BINS=64 LOH_SURVIVAL_QUANTILE=0.99 LOH_SURVIVAL_MINCOUNT=1000 LOH_PENALTY_NET_GOOD_SCALE=1.0 LOH_PENALTY_NET_PENALTY_SCALE=1.0 LOH_PENALTY_DMAX=50000
meta_reag,95,1,9501,bestcfg_penalty_3t_3m_20260207_000001__meta_reag_095_r01,0,0.368207,0.225049,0.01,log,centered,1.0,92.28,94.69,0.954912,-1.87986,1.0,0.0229912,LOH_PARALLEL_SAFE=1 LOH_SKIP_PIP_INSTALL=1 LOH_SKIP_BUILD=1 LOH_DEBUG_LEVEL=1 CACHESIM_VERBOSE=0 CACHESIM_NUM_REQ=3000000 LOH_RL_ALGO=SAC LOH_ACTION_SCALE=1.0 LOH_SCORE_USE_COMPOUND=1 LOH_SCORE_USE_IRT=1 LOH_USE_SOFTMAX=1 LOH_USE_HEURISTIC_SIGNS=0 LOH_INCLUDE_HIT_MISS_FEATURES=0 LOH_INCLUDE_CACHE_FEATURES=0 LOH_INCLUDE_CANDIDATE_FEATURES=0 LOH_INCLUDE_TOPK_CANDIDATE_FEATURES=0 LOH_INCLUDE_AVGTOPK_CANDIDATE_FEATURES=0 LOH_INCLUDE_REQUEST=0 LOH_ENABLE_PENALTY=1 LOH_REWARD_USE_PENALTY=1 LOH_PENALTY_SCALE=log LOH_PENALTY_REWARD_FORMULA=centered LOH_REWARD_W_PENALTY=1.0 LOH_PENALTY_CUTOFF=0 LOH_PENALTY_DMAX=400000 LOH_PENALTY_EMPTY_AS_GOOD=1 LOH_PENALTY_REFINE_ON_LATE=1 LOH_PENALTY_NO_EVICT_REWARD=keep LOH_PENALTY_BASELINE_DECAY=0.99 LOH_SURVIVAL_BINS=64 LOH_SURVIVAL_QUANTILE=0.99 LOH_SURVIVAL_MINCOUNT=1000 LOH_PENALTY_NET_GOOD_SCALE=1.0 LOH_PENALTY_NET_PENALTY_SCALE=1.0 LOH_PENALTY_DMAX=200000
meta_reag,96,1,9601,bestcfg_penalty_3t_3m_20260207_000001__meta_reag_096_r01,0,0.368209,0.22493,0.01,log,centered,1.0,88.57,94.25,0.88092,-4.0924,1.0,0.10512,LOH_PARALLEL_SAFE=1 LOH_SKIP_PIP_INSTALL=1 LOH_SKIP_BUILD=1 LOH_DEBUG_LEVEL=1 CACHESIM_VERBOSE=0 CACHESIM_NUM_REQ=3000000 LOH_RL_ALGO=SAC LOH_ACTION_SCALE=1.0 LOH_SCORE_USE_COMPOUND=1 LOH_SCORE_USE_IRT=1 LOH_USE_SOFTMAX=1 LOH_USE_HEURISTIC_SIGNS=0 LOH_INCLUDE_HIT_MISS_FEATURES=0 LOH_INCLUDE_CACHE_FEATURES=0 LOH_INCLUDE_CANDIDATE_FEATURES=0 LOH_INCLUDE_TOPK_CANDIDATE_FEATURES=0 LOH_INCLUDE_AVGTOPK_CANDIDATE_FEATURES=0 LOH_INCLUDE_REQUEST=0 LOH_ENABLE_PENALTY=1 LOH_REWARD_USE_PENALTY=1 LOH_PENALTY_SCALE=log LOH_PENALTY_REWARD_FORMULA=centered LOH_REWARD_W_PENALTY=1.0 LOH_PENALTY_CUTOFF=0 LOH_PENALTY_DMAX=400000 LOH_PENALTY_EMPTY_AS_GOOD=1 LOH_PENALTY_REFINE_ON_LATE=1 LOH_PENALTY_NO_EVICT_REWARD=keep LOH_PENALTY_BASELINE_DECAY=0.99 LOH_SURVIVAL_BINS=64 LOH_SURVIVAL_QUANTILE=0.99 LOH_SURVIVAL_MINCOUNT=1000 LOH_PENALTY_NET_GOOD_SCALE=1.0 LOH_PENALTY_NET_PENALTY_SCALE=1.0 LOH_PENALTY_DMAX=400000
meta_reag,97,1,9701,bestcfg_penalty_3t_3m_20260207_000001__meta_reag_097_r01,0,0.368291,0.22543,0.01,log,centered,1.0,92.05,94.1,0.952086,-1.82041,1.0,0.0242173,LOH_PARALLEL_SAFE=1 LOH_SKIP_PIP_INSTALL=1 LOH_SKIP_BUILD=1 LOH_DEBUG_LEVEL=1 CACHESIM_VERBOSE=0 CACHESIM_NUM_REQ=3000000 LOH_RL_ALGO=SAC LOH_ACTION_SCALE=1.0 LOH_SCORE_USE_COMPOUND=1 LOH_SCORE_USE_IRT=1 LOH_USE_SOFTMAX=1 LOH_USE_HEURISTIC_SIGNS=0 LOH_INCLUDE_HIT_MISS_FEATURES=0 LOH_INCLUDE_CACHE_FEATURES=0 LOH_INCLUDE_CANDIDATE_FEATURES=0 LOH_INCLUDE_TOPK_CANDIDATE_FEATURES=0 LOH_INCLUDE_AVGTOPK_CANDIDATE_FEATURES=0 LOH_INCLUDE_REQUEST=0 LOH_ENABLE_PENALTY=1 LOH_REWARD_USE_PENALTY=1 LOH_PENALTY_SCALE=log LOH_PENALTY_REWARD_FORMULA=centered LOH_REWARD_W_PENALTY=1.0 LOH_PENALTY_CUTOFF=0 LOH_PENALTY_DMAX=400000 LOH_PENALTY_EMPTY_AS_GOOD=1 LOH_PENALTY_REFINE_ON_LATE=1 LOH_PENALTY_NO_EVICT_REWARD=keep LOH_PENALTY_BASELINE_DECAY=0.99 LOH_SURVIVAL_BINS=64 LOH_SURVIVAL_QUANTILE=0.99 LOH_SURVIVAL_MINCOUNT=1000 LOH_PENALTY_NET_GOOD_SCALE=1.0 LOH_PENALTY_NET_PENALTY_SCALE=1.0 LOH_PENALTY_EMPTY_AS_GOOD=0
meta_reag,98,1,9801,bestcfg_penalty_3t_3m_20260207_000001__meta_reag_098_r01,0,0.368285,0.224629,0.01,log,centered,1.0,91.89,94.54,0.944473,-3.15794,1.0,0.0338298,LOH_PARALLEL_SAFE=1 LOH_SKIP_PIP_INSTALL=1 LOH_SKIP_BUILD=1 LOH_DEBUG_LEVEL=1 CACHESIM_VERBOSE=0 CACHESIM_NUM_REQ=3000000 LOH_RL_ALGO=SAC LOH_ACTION_SCALE=1.0 LOH_SCORE_USE_COMPOUND=1 LOH_SCORE_USE_IRT=1 LOH_USE_SOFTMAX=1 LOH_USE_HEURISTIC_SIGNS=0 LOH_INCLUDE_HIT_MISS_FEATURES=0 LOH_INCLUDE_CACHE_FEATURES=0 LOH_INCLUDE_CANDIDATE_FEATURES=0 LOH_INCLUDE_TOPK_CANDIDATE_FEATURES=0 LOH_INCLUDE_AVGTOPK_CANDIDATE_FEATURES=0 LOH_INCLUDE_REQUEST=0 LOH_ENABLE_PENALTY=1 LOH_REWARD_USE_PENALTY=1 LOH_PENALTY_SCALE=log LOH_PENALTY_REWARD_FORMULA=centered LOH_REWARD_W_PENALTY=1.0 LOH_PENALTY_CUTOFF=0 LOH_PENALTY_DMAX=400000 LOH_PENALTY_EMPTY_AS_GOOD=1 LOH_PENALTY_REFINE_ON_LATE=1 LOH_PENALTY_NO_EVICT_REWARD=keep LOH_PENALTY_BASELINE_DECAY=0.99 LOH_SURVIVAL_BINS=64 LOH_SURVIVAL_QUANTILE=0.99 LOH_SURVIVAL_MINCOUNT=1000 LOH_PENALTY_NET_GOOD_SCALE=1.0 LOH_PENALTY_NET_PENALTY_SCALE=1.0 LOH_PENALTY_EMPTY_AS_GOOD=1
meta_reag,99,1,9901,bestcfg_penalty_3t_3m_20260207_000001__meta_reag_099_r01,0,0.368183,0.225449,0.01,log,centered,1.0,94.45,94.59,0.95754,-3.37837,1.0,0.0220488,LOH_PARALLEL_SAFE=1 LOH_SKIP_PIP_INSTALL=1 LOH_SKIP_BUILD=1 LOH_DEBUG_LEVEL=1 CACHESIM_VERBOSE=0 CACHESIM_NUM_REQ=3000000 LOH_RL_ALGO=SAC LOH_ACTION_SCALE=1.0 LOH_SCORE_USE_COMPOUND=1 LOH_SCORE_USE_IRT=1 LOH_USE_SOFTMAX=1 LOH_USE_HEURISTIC_SIGNS=0 LOH_INCLUDE_HIT_MISS_FEATURES=0 LOH_INCLUDE_CACHE_FEATURES=0 LOH_INCLUDE_CANDIDATE_FEATURES=0 LOH_INCLUDE_TOPK_CANDIDATE_FEATURES=0 LOH_INCLUDE_AVGTOPK_CANDIDATE_FEATURES=0 LOH_INCLUDE_REQUEST=0 LOH_ENABLE_PENALTY=1 LOH_REWARD_USE_PENALTY=1 LOH_PENALTY_SCALE=log LOH_PENALTY_REWARD_FORMULA=centered LOH_REWARD_W_PENALTY=1.0 LOH_PENALTY_CUTOFF=0 LOH_PENALTY_DMAX=400000 LOH_PENALTY_EMPTY_AS_GOOD=1 LOH_PENALTY_REFINE_ON_LATE=1 LOH_PENALTY_NO_EVICT_REWARD=keep LOH_PENALTY_BASELINE_DECAY=0.99 LOH_SURVIVAL_BINS=64 LOH_SURVIVAL_QUANTILE=0.99 LOH_SURVIVAL_MINCOUNT=1000 LOH_PENALTY_NET_GOOD_SCALE=1.0 LOH_PENALTY_NET_PENALTY_SCALE=1.0 LOH_PENALTY_REFINE_ON_LATE=0
meta_reag,100,1,10001,bestcfg_penalty_3t_3m_20260207_000001__meta_reag_100_r01,0,0.368238,0.225023,0.01,log,centered,1.0,85.44,94.13,0.809519,-6.19263,1.0,0.192994,LOH_PARALLEL_SAFE=1 LOH_SKIP_PIP_INSTALL=1 LOH_SKIP_BUILD=1 LOH_DEBUG_LEVEL=1 CACHESIM_VERBOSE=0 CACHESIM_NUM_REQ=3000000 LOH_RL_ALGO=SAC LOH_ACTION_SCALE=1.0 LOH_SCORE_USE_COMPOUND=1 LOH_SCORE_USE_IRT=1 LOH_USE_SOFTMAX=1 LOH_USE_HEURISTIC_SIGNS=0 LOH_INCLUDE_HIT_MISS_FEATURES=0 LOH_INCLUDE_CACHE_FEATURES=0 LOH_INCLUDE_CANDIDATE_FEATURES=0 LOH_INCLUDE_TOPK_CANDIDATE_FEATURES=0 LOH_INCLUDE_AVGTOPK_CANDIDATE_FEATURES=0 LOH_INCLUDE_REQUEST=0 LOH_ENABLE_PENALTY=1 LOH_REWARD_USE_PENALTY=1 LOH_PENALTY_SCALE=log LOH_PENALTY_REWARD_FORMULA=centered LOH_REWARD_W_PENALTY=1.0 LOH_PENALTY_CUTOFF=0 LOH_PENALTY_DMAX=400000 LOH_PENALTY_EMPTY_AS_GOOD=1 LOH_PENALTY_REFINE_ON_LATE=1 LOH_PENALTY_NO_EVICT_REWARD=keep LOH_PENALTY_BASELINE_DECAY=0.99 LOH_SURVIVAL_BINS=64 LOH_SURVIVAL_QUANTILE=0.99 LOH_SURVIVAL_MINCOUNT=1000 LOH_PENALTY_NET_GOOD_SCALE=1.0 LOH_PENALTY_NET_PENALTY_SCALE=1.0 LOH_PENALTY_REFINE_ON_LATE=1
meta_reag,101,1,10101,bestcfg_penalty_3t_3m_20260207_000001__meta_reag_101_r01,0,0.368282,0.225797,0.01,log,centered,1.0,90.7,94.26,0.920283,-1.6239,1.0,0.0445548,LOH_PARALLEL_SAFE=1 LOH_SKIP_PIP_INSTALL=1 LOH_SKIP_BUILD=1 LOH_DEBUG_LEVEL=1 CACHESIM_VERBOSE=0 CACHESIM_NUM_REQ=3000000 LOH_RL_ALGO=SAC LOH_ACTION_SCALE=1.0 LOH_SCORE_USE_COMPOUND=1 LOH_SCORE_USE_IRT=1 LOH_USE_SOFTMAX=1 LOH_USE_HEURISTIC_SIGNS=0 LOH_INCLUDE_HIT_MISS_FEATURES=0 LOH_INCLUDE_CACHE_FEATURES=0 LOH_INCLUDE_CANDIDATE_FEATURES=0 LOH_INCLUDE_TOPK_CANDIDATE_FEATURES=0 LOH_INCLUDE_AVGTOPK_CANDIDATE_FEATURES=0 LOH_INCLUDE_REQUEST=0 LOH_ENABLE_PENALTY=1 LOH_REWARD_USE_PENALTY=1 LOH_PENALTY_SCALE=log LOH_PENALTY_REWARD_FORMULA=centered LOH_REWARD_W_PENALTY=1.0 LOH_PENALTY_CUTOFF=0 LOH_PENALTY_DMAX=400000 LOH_PENALTY_EMPTY_AS_GOOD=1 LOH_PENALTY_REFINE_ON_LATE=1 LOH_PENALTY_NO_EVICT_REWARD=keep LOH_PENALTY_BASELINE_DECAY=0.99 LOH_SURVIVAL_BINS=64 LOH_SURVIVAL_QUANTILE=0.99 LOH_SURVIVAL_MINCOUNT=1000 LOH_PENALTY_NET_GOOD_SCALE=1.0 LOH_PENALTY_NET_PENALTY_SCALE=1.0 LOH_PENALTY_NO_EVICT_REWARD=keep
meta_reag,102,1,10201,bestcfg_penalty_3t_3m_20260207_000001__meta_reag_102_r01,0,0.368266,0.224286,0.01,log,centered,1.0,88.97,94.69,0.877049,-8.2574,1.0,0.206236,LOH_PARALLEL_SAFE=1 LOH_SKIP_PIP_INSTALL=1 LOH_SKIP_BUILD=1 LOH_DEBUG_LEVEL=1 CACHESIM_VERBOSE=0 CACHESIM_NUM_REQ=3000000 LOH_RL_ALGO=SAC LOH_ACTION_SCALE=1.0 LOH_SCORE_USE_COMPOUND=1 LOH_SCORE_USE_IRT=1 LOH_USE_SOFTMAX=1 LOH_USE_HEURISTIC_SIGNS=0 LOH_INCLUDE_HIT_MISS_FEATURES=0 LOH_INCLUDE_CACHE_FEATURES=0 LOH_INCLUDE_CANDIDATE_FEATURES=0 LOH_INCLUDE_TOPK_CANDIDATE_FEATURES=0 LOH_INCLUDE_AVGTOPK_CANDIDATE_FEATURES=0 LOH_INCLUDE_REQUEST=0 LOH_ENABLE_PENALTY=1 LOH_REWARD_USE_PENALTY=1 LOH_PENALTY_SCALE=log LOH_PENALTY_REWARD_FORMULA=centered LOH_REWARD_W_PENALTY=1.0 LOH_PENALTY_CUTOFF=0 LOH_PENALTY_DMAX=400000 LOH_PENALTY_EMPTY_AS_GOOD=1 LOH_PENALTY_REFINE_ON_LATE=1 LOH_PENALTY_NO_EVICT_REWARD=keep LOH_PENALTY_BASELINE_DECAY=0.99 LOH_SURVIVAL_BINS=64 LOH_SURVIVAL_QUANTILE=0.99 LOH_SURVIVAL_MINCOUNT=1000 LOH_PENALTY_NET_GOOD_SCALE=1.0 LOH_PENALTY_NET_PENALTY_SCALE=1.0 LOH_PENALTY_NO_EVICT_REWARD=zero
meta_reag,103,1,10301,bestcfg_penalty_3t_3m_20260207_000001__meta_reag_103_r01,0,0.368219,0.224897,0.01,log,centered,1.0,88.25,93.83,0.874239,-8.48198,1.0,0.188341,LOH_PARALLEL_SAFE=1 LOH_SKIP_PIP_INSTALL=1 LOH_SKIP_BUILD=1 LOH_DEBUG_LEVEL=1 CACHESIM_VERBOSE=0 CACHESIM_NUM_REQ=3000000 LOH_RL_ALGO=SAC LOH_ACTION_SCALE=1.0 LOH_SCORE_USE_COMPOUND=1 LOH_SCORE_USE_IRT=1 LOH_USE_SOFTMAX=1 LOH_USE_HEURISTIC_SIGNS=0 LOH_INCLUDE_HIT_MISS_FEATURES=0 LOH_INCLUDE_CACHE_FEATURES=0 LOH_INCLUDE_CANDIDATE_FEATURES=0 LOH_INCLUDE_TOPK_CANDIDATE_FEATURES=0 LOH_INCLUDE_AVGTOPK_CANDIDATE_FEATURES=0 LOH_INCLUDE_REQUEST=0 LOH_ENABLE_PENALTY=1 LOH_REWARD_USE_PENALTY=1 LOH_PENALTY_SCALE=log LOH_PENALTY_REWARD_FORMULA=centered LOH_REWARD_W_PENALTY=1.0 LOH_PENALTY_CUTOFF=0 LOH_PENALTY_DMAX=400000 LOH_PENALTY_EMPTY_AS_GOOD=1 LOH_PENALTY_REFINE_ON_LATE=1 LOH_PENALTY_NO_EVICT_REWARD=keep LOH_PENALTY_BASELINE_DECAY=0.99 LOH_SURVIVAL_BINS=64 LOH_SURVIVAL_QUANTILE=0.99 LOH_SURVIVAL_MINCOUNT=1000 LOH_PENALTY_NET_GOOD_SCALE=1.0 LOH_PENALTY_NET_PENALTY_SCALE=1.0 LOH_PENALTY_BASELINE_DECAY=0.95
meta_reag,104,1,10401,bestcfg_penalty_3t_3m_20260207_000001__meta_reag_104_r01,0,0.368199,0.225167,0.01,log,centered,1.0,91.18,94.21,0.934129,-2.44875,1.0,0.0399042,LOH_PARALLEL_SAFE=1 LOH_SKIP_PIP_INSTALL=1 LOH_SKIP_BUILD=1 LOH_DEBUG_LEVEL=1 CACHESIM_VERBOSE=0 CACHESIM_NUM_REQ=3000000 LOH_RL_ALGO=SAC LOH_ACTION_SCALE=1.0 LOH_SCORE_USE_COMPOUND=1 LOH_SCORE_USE_IRT=1 LOH_USE_SOFTMAX=1 LOH_USE_HEURISTIC_SIGNS=0 LOH_INCLUDE_HIT_MISS_FEATURES=0 LOH_INCLUDE_CACHE_FEATURES=0 LOH_INCLUDE_CANDIDATE_FEATURES=0 LOH_INCLUDE_TOPK_CANDIDATE_FEATURES=0 LOH_INCLUDE_AVGTOPK_CANDIDATE_FEATURES=0 LOH_INCLUDE_REQUEST=0 LOH_ENABLE_PENALTY=1 LOH_REWARD_USE_PENALTY=1 LOH_PENALTY_SCALE=log LOH_PENALTY_REWARD_FORMULA=centered LOH_REWARD_W_PENALTY=1.0 LOH_PENALTY_CUTOFF=0 LOH_PENALTY_DMAX=400000 LOH_PENALTY_EMPTY_AS_GOOD=1 LOH_PENALTY_REFINE_ON_LATE=1 LOH_PENALTY_NO_EVICT_REWARD=keep LOH_PENALTY_BASELINE_DECAY=0.99 LOH_SURVIVAL_BINS=64 LOH_SURVIVAL_QUANTILE=0.99 LOH_SURVIVAL_MINCOUNT=1000 LOH_PENALTY_NET_GOOD_SCALE=1.0 LOH_PENALTY_NET_PENALTY_SCALE=1.0 LOH_PENALTY_BASELINE_DECAY=0.99
meta_reag,105,1,10501,bestcfg_penalty_3t_3m_20260207_000001__meta_reag_105_r01,0,0.368261,0.225207,0.01,log,centered,1.0,92.16,94.28,0.958069,-1.44258,1.0,0.0210983,LOH_PARALLEL_SAFE=1 LOH_SKIP_PIP_INSTALL=1 LOH_SKIP_BUILD=1 LOH_DEBUG_LEVEL=1 CACHESIM_VERBOSE=0 CACHESIM_NUM_REQ=3000000 LOH_RL_ALGO=SAC LOH_ACTION_SCALE=1.0 LOH_SCORE_USE_COMPOUND=1 LOH_SCORE_USE_IRT=1 LOH_USE_SOFTMAX=1 LOH_USE_HEURISTIC_SIGNS=0 LOH_INCLUDE_HIT_MISS_FEATURES=0 LOH_INCLUDE_CACHE_FEATURES=0 LOH_INCLUDE_CANDIDATE_FEATURES=0 LOH_INCLUDE_TOPK_CANDIDATE_FEATURES=0 LOH_INCLUDE_AVGTOPK_CANDIDATE_FEATURES=0 LOH_INCLUDE_REQUEST=0 LOH_ENABLE_PENALTY=1 LOH_REWARD_USE_PENALTY=1 LOH_PENALTY_SCALE=log LOH_PENALTY_REWARD_FORMULA=centered LOH_REWARD_W_PENALTY=1.0 LOH_PENALTY_CUTOFF=0 LOH_PENALTY_DMAX=400000 LOH_PENALTY_EMPTY_AS_GOOD=1 LOH_PENALTY_REFINE_ON_LATE=1 LOH_PENALTY_NO_EVICT_REWARD=keep LOH_PENALTY_BASELINE_DECAY=0.99 LOH_SURVIVAL_BINS=64 LOH_SURVIVAL_QUANTILE=0.99 LOH_SURVIVAL_MINCOUNT=1000 LOH_PENALTY_NET_GOOD_SCALE=1.0 LOH_PENALTY_NET_PENALTY_SCALE=1.0 LOH_PENALTY_BASELINE_DECAY=0.995
meta_reag,106,1,10601,bestcfg_penalty_3t_3m_20260207_000001__meta_reag_106_r01,0,0.368181,0.225312,0.01,survival,centered,1.0,89.1,94.93,0.879492,-11.4186,1.0,0.110957,LOH_PARALLEL_SAFE=1 LOH_SKIP_PIP_INSTALL=1 LOH_SKIP_BUILD=1 LOH_DEBUG_LEVEL=1 CACHESIM_VERBOSE=0 CACHESIM_NUM_REQ=3000000 LOH_RL_ALGO=SAC LOH_ACTION_SCALE=1.0 LOH_SCORE_USE_COMPOUND=1 LOH_SCORE_USE_IRT=1 LOH_USE_SOFTMAX=1 LOH_USE_HEURISTIC_SIGNS=0 LOH_INCLUDE_HIT_MISS_FEATURES=0 LOH_INCLUDE_CACHE_FEATURES=0 LOH_INCLUDE_CANDIDATE_FEATURES=0 LOH_INCLUDE_TOPK_CANDIDATE_FEATURES=0 LOH_INCLUDE_AVGTOPK_CANDIDATE_FEATURES=0 LOH_INCLUDE_REQUEST=0 LOH_ENABLE_PENALTY=1 LOH_REWARD_USE_PENALTY=1 LOH_PENALTY_SCALE=log LOH_PENALTY_REWARD_FORMULA=centered LOH_REWARD_W_PENALTY=1.0 LOH_PENALTY_CUTOFF=0 LOH_PENALTY_DMAX=400000 LOH_PENALTY_EMPTY_AS_GOOD=1 LOH_PENALTY_REFINE_ON_LATE=1 LOH_PENALTY_NO_EVICT_REWARD=keep LOH_PENALTY_BASELINE_DECAY=0.99 LOH_SURVIVAL_BINS=64 LOH_SURVIVAL_QUANTILE=0.99 LOH_SURVIVAL_MINCOUNT=1000 LOH_PENALTY_NET_GOOD_SCALE=1.0 LOH_PENALTY_NET_PENALTY_SCALE=1.0 LOH_PENALTY_SCALE=survival LOH_SURVIVAL_QUANTILE=0.95
meta_reag,107,1,10701,bestcfg_penalty_3t_3m_20260207_000001__meta_reag_107_r01,0,0.368213,0.224736,0.01,survival,centered,1.0,89.53,94.51,0.895096,-23.3496,1.0,0.087197,LOH_PARALLEL_SAFE=1 LOH_SKIP_PIP_INSTALL=1 LOH_SKIP_BUILD=1 LOH_DEBUG_LEVEL=1 CACHESIM_VERBOSE=0 CACHESIM_NUM_REQ=3000000 LOH_RL_ALGO=SAC LOH_ACTION_SCALE=1.0 LOH_SCORE_USE_COMPOUND=1 LOH_SCORE_USE_IRT=1 LOH_USE_SOFTMAX=1 LOH_USE_HEURISTIC_SIGNS=0 LOH_INCLUDE_HIT_MISS_FEATURES=0 LOH_INCLUDE_CACHE_FEATURES=0 LOH_INCLUDE_CANDIDATE_FEATURES=0 LOH_INCLUDE_TOPK_CANDIDATE_FEATURES=0 LOH_INCLUDE_AVGTOPK_CANDIDATE_FEATURES=0 LOH_INCLUDE_REQUEST=0 LOH_ENABLE_PENALTY=1 LOH_REWARD_USE_PENALTY=1 LOH_PENALTY_SCALE=log LOH_PENALTY_REWARD_FORMULA=centered LOH_REWARD_W_PENALTY=1.0 LOH_PENALTY_CUTOFF=0 LOH_PENALTY_DMAX=400000 LOH_PENALTY_EMPTY_AS_GOOD=1 LOH_PENALTY_REFINE_ON_LATE=1 LOH_PENALTY_NO_EVICT_REWARD=keep LOH_PENALTY_BASELINE_DECAY=0.99 LOH_SURVIVAL_BINS=64 LOH_SURVIVAL_QUANTILE=0.99 LOH_SURVIVAL_MINCOUNT=1000 LOH_PENALTY_NET_GOOD_SCALE=1.0 LOH_PENALTY_NET_PENALTY_SCALE=1.0 LOH_PENALTY_SCALE=survival LOH_SURVIVAL_QUANTILE=0.99
meta_reag,108,1,10801,bestcfg_penalty_3t_3m_20260207_000001__meta_reag_108_r01,0,0.368298,0.22477,0.01,survival,centered,1.0,91.44,94.42,0.924968,-9.4994,1.0,0.0568431,LOH_PARALLEL_SAFE=1 LOH_SKIP_PIP_INSTALL=1 LOH_SKIP_BUILD=1 LOH_DEBUG_LEVEL=1 CACHESIM_VERBOSE=0 CACHESIM_NUM_REQ=3000000 LOH_RL_ALGO=SAC LOH_ACTION_SCALE=1.0 LOH_SCORE_USE_COMPOUND=1 LOH_SCORE_USE_IRT=1 LOH_USE_SOFTMAX=1 LOH_USE_HEURISTIC_SIGNS=0 LOH_INCLUDE_HIT_MISS_FEATURES=0 LOH_INCLUDE_CACHE_FEATURES=0 LOH_INCLUDE_CANDIDATE_FEATURES=0 LOH_INCLUDE_TOPK_CANDIDATE_FEATURES=0 LOH_INCLUDE_AVGTOPK_CANDIDATE_FEATURES=0 LOH_INCLUDE_REQUEST=0 LOH_ENABLE_PENALTY=1 LOH_REWARD_USE_PENALTY=1 LOH_PENALTY_SCALE=log LOH_PENALTY_REWARD_FORMULA=centered LOH_REWARD_W_PENALTY=1.0 LOH_PENALTY_CUTOFF=0 LOH_PENALTY_DMAX=400000 LOH_PENALTY_EMPTY_AS_GOOD=1 LOH_PENALTY_REFINE_ON_LATE=1 LOH_PENALTY_NO_EVICT_REWARD=keep LOH_PENALTY_BASELINE_DECAY=0.99 LOH_SURVIVAL_BINS=64 LOH_SURVIVAL_QUANTILE=0.99 LOH_SURVIVAL_MINCOUNT=1000 LOH_PENALTY_NET_GOOD_SCALE=1.0 LOH_PENALTY_NET_PENALTY_SCALE=1.0 LOH_PENALTY_SCALE=survival LOH_SURVIVAL_BINS=32
meta_reag,109,1,10901,bestcfg_penalty_3t_3m_20260207_000001__meta_reag_109_r01,0,0.368222,0.225513,0.01,survival,centered,1.0,88.66,94.75,0.871232,-36.4384,1.0,0.314865,LOH_PARALLEL_SAFE=1 LOH_SKIP_PIP_INSTALL=1 LOH_SKIP_BUILD=1 LOH_DEBUG_LEVEL=1 CACHESIM_VERBOSE=0 CACHESIM_NUM_REQ=3000000 LOH_RL_ALGO=SAC LOH_ACTION_SCALE=1.0 LOH_SCORE_USE_COMPOUND=1 LOH_SCORE_USE_IRT=1 LOH_USE_SOFTMAX=1 LOH_USE_HEURISTIC_SIGNS=0 LOH_INCLUDE_HIT_MISS_FEATURES=0 LOH_INCLUDE_CACHE_FEATURES=0 LOH_INCLUDE_CANDIDATE_FEATURES=0 LOH_INCLUDE_TOPK_CANDIDATE_FEATURES=0 LOH_INCLUDE_AVGTOPK_CANDIDATE_FEATURES=0 LOH_INCLUDE_REQUEST=0 LOH_ENABLE_PENALTY=1 LOH_REWARD_USE_PENALTY=1 LOH_PENALTY_SCALE=log LOH_PENALTY_REWARD_FORMULA=centered LOH_REWARD_W_PENALTY=1.0 LOH_PENALTY_CUTOFF=0 LOH_PENALTY_DMAX=400000 LOH_PENALTY_EMPTY_AS_GOOD=1 LOH_PENALTY_REFINE_ON_LATE=1 LOH_PENALTY_NO_EVICT_REWARD=keep LOH_PENALTY_BASELINE_DECAY=0.99 LOH_SURVIVAL_BINS=64 LOH_SURVIVAL_QUANTILE=0.99 LOH_SURVIVAL_MINCOUNT=1000 LOH_PENALTY_NET_GOOD_SCALE=1.0 LOH_PENALTY_NET_PENALTY_SCALE=1.0 LOH_PENALTY_SCALE=survival LOH_SURVIVAL_BINS=64
meta_reag,110,1,11001,bestcfg_penalty_3t_3m_20260207_000001__meta_reag_110_r01,0,0.368247,0.22471,0.01,survival,centered,1.0,91.9,94.96,0.926797,-5.98361,1.0,0.0496867,LOH_PARALLEL_SAFE=1 LOH_SKIP_PIP_INSTALL=1 LOH_SKIP_BUILD=1 LOH_DEBUG_LEVEL=1 CACHESIM_VERBOSE=0 CACHESIM_NUM_REQ=3000000 LOH_RL_ALGO=SAC LOH_ACTION_SCALE=1.0 LOH_SCORE_USE_COMPOUND=1 LOH_SCORE_USE_IRT=1 LOH_USE_SOFTMAX=1 LOH_USE_HEURISTIC_SIGNS=0 LOH_INCLUDE_HIT_MISS_FEATURES=0 LOH_INCLUDE_CACHE_FEATURES=0 LOH_INCLUDE_CANDIDATE_FEATURES=0 LOH_INCLUDE_TOPK_CANDIDATE_FEATURES=0 LOH_INCLUDE_AVGTOPK_CANDIDATE_FEATURES=0 LOH_INCLUDE_REQUEST=0 LOH_ENABLE_PENALTY=1 LOH_REWARD_USE_PENALTY=1 LOH_PENALTY_SCALE=log LOH_PENALTY_REWARD_FORMULA=centered LOH_REWARD_W_PENALTY=1.0 LOH_PENALTY_CUTOFF=0 LOH_PENALTY_DMAX=400000 LOH_PENALTY_EMPTY_AS_GOOD=1 LOH_PENALTY_REFINE_ON_LATE=1 LOH_PENALTY_NO_EVICT_REWARD=keep LOH_PENALTY_BASELINE_DECAY=0.99 LOH_SURVIVAL_BINS=64 LOH_SURVIVAL_QUANTILE=0.99 LOH_SURVIVAL_MINCOUNT=1000 LOH_PENALTY_NET_GOOD_SCALE=1.0 LOH_PENALTY_NET_PENALTY_SCALE=1.0 LOH_PENALTY_SCALE=survival LOH_SURVIVAL_MINCOUNT=500
meta_reag,111,1,11101,bestcfg_penalty_3t_3m_20260207_000001__meta_reag_111_r01,0,0.368205,0.225172,0.01,survival,centered,1.0,92.49,94.62,0.948088,-2.41536,1.0,0.0264344,LOH_PARALLEL_SAFE=1 LOH_SKIP_PIP_INSTALL=1 LOH_SKIP_BUILD=1 LOH_DEBUG_LEVEL=1 CACHESIM_VERBOSE=0 CACHESIM_NUM_REQ=3000000 LOH_RL_ALGO=SAC LOH_ACTION_SCALE=1.0 LOH_SCORE_USE_COMPOUND=1 LOH_SCORE_USE_IRT=1 LOH_USE_SOFTMAX=1 LOH_USE_HEURISTIC_SIGNS=0 LOH_INCLUDE_HIT_MISS_FEATURES=0 LOH_INCLUDE_CACHE_FEATURES=0 LOH_INCLUDE_CANDIDATE_FEATURES=0 LOH_INCLUDE_TOPK_CANDIDATE_FEATURES=0 LOH_INCLUDE_AVGTOPK_CANDIDATE_FEATURES=0 LOH_INCLUDE_REQUEST=0 LOH_ENABLE_PENALTY=1 LOH_REWARD_USE_PENALTY=1 LOH_PENALTY_SCALE=log LOH_PENALTY_REWARD_FORMULA=centered LOH_REWARD_W_PENALTY=1.0 LOH_PENALTY_CUTOFF=0 LOH_PENALTY_DMAX=400000 LOH_PENALTY_EMPTY_AS_GOOD=1 LOH_PENALTY_REFINE_ON_LATE=1 LOH_PENALTY_NO_EVICT_REWARD=keep LOH_PENALTY_BASELINE_DECAY=0.99 LOH_SURVIVAL_BINS=64 LOH_SURVIVAL_QUANTILE=0.99 LOH_SURVIVAL_MINCOUNT=1000 LOH_PENALTY_NET_GOOD_SCALE=1.0 LOH_PENALTY_NET_PENALTY_SCALE=1.0 LOH_PENALTY_SCALE=survival LOH_SURVIVAL_MINCOUNT=1000
meta_reag,112,1,11201,bestcfg_penalty_3t_3m_20260207_000001__meta_reag_112_r01,0,0.368287,0.224492,0.01,log,net,1.0,88.34,4.6,-0.0658395,-6.39578,0.0,0.308837,LOH_PARALLEL_SAFE=1 LOH_SKIP_PIP_INSTALL=1 LOH_SKIP_BUILD=1 LOH_DEBUG_LEVEL=1 CACHESIM_VERBOSE=0 CACHESIM_NUM_REQ=3000000 LOH_RL_ALGO=SAC LOH_ACTION_SCALE=1.0 LOH_SCORE_USE_COMPOUND=1 LOH_SCORE_USE_IRT=1 LOH_USE_SOFTMAX=1 LOH_USE_HEURISTIC_SIGNS=0 LOH_INCLUDE_HIT_MISS_FEATURES=0 LOH_INCLUDE_CACHE_FEATURES=0 LOH_INCLUDE_CANDIDATE_FEATURES=0 LOH_INCLUDE_TOPK_CANDIDATE_FEATURES=0 LOH_INCLUDE_AVGTOPK_CANDIDATE_FEATURES=0 LOH_INCLUDE_REQUEST=0 LOH_ENABLE_PENALTY=1 LOH_REWARD_USE_PENALTY=1 LOH_PENALTY_SCALE=log LOH_PENALTY_REWARD_FORMULA=centered LOH_REWARD_W_PENALTY=1.0 LOH_PENALTY_CUTOFF=0 LOH_PENALTY_DMAX=400000 LOH_PENALTY_EMPTY_AS_GOOD=1 LOH_PENALTY_REFINE_ON_LATE=1 LOH_PENALTY_NO_EVICT_REWARD=keep LOH_PENALTY_BASELINE_DECAY=0.99 LOH_SURVIVAL_BINS=64 LOH_SURVIVAL_QUANTILE=0.99 LOH_SURVIVAL_MINCOUNT=1000 LOH_PENALTY_NET_GOOD_SCALE=1.0 LOH_PENALTY_NET_PENALTY_SCALE=1.0 LOH_PENALTY_REWARD_FORMULA=net LOH_PENALTY_NET_GOOD_SCALE=0.5
meta_reag,113,1,11301,bestcfg_penalty_3t_3m_20260207_000001__meta_reag_113_r01,0,0.36832,0.225571,0.01,log,net,1.0,88.52,4.38,-0.0623583,-4.41137,0.0,0.207386,LOH_PARALLEL_SAFE=1 LOH_SKIP_PIP_INSTALL=1 LOH_SKIP_BUILD=1 LOH_DEBUG_LEVEL=1 CACHESIM_VERBOSE=0 CACHESIM_NUM_REQ=3000000 LOH_RL_ALGO=SAC LOH_ACTION_SCALE=1.0 LOH_SCORE_USE_COMPOUND=1 LOH_SCORE_USE_IRT=1 LOH_USE_SOFTMAX=1 LOH_USE_HEURISTIC_SIGNS=0 LOH_INCLUDE_HIT_MISS_FEATURES=0 LOH_INCLUDE_CACHE_FEATURES=0 LOH_INCLUDE_CANDIDATE_FEATURES=0 LOH_INCLUDE_TOPK_CANDIDATE_FEATURES=0 LOH_INCLUDE_AVGTOPK_CANDIDATE_FEATURES=0 LOH_INCLUDE_REQUEST=0 LOH_ENABLE_PENALTY=1 LOH_REWARD_USE_PENALTY=1 LOH_PENALTY_SCALE=log LOH_PENALTY_REWARD_FORMULA=centered LOH_REWARD_W_PENALTY=1.0 LOH_PENALTY_CUTOFF=0 LOH_PENALTY_DMAX=400000 LOH_PENALTY_EMPTY_AS_GOOD=1 LOH_PENALTY_REFINE_ON_LATE=1 LOH_PENALTY_NO_EVICT_REWARD=keep LOH_PENALTY_BASELINE_DECAY=0.99 LOH_SURVIVAL_BINS=64 LOH_SURVIVAL_QUANTILE=0.99 LOH_SURVIVAL_MINCOUNT=1000 LOH_PENALTY_NET_GOOD_SCALE=1.0 LOH_PENALTY_NET_PENALTY_SCALE=1.0 LOH_PENALTY_REWARD_FORMULA=net LOH_PENALTY_NET_GOOD_SCALE=1.0
meta_reag,114,1,11401,bestcfg_penalty_3t_3m_20260207_000001__meta_reag_114_r01,0,0.368222,0.224698,0.01,log,net,1.0,92.06,0.25,-0.027926,-1.33645,0.0,0.0282605,LOH_PARALLEL_SAFE=1 LOH_SKIP_PIP_INSTALL=1 LOH_SKIP_BUILD=1 LOH_DEBUG_LEVEL=1 CACHESIM_VERBOSE=0 CACHESIM_NUM_REQ=3000000 LOH_RL_ALGO=SAC LOH_ACTION_SCALE=1.0 LOH_SCORE_USE_COMPOUND=1 LOH_SCORE_USE_IRT=1 LOH_USE_SOFTMAX=1 LOH_USE_HEURISTIC_SIGNS=0 LOH_INCLUDE_HIT_MISS_FEATURES=0 LOH_INCLUDE_CACHE_FEATURES=0 LOH_INCLUDE_CANDIDATE_FEATURES=0 LOH_INCLUDE_TOPK_CANDIDATE_FEATURES=0 LOH_INCLUDE_AVGTOPK_CANDIDATE_FEATURES=0 LOH_INCLUDE_REQUEST=0 LOH_ENABLE_PENALTY=1 LOH_REWARD_USE_PENALTY=1 LOH_PENALTY_SCALE=log LOH_PENALTY_REWARD_FORMULA=centered LOH_REWARD_W_PENALTY=1.0 LOH_PENALTY_CUTOFF=0 LOH_PENALTY_DMAX=400000 LOH_PENALTY_EMPTY_AS_GOOD=1 LOH_PENALTY_REFINE_ON_LATE=1 LOH_PENALTY_NO_EVICT_REWARD=keep LOH_PENALTY_BASELINE_DECAY=0.99 LOH_SURVIVAL_BINS=64 LOH_SURVIVAL_QUANTILE=0.99 LOH_SURVIVAL_MINCOUNT=1000 LOH_PENALTY_NET_GOOD_SCALE=1.0 LOH_PENALTY_NET_PENALTY_SCALE=1.0 LOH_PENALTY_REWARD_FORMULA=net LOH_PENALTY_NET_GOOD_SCALE=2.0
meta_reag,115,1,11501,bestcfg_penalty_3t_3m_20260207_000001__meta_reag_115_r01,0,0.368285,0.224867,0.01,log,net,1.0,88.49,3.64,-0.0500001,-1.88491,0.0,0.163939,LOH_PARALLEL_SAFE=1 LOH_SKIP_PIP_INSTALL=1 LOH_SKIP_BUILD=1 LOH_DEBUG_LEVEL=1 CACHESIM_VERBOSE=0 CACHESIM_NUM_REQ=3000000 LOH_RL_ALGO=SAC LOH_ACTION_SCALE=1.0 LOH_SCORE_USE_COMPOUND=1 LOH_SCORE_USE_IRT=1 LOH_USE_SOFTMAX=1 LOH_USE_HEURISTIC_SIGNS=0 LOH_INCLUDE_HIT_MISS_FEATURES=0 LOH_INCLUDE_CACHE_FEATURES=0 LOH_INCLUDE_CANDIDATE_FEATURES=0 LOH_INCLUDE_TOPK_CANDIDATE_FEATURES=0 LOH_INCLUDE_AVGTOPK_CANDIDATE_FEATURES=0 LOH_INCLUDE_REQUEST=0 LOH_ENABLE_PENALTY=1 LOH_REWARD_USE_PENALTY=1 LOH_PENALTY_SCALE=log LOH_PENALTY_REWARD_FORMULA=centered LOH_REWARD_W_PENALTY=1.0 LOH_PENALTY_CUTOFF=0 LOH_PENALTY_DMAX=400000 LOH_PENALTY_EMPTY_AS_GOOD=1 LOH_PENALTY_REFINE_ON_LATE=1 LOH_PENALTY_NO_EVICT_REWARD=keep LOH_PENALTY_BASELINE_DECAY=0.99 LOH_SURVIVAL_BINS=64 LOH_SURVIVAL_QUANTILE=0.99 LOH_SURVIVAL_MINCOUNT=1000 LOH_PENALTY_NET_GOOD_SCALE=1.0 LOH_PENALTY_NET_PENALTY_SCALE=1.0 LOH_PENALTY_REWARD_FORMULA=net LOH_PENALTY_NET_PENALTY_SCALE=0.5
meta_reag,116,1,11601,bestcfg_penalty_3t_3m_20260207_000001__meta_reag_116_r01,0,0.368222,0.225553,0.01,log,net,1.0,85.9,7.17,-0.0922317,-5.18793,0.0,0.276974,LOH_PARALLEL_SAFE=1 LOH_SKIP_PIP_INSTALL=1 LOH_SKIP_BUILD=1 LOH_DEBUG_LEVEL=1 CACHESIM_VERBOSE=0 CACHESIM_NUM_REQ=3000000 LOH_RL_ALGO=SAC LOH_ACTION_SCALE=1.0 LOH_SCORE_USE_COMPOUND=1 LOH_SCORE_USE_IRT=1 LOH_USE_SOFTMAX=1 LOH_USE_HEURISTIC_SIGNS=0 LOH_INCLUDE_HIT_MISS_FEATURES=0 LOH_INCLUDE_CACHE_FEATURES=0 LOH_INCLUDE_CANDIDATE_FEATURES=0 LOH_INCLUDE_TOPK_CANDIDATE_FEATURES=0 LOH_INCLUDE_AVGTOPK_CANDIDATE_FEATURES=0 LOH_INCLUDE_REQUEST=0 LOH_ENABLE_PENALTY=1 LOH_REWARD_USE_PENALTY=1 LOH_PENALTY_SCALE=log LOH_PENALTY_REWARD_FORMULA=centered LOH_REWARD_W_PENALTY=1.0 LOH_PENALTY_CUTOFF=0 LOH_PENALTY_DMAX=400000 LOH_PENALTY_EMPTY_AS_GOOD=1 LOH_PENALTY_REFINE_ON_LATE=1 LOH_PENALTY_NO_EVICT_REWARD=keep LOH_PENALTY_BASELINE_DECAY=0.99 LOH_SURVIVAL_BINS=64 LOH_SURVIVAL_QUANTILE=0.99 LOH_SURVIVAL_MINCOUNT=1000 LOH_PENALTY_NET_GOOD_SCALE=1.0 LOH_PENALTY_NET_PENALTY_SCALE=1.0 LOH_PENALTY_REWARD_FORMULA=net LOH_PENALTY_NET_PENALTY_SCALE=1.0
meta_reag,117,1,11701,bestcfg_penalty_3t_3m_20260207_000001__meta_reag_117_r01,0,0.368196,0.225255,0.01,log,net,1.0,89.39,4.3,-0.065976,-3.41074,0.0,0.0719204,LOH_PARALLEL_SAFE=1 LOH_SKIP_PIP_INSTALL=1 LOH_SKIP_BUILD=1 LOH_DEBUG_LEVEL=1 CACHESIM_VERBOSE=0 CACHESIM_NUM_REQ=3000000 LOH_RL_ALGO=SAC LOH_ACTION_SCALE=1.0 LOH_SCORE_USE_COMPOUND=1 LOH_SCORE_USE_IRT=1 LOH_USE_SOFTMAX=1 LOH_USE_HEURISTIC_SIGNS=0 LOH_INCLUDE_HIT_MISS_FEATURES=0 LOH_INCLUDE_CACHE_FEATURES=0 LOH_INCLUDE_CANDIDATE_FEATURES=0 LOH_INCLUDE_TOPK_CANDIDATE_FEATURES=0 LOH_INCLUDE_AVGTOPK_CANDIDATE_FEATURES=0 LOH_INCLUDE_REQUEST=0 LOH_ENABLE_PENALTY=1 LOH_REWARD_USE_PENALTY=1 LOH_PENALTY_SCALE=log LOH_PENALTY_REWARD_FORMULA=centered LOH_REWARD_W_PENALTY=1.0 LOH_PENALTY_CUTOFF=0 LOH_PENALTY_DMAX=400000 LOH_PENALTY_EMPTY_AS_GOOD=1 LOH_PENALTY_REFINE_ON_LATE=1 LOH_PENALTY_NO_EVICT_REWARD=keep LOH_PENALTY_BASELINE_DECAY=0.99 LOH_SURVIVAL_BINS=64 LOH_SURVIVAL_QUANTILE=0.99 LOH_SURVIVAL_MINCOUNT=1000 LOH_PENALTY_NET_GOOD_SCALE=1.0 LOH_PENALTY_NET_PENALTY_SCALE=1.0 LOH_PENALTY_REWARD_FORMULA=net LOH_PENALTY_NET_PENALTY_SCALE=2.0
meta_reag,118,1,11801,bestcfg_penalty_3t_3m_20260207_000001__meta_reag_118_r01,0,0.368259,0.225114,0.01,log,net2,1.0,91.98,2.01,-0.521292,-2.06098,-0.5,0.0285996,LOH_PARALLEL_SAFE=1 LOH_SKIP_PIP_INSTALL=1 LOH_SKIP_BUILD=1 LOH_DEBUG_LEVEL=1 CACHESIM_VERBOSE=0 CACHESIM_NUM_REQ=3000000 LOH_RL_ALGO=SAC LOH_ACTION_SCALE=1.0 LOH_SCORE_USE_COMPOUND=1 LOH_SCORE_USE_IRT=1 LOH_USE_SOFTMAX=1 LOH_USE_HEURISTIC_SIGNS=0 LOH_INCLUDE_HIT_MISS_FEATURES=0 LOH_INCLUDE_CACHE_FEATURES=0 LOH_INCLUDE_CANDIDATE_FEATURES=0 LOH_INCLUDE_TOPK_CANDIDATE_FEATURES=0 LOH_INCLUDE_AVGTOPK_CANDIDATE_FEATURES=0 LOH_INCLUDE_REQUEST=0 LOH_ENABLE_PENALTY=1 LOH_REWARD_USE_PENALTY=1 LOH_PENALTY_SCALE=log LOH_PENALTY_REWARD_FORMULA=centered LOH_REWARD_W_PENALTY=1.0 LOH_PENALTY_CUTOFF=0 LOH_PENALTY_DMAX=400000 LOH_PENALTY_EMPTY_AS_GOOD=1 LOH_PENALTY_REFINE_ON_LATE=1 LOH_PENALTY_NO_EVICT_REWARD=keep LOH_PENALTY_BASELINE_DECAY=0.99 LOH_SURVIVAL_BINS=64 LOH_SURVIVAL_QUANTILE=0.99 LOH_SURVIVAL_MINCOUNT=1000 LOH_PENALTY_NET_GOOD_SCALE=1.0 LOH_PENALTY_NET_PENALTY_SCALE=1.0 LOH_PENALTY_REWARD_FORMULA=net2 LOH_PENALTY_NET_GOOD_SCALE=0.5
meta_reag,119,1,11901,bestcfg_penalty_3t_3m_20260207_000001__meta_reag_119_r01,0,0.368213,0.224355,0.01,log,net2,1.0,87.39,100.0,-1.0,-4.29716,-1.0,0.190107,LOH_PARALLEL_SAFE=1 LOH_SKIP_PIP_INSTALL=1 LOH_SKIP_BUILD=1 LOH_DEBUG_LEVEL=1 CACHESIM_VERBOSE=0 CACHESIM_NUM_REQ=3000000 LOH_RL_ALGO=SAC LOH_ACTION_SCALE=1.0 LOH_SCORE_USE_COMPOUND=1 LOH_SCORE_USE_IRT=1 LOH_USE_SOFTMAX=1 LOH_USE_HEURISTIC_SIGNS=0 LOH_INCLUDE_HIT_MISS_FEATURES=0 LOH_INCLUDE_CACHE_FEATURES=0 LOH_INCLUDE_CANDIDATE_FEATURES=0 LOH_INCLUDE_TOPK_CANDIDATE_FEATURES=0 LOH_INCLUDE_AVGTOPK_CANDIDATE_FEATURES=0 LOH_INCLUDE_REQUEST=0 LOH_ENABLE_PENALTY=1 LOH_REWARD_USE_PENALTY=1 LOH_PENALTY_SCALE=log LOH_PENALTY_REWARD_FORMULA=centered LOH_REWARD_W_PENALTY=1.0 LOH_PENALTY_CUTOFF=0 LOH_PENALTY_DMAX=400000 LOH_PENALTY_EMPTY_AS_GOOD=1 LOH_PENALTY_REFINE_ON_LATE=1 LOH_PENALTY_NO_EVICT_REWARD=keep LOH_PENALTY_BASELINE_DECAY=0.99 LOH_SURVIVAL_BINS=64 LOH_SURVIVAL_QUANTILE=0.99 LOH_SURVIVAL_MINCOUNT=1000 LOH_PENALTY_NET_GOOD_SCALE=1.0 LOH_PENALTY_NET_PENALTY_SCALE=1.0 LOH_PENALTY_REWARD_FORMULA=net2 LOH_PENALTY_NET_GOOD_SCALE=1.0
meta_reag,120,1,12001,bestcfg_penalty_3t_3m_20260207_000001__meta_reag_120_r01,0,0.368148,0.225243,0.01,log,net2,1.0,92.3,100.0,-1.0,-3.50725,-2.0,0.0231787,LOH_PARALLEL_SAFE=1 LOH_SKIP_PIP_INSTALL=1 LOH_SKIP_BUILD=1 LOH_DEBUG_LEVEL=1 CACHESIM_VERBOSE=0 CACHESIM_NUM_REQ=3000000 LOH_RL_ALGO=SAC LOH_ACTION_SCALE=1.0 LOH_SCORE_USE_COMPOUND=1 LOH_SCORE_USE_IRT=1 LOH_USE_SOFTMAX=1 LOH_USE_HEURISTIC_SIGNS=0 LOH_INCLUDE_HIT_MISS_FEATURES=0 LOH_INCLUDE_CACHE_FEATURES=0 LOH_INCLUDE_CANDIDATE_FEATURES=0 LOH_INCLUDE_TOPK_CANDIDATE_FEATURES=0 LOH_INCLUDE_AVGTOPK_CANDIDATE_FEATURES=0 LOH_INCLUDE_REQUEST=0 LOH_ENABLE_PENALTY=1 LOH_REWARD_USE_PENALTY=1 LOH_PENALTY_SCALE=log LOH_PENALTY_REWARD_FORMULA=centered LOH_REWARD_W_PENALTY=1.0 LOH_PENALTY_CUTOFF=0 LOH_PENALTY_DMAX=400000 LOH_PENALTY_EMPTY_AS_GOOD=1 LOH_PENALTY_REFINE_ON_LATE=1 LOH_PENALTY_NO_EVICT_REWARD=keep LOH_PENALTY_BASELINE_DECAY=0.99 LOH_SURVIVAL_BINS=64 LOH_SURVIVAL_QUANTILE=0.99 LOH_SURVIVAL_MINCOUNT=1000 LOH_PENALTY_NET_GOOD_SCALE=1.0 LOH_PENALTY_NET_PENALTY_SCALE=1.0 LOH_PENALTY_REWARD_FORMULA=net2 LOH_PENALTY_NET_GOOD_SCALE=2.0
meta_reag,121,1,12101,bestcfg_penalty_3t_3m_20260207_000001__meta_reag_121_r01,0,0.368148,0.225467,0.01,log,net2,1.0,91.97,100.0,-1.0,-1.7051,-1.0,0.024114,LOH_PARALLEL_SAFE=1 LOH_SKIP_PIP_INSTALL=1 LOH_SKIP_BUILD=1 LOH_DEBUG_LEVEL=1 CACHESIM_VERBOSE=0 CACHESIM_NUM_REQ=3000000 LOH_RL_ALGO=SAC LOH_ACTION_SCALE=1.0 LOH_SCORE_USE_COMPOUND=1 LOH_SCORE_USE_IRT=1 LOH_USE_SOFTMAX=1 LOH_USE_HEURISTIC_SIGNS=0 LOH_INCLUDE_HIT_MISS_FEATURES=0 LOH_INCLUDE_CACHE_FEATURES=0 LOH_INCLUDE_CANDIDATE_FEATURES=0 LOH_INCLUDE_TOPK_CANDIDATE_FEATURES=0 LOH_INCLUDE_AVGTOPK_CANDIDATE_FEATURES=0 LOH_INCLUDE_REQUEST=0 LOH_ENABLE_PENALTY=1 LOH_REWARD_USE_PENALTY=1 LOH_PENALTY_SCALE=log LOH_PENALTY_REWARD_FORMULA=centered LOH_REWARD_W_PENALTY=1.0 LOH_PENALTY_CUTOFF=0 LOH_PENALTY_DMAX=400000 LOH_PENALTY_EMPTY_AS_GOOD=1 LOH_PENALTY_REFINE_ON_LATE=1 LOH_PENALTY_NO_EVICT_REWARD=keep LOH_PENALTY_BASELINE_DECAY=0.99 LOH_SURVIVAL_BINS=64 LOH_SURVIVAL_QUANTILE=0.99 LOH_SURVIVAL_MINCOUNT=1000 LOH_PENALTY_NET_GOOD_SCALE=1.0 LOH_PENALTY_NET_PENALTY_SCALE=1.0 LOH_PENALTY_REWARD_FORMULA=net2 LOH_PENALTY_NET_PENALTY_SCALE=0.5
meta_reag,122,1,12201,bestcfg_penalty_3t_3m_20260207_000001__meta_reag_122_r01,0,0.368248,0.224483,0.01,log,net2,1.0,90.0,100.0,-1.0,-2.86618,-1.0,0.0560882,LOH_PARALLEL_SAFE=1 LOH_SKIP_PIP_INSTALL=1 LOH_SKIP_BUILD=1 LOH_DEBUG_LEVEL=1 CACHESIM_VERBOSE=0 CACHESIM_NUM_REQ=3000000 LOH_RL_ALGO=SAC LOH_ACTION_SCALE=1.0 LOH_SCORE_USE_COMPOUND=1 LOH_SCORE_USE_IRT=1 LOH_USE_SOFTMAX=1 LOH_USE_HEURISTIC_SIGNS=0 LOH_INCLUDE_HIT_MISS_FEATURES=0 LOH_INCLUDE_CACHE_FEATURES=0 LOH_INCLUDE_CANDIDATE_FEATURES=0 LOH_INCLUDE_TOPK_CANDIDATE_FEATURES=0 LOH_INCLUDE_AVGTOPK_CANDIDATE_FEATURES=0 LOH_INCLUDE_REQUEST=0 LOH_ENABLE_PENALTY=1 LOH_REWARD_USE_PENALTY=1 LOH_PENALTY_SCALE=log LOH_PENALTY_REWARD_FORMULA=centered LOH_REWARD_W_PENALTY=1.0 LOH_PENALTY_CUTOFF=0 LOH_PENALTY_DMAX=400000 LOH_PENALTY_EMPTY_AS_GOOD=1 LOH_PENALTY_REFINE_ON_LATE=1 LOH_PENALTY_NO_EVICT_REWARD=keep LOH_PENALTY_BASELINE_DECAY=0.99 LOH_SURVIVAL_BINS=64 LOH_SURVIVAL_QUANTILE=0.99 LOH_SURVIVAL_MINCOUNT=1000 LOH_PENALTY_NET_GOOD_SCALE=1.0 LOH_PENALTY_NET_PENALTY_SCALE=1.0 LOH_PENALTY_REWARD_FORMULA=net2 LOH_PENALTY_NET_PENALTY_SCALE=1.0
meta_reag,123,1,12301,bestcfg_penalty_3t_3m_20260207_000001__meta_reag_123_r01,0,0.368203,0.224983,0.01,log,net2,1.0,91.48,100.0,-1.0,-3.94171,-1.0,0.0367463,LOH_PARALLEL_SAFE=1 LOH_SKIP_PIP_INSTALL=1 LOH_SKIP_BUILD=1 LOH_DEBUG_LEVEL=1 CACHESIM_VERBOSE=0 CACHESIM_NUM_REQ=3000000 LOH_RL_ALGO=SAC LOH_ACTION_SCALE=1.0 LOH_SCORE_USE_COMPOUND=1 LOH_SCORE_USE_IRT=1 LOH_USE_SOFTMAX=1 LOH_USE_HEURISTIC_SIGNS=0 LOH_INCLUDE_HIT_MISS_FEATURES=0 LOH_INCLUDE_CACHE_FEATURES=0 LOH_INCLUDE_CANDIDATE_FEATURES=0 LOH_INCLUDE_TOPK_CANDIDATE_FEATURES=0 LOH_INCLUDE_AVGTOPK_CANDIDATE_FEATURES=0 LOH_INCLUDE_REQUEST=0 LOH_ENABLE_PENALTY=1 LOH_REWARD_USE_PENALTY=1 LOH_PENALTY_SCALE=log LOH_PENALTY_REWARD_FORMULA=centered LOH_REWARD_W_PENALTY=1.0 LOH_PENALTY_CUTOFF=0 LOH_PENALTY_DMAX=400000 LOH_PENALTY_EMPTY_AS_GOOD=1 LOH_PENALTY_REFINE_ON_LATE=1 LOH_PENALTY_NO_EVICT_REWARD=keep LOH_PENALTY_BASELINE_DECAY=0.99 LOH_SURVIVAL_BINS=64 LOH_SURVIVAL_QUANTILE=0.99 LOH_SURVIVAL_MINCOUNT=1000 LOH_PENALTY_NET_GOOD_SCALE=1.0 LOH_PENALTY_NET_PENALTY_SCALE=1.0 LOH_PENALTY_REWARD_FORMULA=net2 LOH_PENALTY_NET_PENALTY_SCALE=2.0
wiki_2019t,1,1,101,bestcfg_penalty_3t_3m_20260207_000001__wiki_2019t_001_r01,0,0.594252,0.491381,0.01,log,centered,1.0,0.0,0.0,0.946274,0.523105,0.994097,0.0268632,LOH_PARALLEL_SAFE=1 LOH_SKIP_PIP_INSTALL=1 LOH_SKIP_BUILD=1 LOH_DEBUG_LEVEL=1 CACHESIM_VERBOSE=0 CACHESIM_NUM_REQ=3000000 LOH_RL_ALGO=SAC LOH_ACTION_SCALE=1.0 LOH_SCORE_USE_COMPOUND=0 LOH_SCORE_USE_IRT=0 LOH_USE_SOFTMAX=1 LOH_USE_HEURISTIC_SIGNS=0 LOH_INCLUDE_HIT_MISS_FEATURES=0 LOH_INCLUDE_CACHE_FEATURES=0 LOH_INCLUDE_CANDIDATE_FEATURES=0 LOH_INCLUDE_TOPK_CANDIDATE_FEATURES=0 LOH_INCLUDE_AVGTOPK_CANDIDATE_FEATURES=0 LOH_INCLUDE_REQUEST=0 LOH_ENABLE_PENALTY=1 LOH_REWARD_USE_PENALTY=0
wiki_2019t,2,1,201,bestcfg_penalty_3t_3m_20260207_000001__wiki_2019t_002_r01,0,0.594385,0.490919,0.01,reciprocal,relative,0.1,0.01,10.89,0.500131,-215.969,0.999763,0.000375319,LOH_PARALLEL_SAFE=1 LOH_SKIP_PIP_INSTALL=1 LOH_SKIP_BUILD=1 LOH_DEBUG_LEVEL=1 CACHESIM_VERBOSE=0 CACHESIM_NUM_REQ=3000000 LOH_RL_ALGO=SAC LOH_ACTION_SCALE=1.0 LOH_SCORE_USE_COMPOUND=0 LOH_SCORE_USE_IRT=0 LOH_USE_SOFTMAX=1 LOH_USE_HEURISTIC_SIGNS=0 LOH_INCLUDE_HIT_MISS_FEATURES=0 LOH_INCLUDE_CACHE_FEATURES=0 LOH_INCLUDE_CANDIDATE_FEATURES=0 LOH_INCLUDE_TOPK_CANDIDATE_FEATURES=0 LOH_INCLUDE_AVGTOPK_CANDIDATE_FEATURES=0 LOH_INCLUDE_REQUEST=0 LOH_ENABLE_PENALTY=1 LOH_REWARD_USE_PENALTY=1 LOH_PENALTY_SCALE=reciprocal LOH_PENALTY_REWARD_FORMULA=relative LOH_REWARD_W_PENALTY=0.1 LOH_PENALTY_CUTOFF=0 LOH_PENALTY_DMAX=400000 LOH_PENALTY_EMPTY_AS_GOOD=1 LOH_PENALTY_REFINE_ON_LATE=1 LOH_PENALTY_NO_EVICT_REWARD=keep LOH_PENALTY_BASELINE_DECAY=0.99 LOH_SURVIVAL_BINS=64 LOH_SURVIVAL_QUANTILE=0.99 LOH_SURVIVAL_MINCOUNT=1000 LOH_PENALTY_NET_GOOD_SCALE=1.0 LOH_PENALTY_NET_PENALTY_SCALE=1.0
wiki_2019t,3,1,301,bestcfg_penalty_3t_3m_20260207_000001__wiki_2019t_003_r01,0,0.59429,0.491176,0.01,reciprocal,relative,0.2,0.01,10.91,0.500783,-471.777,0.999452,0.000376876,LOH_PARALLEL_SAFE=1 LOH_SKIP_PIP_INSTALL=1 LOH_SKIP_BUILD=1 LOH_DEBUG_LEVEL=1 CACHESIM_VERBOSE=0 CACHESIM_NUM_REQ=3000000 LOH_RL_ALGO=SAC LOH_ACTION_SCALE=1.0 LOH_SCORE_USE_COMPOUND=0 LOH_SCORE_USE_IRT=0 LOH_USE_SOFTMAX=1 LOH_USE_HEURISTIC_SIGNS=0 LOH_INCLUDE_HIT_MISS_FEATURES=0 LOH_INCLUDE_CACHE_FEATURES=0 LOH_INCLUDE_CANDIDATE_FEATURES=0 LOH_INCLUDE_TOPK_CANDIDATE_FEATURES=0 LOH_INCLUDE_AVGTOPK_CANDIDATE_FEATURES=0 LOH_INCLUDE_REQUEST=0 LOH_ENABLE_PENALTY=1 LOH_REWARD_USE_PENALTY=1 LOH_PENALTY_SCALE=reciprocal LOH_PENALTY_REWARD_FORMULA=relative LOH_REWARD_W_PENALTY=0.2 LOH_PENALTY_CUTOFF=0 LOH_PENALTY_DMAX=400000 LOH_PENALTY_EMPTY_AS_GOOD=1 LOH_PENALTY_REFINE_ON_LATE=1 LOH_PENALTY_NO_EVICT_REWARD=keep LOH_PENALTY_BASELINE_DECAY=0.99 LOH_SURVIVAL_BINS=64 LOH_SURVIVAL_QUANTILE=0.99 LOH_SURVIVAL_MINCOUNT=1000 LOH_PENALTY_NET_GOOD_SCALE=1.0 LOH_PENALTY_NET_PENALTY_SCALE=1.0
wiki_2019t,4,1,401,bestcfg_penalty_3t_3m_20260207_000001__wiki_2019t_004_r01,0,0.594429,0.491001,0.01,reciprocal,relative,0.5,0.02,11.45,0.487135,-221.963,1.0,0.000378971,LOH_PARALLEL_SAFE=1 LOH_SKIP_PIP_INSTALL=1 LOH_SKIP_BUILD=1 LOH_DEBUG_LEVEL=1 CACHESIM_VERBOSE=0 CACHESIM_NUM_REQ=3000000 LOH_RL_ALGO=SAC LOH_ACTION_SCALE=1.0 LOH_SCORE_USE_COMPOUND=0 LOH_SCORE_USE_IRT=0 LOH_USE_SOFTMAX=1 LOH_USE_HEURISTIC_SIGNS=0 LOH_INCLUDE_HIT_MISS_FEATURES=0 LOH_INCLUDE_CACHE_FEATURES=0 LOH_INCLUDE_CANDIDATE_FEATURES=0 LOH_INCLUDE_TOPK_CANDIDATE_FEATURES=0 LOH_INCLUDE_AVGTOPK_CANDIDATE_FEATURES=0 LOH_INCLUDE_REQUEST=0 LOH_ENABLE_PENALTY=1 LOH_REWARD_USE_PENALTY=1 LOH_PENALTY_SCALE=reciprocal LOH_PENALTY_REWARD_FORMULA=relative LOH_REWARD_W_PENALTY=0.5 LOH_PENALTY_CUTOFF=0 LOH_PENALTY_DMAX=400000 LOH_PENALTY_EMPTY_AS_GOOD=1 LOH_PENALTY_REFINE_ON_LATE=1 LOH_PENALTY_NO_EVICT_REWARD=keep LOH_PENALTY_BASELINE_DECAY=0.99 LOH_SURVIVAL_BINS=64 LOH_SURVIVAL_QUANTILE=0.99 LOH_SURVIVAL_MINCOUNT=1000 LOH_PENALTY_NET_GOOD_SCALE=1.0 LOH_PENALTY_NET_PENALTY_SCALE=1.0
wiki_2019t,5,1,501,bestcfg_penalty_3t_3m_20260207_000001__wiki_2019t_005_r01,0,0.594504,0.491261,0.01,reciprocal,relative,1.0,0.02,11.16,0.497172,-5776.3,1.0,0.000373379,LOH_PARALLEL_SAFE=1 LOH_SKIP_PIP_INSTALL=1 LOH_SKIP_BUILD=1 LOH_DEBUG_LEVEL=1 CACHESIM_VERBOSE=0 CACHESIM_NUM_REQ=3000000 LOH_RL_ALGO=SAC LOH_ACTION_SCALE=1.0 LOH_SCORE_USE_COMPOUND=0 LOH_SCORE_USE_IRT=0 LOH_USE_SOFTMAX=1 LOH_USE_HEURISTIC_SIGNS=0 LOH_INCLUDE_HIT_MISS_FEATURES=0 LOH_INCLUDE_CACHE_FEATURES=0 LOH_INCLUDE_CANDIDATE_FEATURES=0 LOH_INCLUDE_TOPK_CANDIDATE_FEATURES=0 LOH_INCLUDE_AVGTOPK_CANDIDATE_FEATURES=0 LOH_INCLUDE_REQUEST=0 LOH_ENABLE_PENALTY=1 LOH_REWARD_USE_PENALTY=1 LOH_PENALTY_SCALE=reciprocal LOH_PENALTY_REWARD_FORMULA=relative LOH_REWARD_W_PENALTY=1.0 LOH_PENALTY_CUTOFF=0 LOH_PENALTY_DMAX=400000 LOH_PENALTY_EMPTY_AS_GOOD=1 LOH_PENALTY_REFINE_ON_LATE=1 LOH_PENALTY_NO_EVICT_REWARD=keep LOH_PENALTY_BASELINE_DECAY=0.99 LOH_SURVIVAL_BINS=64 LOH_SURVIVAL_QUANTILE=0.99 LOH_SURVIVAL_MINCOUNT=1000 LOH_PENALTY_NET_GOOD_SCALE=1.0 LOH_PENALTY_NET_PENALTY_SCALE=1.0
wiki_2019t,6,1,601,bestcfg_penalty_3t_3m_20260207_000001__wiki_2019t_006_r01,0,0.594291,0.491558,0.01,reciprocal,centered,0.1,0.02,0.03,0.999278,0.966604,1.0,0.000361194,LOH_PARALLEL_SAFE=1 LOH_SKIP_PIP_INSTALL=1 LOH_SKIP_BUILD=1 LOH_DEBUG_LEVEL=1 CACHESIM_VERBOSE=0 CACHESIM_NUM_REQ=3000000 LOH_RL_ALGO=SAC LOH_ACTION_SCALE=1.0 LOH_SCORE_USE_COMPOUND=0 LOH_SCORE_USE_IRT=0 LOH_USE_SOFTMAX=1 LOH_USE_HEURISTIC_SIGNS=0 LOH_INCLUDE_HIT_MISS_FEATURES=0 LOH_INCLUDE_CACHE_FEATURES=0 LOH_INCLUDE_CANDIDATE_FEATURES=0 LOH_INCLUDE_TOPK_CANDIDATE_FEATURES=0 LOH_INCLUDE_AVGTOPK_CANDIDATE_FEATURES=0 LOH_INCLUDE_REQUEST=0 LOH_ENABLE_PENALTY=1 LOH_REWARD_USE_PENALTY=1 LOH_PENALTY_SCALE=reciprocal LOH_PENALTY_REWARD_FORMULA=centered LOH_REWARD_W_PENALTY=0.1 LOH_PENALTY_CUTOFF=0 LOH_PENALTY_DMAX=400000 LOH_PENALTY_EMPTY_AS_GOOD=1 LOH_PENALTY_REFINE_ON_LATE=1 LOH_PENALTY_NO_EVICT_REWARD=keep LOH_PENALTY_BASELINE_DECAY=0.99 LOH_SURVIVAL_BINS=64 LOH_SURVIVAL_QUANTILE=0.99 LOH_SURVIVAL_MINCOUNT=1000 LOH_PENALTY_NET_GOOD_SCALE=1.0 LOH_PENALTY_NET_PENALTY_SCALE=1.0
wiki_2019t,7,1,701,bestcfg_penalty_3t_3m_20260207_000001__wiki_2019t_007_r01,0,0.594178,0.490764,0.01,reciprocal,centered,0.2,0.01,0.02,0.999235,0.970612,1.0,0.000382407,LOH_PARALLEL_SAFE=1 LOH_SKIP_PIP_INSTALL=1 LOH_SKIP_BUILD=1 LOH_DEBUG_LEVEL=1 CACHESIM_VERBOSE=0 CACHESIM_NUM_REQ=3000000 LOH_RL_ALGO=SAC LOH_ACTION_SCALE=1.0 LOH_SCORE_USE_COMPOUND=0 LOH_SCORE_USE_IRT=0 LOH_USE_SOFTMAX=1 LOH_USE_HEURISTIC_SIGNS=0 LOH_INCLUDE_HIT_MISS_FEATURES=0 LOH_INCLUDE_CACHE_FEATURES=0 LOH_INCLUDE_CANDIDATE_FEATURES=0 LOH_INCLUDE_TOPK_CANDIDATE_FEATURES=0 LOH_INCLUDE_AVGTOPK_CANDIDATE_FEATURES=0 LOH_INCLUDE_REQUEST=0 LOH_ENABLE_PENALTY=1 LOH_REWARD_USE_PENALTY=1 LOH_PENALTY_SCALE=reciprocal LOH_PENALTY_REWARD_FORMULA=centered LOH_REWARD_W_PENALTY=0.2 LOH_PENALTY_CUTOFF=0 LOH_PENALTY_DMAX=400000 LOH_PENALTY_EMPTY_AS_GOOD=1 LOH_PENALTY_REFINE_ON_LATE=1 LOH_PENALTY_NO_EVICT_REWARD=keep LOH_PENALTY_BASELINE_DECAY=0.99 LOH_SURVIVAL_BINS=64 LOH_SURVIVAL_QUANTILE=0.99 LOH_SURVIVAL_MINCOUNT=1000 LOH_PENALTY_NET_GOOD_SCALE=1.0 LOH_PENALTY_NET_PENALTY_SCALE=1.0
wiki_2019t,8,1,801,bestcfg_penalty_3t_3m_20260207_000001__wiki_2019t_008_r01,0,0.594371,0.491531,0.01,reciprocal,centered,0.5,0.01,0.01,0.999246,0.972924,1.0,0.000376895,LOH_PARALLEL_SAFE=1 LOH_SKIP_PIP_INSTALL=1 LOH_SKIP_BUILD=1 LOH_DEBUG_LEVEL=1 CACHESIM_VERBOSE=0 CACHESIM_NUM_REQ=3000000 LOH_RL_ALGO=SAC LOH_ACTION_SCALE=1.0 LOH_SCORE_USE_COMPOUND=0 LOH_SCORE_USE_IRT=0 LOH_USE_SOFTMAX=1 LOH_USE_HEURISTIC_SIGNS=0 LOH_INCLUDE_HIT_MISS_FEATURES=0 LOH_INCLUDE_CACHE_FEATURES=0 LOH_INCLUDE_CANDIDATE_FEATURES=0 LOH_INCLUDE_TOPK_CANDIDATE_FEATURES=0 LOH_INCLUDE_AVGTOPK_CANDIDATE_FEATURES=0 LOH_INCLUDE_REQUEST=0 LOH_ENABLE_PENALTY=1 LOH_REWARD_USE_PENALTY=1 LOH_PENALTY_SCALE=reciprocal LOH_PENALTY_REWARD_FORMULA=centered LOH_REWARD_W_PENALTY=0.5 LOH_PENALTY_CUTOFF=0 LOH_PENALTY_DMAX=400000 LOH_PENALTY_EMPTY_AS_GOOD=1 LOH_PENALTY_REFINE_ON_LATE=1 LOH_PENALTY_NO_EVICT_REWARD=keep LOH_PENALTY_BASELINE_DECAY=0.99 LOH_SURVIVAL_BINS=64 LOH_SURVIVAL_QUANTILE=0.99 LOH_SURVIVAL_MINCOUNT=1000 LOH_PENALTY_NET_GOOD_SCALE=1.0 LOH_PENALTY_NET_PENALTY_SCALE=1.0
wiki_2019t,9,1,901,bestcfg_penalty_3t_3m_20260207_000001__wiki_2019t_009_r01,0,0.594292,0.491286,0.01,reciprocal,centered,1.0,0.02,0.04,0.999267,0.954137,1.0,0.000366499,LOH_PARALLEL_SAFE=1 LOH_SKIP_PIP_INSTALL=1 LOH_SKIP_BUILD=1 LOH_DEBUG_LEVEL=1 CACHESIM_VERBOSE=0 CACHESIM_NUM_REQ=3000000 LOH_RL_ALGO=SAC LOH_ACTION_SCALE=1.0 LOH_SCORE_USE_COMPOUND=0 LOH_SCORE_USE_IRT=0 LOH_USE_SOFTMAX=1 LOH_USE_HEURISTIC_SIGNS=0 LOH_INCLUDE_HIT_MISS_FEATURES=0 LOH_INCLUDE_CACHE_FEATURES=0 LOH_INCLUDE_CANDIDATE_FEATURES=0 LOH_INCLUDE_TOPK_CANDIDATE_FEATURES=0 LOH_INCLUDE_AVGTOPK_CANDIDATE_FEATURES=0 LOH_INCLUDE_REQUEST=0 LOH_ENABLE_PENALTY=1 LOH_REWARD_USE_PENALTY=1 LOH_PENALTY_SCALE=reciprocal LOH_PENALTY_REWARD_FORMULA=centered LOH_REWARD_W_PENALTY=1.0 LOH_PENALTY_CUTOFF=0 LOH_PENALTY_DMAX=400000 LOH_PENALTY_EMPTY_AS_GOOD=1 LOH_PENALTY_REFINE_ON_LATE=1 LOH_PENALTY_NO_EVICT_REWARD=keep LOH_PENALTY_BASELINE_DECAY=0.99 LOH_SURVIVAL_BINS=64 LOH_SURVIVAL_QUANTILE=0.99 LOH_SURVIVAL_MINCOUNT=1000 LOH_PENALTY_NET_GOOD_SCALE=1.0 LOH_PENALTY_NET_PENALTY_SCALE=1.0
wiki_2019t,10,1,1001,bestcfg_penalty_3t_3m_20260207_000001__wiki_2019t_010_r01,0,0.594348,0.491182,0.01,reciprocal,one_minus,0.1,0.01,0.1,0.999615,0.982451,1.0,0.000385215,LOH_PARALLEL_SAFE=1 LOH_SKIP_PIP_INSTALL=1 LOH_SKIP_BUILD=1 LOH_DEBUG_LEVEL=1 CACHESIM_VERBOSE=0 CACHESIM_NUM_REQ=3000000 LOH_RL_ALGO=SAC LOH_ACTION_SCALE=1.0 LOH_SCORE_USE_COMPOUND=0 LOH_SCORE_USE_IRT=0 LOH_USE_SOFTMAX=1 LOH_USE_HEURISTIC_SIGNS=0 LOH_INCLUDE_HIT_MISS_FEATURES=0 LOH_INCLUDE_CACHE_FEATURES=0 LOH_INCLUDE_CANDIDATE_FEATURES=0 LOH_INCLUDE_TOPK_CANDIDATE_FEATURES=0 LOH_INCLUDE_AVGTOPK_CANDIDATE_FEATURES=0 LOH_INCLUDE_REQUEST=0 LOH_ENABLE_PENALTY=1 LOH_REWARD_USE_PENALTY=1 LOH_PENALTY_SCALE=reciprocal LOH_PENALTY_REWARD_FORMULA=one_minus LOH_REWARD_W_PENALTY=0.1 LOH_PENALTY_CUTOFF=0 LOH_PENALTY_DMAX=400000 LOH_PENALTY_EMPTY_AS_GOOD=1 LOH_PENALTY_REFINE_ON_LATE=1 LOH_PENALTY_NO_EVICT_REWARD=keep LOH_PENALTY_BASELINE_DECAY=0.99 LOH_SURVIVAL_BINS=64 LOH_SURVIVAL_QUANTILE=0.99 LOH_SURVIVAL_MINCOUNT=1000 LOH_PENALTY_NET_GOOD_SCALE=1.0 LOH_PENALTY_NET_PENALTY_SCALE=1.0
wiki_2019t,11,1,1101,bestcfg_penalty_3t_3m_20260207_000001__wiki_2019t_011_r01,0,0.594495,0.491046,0.01,reciprocal,one_minus,0.2,0.01,0.15,0.999617,0.984325,1.0,0.000382573,LOH_PARALLEL_SAFE=1 LOH_SKIP_PIP_INSTALL=1 LOH_SKIP_BUILD=1 LOH_DEBUG_LEVEL=1 CACHESIM_VERBOSE=0 CACHESIM_NUM_REQ=3000000 LOH_RL_ALGO=SAC LOH_ACTION_SCALE=1.0 LOH_SCORE_USE_COMPOUND=0 LOH_SCORE_USE_IRT=0 LOH_USE_SOFTMAX=1 LOH_USE_HEURISTIC_SIGNS=0 LOH_INCLUDE_HIT_MISS_FEATURES=0 LOH_INCLUDE_CACHE_FEATURES=0 LOH_INCLUDE_CANDIDATE_FEATURES=0 LOH_INCLUDE_TOPK_CANDIDATE_FEATURES=0 LOH_INCLUDE_AVGTOPK_CANDIDATE_FEATURES=0 LOH_INCLUDE_REQUEST=0 LOH_ENABLE_PENALTY=1 LOH_REWARD_USE_PENALTY=1 LOH_PENALTY_SCALE=reciprocal LOH_PENALTY_REWARD_FORMULA=one_minus LOH_REWARD_W_PENALTY=0.2 LOH_PENALTY_CUTOFF=0 LOH_PENALTY_DMAX=400000 LOH_PENALTY_EMPTY_AS_GOOD=1 LOH_PENALTY_REFINE_ON_LATE=1 LOH_PENALTY_NO_EVICT_REWARD=keep LOH_PENALTY_BASELINE_DECAY=0.99 LOH_SURVIVAL_BINS=64 LOH_SURVIVAL_QUANTILE=0.99 LOH_SURVIVAL_MINCOUNT=1000 LOH_PENALTY_NET_GOOD_SCALE=1.0 LOH_PENALTY_NET_PENALTY_SCALE=1.0
wiki_2019t,12,1,1201,bestcfg_penalty_3t_3m_20260207_000001__wiki_2019t_012_r01,0,0.594285,0.491217,0.01,reciprocal,one_minus,0.5,0.01,0.14,0.999618,0.980055,1.0,0.000382265,LOH_PARALLEL_SAFE=1 LOH_SKIP_PIP_INSTALL=1 LOH_SKIP_BUILD=1 LOH_DEBUG_LEVEL=1 CACHESIM_VERBOSE=0 CACHESIM_NUM_REQ=3000000 LOH_RL_ALGO=SAC LOH_ACTION_SCALE=1.0 LOH_SCORE_USE_COMPOUND=0 LOH_SCORE_USE_IRT=0 LOH_USE_SOFTMAX=1 LOH_USE_HEURISTIC_SIGNS=0 LOH_INCLUDE_HIT_MISS_FEATURES=0 LOH_INCLUDE_CACHE_FEATURES=0 LOH_INCLUDE_CANDIDATE_FEATURES=0 LOH_INCLUDE_TOPK_CANDIDATE_FEATURES=0 LOH_INCLUDE_AVGTOPK_CANDIDATE_FEATURES=0 LOH_INCLUDE_REQUEST=0 LOH_ENABLE_PENALTY=1 LOH_REWARD_USE_PENALTY=1 LOH_PENALTY_SCALE=reciprocal LOH_PENALTY_REWARD_FORMULA=one_minus LOH_REWARD_W_PENALTY=0.5 LOH_PENALTY_CUTOFF=0 LOH_PENALTY_DMAX=400000 LOH_PENALTY_EMPTY_AS_GOOD=1 LOH_PENALTY_REFINE_ON_LATE=1 LOH_PENALTY_NO_EVICT_REWARD=keep LOH_PENALTY_BASELINE_DECAY=0.99 LOH_SURVIVAL_BINS=64 LOH_SURVIVAL_QUANTILE=0.99 LOH_SURVIVAL_MINCOUNT=1000 LOH_PENALTY_NET_GOOD_SCALE=1.0 LOH_PENALTY_NET_PENALTY_SCALE=1.0
wiki_2019t,13,1,1301,bestcfg_penalty_3t_3m_20260207_000001__wiki_2019t_013_r01,0,0.594469,0.491256,0.01,reciprocal,one_minus,1.0,0.0,0.04,0.999618,0.982712,1.0,0.000381981,LOH_PARALLEL_SAFE=1 LOH_SKIP_PIP_INSTALL=1 LOH_SKIP_BUILD=1 LOH_DEBUG_LEVEL=1 CACHESIM_VERBOSE=0 CACHESIM_NUM_REQ=3000000 LOH_RL_ALGO=SAC LOH_ACTION_SCALE=1.0 LOH_SCORE_USE_COMPOUND=0 LOH_SCORE_USE_IRT=0 LOH_USE_SOFTMAX=1 LOH_USE_HEURISTIC_SIGNS=0 LOH_INCLUDE_HIT_MISS_FEATURES=0 LOH_INCLUDE_CACHE_FEATURES=0 LOH_INCLUDE_CANDIDATE_FEATURES=0 LOH_INCLUDE_TOPK_CANDIDATE_FEATURES=0 LOH_INCLUDE_AVGTOPK_CANDIDATE_FEATURES=0 LOH_INCLUDE_REQUEST=0 LOH_ENABLE_PENALTY=1 LOH_REWARD_USE_PENALTY=1 LOH_PENALTY_SCALE=reciprocal LOH_PENALTY_REWARD_FORMULA=one_minus LOH_REWARD_W_PENALTY=1.0 LOH_PENALTY_CUTOFF=0 LOH_PENALTY_DMAX=400000 LOH_PENALTY_EMPTY_AS_GOOD=1 LOH_PENALTY_REFINE_ON_LATE=1 LOH_PENALTY_NO_EVICT_REWARD=keep LOH_PENALTY_BASELINE_DECAY=0.99 LOH_SURVIVAL_BINS=64 LOH_SURVIVAL_QUANTILE=0.99 LOH_SURVIVAL_MINCOUNT=1000 LOH_PENALTY_NET_GOOD_SCALE=1.0 LOH_PENALTY_NET_PENALTY_SCALE=1.0
wiki_2019t,14,1,1401,bestcfg_penalty_3t_3m_20260207_000001__wiki_2019t_014_r01,0,0.594438,0.490804,0.01,reciprocal,neg,0.1,0.01,0.0,-0.000370466,-0.020498,-0.0,0.000370464,LOH_PARALLEL_SAFE=1 LOH_SKIP_PIP_INSTALL=1 LOH_SKIP_BUILD=1 LOH_DEBUG_LEVEL=1 CACHESIM_VERBOSE=0 CACHESIM_NUM_REQ=3000000 LOH_RL_ALGO=SAC LOH_ACTION_SCALE=1.0 LOH_SCORE_USE_COMPOUND=0 LOH_SCORE_USE_IRT=0 LOH_USE_SOFTMAX=1 LOH_USE_HEURISTIC_SIGNS=0 LOH_INCLUDE_HIT_MISS_FEATURES=0 LOH_INCLUDE_CACHE_FEATURES=0 LOH_INCLUDE_CANDIDATE_FEATURES=0 LOH_INCLUDE_TOPK_CANDIDATE_FEATURES=0 LOH_INCLUDE_AVGTOPK_CANDIDATE_FEATURES=0 LOH_INCLUDE_REQUEST=0 LOH_ENABLE_PENALTY=1 LOH_REWARD_USE_PENALTY=1 LOH_PENALTY_SCALE=reciprocal LOH_PENALTY_REWARD_FORMULA=neg LOH_REWARD_W_PENALTY=0.1 LOH_PENALTY_CUTOFF=0 LOH_PENALTY_DMAX=400000 LOH_PENALTY_EMPTY_AS_GOOD=1 LOH_PENALTY_REFINE_ON_LATE=1 LOH_PENALTY_NO_EVICT_REWARD=keep LOH_PENALTY_BASELINE_DECAY=0.99 LOH_SURVIVAL_BINS=64 LOH_SURVIVAL_QUANTILE=0.99 LOH_SURVIVAL_MINCOUNT=1000 LOH_PENALTY_NET_GOOD_SCALE=1.0 LOH_PENALTY_NET_PENALTY_SCALE=1.0
wiki_2019t,15,1,1501,bestcfg_penalty_3t_3m_20260207_000001__wiki_2019t_015_r01,0,0.594365,0.490422,0.01,reciprocal,neg,0.2,0.01,0.0,-0.000385343,-0.016346,-0.0,0.000385345,LOH_PARALLEL_SAFE=1 LOH_SKIP_PIP_INSTALL=1 LOH_SKIP_BUILD=1 LOH_DEBUG_LEVEL=1 CACHESIM_VERBOSE=0 CACHESIM_NUM_REQ=3000000 LOH_RL_ALGO=SAC LOH_ACTION_SCALE=1.0 LOH_SCORE_USE_COMPOUND=0 LOH_SCORE_USE_IRT=0 LOH_USE_SOFTMAX=1 LOH_USE_HEURISTIC_SIGNS=0 LOH_INCLUDE_HIT_MISS_FEATURES=0 LOH_INCLUDE_CACHE_FEATURES=0 LOH_INCLUDE_CANDIDATE_FEATURES=0 LOH_INCLUDE_TOPK_CANDIDATE_FEATURES=0 LOH_INCLUDE_AVGTOPK_CANDIDATE_FEATURES=0 LOH_INCLUDE_REQUEST=0 LOH_ENABLE_PENALTY=1 LOH_REWARD_USE_PENALTY=1 LOH_PENALTY_SCALE=reciprocal LOH_PENALTY_REWARD_FORMULA=neg LOH_REWARD_W_PENALTY=0.2 LOH_PENALTY_CUTOFF=0 LOH_PENALTY_DMAX=400000 LOH_PENALTY_EMPTY_AS_GOOD=1 LOH_PENALTY_REFINE_ON_LATE=1 LOH_PENALTY_NO_EVICT_REWARD=keep LOH_PENALTY_BASELINE_DECAY=0.99 LOH_SURVIVAL_BINS=64 LOH_SURVIVAL_QUANTILE=0.99 LOH_SURVIVAL_MINCOUNT=1000 LOH_PENALTY_NET_GOOD_SCALE=1.0 LOH_PENALTY_NET_PENALTY_SCALE=1.0
wiki_2019t,16,1,1601,bestcfg_penalty_3t_3m_20260207_000001__wiki_2019t_016_r01,0,0.594331,0.4912,0.01,reciprocal,neg,0.5,0.01,0.0,-0.000386649,-0.021753,-0.0,0.000386646,LOH_PARALLEL_SAFE=1 LOH_SKIP_PIP_INSTALL=1 LOH_SKIP_BUILD=1 LOH_DEBUG_LEVEL=1 CACHESIM_VERBOSE=0 CACHESIM_NUM_REQ=3000000 LOH_RL_ALGO=SAC LOH_ACTION_SCALE=1.0 LOH_SCORE_USE_COMPOUND=0 LOH_SCORE_USE_IRT=0 LOH_USE_SOFTMAX=1 LOH_USE_HEURISTIC_SIGNS=0 LOH_INCLUDE_HIT_MISS_FEATURES=0 LOH_INCLUDE_CACHE_FEATURES=0 LOH_INCLUDE_CANDIDATE_FEATURES=0 LOH_INCLUDE_TOPK_CANDIDATE_FEATURES=0 LOH_INCLUDE_AVGTOPK_CANDIDATE_FEATURES=0 LOH_INCLUDE_REQUEST=0 LOH_ENABLE_PENALTY=1 LOH_REWARD_USE_PENALTY=1 LOH_PENALTY_SCALE=reciprocal LOH_PENALTY_REWARD_FORMULA=neg LOH_REWARD_W_PENALTY=0.5 LOH_PENALTY_CUTOFF=0 LOH_PENALTY_DMAX=400000 LOH_PENALTY_EMPTY_AS_GOOD=1 LOH_PENALTY_REFINE_ON_LATE=1 LOH_PENALTY_NO_EVICT_REWARD=keep LOH_PENALTY_BASELINE_DECAY=0.99 LOH_SURVIVAL_BINS=64 LOH_SURVIVAL_QUANTILE=0.99 LOH_SURVIVAL_MINCOUNT=1000 LOH_PENALTY_NET_GOOD_SCALE=1.0 LOH_PENALTY_NET_PENALTY_SCALE=1.0
wiki_2019t,17,1,1701,bestcfg_penalty_3t_3m_20260207_000001__wiki_2019t_017_r01,0,0.594483,0.490788,0.01,reciprocal,neg,1.0,0.01,0.0,-0.000385708,-0.017547,-0.0,0.000385713,LOH_PARALLEL_SAFE=1 LOH_SKIP_PIP_INSTALL=1 LOH_SKIP_BUILD=1 LOH_DEBUG_LEVEL=1 CACHESIM_VERBOSE=0 CACHESIM_NUM_REQ=3000000 LOH_RL_ALGO=SAC LOH_ACTION_SCALE=1.0 LOH_SCORE_USE_COMPOUND=0 LOH_SCORE_USE_IRT=0 LOH_USE_SOFTMAX=1 LOH_USE_HEURISTIC_SIGNS=0 LOH_INCLUDE_HIT_MISS_FEATURES=0 LOH_INCLUDE_CACHE_FEATURES=0 LOH_INCLUDE_CANDIDATE_FEATURES=0 LOH_INCLUDE_TOPK_CANDIDATE_FEATURES=0 LOH_INCLUDE_AVGTOPK_CANDIDATE_FEATURES=0 LOH_INCLUDE_REQUEST=0 LOH_ENABLE_PENALTY=1 LOH_REWARD_USE_PENALTY=1 LOH_PENALTY_SCALE=reciprocal LOH_PENALTY_REWARD_FORMULA=neg LOH_REWARD_W_PENALTY=1.0 LOH_PENALTY_CUTOFF=0 LOH_PENALTY_DMAX=400000 LOH_PENALTY_EMPTY_AS_GOOD=1 LOH_PENALTY_REFINE_ON_LATE=1 LOH_PENALTY_NO_EVICT_REWARD=keep LOH_PENALTY_BASELINE_DECAY=0.99 LOH_SURVIVAL_BINS=64 LOH_SURVIVAL_QUANTILE=0.99 LOH_SURVIVAL_MINCOUNT=1000 LOH_PENALTY_NET_GOOD_SCALE=1.0 LOH_PENALTY_NET_PENALTY_SCALE=1.0
wiki_2019t,18,1,1801,bestcfg_penalty_3t_3m_20260207_000001__wiki_2019t_018_r01,0,0.594523,0.491332,0.01,reciprocal,net,1.0,0.01,0.0,-0.000383555,-0.020284,0.0,0.000383553,LOH_PARALLEL_SAFE=1 LOH_SKIP_PIP_INSTALL=1 LOH_SKIP_BUILD=1 LOH_DEBUG_LEVEL=1 CACHESIM_VERBOSE=0 CACHESIM_NUM_REQ=3000000 LOH_RL_ALGO=SAC LOH_ACTION_SCALE=1.0 LOH_SCORE_USE_COMPOUND=0 LOH_SCORE_USE_IRT=0 LOH_USE_SOFTMAX=1 LOH_USE_HEURISTIC_SIGNS=0 LOH_INCLUDE_HIT_MISS_FEATURES=0 LOH_INCLUDE_CACHE_FEATURES=0 LOH_INCLUDE_CANDIDATE_FEATURES=0 LOH_INCLUDE_TOPK_CANDIDATE_FEATURES=0 LOH_INCLUDE_AVGTOPK_CANDIDATE_FEATURES=0 LOH_INCLUDE_REQUEST=0 LOH_ENABLE_PENALTY=1 LOH_REWARD_USE_PENALTY=1 LOH_PENALTY_SCALE=reciprocal LOH_PENALTY_REWARD_FORMULA=net LOH_REWARD_W_PENALTY=1.0 LOH_PENALTY_CUTOFF=0 LOH_PENALTY_DMAX=400000 LOH_PENALTY_EMPTY_AS_GOOD=1 LOH_PENALTY_REFINE_ON_LATE=1 LOH_PENALTY_NO_EVICT_REWARD=keep LOH_PENALTY_BASELINE_DECAY=0.99 LOH_SURVIVAL_BINS=64 LOH_SURVIVAL_QUANTILE=0.99 LOH_SURVIVAL_MINCOUNT=1000 LOH_PENALTY_NET_GOOD_SCALE=1.0 LOH_PENALTY_NET_PENALTY_SCALE=1.0
wiki_2019t,19,1,1901,bestcfg_penalty_3t_3m_20260207_000001__wiki_2019t_019_r01,0,0.594289,0.491067,0.01,reciprocal,net,2.0,0.01,0.0,-0.000372194,-0.02198,0.0,0.000372198,LOH_PARALLEL_SAFE=1 LOH_SKIP_PIP_INSTALL=1 LOH_SKIP_BUILD=1 LOH_DEBUG_LEVEL=1 CACHESIM_VERBOSE=0 CACHESIM_NUM_REQ=3000000 LOH_RL_ALGO=SAC LOH_ACTION_SCALE=1.0 LOH_SCORE_USE_COMPOUND=0 LOH_SCORE_USE_IRT=0 LOH_USE_SOFTMAX=1 LOH_USE_HEURISTIC_SIGNS=0 LOH_INCLUDE_HIT_MISS_FEATURES=0 LOH_INCLUDE_CACHE_FEATURES=0 LOH_INCLUDE_CANDIDATE_FEATURES=0 LOH_INCLUDE_TOPK_CANDIDATE_FEATURES=0 LOH_INCLUDE_AVGTOPK_CANDIDATE_FEATURES=0 LOH_INCLUDE_REQUEST=0 LOH_ENABLE_PENALTY=1 LOH_REWARD_USE_PENALTY=1 LOH_PENALTY_SCALE=reciprocal LOH_PENALTY_REWARD_FORMULA=net LOH_REWARD_W_PENALTY=2.0 LOH_PENALTY_CUTOFF=0 LOH_PENALTY_DMAX=400000 LOH_PENALTY_EMPTY_AS_GOOD=1 LOH_PENALTY_REFINE_ON_LATE=1 LOH_PENALTY_NO_EVICT_REWARD=keep LOH_PENALTY_BASELINE_DECAY=0.99 LOH_SURVIVAL_BINS=64 LOH_SURVIVAL_QUANTILE=0.99 LOH_SURVIVAL_MINCOUNT=1000 LOH_PENALTY_NET_GOOD_SCALE=1.0 LOH_PENALTY_NET_PENALTY_SCALE=1.0
wiki_2019t,20,1,2001,bestcfg_penalty_3t_3m_20260207_000001__wiki_2019t_020_r01,0,0.594229,0.491182,0.01,reciprocal,net,3.0,0.02,0.0,-0.000377135,-0.013355,0.0,0.000377133,LOH_PARALLEL_SAFE=1 LOH_SKIP_PIP_INSTALL=1 LOH_SKIP_BUILD=1 LOH_DEBUG_LEVEL=1 CACHESIM_VERBOSE=0 CACHESIM_NUM_REQ=3000000 LOH_RL_ALGO=SAC LOH_ACTION_SCALE=1.0 LOH_SCORE_USE_COMPOUND=0 LOH_SCORE_USE_IRT=0 LOH_USE_SOFTMAX=1 LOH_USE_HEURISTIC_SIGNS=0 LOH_INCLUDE_HIT_MISS_FEATURES=0 LOH_INCLUDE_CACHE_FEATURES=0 LOH_INCLUDE_CANDIDATE_FEATURES=0 LOH_INCLUDE_TOPK_CANDIDATE_FEATURES=0 LOH_INCLUDE_AVGTOPK_CANDIDATE_FEATURES=0 LOH_INCLUDE_REQUEST=0 LOH_ENABLE_PENALTY=1 LOH_REWARD_USE_PENALTY=1 LOH_PENALTY_SCALE=reciprocal LOH_PENALTY_REWARD_FORMULA=net LOH_REWARD_W_PENALTY=3.0 LOH_PENALTY_CUTOFF=0 LOH_PENALTY_DMAX=400000 LOH_PENALTY_EMPTY_AS_GOOD=1 LOH_PENALTY_REFINE_ON_LATE=1 LOH_PENALTY_NO_EVICT_REWARD=keep LOH_PENALTY_BASELINE_DECAY=0.99 LOH_SURVIVAL_BINS=64 LOH_SURVIVAL_QUANTILE=0.99 LOH_SURVIVAL_MINCOUNT=1000 LOH_PENALTY_NET_GOOD_SCALE=1.0 LOH_PENALTY_NET_PENALTY_SCALE=1.0
wiki_2019t,21,1,2101,bestcfg_penalty_3t_3m_20260207_000001__wiki_2019t_021_r01,0,0.594114,0.491213,0.01,reciprocal,net2,1.0,0.01,100.0,-1.0,-1.01715,-1.0,0.000381411,LOH_PARALLEL_SAFE=1 LOH_SKIP_PIP_INSTALL=1 LOH_SKIP_BUILD=1 LOH_DEBUG_LEVEL=1 CACHESIM_VERBOSE=0 CACHESIM_NUM_REQ=3000000 LOH_RL_ALGO=SAC LOH_ACTION_SCALE=1.0 LOH_SCORE_USE_COMPOUND=0 LOH_SCORE_USE_IRT=0 LOH_USE_SOFTMAX=1 LOH_USE_HEURISTIC_SIGNS=0 LOH_INCLUDE_HIT_MISS_FEATURES=0 LOH_INCLUDE_CACHE_FEATURES=0 LOH_INCLUDE_CANDIDATE_FEATURES=0 LOH_INCLUDE_TOPK_CANDIDATE_FEATURES=0 LOH_INCLUDE_AVGTOPK_CANDIDATE_FEATURES=0 LOH_INCLUDE_REQUEST=0 LOH_ENABLE_PENALTY=1 LOH_REWARD_USE_PENALTY=1 LOH_PENALTY_SCALE=reciprocal LOH_PENALTY_REWARD_FORMULA=net2 LOH_REWARD_W_PENALTY=1.0 LOH_PENALTY_CUTOFF=0 LOH_PENALTY_DMAX=400000 LOH_PENALTY_EMPTY_AS_GOOD=1 LOH_PENALTY_REFINE_ON_LATE=1 LOH_PENALTY_NO_EVICT_REWARD=keep LOH_PENALTY_BASELINE_DECAY=0.99 LOH_SURVIVAL_BINS=64 LOH_SURVIVAL_QUANTILE=0.99 LOH_SURVIVAL_MINCOUNT=1000 LOH_PENALTY_NET_GOOD_SCALE=1.0 LOH_PENALTY_NET_PENALTY_SCALE=1.0
wiki_2019t,22,1,2201,bestcfg_penalty_3t_3m_20260207_000001__wiki_2019t_022_r01,0,0.594516,0.490694,0.01,reciprocal,net2,2.0,0.01,100.0,-1.0,-1.01691,-1.0,0.000376447,LOH_PARALLEL_SAFE=1 LOH_SKIP_PIP_INSTALL=1 LOH_SKIP_BUILD=1 LOH_DEBUG_LEVEL=1 CACHESIM_VERBOSE=0 CACHESIM_NUM_REQ=3000000 LOH_RL_ALGO=SAC LOH_ACTION_SCALE=1.0 LOH_SCORE_USE_COMPOUND=0 LOH_SCORE_USE_IRT=0 LOH_USE_SOFTMAX=1 LOH_USE_HEURISTIC_SIGNS=0 LOH_INCLUDE_HIT_MISS_FEATURES=0 LOH_INCLUDE_CACHE_FEATURES=0 LOH_INCLUDE_CANDIDATE_FEATURES=0 LOH_INCLUDE_TOPK_CANDIDATE_FEATURES=0 LOH_INCLUDE_AVGTOPK_CANDIDATE_FEATURES=0 LOH_INCLUDE_REQUEST=0 LOH_ENABLE_PENALTY=1 LOH_REWARD_USE_PENALTY=1 LOH_PENALTY_SCALE=reciprocal LOH_PENALTY_REWARD_FORMULA=net2 LOH_REWARD_W_PENALTY=2.0 LOH_PENALTY_CUTOFF=0 LOH_PENALTY_DMAX=400000 LOH_PENALTY_EMPTY_AS_GOOD=1 LOH_PENALTY_REFINE_ON_LATE=1 LOH_PENALTY_NO_EVICT_REWARD=keep LOH_PENALTY_BASELINE_DECAY=0.99 LOH_SURVIVAL_BINS=64 LOH_SURVIVAL_QUANTILE=0.99 LOH_SURVIVAL_MINCOUNT=1000 LOH_PENALTY_NET_GOOD_SCALE=1.0 LOH_PENALTY_NET_PENALTY_SCALE=1.0
wiki_2019t,23,1,2301,bestcfg_penalty_3t_3m_20260207_000001__wiki_2019t_023_r01,0,0.594369,0.49108,0.01,reciprocal,net2,3.0,0.0,100.0,-1.0,-1.01894,-1.0,0.000357939,LOH_PARALLEL_SAFE=1 LOH_SKIP_PIP_INSTALL=1 LOH_SKIP_BUILD=1 LOH_DEBUG_LEVEL=1 CACHESIM_VERBOSE=0 CACHESIM_NUM_REQ=3000000 LOH_RL_ALGO=SAC LOH_ACTION_SCALE=1.0 LOH_SCORE_USE_COMPOUND=0 LOH_SCORE_USE_IRT=0 LOH_USE_SOFTMAX=1 LOH_USE_HEURISTIC_SIGNS=0 LOH_INCLUDE_HIT_MISS_FEATURES=0 LOH_INCLUDE_CACHE_FEATURES=0 LOH_INCLUDE_CANDIDATE_FEATURES=0 LOH_INCLUDE_TOPK_CANDIDATE_FEATURES=0 LOH_INCLUDE_AVGTOPK_CANDIDATE_FEATURES=0 LOH_INCLUDE_REQUEST=0 LOH_ENABLE_PENALTY=1 LOH_REWARD_USE_PENALTY=1 LOH_PENALTY_SCALE=reciprocal LOH_PENALTY_REWARD_FORMULA=net2 LOH_REWARD_W_PENALTY=3.0 LOH_PENALTY_CUTOFF=0 LOH_PENALTY_DMAX=400000 LOH_PENALTY_EMPTY_AS_GOOD=1 LOH_PENALTY_REFINE_ON_LATE=1 LOH_PENALTY_NO_EVICT_REWARD=keep LOH_PENALTY_BASELINE_DECAY=0.99 LOH_SURVIVAL_BINS=64 LOH_SURVIVAL_QUANTILE=0.99 LOH_SURVIVAL_MINCOUNT=1000 LOH_PENALTY_NET_GOOD_SCALE=1.0 LOH_PENALTY_NET_PENALTY_SCALE=1.0
wiki_2019t,24,1,2401,bestcfg_penalty_3t_3m_20260207_000001__wiki_2019t_024_r01,0,0.594419,0.491081,0.01,log,relative,0.1,0.01,2.24,-0.000349062,-224.1,0.919852,0.0269138,LOH_PARALLEL_SAFE=1 LOH_SKIP_PIP_INSTALL=1 LOH_SKIP_BUILD=1 LOH_DEBUG_LEVEL=1 CACHESIM_VERBOSE=0 CACHESIM_NUM_REQ=3000000 LOH_RL_ALGO=SAC LOH_ACTION_SCALE=1.0 LOH_SCORE_USE_COMPOUND=0 LOH_SCORE_USE_IRT=0 LOH_USE_SOFTMAX=1 LOH_USE_HEURISTIC_SIGNS=0 LOH_INCLUDE_HIT_MISS_FEATURES=0 LOH_INCLUDE_CACHE_FEATURES=0 LOH_INCLUDE_CANDIDATE_FEATURES=0 LOH_INCLUDE_TOPK_CANDIDATE_FEATURES=0 LOH_INCLUDE_AVGTOPK_CANDIDATE_FEATURES=0 LOH_INCLUDE_REQUEST=0 LOH_ENABLE_PENALTY=1 LOH_REWARD_USE_PENALTY=1 LOH_PENALTY_SCALE=log LOH_PENALTY_REWARD_FORMULA=relative LOH_REWARD_W_PENALTY=0.1 LOH_PENALTY_CUTOFF=0 LOH_PENALTY_DMAX=400000 LOH_PENALTY_EMPTY_AS_GOOD=1 LOH_PENALTY_REFINE_ON_LATE=1 LOH_PENALTY_NO_EVICT_REWARD=keep LOH_PENALTY_BASELINE_DECAY=0.99 LOH_SURVIVAL_BINS=64 LOH_SURVIVAL_QUANTILE=0.99 LOH_SURVIVAL_MINCOUNT=1000 LOH_PENALTY_NET_GOOD_SCALE=1.0 LOH_PENALTY_NET_PENALTY_SCALE=1.0
wiki_2019t,25,1,2501,bestcfg_penalty_3t_3m_20260207_000001__wiki_2019t_025_r01,0,0.59452,0.491115,0.01,log,relative,0.2,0.01,2.55,0.00070359,-224.1,0.935783,0.0269141,LOH_PARALLEL_SAFE=1 LOH_SKIP_PIP_INSTALL=1 LOH_SKIP_BUILD=1 LOH_DEBUG_LEVEL=1 CACHESIM_VERBOSE=0 CACHESIM_NUM_REQ=3000000 LOH_RL_ALGO=SAC LOH_ACTION_SCALE=1.0 LOH_SCORE_USE_COMPOUND=0 LOH_SCORE_USE_IRT=0 LOH_USE_SOFTMAX=1 LOH_USE_HEURISTIC_SIGNS=0 LOH_INCLUDE_HIT_MISS_FEATURES=0 LOH_INCLUDE_CACHE_FEATURES=0 LOH_INCLUDE_CANDIDATE_FEATURES=0 LOH_INCLUDE_TOPK_CANDIDATE_FEATURES=0 LOH_INCLUDE_AVGTOPK_CANDIDATE_FEATURES=0 LOH_INCLUDE_REQUEST=0 LOH_ENABLE_PENALTY=1 LOH_REWARD_USE_PENALTY=1 LOH_PENALTY_SCALE=log LOH_PENALTY_REWARD_FORMULA=relative LOH_REWARD_W_PENALTY=0.2 LOH_PENALTY_CUTOFF=0 LOH_PENALTY_DMAX=400000 LOH_PENALTY_EMPTY_AS_GOOD=1 LOH_PENALTY_REFINE_ON_LATE=1 LOH_PENALTY_NO_EVICT_REWARD=keep LOH_PENALTY_BASELINE_DECAY=0.99 LOH_SURVIVAL_BINS=64 LOH_SURVIVAL_QUANTILE=0.99 LOH_SURVIVAL_MINCOUNT=1000 LOH_PENALTY_NET_GOOD_SCALE=1.0 LOH_PENALTY_NET_PENALTY_SCALE=1.0
wiki_2019t,26,1,2601,bestcfg_penalty_3t_3m_20260207_000001__wiki_2019t_026_r01,0,0.594344,0.491453,0.01,log,relative,0.5,0.01,2.19,-0.00124856,-54.2643,0.9316,0.0269338,LOH_PARALLEL_SAFE=1 LOH_SKIP_PIP_INSTALL=1 LOH_SKIP_BUILD=1 LOH_DEBUG_LEVEL=1 CACHESIM_VERBOSE=0 CACHESIM_NUM_REQ=3000000 LOH_RL_ALGO=SAC LOH_ACTION_SCALE=1.0 LOH_SCORE_USE_COMPOUND=0 LOH_SCORE_USE_IRT=0 LOH_USE_SOFTMAX=1 LOH_USE_HEURISTIC_SIGNS=0 LOH_INCLUDE_HIT_MISS_FEATURES=0 LOH_INCLUDE_CACHE_FEATURES=0 LOH_INCLUDE_CANDIDATE_FEATURES=0 LOH_INCLUDE_TOPK_CANDIDATE_FEATURES=0 LOH_INCLUDE_AVGTOPK_CANDIDATE_FEATURES=0 LOH_INCLUDE_REQUEST=0 LOH_ENABLE_PENALTY=1 LOH_REWARD_USE_PENALTY=1 LOH_PENALTY_SCALE=log LOH_PENALTY_REWARD_FORMULA=relative LOH_REWARD_W_PENALTY=0.5 LOH_PENALTY_CUTOFF=0 LOH_PENALTY_DMAX=400000 LOH_PENALTY_EMPTY_AS_GOOD=1 LOH_PENALTY_REFINE_ON_LATE=1 LOH_PENALTY_NO_EVICT_REWARD=keep LOH_PENALTY_BASELINE_DECAY=0.99 LOH_SURVIVAL_BINS=64 LOH_SURVIVAL_QUANTILE=0.99 LOH_SURVIVAL_MINCOUNT=1000 LOH_PENALTY_NET_GOOD_SCALE=1.0 LOH_PENALTY_NET_PENALTY_SCALE=1.0
wiki_2019t,27,1,2701,bestcfg_penalty_3t_3m_20260207_000001__wiki_2019t_027_r01,0,0.594355,0.490759,0.01,log,relative,1.0,0.0,2.34,0.000401164,-113.163,0.930273,0.026932,LOH_PARALLEL_SAFE=1 LOH_SKIP_PIP_INSTALL=1 LOH_SKIP_BUILD=1 LOH_DEBUG_LEVEL=1 CACHESIM_VERBOSE=0 CACHESIM_NUM_REQ=3000000 LOH_RL_ALGO=SAC LOH_ACTION_SCALE=1.0 LOH_SCORE_USE_COMPOUND=0 LOH_SCORE_USE_IRT=0 LOH_USE_SOFTMAX=1 LOH_USE_HEURISTIC_SIGNS=0 LOH_INCLUDE_HIT_MISS_FEATURES=0 LOH_INCLUDE_CACHE_FEATURES=0 LOH_INCLUDE_CANDIDATE_FEATURES=0 LOH_INCLUDE_TOPK_CANDIDATE_FEATURES=0 LOH_INCLUDE_AVGTOPK_CANDIDATE_FEATURES=0 LOH_INCLUDE_REQUEST=0 LOH_ENABLE_PENALTY=1 LOH_REWARD_USE_PENALTY=1 LOH_PENALTY_SCALE=log LOH_PENALTY_REWARD_FORMULA=relative LOH_REWARD_W_PENALTY=1.0 LOH_PENALTY_CUTOFF=0 LOH_PENALTY_DMAX=400000 LOH_PENALTY_EMPTY_AS_GOOD=1 LOH_PENALTY_REFINE_ON_LATE=1 LOH_PENALTY_NO_EVICT_REWARD=keep LOH_PENALTY_BASELINE_DECAY=0.99 LOH_SURVIVAL_BINS=64 LOH_SURVIVAL_QUANTILE=0.99 LOH_SURVIVAL_MINCOUNT=1000 LOH_PENALTY_NET_GOOD_SCALE=1.0 LOH_PENALTY_NET_PENALTY_SCALE=1.0
wiki_2019t,28,1,2801,bestcfg_penalty_3t_3m_20260207_000001__wiki_2019t_028_r01,0,0.594409,0.490963,0.01,log,centered,0.1,0.01,0.01,0.946199,0.772441,1.0,0.0269004,LOH_PARALLEL_SAFE=1 LOH_SKIP_PIP_INSTALL=1 LOH_SKIP_BUILD=1 LOH_DEBUG_LEVEL=1 CACHESIM_VERBOSE=0 CACHESIM_NUM_REQ=3000000 LOH_RL_ALGO=SAC LOH_ACTION_SCALE=1.0 LOH_SCORE_USE_COMPOUND=0 LOH_SCORE_USE_IRT=0 LOH_USE_SOFTMAX=1 LOH_USE_HEURISTIC_SIGNS=0 LOH_INCLUDE_HIT_MISS_FEATURES=0 LOH_INCLUDE_CACHE_FEATURES=0 LOH_INCLUDE_CANDIDATE_FEATURES=0 LOH_INCLUDE_TOPK_CANDIDATE_FEATURES=0 LOH_INCLUDE_AVGTOPK_CANDIDATE_FEATURES=0 LOH_INCLUDE_REQUEST=0 LOH_ENABLE_PENALTY=1 LOH_REWARD_USE_PENALTY=1 LOH_PENALTY_SCALE=log LOH_PENALTY_REWARD_FORMULA=centered LOH_REWARD_W_PENALTY=0.1 LOH_PENALTY_CUTOFF=0 LOH_PENALTY_DMAX=400000 LOH_PENALTY_EMPTY_AS_GOOD=1 LOH_PENALTY_REFINE_ON_LATE=1 LOH_PENALTY_NO_EVICT_REWARD=keep LOH_PENALTY_BASELINE_DECAY=0.99 LOH_SURVIVAL_BINS=64 LOH_SURVIVAL_QUANTILE=0.99 LOH_SURVIVAL_MINCOUNT=1000 LOH_PENALTY_NET_GOOD_SCALE=1.0 LOH_PENALTY_NET_PENALTY_SCALE=1.0
wiki_2019t,29,1,2901,bestcfg_penalty_3t_3m_20260207_000001__wiki_2019t_029_r01,0,0.594121,0.490823,0.01,log,centered,0.2,0.01,0.01,0.946248,0.733402,1.0,0.0268761,LOH_PARALLEL_SAFE=1 LOH_SKIP_PIP_INSTALL=1 LOH_SKIP_BUILD=1 LOH_DEBUG_LEVEL=1 CACHESIM_VERBOSE=0 CACHESIM_NUM_REQ=3000000 LOH_RL_ALGO=SAC LOH_ACTION_SCALE=1.0 LOH_SCORE_USE_COMPOUND=0 LOH_SCORE_USE_IRT=0 LOH_USE_SOFTMAX=1 LOH_USE_HEURISTIC_SIGNS=0 LOH_INCLUDE_HIT_MISS_FEATURES=0 LOH_INCLUDE_CACHE_FEATURES=0 LOH_INCLUDE_CANDIDATE_FEATURES=0 LOH_INCLUDE_TOPK_CANDIDATE_FEATURES=0 LOH_INCLUDE_AVGTOPK_CANDIDATE_FEATURES=0 LOH_INCLUDE_REQUEST=0 LOH_ENABLE_PENALTY=1 LOH_REWARD_USE_PENALTY=1 LOH_PENALTY_SCALE=log LOH_PENALTY_REWARD_FORMULA=centered LOH_REWARD_W_PENALTY=0.2 LOH_PENALTY_CUTOFF=0 LOH_PENALTY_DMAX=400000 LOH_PENALTY_EMPTY_AS_GOOD=1 LOH_PENALTY_REFINE_ON_LATE=1 LOH_PENALTY_NO_EVICT_REWARD=keep LOH_PENALTY_BASELINE_DECAY=0.99 LOH_SURVIVAL_BINS=64 LOH_SURVIVAL_QUANTILE=0.99 LOH_SURVIVAL_MINCOUNT=1000 LOH_PENALTY_NET_GOOD_SCALE=1.0 LOH_PENALTY_NET_PENALTY_SCALE=1.0
wiki_2019t,30,1,3001,bestcfg_penalty_3t_3m_20260207_000001__wiki_2019t_030_r01,0,0.594204,0.491108,0.01,log,centered,0.5,0.0,0.0,0.94629,0.599084,0.99602,0.0268551,LOH_PARALLEL_SAFE=1 LOH_SKIP_PIP_INSTALL=1 LOH_SKIP_BUILD=1 LOH_DEBUG_LEVEL=1 CACHESIM_VERBOSE=0 CACHESIM_NUM_REQ=3000000 LOH_RL_ALGO=SAC LOH_ACTION_SCALE=1.0 LOH_SCORE_USE_COMPOUND=0 LOH_SCORE_USE_IRT=0 LOH_USE_SOFTMAX=1 LOH_USE_HEURISTIC_SIGNS=0 LOH_INCLUDE_HIT_MISS_FEATURES=0 LOH_INCLUDE_CACHE_FEATURES=0 LOH_INCLUDE_CANDIDATE_FEATURES=0 LOH_INCLUDE_TOPK_CANDIDATE_FEATURES=0 LOH_INCLUDE_AVGTOPK_CANDIDATE_FEATURES=0 LOH_INCLUDE_REQUEST=0 LOH_ENABLE_PENALTY=1 LOH_REWARD_USE_PENALTY=1 LOH_PENALTY_SCALE=log LOH_PENALTY_REWARD_FORMULA=centered LOH_REWARD_W_PENALTY=0.5 LOH_PENALTY_CUTOFF=0 LOH_PENALTY_DMAX=400000 LOH_PENALTY_EMPTY_AS_GOOD=1 LOH_PENALTY_REFINE_ON_LATE=1 LOH_PENALTY_NO_EVICT_REWARD=keep LOH_PENALTY_BASELINE_DECAY=0.99 LOH_SURVIVAL_BINS=64 LOH_SURVIVAL_QUANTILE=0.99 LOH_SURVIVAL_MINCOUNT=1000 LOH_PENALTY_NET_GOOD_SCALE=1.0 LOH_PENALTY_NET_PENALTY_SCALE=1.0
wiki_2019t,31,1,3101,bestcfg_penalty_3t_3m_20260207_000001__wiki_2019t_031_r01,0,0.594113,0.491428,0.01,log,centered,1.0,0.0,0.0,0.946274,0.472668,0.997,0.0268631,LOH_PARALLEL_SAFE=1 LOH_SKIP_PIP_INSTALL=1 LOH_SKIP_BUILD=1 LOH_DEBUG_LEVEL=1 CACHESIM_VERBOSE=0 CACHESIM_NUM_REQ=3000000 LOH_RL_ALGO=SAC LOH_ACTION_SCALE=1.0 LOH_SCORE_USE_COMPOUND=0 LOH_SCORE_USE_IRT=0 LOH_USE_SOFTMAX=1 LOH_USE_HEURISTIC_SIGNS=0 LOH_INCLUDE_HIT_MISS_FEATURES=0 LOH_INCLUDE_CACHE_FEATURES=0 LOH_INCLUDE_CANDIDATE_FEATURES=0 LOH_INCLUDE_TOPK_CANDIDATE_FEATURES=0 LOH_INCLUDE_AVGTOPK_CANDIDATE_FEATURES=0 LOH_INCLUDE_REQUEST=0 LOH_ENABLE_PENALTY=1 LOH_REWARD_USE_PENALTY=1 LOH_PENALTY_SCALE=log LOH_PENALTY_REWARD_FORMULA=centered LOH_REWARD_W_PENALTY=1.0 LOH_PENALTY_CUTOFF=0 LOH_PENALTY_DMAX=400000 LOH_PENALTY_EMPTY_AS_GOOD=1 LOH_PENALTY_REFINE_ON_LATE=1 LOH_PENALTY_NO_EVICT_REWARD=keep LOH_PENALTY_BASELINE_DECAY=0.99 LOH_SURVIVAL_BINS=64 LOH_SURVIVAL_QUANTILE=0.99 LOH_SURVIVAL_MINCOUNT=1000 LOH_PENALTY_NET_GOOD_SCALE=1.0 LOH_PENALTY_NET_PENALTY_SCALE=1.0
wiki_2019t,32,1,3201,bestcfg_penalty_3t_3m_20260207_000001__wiki_2019t_032_r01,0,0.59413,0.491245,0.01,log,one_minus,0.1,0.01,0.01,0.973124,0.727464,1.0,0.0268756,LOH_PARALLEL_SAFE=1 LOH_SKIP_PIP_INSTALL=1 LOH_SKIP_BUILD=1 LOH_DEBUG_LEVEL=1 CACHESIM_VERBOSE=0 CACHESIM_NUM_REQ=3000000 LOH_RL_ALGO=SAC LOH_ACTION_SCALE=1.0 LOH_SCORE_USE_COMPOUND=0 LOH_SCORE_USE_IRT=0 LOH_USE_SOFTMAX=1 LOH_USE_HEURISTIC_SIGNS=0 LOH_INCLUDE_HIT_MISS_FEATURES=0 LOH_INCLUDE_CACHE_FEATURES=0 LOH_INCLUDE_CANDIDATE_FEATURES=0 LOH_INCLUDE_TOPK_CANDIDATE_FEATURES=0 LOH_INCLUDE_AVGTOPK_CANDIDATE_FEATURES=0 LOH_INCLUDE_REQUEST=0 LOH_ENABLE_PENALTY=1 LOH_REWARD_USE_PENALTY=1 LOH_PENALTY_SCALE=log LOH_PENALTY_REWARD_FORMULA=one_minus LOH_REWARD_W_PENALTY=0.1 LOH_PENALTY_CUTOFF=0 LOH_PENALTY_DMAX=400000 LOH_PENALTY_EMPTY_AS_GOOD=1 LOH_PENALTY_REFINE_ON_LATE=1 LOH_PENALTY_NO_EVICT_REWARD=keep LOH_PENALTY_BASELINE_DECAY=0.99 LOH_SURVIVAL_BINS=64 LOH_SURVIVAL_QUANTILE=0.99 LOH_SURVIVAL_MINCOUNT=1000 LOH_PENALTY_NET_GOOD_SCALE=1.0 LOH_PENALTY_NET_PENALTY_SCALE=1.0
wiki_2019t,33,1,3301,bestcfg_penalty_3t_3m_20260207_000001__wiki_2019t_033_r01,0,0.594591,0.490883,0.01,log,one_minus,0.2,0.01,0.01,0.973057,0.761326,1.0,0.0269434,LOH_PARALLEL_SAFE=1 LOH_SKIP_PIP_INSTALL=1 LOH_SKIP_BUILD=1 LOH_DEBUG_LEVEL=1 CACHESIM_VERBOSE=0 CACHESIM_NUM_REQ=3000000 LOH_RL_ALGO=SAC LOH_ACTION_SCALE=1.0 LOH_SCORE_USE_COMPOUND=0 LOH_SCORE_USE_IRT=0 LOH_USE_SOFTMAX=1 LOH_USE_HEURISTIC_SIGNS=0 LOH_INCLUDE_HIT_MISS_FEATURES=0 LOH_INCLUDE_CACHE_FEATURES=0 LOH_INCLUDE_CANDIDATE_FEATURES=0 LOH_INCLUDE_TOPK_CANDIDATE_FEATURES=0 LOH_INCLUDE_AVGTOPK_CANDIDATE_FEATURES=0 LOH_INCLUDE_REQUEST=0 LOH_ENABLE_PENALTY=1 LOH_REWARD_USE_PENALTY=1 LOH_PENALTY_SCALE=log LOH_PENALTY_REWARD_FORMULA=one_minus LOH_REWARD_W_PENALTY=0.2 LOH_PENALTY_CUTOFF=0 LOH_PENALTY_DMAX=400000 LOH_PENALTY_EMPTY_AS_GOOD=1 LOH_PENALTY_REFINE_ON_LATE=1 LOH_PENALTY_NO_EVICT_REWARD=keep LOH_PENALTY_BASELINE_DECAY=0.99 LOH_SURVIVAL_BINS=64 LOH_SURVIVAL_QUANTILE=0.99 LOH_SURVIVAL_MINCOUNT=1000 LOH_PENALTY_NET_GOOD_SCALE=1.0 LOH_PENALTY_NET_PENALTY_SCALE=1.0
wiki_2019t,34,1,3401,bestcfg_penalty_3t_3m_20260207_000001__wiki_2019t_034_r01,0,0.594194,0.49112,0.01,log,one_minus,0.5,0.01,0.01,0.973027,0.850006,1.0,0.026973,LOH_PARALLEL_SAFE=1 LOH_SKIP_PIP_INSTALL=1 LOH_SKIP_BUILD=1 LOH_DEBUG_LEVEL=1 CACHESIM_VERBOSE=0 CACHESIM_NUM_REQ=3000000 LOH_RL_ALGO=SAC LOH_ACTION_SCALE=1.0 LOH_SCORE_USE_COMPOUND=0 LOH_SCORE_USE_IRT=0 LOH_USE_SOFTMAX=1 LOH_USE_HEURISTIC_SIGNS=0 LOH_INCLUDE_HIT_MISS_FEATURES=0 LOH_INCLUDE_CACHE_FEATURES=0 LOH_INCLUDE_CANDIDATE_FEATURES=0 LOH_INCLUDE_TOPK_CANDIDATE_FEATURES=0 LOH_INCLUDE_AVGTOPK_CANDIDATE_FEATURES=0 LOH_INCLUDE_REQUEST=0 LOH_ENABLE_PENALTY=1 LOH_REWARD_USE_PENALTY=1 LOH_PENALTY_SCALE=log LOH_PENALTY_REWARD_FORMULA=one_minus LOH_REWARD_W_PENALTY=0.5 LOH_PENALTY_CUTOFF=0 LOH_PENALTY_DMAX=400000 LOH_PENALTY_EMPTY_AS_GOOD=1 LOH_PENALTY_REFINE_ON_LATE=1 LOH_PENALTY_NO_EVICT_REWARD=keep LOH_PENALTY_BASELINE_DECAY=0.99 LOH_SURVIVAL_BINS=64 LOH_SURVIVAL_QUANTILE=0.99 LOH_SURVIVAL_MINCOUNT=1000 LOH_PENALTY_NET_GOOD_SCALE=1.0 LOH_PENALTY_NET_PENALTY_SCALE=1.0
wiki_2019t,35,1,3501,bestcfg_penalty_3t_3m_20260207_000001__wiki_2019t_035_r01,0,0.594373,0.490768,0.01,log,one_minus,1.0,0.01,0.01,0.973112,0.784685,1.0,0.0268884,LOH_PARALLEL_SAFE=1 LOH_SKIP_PIP_INSTALL=1 LOH_SKIP_BUILD=1 LOH_DEBUG_LEVEL=1 CACHESIM_VERBOSE=0 CACHESIM_NUM_REQ=3000000 LOH_RL_ALGO=SAC LOH_ACTION_SCALE=1.0 LOH_SCORE_USE_COMPOUND=0 LOH_SCORE_USE_IRT=0 LOH_USE_SOFTMAX=1 LOH_USE_HEURISTIC_SIGNS=0 LOH_INCLUDE_HIT_MISS_FEATURES=0 LOH_INCLUDE_CACHE_FEATURES=0 LOH_INCLUDE_CANDIDATE_FEATURES=0 LOH_INCLUDE_TOPK_CANDIDATE_FEATURES=0 LOH_INCLUDE_AVGTOPK_CANDIDATE_FEATURES=0 LOH_INCLUDE_REQUEST=0 LOH_ENABLE_PENALTY=1 LOH_REWARD_USE_PENALTY=1 LOH_PENALTY_SCALE=log LOH_PENALTY_REWARD_FORMULA=one_minus LOH_REWARD_W_PENALTY=1.0 LOH_PENALTY_CUTOFF=0 LOH_PENALTY_DMAX=400000 LOH_PENALTY_EMPTY_AS_GOOD=1 LOH_PENALTY_REFINE_ON_LATE=1 LOH_PENALTY_NO_EVICT_REWARD=keep LOH_PENALTY_BASELINE_DECAY=0.99 LOH_SURVIVAL_BINS=64 LOH_SURVIVAL_QUANTILE=0.99 LOH_SURVIVAL_MINCOUNT=1000 LOH_PENALTY_NET_GOOD_SCALE=1.0 LOH_PENALTY_NET_PENALTY_SCALE=1.0
wiki_2019t,36,1,3601,bestcfg_penalty_3t_3m_20260207_000001__wiki_2019t_036_r01,0,0.594305,0.490793,0.01,log,neg,0.1,0.02,0.0,-0.0269459,-0.356043,-0.0,0.0269459,LOH_PARALLEL_SAFE=1 LOH_SKIP_PIP_INSTALL=1 LOH_SKIP_BUILD=1 LOH_DEBUG_LEVEL=1 CACHESIM_VERBOSE=0 CACHESIM_NUM_REQ=3000000 LOH_RL_ALGO=SAC LOH_ACTION_SCALE=1.0 LOH_SCORE_USE_COMPOUND=0 LOH_SCORE_USE_IRT=0 LOH_USE_SOFTMAX=1 LOH_USE_HEURISTIC_SIGNS=0 LOH_INCLUDE_HIT_MISS_FEATURES=0 LOH_INCLUDE_CACHE_FEATURES=0 LOH_INCLUDE_CANDIDATE_FEATURES=0 LOH_INCLUDE_TOPK_CANDIDATE_FEATURES=0 LOH_INCLUDE_AVGTOPK_CANDIDATE_FEATURES=0 LOH_INCLUDE_REQUEST=0 LOH_ENABLE_PENALTY=1 LOH_REWARD_USE_PENALTY=1 LOH_PENALTY_SCALE=log LOH_PENALTY_REWARD_FORMULA=neg LOH_REWARD_W_PENALTY=0.1 LOH_PENALTY_CUTOFF=0 LOH_PENALTY_DMAX=400000 LOH_PENALTY_EMPTY_AS_GOOD=1 LOH_PENALTY_REFINE_ON_LATE=1 LOH_PENALTY_NO_EVICT_REWARD=keep LOH_PENALTY_BASELINE_DECAY=0.99 LOH_SURVIVAL_BINS=64 LOH_SURVIVAL_QUANTILE=0.99 LOH_SURVIVAL_MINCOUNT=1000 LOH_PENALTY_NET_GOOD_SCALE=1.0 LOH_PENALTY_NET_PENALTY_SCALE=1.0
wiki_2019t,37,1,3701,bestcfg_penalty_3t_3m_20260207_000001__wiki_2019t_037_r01,0,0.594256,0.491445,0.01,log,neg,0.2,0.01,0.0,-0.0269572,-0.246083,-0.0,0.0269572,LOH_PARALLEL_SAFE=1 LOH_SKIP_PIP_INSTALL=1 LOH_SKIP_BUILD=1 LOH_DEBUG_LEVEL=1 CACHESIM_VERBOSE=0 CACHESIM_NUM_REQ=3000000 LOH_RL_ALGO=SAC LOH_ACTION_SCALE=1.0 LOH_SCORE_USE_COMPOUND=0 LOH_SCORE_USE_IRT=0 LOH_USE_SOFTMAX=1 LOH_USE_HEURISTIC_SIGNS=0 LOH_INCLUDE_HIT_MISS_FEATURES=0 LOH_INCLUDE_CACHE_FEATURES=0 LOH_INCLUDE_CANDIDATE_FEATURES=0 LOH_INCLUDE_TOPK_CANDIDATE_FEATURES=0 LOH_INCLUDE_AVGTOPK_CANDIDATE_FEATURES=0 LOH_INCLUDE_REQUEST=0 LOH_ENABLE_PENALTY=1 LOH_REWARD_USE_PENALTY=1 LOH_PENALTY_SCALE=log LOH_PENALTY_REWARD_FORMULA=neg LOH_REWARD_W_PENALTY=0.2 LOH_PENALTY_CUTOFF=0 LOH_PENALTY_DMAX=400000 LOH_PENALTY_EMPTY_AS_GOOD=1 LOH_PENALTY_REFINE_ON_LATE=1 LOH_PENALTY_NO_EVICT_REWARD=keep LOH_PENALTY_BASELINE_DECAY=0.99 LOH_SURVIVAL_BINS=64 LOH_SURVIVAL_QUANTILE=0.99 LOH_SURVIVAL_MINCOUNT=1000 LOH_PENALTY_NET_GOOD_SCALE=1.0 LOH_PENALTY_NET_PENALTY_SCALE=1.0
wiki_2019t,38,1,3801,bestcfg_penalty_3t_3m_20260207_000001__wiki_2019t_038_r01,0,0.594299,0.491065,0.01,log,neg,0.5,0.01,0.0,-0.0269187,-0.301072,-0.0,0.0269187,LOH_PARALLEL_SAFE=1 LOH_SKIP_PIP_INSTALL=1 LOH_SKIP_BUILD=1 LOH_DEBUG_LEVEL=1 CACHESIM_VERBOSE=0 CACHESIM_NUM_REQ=3000000 LOH_RL_ALGO=SAC LOH_ACTION_SCALE=1.0 LOH_SCORE_USE_COMPOUND=0 LOH_SCORE_USE_IRT=0 LOH_USE_SOFTMAX=1 LOH_USE_HEURISTIC_SIGNS=0 LOH_INCLUDE_HIT_MISS_FEATURES=0 LOH_INCLUDE_CACHE_FEATURES=0 LOH_INCLUDE_CANDIDATE_FEATURES=0 LOH_INCLUDE_TOPK_CANDIDATE_FEATURES=0 LOH_INCLUDE_AVGTOPK_CANDIDATE_FEATURES=0 LOH_INCLUDE_REQUEST=0 LOH_ENABLE_PENALTY=1 LOH_REWARD_USE_PENALTY=1 LOH_PENALTY_SCALE=log LOH_PENALTY_REWARD_FORMULA=neg LOH_REWARD_W_PENALTY=0.5 LOH_PENALTY_CUTOFF=0 LOH_PENALTY_DMAX=400000 LOH_PENALTY_EMPTY_AS_GOOD=1 LOH_PENALTY_REFINE_ON_LATE=1 LOH_PENALTY_NO_EVICT_REWARD=keep LOH_PENALTY_BASELINE_DECAY=0.99 LOH_SURVIVAL_BINS=64 LOH_SURVIVAL_QUANTILE=0.99 LOH_SURVIVAL_MINCOUNT=1000 LOH_PENALTY_NET_GOOD_SCALE=1.0 LOH_PENALTY_NET_PENALTY_SCALE=1.0
wiki_2019t,39,1,3901,bestcfg_penalty_3t_3m_20260207_000001__wiki_2019t_039_r01,0,0.594189,0.491205,0.01,log,neg,1.0,0.01,0.0,-0.0268764,-0.215315,-0.0,0.0268764,LOH_PARALLEL_SAFE=1 LOH_SKIP_PIP_INSTALL=1 LOH_SKIP_BUILD=1 LOH_DEBUG_LEVEL=1 CACHESIM_VERBOSE=0 CACHESIM_NUM_REQ=3000000 LOH_RL_ALGO=SAC LOH_ACTION_SCALE=1.0 LOH_SCORE_USE_COMPOUND=0 LOH_SCORE_USE_IRT=0 LOH_USE_SOFTMAX=1 LOH_USE_HEURISTIC_SIGNS=0 LOH_INCLUDE_HIT_MISS_FEATURES=0 LOH_INCLUDE_CACHE_FEATURES=0 LOH_INCLUDE_CANDIDATE_FEATURES=0 LOH_INCLUDE_TOPK_CANDIDATE_FEATURES=0 LOH_INCLUDE_AVGTOPK_CANDIDATE_FEATURES=0 LOH_INCLUDE_REQUEST=0 LOH_ENABLE_PENALTY=1 LOH_REWARD_USE_PENALTY=1 LOH_PENALTY_SCALE=log LOH_PENALTY_REWARD_FORMULA=neg LOH_REWARD_W_PENALTY=1.0 LOH_PENALTY_CUTOFF=0 LOH_PENALTY_DMAX=400000 LOH_PENALTY_EMPTY_AS_GOOD=1 LOH_PENALTY_REFINE_ON_LATE=1 LOH_PENALTY_NO_EVICT_REWARD=keep LOH_PENALTY_BASELINE_DECAY=0.99 LOH_SURVIVAL_BINS=64 LOH_SURVIVAL_QUANTILE=0.99 LOH_SURVIVAL_MINCOUNT=1000 LOH_PENALTY_NET_GOOD_SCALE=1.0 LOH_PENALTY_NET_PENALTY_SCALE=1.0
wiki_2019t,40,1,4001,bestcfg_penalty_3t_3m_20260207_000001__wiki_2019t_040_r01,0,0.594351,0.491071,0.01,log,net,1.0,0.0,0.0,-0.0268707,-0.148792,-0.001595,0.0268707,LOH_PARALLEL_SAFE=1 LOH_SKIP_PIP_INSTALL=1 LOH_SKIP_BUILD=1 LOH_DEBUG_LEVEL=1 CACHESIM_VERBOSE=0 CACHESIM_NUM_REQ=3000000 LOH_RL_ALGO=SAC LOH_ACTION_SCALE=1.0 LOH_SCORE_USE_COMPOUND=0 LOH_SCORE_USE_IRT=0 LOH_USE_SOFTMAX=1 LOH_USE_HEURISTIC_SIGNS=0 LOH_INCLUDE_HIT_MISS_FEATURES=0 LOH_INCLUDE_CACHE_FEATURES=0 LOH_INCLUDE_CANDIDATE_FEATURES=0 LOH_INCLUDE_TOPK_CANDIDATE_FEATURES=0 LOH_INCLUDE_AVGTOPK_CANDIDATE_FEATURES=0 LOH_INCLUDE_REQUEST=0 LOH_ENABLE_PENALTY=1 LOH_REWARD_USE_PENALTY=1 LOH_PENALTY_SCALE=log LOH_PENALTY_REWARD_FORMULA=net LOH_REWARD_W_PENALTY=1.0 LOH_PENALTY_CUTOFF=0 LOH_PENALTY_DMAX=400000 LOH_PENALTY_EMPTY_AS_GOOD=1 LOH_PENALTY_REFINE_ON_LATE=1 LOH_PENALTY_NO_EVICT_REWARD=keep LOH_PENALTY_BASELINE_DECAY=0.99 LOH_SURVIVAL_BINS=64 LOH_SURVIVAL_QUANTILE=0.99 LOH_SURVIVAL_MINCOUNT=1000 LOH_PENALTY_NET_GOOD_SCALE=1.0 LOH_PENALTY_NET_PENALTY_SCALE=1.0
wiki_2019t,41,1,4101,bestcfg_penalty_3t_3m_20260207_000001__wiki_2019t_041_r01,0,0.594295,0.491291,0.01,log,net,2.0,0.01,0.0,-0.0270286,-0.608272,0.0,0.0270286,LOH_PARALLEL_SAFE=1 LOH_SKIP_PIP_INSTALL=1 LOH_SKIP_BUILD=1 LOH_DEBUG_LEVEL=1 CACHESIM_VERBOSE=0 CACHESIM_NUM_REQ=3000000 LOH_RL_ALGO=SAC LOH_ACTION_SCALE=1.0 LOH_SCORE_USE_COMPOUND=0 LOH_SCORE_USE_IRT=0 LOH_USE_SOFTMAX=1 LOH_USE_HEURISTIC_SIGNS=0 LOH_INCLUDE_HIT_MISS_FEATURES=0 LOH_INCLUDE_CACHE_FEATURES=0 LOH_INCLUDE_CANDIDATE_FEATURES=0 LOH_INCLUDE_TOPK_CANDIDATE_FEATURES=0 LOH_INCLUDE_AVGTOPK_CANDIDATE_FEATURES=0 LOH_INCLUDE_REQUEST=0 LOH_ENABLE_PENALTY=1 LOH_REWARD_USE_PENALTY=1 LOH_PENALTY_SCALE=log LOH_PENALTY_REWARD_FORMULA=net LOH_REWARD_W_PENALTY=2.0 LOH_PENALTY_CUTOFF=0 LOH_PENALTY_DMAX=400000 LOH_PENALTY_EMPTY_AS_GOOD=1 LOH_PENALTY_REFINE_ON_LATE=1 LOH_PENALTY_NO_EVICT_REWARD=keep LOH_PENALTY_BASELINE_DECAY=0.99 LOH_SURVIVAL_BINS=64 LOH_SURVIVAL_QUANTILE=0.99 LOH_SURVIVAL_MINCOUNT=1000 LOH_PENALTY_NET_GOOD_SCALE=1.0 LOH_PENALTY_NET_PENALTY_SCALE=1.0
wiki_2019t,42,1,4201,bestcfg_penalty_3t_3m_20260207_000001__wiki_2019t_042_r01,0,0.594438,0.491266,0.01,log,net,3.0,0.01,0.0,-0.0269042,-0.238674,0.0,0.0269042,LOH_PARALLEL_SAFE=1 LOH_SKIP_PIP_INSTALL=1 LOH_SKIP_BUILD=1 LOH_DEBUG_LEVEL=1 CACHESIM_VERBOSE=0 CACHESIM_NUM_REQ=3000000 LOH_RL_ALGO=SAC LOH_ACTION_SCALE=1.0 LOH_SCORE_USE_COMPOUND=0 LOH_SCORE_USE_IRT=0 LOH_USE_SOFTMAX=1 LOH_USE_HEURISTIC_SIGNS=0 LOH_INCLUDE_HIT_MISS_FEATURES=0 LOH_INCLUDE_CACHE_FEATURES=0 LOH_INCLUDE_CANDIDATE_FEATURES=0 LOH_INCLUDE_TOPK_CANDIDATE_FEATURES=0 LOH_INCLUDE_AVGTOPK_CANDIDATE_FEATURES=0 LOH_INCLUDE_REQUEST=0 LOH_ENABLE_PENALTY=1 LOH_REWARD_USE_PENALTY=1 LOH_PENALTY_SCALE=log LOH_PENALTY_REWARD_FORMULA=net LOH_REWARD_W_PENALTY=3.0 LOH_PENALTY_CUTOFF=0 LOH_PENALTY_DMAX=400000 LOH_PENALTY_EMPTY_AS_GOOD=1 LOH_PENALTY_REFINE_ON_LATE=1 LOH_PENALTY_NO_EVICT_REWARD=keep LOH_PENALTY_BASELINE_DECAY=0.99 LOH_SURVIVAL_BINS=64 LOH_SURVIVAL_QUANTILE=0.99 LOH_SURVIVAL_MINCOUNT=1000 LOH_PENALTY_NET_GOOD_SCALE=1.0 LOH_PENALTY_NET_PENALTY_SCALE=1.0
wiki_2019t,43,1,4301,bestcfg_penalty_3t_3m_20260207_000001__wiki_2019t_043_r01,0,0.594273,0.491213,0.01,log,net2,1.0,0.01,100.0,-1.0,-1.31678,-1.0,0.0269538,LOH_PARALLEL_SAFE=1 LOH_SKIP_PIP_INSTALL=1 LOH_SKIP_BUILD=1 LOH_DEBUG_LEVEL=1 CACHESIM_VERBOSE=0 CACHESIM_NUM_REQ=3000000 LOH_RL_ALGO=SAC LOH_ACTION_SCALE=1.0 LOH_SCORE_USE_COMPOUND=0 LOH_SCORE_USE_IRT=0 LOH_USE_SOFTMAX=1 LOH_USE_HEURISTIC_SIGNS=0 LOH_INCLUDE_HIT_MISS_FEATURES=0 LOH_INCLUDE_CACHE_FEATURES=0 LOH_INCLUDE_CANDIDATE_FEATURES=0 LOH_INCLUDE_TOPK_CANDIDATE_FEATURES=0 LOH_INCLUDE_AVGTOPK_CANDIDATE_FEATURES=0 LOH_INCLUDE_REQUEST=0 LOH_ENABLE_PENALTY=1 LOH_REWARD_USE_PENALTY=1 LOH_PENALTY_SCALE=log LOH_PENALTY_REWARD_FORMULA=net2 LOH_REWARD_W_PENALTY=1.0 LOH_PENALTY_CUTOFF=0 LOH_PENALTY_DMAX=400000 LOH_PENALTY_EMPTY_AS_GOOD=1 LOH_PENALTY_REFINE_ON_LATE=1 LOH_PENALTY_NO_EVICT_REWARD=keep LOH_PENALTY_BASELINE_DECAY=0.99 LOH_SURVIVAL_BINS=64 LOH_SURVIVAL_QUANTILE=0.99 LOH_SURVIVAL_MINCOUNT=1000 LOH_PENALTY_NET_GOOD_SCALE=1.0 LOH_PENALTY_NET_PENALTY_SCALE=1.0
wiki_2019t,44,1,4401,bestcfg_penalty_3t_3m_20260207_000001__wiki_2019t_044_r01,0,0.594543,0.49117,0.01,log,net2,2.0,0.01,100.0,-1.0,-1.27251,-1.0,0.0269523,LOH_PARALLEL_SAFE=1 LOH_SKIP_PIP_INSTALL=1 LOH_SKIP_BUILD=1 LOH_DEBUG_LEVEL=1 CACHESIM_VERBOSE=0 CACHESIM_NUM_REQ=3000000 LOH_RL_ALGO=SAC LOH_ACTION_SCALE=1.0 LOH_SCORE_USE_COMPOUND=0 LOH_SCORE_USE_IRT=0 LOH_USE_SOFTMAX=1 LOH_USE_HEURISTIC_SIGNS=0 LOH_INCLUDE_HIT_MISS_FEATURES=0 LOH_INCLUDE_CACHE_FEATURES=0 LOH_INCLUDE_CANDIDATE_FEATURES=0 LOH_INCLUDE_TOPK_CANDIDATE_FEATURES=0 LOH_INCLUDE_AVGTOPK_CANDIDATE_FEATURES=0 LOH_INCLUDE_REQUEST=0 LOH_ENABLE_PENALTY=1 LOH_REWARD_USE_PENALTY=1 LOH_PENALTY_SCALE=log LOH_PENALTY_REWARD_FORMULA=net2 LOH_REWARD_W_PENALTY=2.0 LOH_PENALTY_CUTOFF=0 LOH_PENALTY_DMAX=400000 LOH_PENALTY_EMPTY_AS_GOOD=1 LOH_PENALTY_REFINE_ON_LATE=1 LOH_PENALTY_NO_EVICT_REWARD=keep LOH_PENALTY_BASELINE_DECAY=0.99 LOH_SURVIVAL_BINS=64 LOH_SURVIVAL_QUANTILE=0.99 LOH_SURVIVAL_MINCOUNT=1000 LOH_PENALTY_NET_GOOD_SCALE=1.0 LOH_PENALTY_NET_PENALTY_SCALE=1.0
wiki_2019t,45,1,4501,bestcfg_penalty_3t_3m_20260207_000001__wiki_2019t_045_r01,0,0.594485,0.491077,0.01,log,net2,3.0,0.0,100.0,-1.0,-1.27251,-1.00174,0.0268948,LOH_PARALLEL_SAFE=1 LOH_SKIP_PIP_INSTALL=1 LOH_SKIP_BUILD=1 LOH_DEBUG_LEVEL=1 CACHESIM_VERBOSE=0 CACHESIM_NUM_REQ=3000000 LOH_RL_ALGO=SAC LOH_ACTION_SCALE=1.0 LOH_SCORE_USE_COMPOUND=0 LOH_SCORE_USE_IRT=0 LOH_USE_SOFTMAX=1 LOH_USE_HEURISTIC_SIGNS=0 LOH_INCLUDE_HIT_MISS_FEATURES=0 LOH_INCLUDE_CACHE_FEATURES=0 LOH_INCLUDE_CANDIDATE_FEATURES=0 LOH_INCLUDE_TOPK_CANDIDATE_FEATURES=0 LOH_INCLUDE_AVGTOPK_CANDIDATE_FEATURES=0 LOH_INCLUDE_REQUEST=0 LOH_ENABLE_PENALTY=1 LOH_REWARD_USE_PENALTY=1 LOH_PENALTY_SCALE=log LOH_PENALTY_REWARD_FORMULA=net2 LOH_REWARD_W_PENALTY=3.0 LOH_PENALTY_CUTOFF=0 LOH_PENALTY_DMAX=400000 LOH_PENALTY_EMPTY_AS_GOOD=1 LOH_PENALTY_REFINE_ON_LATE=1 LOH_PENALTY_NO_EVICT_REWARD=keep LOH_PENALTY_BASELINE_DECAY=0.99 LOH_SURVIVAL_BINS=64 LOH_SURVIVAL_QUANTILE=0.99 LOH_SURVIVAL_MINCOUNT=1000 LOH_PENALTY_NET_GOOD_SCALE=1.0 LOH_PENALTY_NET_PENALTY_SCALE=1.0
wiki_2019t,46,1,4601,bestcfg_penalty_3t_3m_20260207_000001__wiki_2019t_046_r01,0,0.594397,0.490806,0.01,survival,relative,0.1,0.01,2.01,0.000670767,-174.882,0.934143,0.0628249,LOH_PARALLEL_SAFE=1 LOH_SKIP_PIP_INSTALL=1 LOH_SKIP_BUILD=1 LOH_DEBUG_LEVEL=1 CACHESIM_VERBOSE=0 CACHESIM_NUM_REQ=3000000 LOH_RL_ALGO=SAC LOH_ACTION_SCALE=1.0 LOH_SCORE_USE_COMPOUND=0 LOH_SCORE_USE_IRT=0 LOH_USE_SOFTMAX=1 LOH_USE_HEURISTIC_SIGNS=0 LOH_INCLUDE_HIT_MISS_FEATURES=0 LOH_INCLUDE_CACHE_FEATURES=0 LOH_INCLUDE_CANDIDATE_FEATURES=0 LOH_INCLUDE_TOPK_CANDIDATE_FEATURES=0 LOH_INCLUDE_AVGTOPK_CANDIDATE_FEATURES=0 LOH_INCLUDE_REQUEST=0 LOH_ENABLE_PENALTY=1 LOH_REWARD_USE_PENALTY=1 LOH_PENALTY_SCALE=survival LOH_PENALTY_REWARD_FORMULA=relative LOH_REWARD_W_PENALTY=0.1 LOH_PENALTY_CUTOFF=0 LOH_PENALTY_DMAX=400000 LOH_PENALTY_EMPTY_AS_GOOD=1 LOH_PENALTY_REFINE_ON_LATE=1 LOH_PENALTY_NO_EVICT_REWARD=keep LOH_PENALTY_BASELINE_DECAY=0.99 LOH_SURVIVAL_BINS=64 LOH_SURVIVAL_QUANTILE=0.99 LOH_SURVIVAL_MINCOUNT=1000 LOH_PENALTY_NET_GOOD_SCALE=1.0 LOH_PENALTY_NET_PENALTY_SCALE=1.0
wiki_2019t,47,1,4701,bestcfg_penalty_3t_3m_20260207_000001__wiki_2019t_047_r01,0,0.59426,0.490615,0.01,survival,relative,0.2,0.01,1.98,0.000537736,-175.811,0.91161,0.0627913,LOH_PARALLEL_SAFE=1 LOH_SKIP_PIP_INSTALL=1 LOH_SKIP_BUILD=1 LOH_DEBUG_LEVEL=1 CACHESIM_VERBOSE=0 CACHESIM_NUM_REQ=3000000 LOH_RL_ALGO=SAC LOH_ACTION_SCALE=1.0 LOH_SCORE_USE_COMPOUND=0 LOH_SCORE_USE_IRT=0 LOH_USE_SOFTMAX=1 LOH_USE_HEURISTIC_SIGNS=0 LOH_INCLUDE_HIT_MISS_FEATURES=0 LOH_INCLUDE_CACHE_FEATURES=0 LOH_INCLUDE_CANDIDATE_FEATURES=0 LOH_INCLUDE_TOPK_CANDIDATE_FEATURES=0 LOH_INCLUDE_AVGTOPK_CANDIDATE_FEATURES=0 LOH_INCLUDE_REQUEST=0 LOH_ENABLE_PENALTY=1 LOH_REWARD_USE_PENALTY=1 LOH_PENALTY_SCALE=survival LOH_PENALTY_REWARD_FORMULA=relative LOH_REWARD_W_PENALTY=0.2 LOH_PENALTY_CUTOFF=0 LOH_PENALTY_DMAX=400000 LOH_PENALTY_EMPTY_AS_GOOD=1 LOH_PENALTY_REFINE_ON_LATE=1 LOH_PENALTY_NO_EVICT_REWARD=keep LOH_PENALTY_BASELINE_DECAY=0.99 LOH_SURVIVAL_BINS=64 LOH_SURVIVAL_QUANTILE=0.99 LOH_SURVIVAL_MINCOUNT=1000 LOH_PENALTY_NET_GOOD_SCALE=1.0 LOH_PENALTY_NET_PENALTY_SCALE=1.0
wiki_2019t,48,1,4801,bestcfg_penalty_3t_3m_20260207_000001__wiki_2019t_048_r01,0,0.594421,0.491055,0.01,survival,relative,0.5,0.01,2.07,0.000242645,-59.866,0.946227,0.0628581,LOH_PARALLEL_SAFE=1 LOH_SKIP_PIP_INSTALL=1 LOH_SKIP_BUILD=1 LOH_DEBUG_LEVEL=1 CACHESIM_VERBOSE=0 CACHESIM_NUM_REQ=3000000 LOH_RL_ALGO=SAC LOH_ACTION_SCALE=1.0 LOH_SCORE_USE_COMPOUND=0 LOH_SCORE_USE_IRT=0 LOH_USE_SOFTMAX=1 LOH_USE_HEURISTIC_SIGNS=0 LOH_INCLUDE_HIT_MISS_FEATURES=0 LOH_INCLUDE_CACHE_FEATURES=0 LOH_INCLUDE_CANDIDATE_FEATURES=0 LOH_INCLUDE_TOPK_CANDIDATE_FEATURES=0 LOH_INCLUDE_AVGTOPK_CANDIDATE_FEATURES=0 LOH_INCLUDE_REQUEST=0 LOH_ENABLE_PENALTY=1 LOH_REWARD_USE_PENALTY=1 LOH_PENALTY_SCALE=survival LOH_PENALTY_REWARD_FORMULA=relative LOH_REWARD_W_PENALTY=0.5 LOH_PENALTY_CUTOFF=0 LOH_PENALTY_DMAX=400000 LOH_PENALTY_EMPTY_AS_GOOD=1 LOH_PENALTY_REFINE_ON_LATE=1 LOH_PENALTY_NO_EVICT_REWARD=keep LOH_PENALTY_BASELINE_DECAY=0.99 LOH_SURVIVAL_BINS=64 LOH_SURVIVAL_QUANTILE=0.99 LOH_SURVIVAL_MINCOUNT=1000 LOH_PENALTY_NET_GOOD_SCALE=1.0 LOH_PENALTY_NET_PENALTY_SCALE=1.0
wiki_2019t,49,1,4901,bestcfg_penalty_3t_3m_20260207_000001__wiki_2019t_049_r01,0,0.594465,0.490751,0.01,survival,relative,1.0,0.01,2.06,0.000433229,-175.685,0.919964,0.0627007,LOH_PARALLEL_SAFE=1 LOH_SKIP_PIP_INSTALL=1 LOH_SKIP_BUILD=1 LOH_DEBUG_LEVEL=1 CACHESIM_VERBOSE=0 CACHESIM_NUM_REQ=3000000 LOH_RL_ALGO=SAC LOH_ACTION_SCALE=1.0 LOH_SCORE_USE_COMPOUND=0 LOH_SCORE_USE_IRT=0 LOH_USE_SOFTMAX=1 LOH_USE_HEURISTIC_SIGNS=0 LOH_INCLUDE_HIT_MISS_FEATURES=0 LOH_INCLUDE_CACHE_FEATURES=0 LOH_INCLUDE_CANDIDATE_FEATURES=0 LOH_INCLUDE_TOPK_CANDIDATE_FEATURES=0 LOH_INCLUDE_AVGTOPK_CANDIDATE_FEATURES=0 LOH_INCLUDE_REQUEST=0 LOH_ENABLE_PENALTY=1 LOH_REWARD_USE_PENALTY=1 LOH_PENALTY_SCALE=survival LOH_PENALTY_REWARD_FORMULA=relative LOH_REWARD_W_PENALTY=1.0 LOH_PENALTY_CUTOFF=0 LOH_PENALTY_DMAX=400000 LOH_PENALTY_EMPTY_AS_GOOD=1 LOH_PENALTY_REFINE_ON_LATE=1 LOH_PENALTY_NO_EVICT_REWARD=keep LOH_PENALTY_BASELINE_DECAY=0.99 LOH_SURVIVAL_BINS=64 LOH_SURVIVAL_QUANTILE=0.99 LOH_SURVIVAL_MINCOUNT=1000 LOH_PENALTY_NET_GOOD_SCALE=1.0 LOH_PENALTY_NET_PENALTY_SCALE=1.0
wiki_2019t,50,1,5001,bestcfg_penalty_3t_3m_20260207_000001__wiki_2019t_050_r01,0,0.594464,0.491271,0.01,survival,centered,0.1,0.01,0.02,0.873777,-1.08354,1.0,0.0631148,LOH_PARALLEL_SAFE=1 LOH_SKIP_PIP_INSTALL=1 LOH_SKIP_BUILD=1 LOH_DEBUG_LEVEL=1 CACHESIM_VERBOSE=0 CACHESIM_NUM_REQ=3000000 LOH_RL_ALGO=SAC LOH_ACTION_SCALE=1.0 LOH_SCORE_USE_COMPOUND=0 LOH_SCORE_USE_IRT=0 LOH_USE_SOFTMAX=1 LOH_USE_HEURISTIC_SIGNS=0 LOH_INCLUDE_HIT_MISS_FEATURES=0 LOH_INCLUDE_CACHE_FEATURES=0 LOH_INCLUDE_CANDIDATE_FEATURES=0 LOH_INCLUDE_TOPK_CANDIDATE_FEATURES=0 LOH_INCLUDE_AVGTOPK_CANDIDATE_FEATURES=0 LOH_INCLUDE_REQUEST=0 LOH_ENABLE_PENALTY=1 LOH_REWARD_USE_PENALTY=1 LOH_PENALTY_SCALE=survival LOH_PENALTY_REWARD_FORMULA=centered LOH_REWARD_W_PENALTY=0.1 LOH_PENALTY_CUTOFF=0 LOH_PENALTY_DMAX=400000 LOH_PENALTY_EMPTY_AS_GOOD=1 LOH_PENALTY_REFINE_ON_LATE=1 LOH_PENALTY_NO_EVICT_REWARD=keep LOH_PENALTY_BASELINE_DECAY=0.99 LOH_SURVIVAL_BINS=64 LOH_SURVIVAL_QUANTILE=0.99 LOH_SURVIVAL_MINCOUNT=1000 LOH_PENALTY_NET_GOOD_SCALE=1.0 LOH_PENALTY_NET_PENALTY_SCALE=1.0
wiki_2019t,51,1,5101,bestcfg_penalty_3t_3m_20260207_000001__wiki_2019t_051_r01,0,0.594176,0.491281,0.01,survival,centered,0.2,0.01,0.01,0.874197,0.357253,1.0,0.0629016,LOH_PARALLEL_SAFE=1 LOH_SKIP_PIP_INSTALL=1 LOH_SKIP_BUILD=1 LOH_DEBUG_LEVEL=1 CACHESIM_VERBOSE=0 CACHESIM_NUM_REQ=3000000 LOH_RL_ALGO=SAC LOH_ACTION_SCALE=1.0 LOH_SCORE_USE_COMPOUND=0 LOH_SCORE_USE_IRT=0 LOH_USE_SOFTMAX=1 LOH_USE_HEURISTIC_SIGNS=0 LOH_INCLUDE_HIT_MISS_FEATURES=0 LOH_INCLUDE_CACHE_FEATURES=0 LOH_INCLUDE_CANDIDATE_FEATURES=0 LOH_INCLUDE_TOPK_CANDIDATE_FEATURES=0 LOH_INCLUDE_AVGTOPK_CANDIDATE_FEATURES=0 LOH_INCLUDE_REQUEST=0 LOH_ENABLE_PENALTY=1 LOH_REWARD_USE_PENALTY=1 LOH_PENALTY_SCALE=survival LOH_PENALTY_REWARD_FORMULA=centered LOH_REWARD_W_PENALTY=0.2 LOH_PENALTY_CUTOFF=0 LOH_PENALTY_DMAX=400000 LOH_PENALTY_EMPTY_AS_GOOD=1 LOH_PENALTY_REFINE_ON_LATE=1 LOH_PENALTY_NO_EVICT_REWARD=keep LOH_PENALTY_BASELINE_DECAY=0.99 LOH_SURVIVAL_BINS=64 LOH_SURVIVAL_QUANTILE=0.99 LOH_SURVIVAL_MINCOUNT=1000 LOH_PENALTY_NET_GOOD_SCALE=1.0 LOH_PENALTY_NET_PENALTY_SCALE=1.0
wiki_2019t,52,1,5201,bestcfg_penalty_3t_3m_20260207_000001__wiki_2019t_052_r01,0,0.594415,0.491399,0.01,survival,centered,0.5,0.01,0.01,0.87397,-0.393136,1.0,0.0630152,LOH_PARALLEL_SAFE=1 LOH_SKIP_PIP_INSTALL=1 LOH_SKIP_BUILD=1 LOH_DEBUG_LEVEL=1 CACHESIM_VERBOSE=0 CACHESIM_NUM_REQ=3000000 LOH_RL_ALGO=SAC LOH_ACTION_SCALE=1.0 LOH_SCORE_USE_COMPOUND=0 LOH_SCORE_USE_IRT=0 LOH_USE_SOFTMAX=1 LOH_USE_HEURISTIC_SIGNS=0 LOH_INCLUDE_HIT_MISS_FEATURES=0 LOH_INCLUDE_CACHE_FEATURES=0 LOH_INCLUDE_CANDIDATE_FEATURES=0 LOH_INCLUDE_TOPK_CANDIDATE_FEATURES=0 LOH_INCLUDE_AVGTOPK_CANDIDATE_FEATURES=0 LOH_INCLUDE_REQUEST=0 LOH_ENABLE_PENALTY=1 LOH_REWARD_USE_PENALTY=1 LOH_PENALTY_SCALE=survival LOH_PENALTY_REWARD_FORMULA=centered LOH_REWARD_W_PENALTY=0.5 LOH_PENALTY_CUTOFF=0 LOH_PENALTY_DMAX=400000 LOH_PENALTY_EMPTY_AS_GOOD=1 LOH_PENALTY_REFINE_ON_LATE=1 LOH_PENALTY_NO_EVICT_REWARD=keep LOH_PENALTY_BASELINE_DECAY=0.99 LOH_SURVIVAL_BINS=64 LOH_SURVIVAL_QUANTILE=0.99 LOH_SURVIVAL_MINCOUNT=1000 LOH_PENALTY_NET_GOOD_SCALE=1.0 LOH_PENALTY_NET_PENALTY_SCALE=1.0
wiki_2019t,53,1,5301,bestcfg_penalty_3t_3m_20260207_000001__wiki_2019t_053_r01,0,0.59421,0.49141,0.01,survival,centered,1.0,0.01,0.01,0.874174,-0.615618,1.0,0.0629131,LOH_PARALLEL_SAFE=1 LOH_SKIP_PIP_INSTALL=1 LOH_SKIP_BUILD=1 LOH_DEBUG_LEVEL=1 CACHESIM_VERBOSE=0 CACHESIM_NUM_REQ=3000000 LOH_RL_ALGO=SAC LOH_ACTION_SCALE=1.0 LOH_SCORE_USE_COMPOUND=0 LOH_SCORE_USE_IRT=0 LOH_USE_SOFTMAX=1 LOH_USE_HEURISTIC_SIGNS=0 LOH_INCLUDE_HIT_MISS_FEATURES=0 LOH_INCLUDE_CACHE_FEATURES=0 LOH_INCLUDE_CANDIDATE_FEATURES=0 LOH_INCLUDE_TOPK_CANDIDATE_FEATURES=0 LOH_INCLUDE_AVGTOPK_CANDIDATE_FEATURES=0 LOH_INCLUDE_REQUEST=0 LOH_ENABLE_PENALTY=1 LOH_REWARD_USE_PENALTY=1 LOH_PENALTY_SCALE=survival LOH_PENALTY_REWARD_FORMULA=centered LOH_REWARD_W_PENALTY=1.0 LOH_PENALTY_CUTOFF=0 LOH_PENALTY_DMAX=400000 LOH_PENALTY_EMPTY_AS_GOOD=1 LOH_PENALTY_REFINE_ON_LATE=1 LOH_PENALTY_NO_EVICT_REWARD=keep LOH_PENALTY_BASELINE_DECAY=0.99 LOH_SURVIVAL_BINS=64 LOH_SURVIVAL_QUANTILE=0.99 LOH_SURVIVAL_MINCOUNT=1000 LOH_PENALTY_NET_GOOD_SCALE=1.0 LOH_PENALTY_NET_PENALTY_SCALE=1.0
wiki_2019t,54,1,5401,bestcfg_penalty_3t_3m_20260207_000001__wiki_2019t_054_r01,0,0.59445,0.490835,0.01,survival,one_minus,0.1,0.01,0.01,0.937261,0.293538,1.0,0.0627395,LOH_PARALLEL_SAFE=1 LOH_SKIP_PIP_INSTALL=1 LOH_SKIP_BUILD=1 LOH_DEBUG_LEVEL=1 CACHESIM_VERBOSE=0 CACHESIM_NUM_REQ=3000000 LOH_RL_ALGO=SAC LOH_ACTION_SCALE=1.0 LOH_SCORE_USE_COMPOUND=0 LOH_SCORE_USE_IRT=0 LOH_USE_SOFTMAX=1 LOH_USE_HEURISTIC_SIGNS=0 LOH_INCLUDE_HIT_MISS_FEATURES=0 LOH_INCLUDE_CACHE_FEATURES=0 LOH_INCLUDE_CANDIDATE_FEATURES=0 LOH_INCLUDE_TOPK_CANDIDATE_FEATURES=0 LOH_INCLUDE_AVGTOPK_CANDIDATE_FEATURES=0 LOH_INCLUDE_REQUEST=0 LOH_ENABLE_PENALTY=1 LOH_REWARD_USE_PENALTY=1 LOH_PENALTY_SCALE=survival LOH_PENALTY_REWARD_FORMULA=one_minus LOH_REWARD_W_PENALTY=0.1 LOH_PENALTY_CUTOFF=0 LOH_PENALTY_DMAX=400000 LOH_PENALTY_EMPTY_AS_GOOD=1 LOH_PENALTY_REFINE_ON_LATE=1 LOH_PENALTY_NO_EVICT_REWARD=keep LOH_PENALTY_BASELINE_DECAY=0.99 LOH_SURVIVAL_BINS=64 LOH_SURVIVAL_QUANTILE=0.99 LOH_SURVIVAL_MINCOUNT=1000 LOH_PENALTY_NET_GOOD_SCALE=1.0 LOH_PENALTY_NET_PENALTY_SCALE=1.0
wiki_2019t,55,1,5501,bestcfg_penalty_3t_3m_20260207_000001__wiki_2019t_055_r01,0,0.594467,0.491462,0.01,survival,one_minus,0.2,0.01,0.01,0.937036,0.177749,1.0,0.0629638,LOH_PARALLEL_SAFE=1 LOH_SKIP_PIP_INSTALL=1 LOH_SKIP_BUILD=1 LOH_DEBUG_LEVEL=1 CACHESIM_VERBOSE=0 CACHESIM_NUM_REQ=3000000 LOH_RL_ALGO=SAC LOH_ACTION_SCALE=1.0 LOH_SCORE_USE_COMPOUND=0 LOH_SCORE_USE_IRT=0 LOH_USE_SOFTMAX=1 LOH_USE_HEURISTIC_SIGNS=0 LOH_INCLUDE_HIT_MISS_FEATURES=0 LOH_INCLUDE_CACHE_FEATURES=0 LOH_INCLUDE_CANDIDATE_FEATURES=0 LOH_INCLUDE_TOPK_CANDIDATE_FEATURES=0 LOH_INCLUDE_AVGTOPK_CANDIDATE_FEATURES=0 LOH_INCLUDE_REQUEST=0 LOH_ENABLE_PENALTY=1 LOH_REWARD_USE_PENALTY=1 LOH_PENALTY_SCALE=survival LOH_PENALTY_REWARD_FORMULA=one_minus LOH_REWARD_W_PENALTY=0.2 LOH_PENALTY_CUTOFF=0 LOH_PENALTY_DMAX=400000 LOH_PENALTY_EMPTY_AS_GOOD=1 LOH_PENALTY_REFINE_ON_LATE=1 LOH_PENALTY_NO_EVICT_REWARD=keep LOH_PENALTY_BASELINE_DECAY=0.99 LOH_SURVIVAL_BINS=64 LOH_SURVIVAL_QUANTILE=0.99 LOH_SURVIVAL_MINCOUNT=1000 LOH_PENALTY_NET_GOOD_SCALE=1.0 LOH_PENALTY_NET_PENALTY_SCALE=1.0
wiki_2019t,56,1,5601,bestcfg_penalty_3t_3m_20260207_000001__wiki_2019t_056_r01,0,0.594363,0.491027,0.01,survival,one_minus,0.5,0.01,0.01,0.937227,0.192747,1.0,0.0627728,LOH_PARALLEL_SAFE=1 LOH_SKIP_PIP_INSTALL=1 LOH_SKIP_BUILD=1 LOH_DEBUG_LEVEL=1 CACHESIM_VERBOSE=0 CACHESIM_NUM_REQ=3000000 LOH_RL_ALGO=SAC LOH_ACTION_SCALE=1.0 LOH_SCORE_USE_COMPOUND=0 LOH_SCORE_USE_IRT=0 LOH_USE_SOFTMAX=1 LOH_USE_HEURISTIC_SIGNS=0 LOH_INCLUDE_HIT_MISS_FEATURES=0 LOH_INCLUDE_CACHE_FEATURES=0 LOH_INCLUDE_CANDIDATE_FEATURES=0 LOH_INCLUDE_TOPK_CANDIDATE_FEATURES=0 LOH_INCLUDE_AVGTOPK_CANDIDATE_FEATURES=0 LOH_INCLUDE_REQUEST=0 LOH_ENABLE_PENALTY=1 LOH_REWARD_USE_PENALTY=1 LOH_PENALTY_SCALE=survival LOH_PENALTY_REWARD_FORMULA=one_minus LOH_REWARD_W_PENALTY=0.5 LOH_PENALTY_CUTOFF=0 LOH_PENALTY_DMAX=400000 LOH_PENALTY_EMPTY_AS_GOOD=1 LOH_PENALTY_REFINE_ON_LATE=1 LOH_PENALTY_NO_EVICT_REWARD=keep LOH_PENALTY_BASELINE_DECAY=0.99 LOH_SURVIVAL_BINS=64 LOH_SURVIVAL_QUANTILE=0.99 LOH_SURVIVAL_MINCOUNT=1000 LOH_PENALTY_NET_GOOD_SCALE=1.0 LOH_PENALTY_NET_PENALTY_SCALE=1.0
wiki_2019t,57,1,5701,bestcfg_penalty_3t_3m_20260207_000001__wiki_2019t_057_r01,0,0.594464,0.490965,0.01,survival,one_minus,1.0,0.01,0.01,0.936942,-0.617361,1.0,0.0630579,LOH_PARALLEL_SAFE=1 LOH_SKIP_PIP_INSTALL=1 LOH_SKIP_BUILD=1 LOH_DEBUG_LEVEL=1 CACHESIM_VERBOSE=0 CACHESIM_NUM_REQ=3000000 LOH_RL_ALGO=SAC LOH_ACTION_SCALE=1.0 LOH_SCORE_USE_COMPOUND=0 LOH_SCORE_USE_IRT=0 LOH_USE_SOFTMAX=1 LOH_USE_HEURISTIC_SIGNS=0 LOH_INCLUDE_HIT_MISS_FEATURES=0 LOH_INCLUDE_CACHE_FEATURES=0 LOH_INCLUDE_CANDIDATE_FEATURES=0 LOH_INCLUDE_TOPK_CANDIDATE_FEATURES=0 LOH_INCLUDE_AVGTOPK_CANDIDATE_FEATURES=0 LOH_INCLUDE_REQUEST=0 LOH_ENABLE_PENALTY=1 LOH_REWARD_USE_PENALTY=1 LOH_PENALTY_SCALE=survival LOH_PENALTY_REWARD_FORMULA=one_minus LOH_REWARD_W_PENALTY=1.0 LOH_PENALTY_CUTOFF=0 LOH_PENALTY_DMAX=400000 LOH_PENALTY_EMPTY_AS_GOOD=1 LOH_PENALTY_REFINE_ON_LATE=1 LOH_PENALTY_NO_EVICT_REWARD=keep LOH_PENALTY_BASELINE_DECAY=0.99 LOH_SURVIVAL_BINS=64 LOH_SURVIVAL_QUANTILE=0.99 LOH_SURVIVAL_MINCOUNT=1000 LOH_PENALTY_NET_GOOD_SCALE=1.0 LOH_PENALTY_NET_PENALTY_SCALE=1.0
wiki_2019t,58,1,5801,bestcfg_penalty_3t_3m_20260207_000001__wiki_2019t_058_r01,0,0.594288,0.491197,0.01,survival,neg,0.1,0.01,0.0,-0.0629387,-0.807771,-0.0,0.0629387,LOH_PARALLEL_SAFE=1 LOH_SKIP_PIP_INSTALL=1 LOH_SKIP_BUILD=1 LOH_DEBUG_LEVEL=1 CACHESIM_VERBOSE=0 CACHESIM_NUM_REQ=3000000 LOH_RL_ALGO=SAC LOH_ACTION_SCALE=1.0 LOH_SCORE_USE_COMPOUND=0 LOH_SCORE_USE_IRT=0 LOH_USE_SOFTMAX=1 LOH_USE_HEURISTIC_SIGNS=0 LOH_INCLUDE_HIT_MISS_FEATURES=0 LOH_INCLUDE_CACHE_FEATURES=0 LOH_INCLUDE_CANDIDATE_FEATURES=0 LOH_INCLUDE_TOPK_CANDIDATE_FEATURES=0 LOH_INCLUDE_AVGTOPK_CANDIDATE_FEATURES=0 LOH_INCLUDE_REQUEST=0 LOH_ENABLE_PENALTY=1 LOH_REWARD_USE_PENALTY=1 LOH_PENALTY_SCALE=survival LOH_PENALTY_REWARD_FORMULA=neg LOH_REWARD_W_PENALTY=0.1 LOH_PENALTY_CUTOFF=0 LOH_PENALTY_DMAX=400000 LOH_PENALTY_EMPTY_AS_GOOD=1 LOH_PENALTY_REFINE_ON_LATE=1 LOH_PENALTY_NO_EVICT_REWARD=keep LOH_PENALTY_BASELINE_DECAY=0.99 LOH_SURVIVAL_BINS=64 LOH_SURVIVAL_QUANTILE=0.99 LOH_SURVIVAL_MINCOUNT=1000 LOH_PENALTY_NET_GOOD_SCALE=1.0 LOH_PENALTY_NET_PENALTY_SCALE=1.0
wiki_2019t,59,1,5901,bestcfg_penalty_3t_3m_20260207_000001__wiki_2019t_059_r01,0,0.594412,0.490962,0.01,survival,neg,0.2,0.02,0.0,-0.0628341,-0.814592,-0.0,0.0628341,LOH_PARALLEL_SAFE=1 LOH_SKIP_PIP_INSTALL=1 LOH_SKIP_BUILD=1 LOH_DEBUG_LEVEL=1 CACHESIM_VERBOSE=0 CACHESIM_NUM_REQ=3000000 LOH_RL_ALGO=SAC LOH_ACTION_SCALE=1.0 LOH_SCORE_USE_COMPOUND=0 LOH_SCORE_USE_IRT=0 LOH_USE_SOFTMAX=1 LOH_USE_HEURISTIC_SIGNS=0 LOH_INCLUDE_HIT_MISS_FEATURES=0 LOH_INCLUDE_CACHE_FEATURES=0 LOH_INCLUDE_CANDIDATE_FEATURES=0 LOH_INCLUDE_TOPK_CANDIDATE_FEATURES=0 LOH_INCLUDE_AVGTOPK_CANDIDATE_FEATURES=0 LOH_INCLUDE_REQUEST=0 LOH_ENABLE_PENALTY=1 LOH_REWARD_USE_PENALTY=1 LOH_PENALTY_SCALE=survival LOH_PENALTY_REWARD_FORMULA=neg LOH_REWARD_W_PENALTY=0.2 LOH_PENALTY_CUTOFF=0 LOH_PENALTY_DMAX=400000 LOH_PENALTY_EMPTY_AS_GOOD=1 LOH_PENALTY_REFINE_ON_LATE=1 LOH_PENALTY_NO_EVICT_REWARD=keep LOH_PENALTY_BASELINE_DECAY=0.99 LOH_SURVIVAL_BINS=64 LOH_SURVIVAL_QUANTILE=0.99 LOH_SURVIVAL_MINCOUNT=1000 LOH_PENALTY_NET_GOOD_SCALE=1.0 LOH_PENALTY_NET_PENALTY_SCALE=1.0
wiki_2019t,60,1,6001,bestcfg_penalty_3t_3m_20260207_000001__wiki_2019t_060_r01,0,0.594378,0.490814,0.01,survival,neg,0.5,0.01,0.0,-0.0628135,-0.698257,-0.0,0.0628135,LOH_PARALLEL_SAFE=1 LOH_SKIP_PIP_INSTALL=1 LOH_SKIP_BUILD=1 LOH_DEBUG_LEVEL=1 CACHESIM_VERBOSE=0 CACHESIM_NUM_REQ=3000000 LOH_RL_ALGO=SAC LOH_ACTION_SCALE=1.0 LOH_SCORE_USE_COMPOUND=0 LOH_SCORE_USE_IRT=0 LOH_USE_SOFTMAX=1 LOH_USE_HEURISTIC_SIGNS=0 LOH_INCLUDE_HIT_MISS_FEATURES=0 LOH_INCLUDE_CACHE_FEATURES=0 LOH_INCLUDE_CANDIDATE_FEATURES=0 LOH_INCLUDE_TOPK_CANDIDATE_FEATURES=0 LOH_INCLUDE_AVGTOPK_CANDIDATE_FEATURES=0 LOH_INCLUDE_REQUEST=0 LOH_ENABLE_PENALTY=1 LOH_REWARD_USE_PENALTY=1 LOH_PENALTY_SCALE=survival LOH_PENALTY_REWARD_FORMULA=neg LOH_REWARD_W_PENALTY=0.5 LOH_PENALTY_CUTOFF=0 LOH_PENALTY_DMAX=400000 LOH_PENALTY_EMPTY_AS_GOOD=1 LOH_PENALTY_REFINE_ON_LATE=1 LOH_PENALTY_NO_EVICT_REWARD=keep LOH_PENALTY_BASELINE_DECAY=0.99 LOH_SURVIVAL_BINS=64 LOH_SURVIVAL_QUANTILE=0.99 LOH_SURVIVAL_MINCOUNT=1000 LOH_PENALTY_NET_GOOD_SCALE=1.0 LOH_PENALTY_NET_PENALTY_SCALE=1.0
wiki_2019t,61,1,6101,bestcfg_penalty_3t_3m_20260207_000001__wiki_2019t_061_r01,0,0.594453,0.491359,0.01,survival,neg,1.0,0.01,0.0,-0.0629249,-0.700676,-0.0,0.0629249,LOH_PARALLEL_SAFE=1 LOH_SKIP_PIP_INSTALL=1 LOH_SKIP_BUILD=1 LOH_DEBUG_LEVEL=1 CACHESIM_VERBOSE=0 CACHESIM_NUM_REQ=3000000 LOH_RL_ALGO=SAC LOH_ACTION_SCALE=1.0 LOH_SCORE_USE_COMPOUND=0 LOH_SCORE_USE_IRT=0 LOH_USE_SOFTMAX=1 LOH_USE_HEURISTIC_SIGNS=0 LOH_INCLUDE_HIT_MISS_FEATURES=0 LOH_INCLUDE_CACHE_FEATURES=0 LOH_INCLUDE_CANDIDATE_FEATURES=0 LOH_INCLUDE_TOPK_CANDIDATE_FEATURES=0 LOH_INCLUDE_AVGTOPK_CANDIDATE_FEATURES=0 LOH_INCLUDE_REQUEST=0 LOH_ENABLE_PENALTY=1 LOH_REWARD_USE_PENALTY=1 LOH_PENALTY_SCALE=survival LOH_PENALTY_REWARD_FORMULA=neg LOH_REWARD_W_PENALTY=1.0 LOH_PENALTY_CUTOFF=0 LOH_PENALTY_DMAX=400000 LOH_PENALTY_EMPTY_AS_GOOD=1 LOH_PENALTY_REFINE_ON_LATE=1 LOH_PENALTY_NO_EVICT_REWARD=keep LOH_PENALTY_BASELINE_DECAY=0.99 LOH_SURVIVAL_BINS=64 LOH_SURVIVAL_QUANTILE=0.99 LOH_SURVIVAL_MINCOUNT=1000 LOH_PENALTY_NET_GOOD_SCALE=1.0 LOH_PENALTY_NET_PENALTY_SCALE=1.0
wiki_2019t,62,1,6201,bestcfg_penalty_3t_3m_20260207_000001__wiki_2019t_062_r01,0,0.594232,0.491603,0.01,survival,net,1.0,0.01,0.01,-0.0630663,-1.74372,0.0,0.0631266,LOH_PARALLEL_SAFE=1 LOH_SKIP_PIP_INSTALL=1 LOH_SKIP_BUILD=1 LOH_DEBUG_LEVEL=1 CACHESIM_VERBOSE=0 CACHESIM_NUM_REQ=3000000 LOH_RL_ALGO=SAC LOH_ACTION_SCALE=1.0 LOH_SCORE_USE_COMPOUND=0 LOH_SCORE_USE_IRT=0 LOH_USE_SOFTMAX=1 LOH_USE_HEURISTIC_SIGNS=0 LOH_INCLUDE_HIT_MISS_FEATURES=0 LOH_INCLUDE_CACHE_FEATURES=0 LOH_INCLUDE_CANDIDATE_FEATURES=0 LOH_INCLUDE_TOPK_CANDIDATE_FEATURES=0 LOH_INCLUDE_AVGTOPK_CANDIDATE_FEATURES=0 LOH_INCLUDE_REQUEST=0 LOH_ENABLE_PENALTY=1 LOH_REWARD_USE_PENALTY=1 LOH_PENALTY_SCALE=survival LOH_PENALTY_REWARD_FORMULA=net LOH_REWARD_W_PENALTY=1.0 LOH_PENALTY_CUTOFF=0 LOH_PENALTY_DMAX=400000 LOH_PENALTY_EMPTY_AS_GOOD=1 LOH_PENALTY_REFINE_ON_LATE=1 LOH_PENALTY_NO_EVICT_REWARD=keep LOH_PENALTY_BASELINE_DECAY=0.99 LOH_SURVIVAL_BINS=64 LOH_SURVIVAL_QUANTILE=0.99 LOH_SURVIVAL_MINCOUNT=1000 LOH_PENALTY_NET_GOOD_SCALE=1.0 LOH_PENALTY_NET_PENALTY_SCALE=1.0
wiki_2019t,63,1,6301,bestcfg_penalty_3t_3m_20260207_000001__wiki_2019t_063_r01,0,0.594546,0.491046,0.01,survival,net,2.0,0.01,0.01,-0.0627408,-2.37378,0.0,0.0628522,LOH_PARALLEL_SAFE=1 LOH_SKIP_PIP_INSTALL=1 LOH_SKIP_BUILD=1 LOH_DEBUG_LEVEL=1 CACHESIM_VERBOSE=0 CACHESIM_NUM_REQ=3000000 LOH_RL_ALGO=SAC LOH_ACTION_SCALE=1.0 LOH_SCORE_USE_COMPOUND=0 LOH_SCORE_USE_IRT=0 LOH_USE_SOFTMAX=1 LOH_USE_HEURISTIC_SIGNS=0 LOH_INCLUDE_HIT_MISS_FEATURES=0 LOH_INCLUDE_CACHE_FEATURES=0 LOH_INCLUDE_CANDIDATE_FEATURES=0 LOH_INCLUDE_TOPK_CANDIDATE_FEATURES=0 LOH_INCLUDE_AVGTOPK_CANDIDATE_FEATURES=0 LOH_INCLUDE_REQUEST=0 LOH_ENABLE_PENALTY=1 LOH_REWARD_USE_PENALTY=1 LOH_PENALTY_SCALE=survival LOH_PENALTY_REWARD_FORMULA=net LOH_REWARD_W_PENALTY=2.0 LOH_PENALTY_CUTOFF=0 LOH_PENALTY_DMAX=400000 LOH_PENALTY_EMPTY_AS_GOOD=1 LOH_PENALTY_REFINE_ON_LATE=1 LOH_PENALTY_NO_EVICT_REWARD=keep LOH_PENALTY_BASELINE_DECAY=0.99 LOH_SURVIVAL_BINS=64 LOH_SURVIVAL_QUANTILE=0.99 LOH_SURVIVAL_MINCOUNT=1000 LOH_PENALTY_NET_GOOD_SCALE=1.0 LOH_PENALTY_NET_PENALTY_SCALE=1.0
wiki_2019t,64,1,6401,bestcfg_penalty_3t_3m_20260207_000001__wiki_2019t_064_r01,0,0.594425,0.491439,0.01,survival,net,3.0,0.02,0.0,-0.0628917,-0.375581,0.0,0.0628917,LOH_PARALLEL_SAFE=1 LOH_SKIP_PIP_INSTALL=1 LOH_SKIP_BUILD=1 LOH_DEBUG_LEVEL=1 CACHESIM_VERBOSE=0 CACHESIM_NUM_REQ=3000000 LOH_RL_ALGO=SAC LOH_ACTION_SCALE=1.0 LOH_SCORE_USE_COMPOUND=0 LOH_SCORE_USE_IRT=0 LOH_USE_SOFTMAX=1 LOH_USE_HEURISTIC_SIGNS=0 LOH_INCLUDE_HIT_MISS_FEATURES=0 LOH_INCLUDE_CACHE_FEATURES=0 LOH_INCLUDE_CANDIDATE_FEATURES=0 LOH_INCLUDE_TOPK_CANDIDATE_FEATURES=0 LOH_INCLUDE_AVGTOPK_CANDIDATE_FEATURES=0 LOH_INCLUDE_REQUEST=0 LOH_ENABLE_PENALTY=1 LOH_REWARD_USE_PENALTY=1 LOH_PENALTY_SCALE=survival LOH_PENALTY_REWARD_FORMULA=net LOH_REWARD_W_PENALTY=3.0 LOH_PENALTY_CUTOFF=0 LOH_PENALTY_DMAX=400000 LOH_PENALTY_EMPTY_AS_GOOD=1 LOH_PENALTY_REFINE_ON_LATE=1 LOH_PENALTY_NO_EVICT_REWARD=keep LOH_PENALTY_BASELINE_DECAY=0.99 LOH_SURVIVAL_BINS=64 LOH_SURVIVAL_QUANTILE=0.99 LOH_SURVIVAL_MINCOUNT=1000 LOH_PENALTY_NET_GOOD_SCALE=1.0 LOH_PENALTY_NET_PENALTY_SCALE=1.0
wiki_2019t,65,1,6501,bestcfg_penalty_3t_3m_20260207_000001__wiki_2019t_065_r01,0,0.594568,0.49121,0.01,survival,net2,1.0,0.01,100.0,-1.0,-1.89246,-1.0,0.0629312,LOH_PARALLEL_SAFE=1 LOH_SKIP_PIP_INSTALL=1 LOH_SKIP_BUILD=1 LOH_DEBUG_LEVEL=1 CACHESIM_VERBOSE=0 CACHESIM_NUM_REQ=3000000 LOH_RL_ALGO=SAC LOH_ACTION_SCALE=1.0 LOH_SCORE_USE_COMPOUND=0 LOH_SCORE_USE_IRT=0 LOH_USE_SOFTMAX=1 LOH_USE_HEURISTIC_SIGNS=0 LOH_INCLUDE_HIT_MISS_FEATURES=0 LOH_INCLUDE_CACHE_FEATURES=0 LOH_INCLUDE_CANDIDATE_FEATURES=0 LOH_INCLUDE_TOPK_CANDIDATE_FEATURES=0 LOH_INCLUDE_AVGTOPK_CANDIDATE_FEATURES=0 LOH_INCLUDE_REQUEST=0 LOH_ENABLE_PENALTY=1 LOH_REWARD_USE_PENALTY=1 LOH_PENALTY_SCALE=survival LOH_PENALTY_REWARD_FORMULA=net2 LOH_REWARD_W_PENALTY=1.0 LOH_PENALTY_CUTOFF=0 LOH_PENALTY_DMAX=400000 LOH_PENALTY_EMPTY_AS_GOOD=1 LOH_PENALTY_REFINE_ON_LATE=1 LOH_PENALTY_NO_EVICT_REWARD=keep LOH_PENALTY_BASELINE_DECAY=0.99 LOH_SURVIVAL_BINS=64 LOH_SURVIVAL_QUANTILE=0.99 LOH_SURVIVAL_MINCOUNT=1000 LOH_PENALTY_NET_GOOD_SCALE=1.0 LOH_PENALTY_NET_PENALTY_SCALE=1.0
wiki_2019t,66,1,6601,bestcfg_penalty_3t_3m_20260207_000001__wiki_2019t_066_r01,0,0.594272,0.490915,0.01,survival,net2,2.0,0.02,100.0,-1.0,-1.31593,-1.0,0.0628513,LOH_PARALLEL_SAFE=1 LOH_SKIP_PIP_INSTALL=1 LOH_SKIP_BUILD=1 LOH_DEBUG_LEVEL=1 CACHESIM_VERBOSE=0 CACHESIM_NUM_REQ=3000000 LOH_RL_ALGO=SAC LOH_ACTION_SCALE=1.0 LOH_SCORE_USE_COMPOUND=0 LOH_SCORE_USE_IRT=0 LOH_USE_SOFTMAX=1 LOH_USE_HEURISTIC_SIGNS=0 LOH_INCLUDE_HIT_MISS_FEATURES=0 LOH_INCLUDE_CACHE_FEATURES=0 LOH_INCLUDE_CANDIDATE_FEATURES=0 LOH_INCLUDE_TOPK_CANDIDATE_FEATURES=0 LOH_INCLUDE_AVGTOPK_CANDIDATE_FEATURES=0 LOH_INCLUDE_REQUEST=0 LOH_ENABLE_PENALTY=1 LOH_REWARD_USE_PENALTY=1 LOH_PENALTY_SCALE=survival LOH_PENALTY_REWARD_FORMULA=net2 LOH_REWARD_W_PENALTY=2.0 LOH_PENALTY_CUTOFF=0 LOH_PENALTY_DMAX=400000 LOH_PENALTY_EMPTY_AS_GOOD=1 LOH_PENALTY_REFINE_ON_LATE=1 LOH_PENALTY_NO_EVICT_REWARD=keep LOH_PENALTY_BASELINE_DECAY=0.99 LOH_SURVIVAL_BINS=64 LOH_SURVIVAL_QUANTILE=0.99 LOH_SURVIVAL_MINCOUNT=1000 LOH_PENALTY_NET_GOOD_SCALE=1.0 LOH_PENALTY_NET_PENALTY_SCALE=1.0
wiki_2019t,67,1,6701,bestcfg_penalty_3t_3m_20260207_000001__wiki_2019t_067_r01,0,0.594355,0.491144,0.01,survival,net2,3.0,0.01,100.0,-1.0,-1.61129,-1.0,0.0627336,LOH_PARALLEL_SAFE=1 LOH_SKIP_PIP_INSTALL=1 LOH_SKIP_BUILD=1 LOH_DEBUG_LEVEL=1 CACHESIM_VERBOSE=0 CACHESIM_NUM_REQ=3000000 LOH_RL_ALGO=SAC LOH_ACTION_SCALE=1.0 LOH_SCORE_USE_COMPOUND=0 LOH_SCORE_USE_IRT=0 LOH_USE_SOFTMAX=1 LOH_USE_HEURISTIC_SIGNS=0 LOH_INCLUDE_HIT_MISS_FEATURES=0 LOH_INCLUDE_CACHE_FEATURES=0 LOH_INCLUDE_CANDIDATE_FEATURES=0 LOH_INCLUDE_TOPK_CANDIDATE_FEATURES=0 LOH_INCLUDE_AVGTOPK_CANDIDATE_FEATURES=0 LOH_INCLUDE_REQUEST=0 LOH_ENABLE_PENALTY=1 LOH_REWARD_USE_PENALTY=1 LOH_PENALTY_SCALE=survival LOH_PENALTY_REWARD_FORMULA=net2 LOH_REWARD_W_PENALTY=3.0 LOH_PENALTY_CUTOFF=0 LOH_PENALTY_DMAX=400000 LOH_PENALTY_EMPTY_AS_GOOD=1 LOH_PENALTY_REFINE_ON_LATE=1 LOH_PENALTY_NO_EVICT_REWARD=keep LOH_PENALTY_BASELINE_DECAY=0.99 LOH_SURVIVAL_BINS=64 LOH_SURVIVAL_QUANTILE=0.99 LOH_SURVIVAL_MINCOUNT=1000 LOH_PENALTY_NET_GOOD_SCALE=1.0 LOH_PENALTY_NET_PENALTY_SCALE=1.0
wiki_2019t,68,1,6801,bestcfg_penalty_3t_3m_20260207_000001__wiki_2019t_068_r01,0,0.594402,0.491024,0.01,binary,relative,0.1,0.01,1.46,-0.000240484,-159.0,0.930905,0.130387,LOH_PARALLEL_SAFE=1 LOH_SKIP_PIP_INSTALL=1 LOH_SKIP_BUILD=1 LOH_DEBUG_LEVEL=1 CACHESIM_VERBOSE=0 CACHESIM_NUM_REQ=3000000 LOH_RL_ALGO=SAC LOH_ACTION_SCALE=1.0 LOH_SCORE_USE_COMPOUND=0 LOH_SCORE_USE_IRT=0 LOH_USE_SOFTMAX=1 LOH_USE_HEURISTIC_SIGNS=0 LOH_INCLUDE_HIT_MISS_FEATURES=0 LOH_INCLUDE_CACHE_FEATURES=0 LOH_INCLUDE_CANDIDATE_FEATURES=0 LOH_INCLUDE_TOPK_CANDIDATE_FEATURES=0 LOH_INCLUDE_AVGTOPK_CANDIDATE_FEATURES=0 LOH_INCLUDE_REQUEST=0 LOH_ENABLE_PENALTY=1 LOH_REWARD_USE_PENALTY=1 LOH_PENALTY_SCALE=binary LOH_PENALTY_REWARD_FORMULA=relative LOH_REWARD_W_PENALTY=0.1 LOH_PENALTY_CUTOFF=0 LOH_PENALTY_DMAX=400000 LOH_PENALTY_EMPTY_AS_GOOD=1 LOH_PENALTY_REFINE_ON_LATE=1 LOH_PENALTY_NO_EVICT_REWARD=keep LOH_PENALTY_BASELINE_DECAY=0.99 LOH_SURVIVAL_BINS=64 LOH_SURVIVAL_QUANTILE=0.99 LOH_SURVIVAL_MINCOUNT=1000 LOH_PENALTY_NET_GOOD_SCALE=1.0 LOH_PENALTY_NET_PENALTY_SCALE=1.0
wiki_2019t,69,1,6901,bestcfg_penalty_3t_3m_20260207_000001__wiki_2019t_069_r01,0,0.594309,0.490934,0.01,binary,relative,0.2,0.0,1.35,0.00133927,-164.869,0.823186,0.130575,LOH_PARALLEL_SAFE=1 LOH_SKIP_PIP_INSTALL=1 LOH_SKIP_BUILD=1 LOH_DEBUG_LEVEL=1 CACHESIM_VERBOSE=0 CACHESIM_NUM_REQ=3000000 LOH_RL_ALGO=SAC LOH_ACTION_SCALE=1.0 LOH_SCORE_USE_COMPOUND=0 LOH_SCORE_USE_IRT=0 LOH_USE_SOFTMAX=1 LOH_USE_HEURISTIC_SIGNS=0 LOH_INCLUDE_HIT_MISS_FEATURES=0 LOH_INCLUDE_CACHE_FEATURES=0 LOH_INCLUDE_CANDIDATE_FEATURES=0 LOH_INCLUDE_TOPK_CANDIDATE_FEATURES=0 LOH_INCLUDE_AVGTOPK_CANDIDATE_FEATURES=0 LOH_INCLUDE_REQUEST=0 LOH_ENABLE_PENALTY=1 LOH_REWARD_USE_PENALTY=1 LOH_PENALTY_SCALE=binary LOH_PENALTY_REWARD_FORMULA=relative LOH_REWARD_W_PENALTY=0.2 LOH_PENALTY_CUTOFF=0 LOH_PENALTY_DMAX=400000 LOH_PENALTY_EMPTY_AS_GOOD=1 LOH_PENALTY_REFINE_ON_LATE=1 LOH_PENALTY_NO_EVICT_REWARD=keep LOH_PENALTY_BASELINE_DECAY=0.99 LOH_SURVIVAL_BINS=64 LOH_SURVIVAL_QUANTILE=0.99 LOH_SURVIVAL_MINCOUNT=1000 LOH_PENALTY_NET_GOOD_SCALE=1.0 LOH_PENALTY_NET_PENALTY_SCALE=1.0
wiki_2019t,70,1,7001,bestcfg_penalty_3t_3m_20260207_000001__wiki_2019t_070_r01,0,0.594123,0.491045,0.01,binary,relative,0.5,0.01,1.45,-0.00066701,-57.7541,0.964582,0.130239,LOH_PARALLEL_SAFE=1 LOH_SKIP_PIP_INSTALL=1 LOH_SKIP_BUILD=1 LOH_DEBUG_LEVEL=1 CACHESIM_VERBOSE=0 CACHESIM_NUM_REQ=3000000 LOH_RL_ALGO=SAC LOH_ACTION_SCALE=1.0 LOH_SCORE_USE_COMPOUND=0 LOH_SCORE_USE_IRT=0 LOH_USE_SOFTMAX=1 LOH_USE_HEURISTIC_SIGNS=0 LOH_INCLUDE_HIT_MISS_FEATURES=0 LOH_INCLUDE_CACHE_FEATURES=0 LOH_INCLUDE_CANDIDATE_FEATURES=0 LOH_INCLUDE_TOPK_CANDIDATE_FEATURES=0 LOH_INCLUDE_AVGTOPK_CANDIDATE_FEATURES=0 LOH_INCLUDE_REQUEST=0 LOH_ENABLE_PENALTY=1 LOH_REWARD_USE_PENALTY=1 LOH_PENALTY_SCALE=binary LOH_PENALTY_REWARD_FORMULA=relative LOH_REWARD_W_PENALTY=0.5 LOH_PENALTY_CUTOFF=0 LOH_PENALTY_DMAX=400000 LOH_PENALTY_EMPTY_AS_GOOD=1 LOH_PENALTY_REFINE_ON_LATE=1 LOH_PENALTY_NO_EVICT_REWARD=keep LOH_PENALTY_BASELINE_DECAY=0.99 LOH_SURVIVAL_BINS=64 LOH_SURVIVAL_QUANTILE=0.99 LOH_SURVIVAL_MINCOUNT=1000 LOH_PENALTY_NET_GOOD_SCALE=1.0 LOH_PENALTY_NET_PENALTY_SCALE=1.0
wiki_2019t,71,1,7101,bestcfg_penalty_3t_3m_20260207_000001__wiki_2019t_071_r01,0,0.594391,0.490613,0.01,binary,relative,1.0,0.01,1.51,0.000262864,-124.85,0.901368,0.130168,LOH_PARALLEL_SAFE=1 LOH_SKIP_PIP_INSTALL=1 LOH_SKIP_BUILD=1 LOH_DEBUG_LEVEL=1 CACHESIM_VERBOSE=0 CACHESIM_NUM_REQ=3000000 LOH_RL_ALGO=SAC LOH_ACTION_SCALE=1.0 LOH_SCORE_USE_COMPOUND=0 LOH_SCORE_USE_IRT=0 LOH_USE_SOFTMAX=1 LOH_USE_HEURISTIC_SIGNS=0 LOH_INCLUDE_HIT_MISS_FEATURES=0 LOH_INCLUDE_CACHE_FEATURES=0 LOH_INCLUDE_CANDIDATE_FEATURES=0 LOH_INCLUDE_TOPK_CANDIDATE_FEATURES=0 LOH_INCLUDE_AVGTOPK_CANDIDATE_FEATURES=0 LOH_INCLUDE_REQUEST=0 LOH_ENABLE_PENALTY=1 LOH_REWARD_USE_PENALTY=1 LOH_PENALTY_SCALE=binary LOH_PENALTY_REWARD_FORMULA=relative LOH_REWARD_W_PENALTY=1.0 LOH_PENALTY_CUTOFF=0 LOH_PENALTY_DMAX=400000 LOH_PENALTY_EMPTY_AS_GOOD=1 LOH_PENALTY_REFINE_ON_LATE=1 LOH_PENALTY_NO_EVICT_REWARD=keep LOH_PENALTY_BASELINE_DECAY=0.99 LOH_SURVIVAL_BINS=64 LOH_SURVIVAL_QUANTILE=0.99 LOH_SURVIVAL_MINCOUNT=1000 LOH_PENALTY_NET_GOOD_SCALE=1.0 LOH_PENALTY_NET_PENALTY_SCALE=1.0
wiki_2019t,72,1,7201,bestcfg_penalty_3t_3m_20260207_000001__wiki_2019t_072_r01,0,0.594439,0.49133,0.01,binary,centered,0.1,0.01,0.02,0.739112,-2.0,1.0,0.130485,LOH_PARALLEL_SAFE=1 LOH_SKIP_PIP_INSTALL=1 LOH_SKIP_BUILD=1 LOH_DEBUG_LEVEL=1 CACHESIM_VERBOSE=0 CACHESIM_NUM_REQ=3000000 LOH_RL_ALGO=SAC LOH_ACTION_SCALE=1.0 LOH_SCORE_USE_COMPOUND=0 LOH_SCORE_USE_IRT=0 LOH_USE_SOFTMAX=1 LOH_USE_HEURISTIC_SIGNS=0 LOH_INCLUDE_HIT_MISS_FEATURES=0 LOH_INCLUDE_CACHE_FEATURES=0 LOH_INCLUDE_CANDIDATE_FEATURES=0 LOH_INCLUDE_TOPK_CANDIDATE_FEATURES=0 LOH_INCLUDE_AVGTOPK_CANDIDATE_FEATURES=0 LOH_INCLUDE_REQUEST=0 LOH_ENABLE_PENALTY=1 LOH_REWARD_USE_PENALTY=1 LOH_PENALTY_SCALE=binary LOH_PENALTY_REWARD_FORMULA=centered LOH_REWARD_W_PENALTY=0.1 LOH_PENALTY_CUTOFF=0 LOH_PENALTY_DMAX=400000 LOH_PENALTY_EMPTY_AS_GOOD=1 LOH_PENALTY_REFINE_ON_LATE=1 LOH_PENALTY_NO_EVICT_REWARD=keep LOH_PENALTY_BASELINE_DECAY=0.99 LOH_SURVIVAL_BINS=64 LOH_SURVIVAL_QUANTILE=0.99 LOH_SURVIVAL_MINCOUNT=1000 LOH_PENALTY_NET_GOOD_SCALE=1.0 LOH_PENALTY_NET_PENALTY_SCALE=1.0
wiki_2019t,73,1,7301,bestcfg_penalty_3t_3m_20260207_000001__wiki_2019t_073_r01,0,0.594199,0.491569,0.01,binary,centered,0.2,0.0,0.01,0.738592,-3.8,0.987342,0.130818,LOH_PARALLEL_SAFE=1 LOH_SKIP_PIP_INSTALL=1 LOH_SKIP_BUILD=1 LOH_DEBUG_LEVEL=1 CACHESIM_VERBOSE=0 CACHESIM_NUM_REQ=3000000 LOH_RL_ALGO=SAC LOH_ACTION_SCALE=1.0 LOH_SCORE_USE_COMPOUND=0 LOH_SCORE_USE_IRT=0 LOH_USE_SOFTMAX=1 LOH_USE_HEURISTIC_SIGNS=0 LOH_INCLUDE_HIT_MISS_FEATURES=0 LOH_INCLUDE_CACHE_FEATURES=0 LOH_INCLUDE_CANDIDATE_FEATURES=0 LOH_INCLUDE_TOPK_CANDIDATE_FEATURES=0 LOH_INCLUDE_AVGTOPK_CANDIDATE_FEATURES=0 LOH_INCLUDE_REQUEST=0 LOH_ENABLE_PENALTY=1 LOH_REWARD_USE_PENALTY=1 LOH_PENALTY_SCALE=binary LOH_PENALTY_REWARD_FORMULA=centered LOH_REWARD_W_PENALTY=0.2 LOH_PENALTY_CUTOFF=0 LOH_PENALTY_DMAX=400000 LOH_PENALTY_EMPTY_AS_GOOD=1 LOH_PENALTY_REFINE_ON_LATE=1 LOH_PENALTY_NO_EVICT_REWARD=keep LOH_PENALTY_BASELINE_DECAY=0.99 LOH_SURVIVAL_BINS=64 LOH_SURVIVAL_QUANTILE=0.99 LOH_SURVIVAL_MINCOUNT=1000 LOH_PENALTY_NET_GOOD_SCALE=1.0 LOH_PENALTY_NET_PENALTY_SCALE=1.0
wiki_2019t,74,1,7401,bestcfg_penalty_3t_3m_20260207_000001__wiki_2019t_074_r01,0,0.594412,0.491277,0.01,binary,centered,0.5,0.01,0.02,0.738597,-2.42857,1.0,0.130792,LOH_PARALLEL_SAFE=1 LOH_SKIP_PIP_INSTALL=1 LOH_SKIP_BUILD=1 LOH_DEBUG_LEVEL=1 CACHESIM_VERBOSE=0 CACHESIM_NUM_REQ=3000000 LOH_RL_ALGO=SAC LOH_ACTION_SCALE=1.0 LOH_SCORE_USE_COMPOUND=0 LOH_SCORE_USE_IRT=0 LOH_USE_SOFTMAX=1 LOH_USE_HEURISTIC_SIGNS=0 LOH_INCLUDE_HIT_MISS_FEATURES=0 LOH_INCLUDE_CACHE_FEATURES=0 LOH_INCLUDE_CANDIDATE_FEATURES=0 LOH_INCLUDE_TOPK_CANDIDATE_FEATURES=0 LOH_INCLUDE_AVGTOPK_CANDIDATE_FEATURES=0 LOH_INCLUDE_REQUEST=0 LOH_ENABLE_PENALTY=1 LOH_REWARD_USE_PENALTY=1 LOH_PENALTY_SCALE=binary LOH_PENALTY_REWARD_FORMULA=centered LOH_REWARD_W_PENALTY=0.5 LOH_PENALTY_CUTOFF=0 LOH_PENALTY_DMAX=400000 LOH_PENALTY_EMPTY_AS_GOOD=1 LOH_PENALTY_REFINE_ON_LATE=1 LOH_PENALTY_NO_EVICT_REWARD=keep LOH_PENALTY_BASELINE_DECAY=0.99 LOH_SURVIVAL_BINS=64 LOH_SURVIVAL_QUANTILE=0.99 LOH_SURVIVAL_MINCOUNT=1000 LOH_PENALTY_NET_GOOD_SCALE=1.0 LOH_PENALTY_NET_PENALTY_SCALE=1.0
wiki_2019t,75,1,7501,bestcfg_penalty_3t_3m_20260207_000001__wiki_2019t_075_r01,0,0.594302,0.491024,0.01,binary,centered,1.0,0.0,0.01,0.739372,-2.42857,0.989305,0.130372,LOH_PARALLEL_SAFE=1 LOH_SKIP_PIP_INSTALL=1 LOH_SKIP_BUILD=1 LOH_DEBUG_LEVEL=1 CACHESIM_VERBOSE=0 CACHESIM_NUM_REQ=3000000 LOH_RL_ALGO=SAC LOH_ACTION_SCALE=1.0 LOH_SCORE_USE_COMPOUND=0 LOH_SCORE_USE_IRT=0 LOH_USE_SOFTMAX=1 LOH_USE_HEURISTIC_SIGNS=0 LOH_INCLUDE_HIT_MISS_FEATURES=0 LOH_INCLUDE_CACHE_FEATURES=0 LOH_INCLUDE_CANDIDATE_FEATURES=0 LOH_INCLUDE_TOPK_CANDIDATE_FEATURES=0 LOH_INCLUDE_AVGTOPK_CANDIDATE_FEATURES=0 LOH_INCLUDE_REQUEST=0 LOH_ENABLE_PENALTY=1 LOH_REWARD_USE_PENALTY=1 LOH_PENALTY_SCALE=binary LOH_PENALTY_REWARD_FORMULA=centered LOH_REWARD_W_PENALTY=1.0 LOH_PENALTY_CUTOFF=0 LOH_PENALTY_DMAX=400000 LOH_PENALTY_EMPTY_AS_GOOD=1 LOH_PENALTY_REFINE_ON_LATE=1 LOH_PENALTY_NO_EVICT_REWARD=keep LOH_PENALTY_BASELINE_DECAY=0.99 LOH_SURVIVAL_BINS=64 LOH_SURVIVAL_QUANTILE=0.99 LOH_SURVIVAL_MINCOUNT=1000 LOH_PENALTY_NET_GOOD_SCALE=1.0 LOH_PENALTY_NET_PENALTY_SCALE=1.0
wiki_2019t,76,1,7601,bestcfg_penalty_3t_3m_20260207_000001__wiki_2019t_076_r01,0,0.594407,0.490648,0.01,binary,one_minus,0.1,0.01,0.01,0.869704,-0.714286,1.0,0.130296,LOH_PARALLEL_SAFE=1 LOH_SKIP_PIP_INSTALL=1 LOH_SKIP_BUILD=1 LOH_DEBUG_LEVEL=1 CACHESIM_VERBOSE=0 CACHESIM_NUM_REQ=3000000 LOH_RL_ALGO=SAC LOH_ACTION_SCALE=1.0 LOH_SCORE_USE_COMPOUND=0 LOH_SCORE_USE_IRT=0 LOH_USE_SOFTMAX=1 LOH_USE_HEURISTIC_SIGNS=0 LOH_INCLUDE_HIT_MISS_FEATURES=0 LOH_INCLUDE_CACHE_FEATURES=0 LOH_INCLUDE_CANDIDATE_FEATURES=0 LOH_INCLUDE_TOPK_CANDIDATE_FEATURES=0 LOH_INCLUDE_AVGTOPK_CANDIDATE_FEATURES=0 LOH_INCLUDE_REQUEST=0 LOH_ENABLE_PENALTY=1 LOH_REWARD_USE_PENALTY=1 LOH_PENALTY_SCALE=binary LOH_PENALTY_REWARD_FORMULA=one_minus LOH_REWARD_W_PENALTY=0.1 LOH_PENALTY_CUTOFF=0 LOH_PENALTY_DMAX=400000 LOH_PENALTY_EMPTY_AS_GOOD=1 LOH_PENALTY_REFINE_ON_LATE=1 LOH_PENALTY_NO_EVICT_REWARD=keep LOH_PENALTY_BASELINE_DECAY=0.99 LOH_SURVIVAL_BINS=64 LOH_SURVIVAL_QUANTILE=0.99 LOH_SURVIVAL_MINCOUNT=1000 LOH_PENALTY_NET_GOOD_SCALE=1.0 LOH_PENALTY_NET_PENALTY_SCALE=1.0
wiki_2019t,77,1,7701,bestcfg_penalty_3t_3m_20260207_000001__wiki_2019t_077_r01,0,0.594406,0.491156,0.01,binary,one_minus,0.2,0.01,0.01,0.869648,0.192308,1.0,0.130352,LOH_PARALLEL_SAFE=1 LOH_SKIP_PIP_INSTALL=1 LOH_SKIP_BUILD=1 LOH_DEBUG_LEVEL=1 CACHESIM_VERBOSE=0 CACHESIM_NUM_REQ=3000000 LOH_RL_ALGO=SAC LOH_ACTION_SCALE=1.0 LOH_SCORE_USE_COMPOUND=0 LOH_SCORE_USE_IRT=0 LOH_USE_SOFTMAX=1 LOH_USE_HEURISTIC_SIGNS=0 LOH_INCLUDE_HIT_MISS_FEATURES=0 LOH_INCLUDE_CACHE_FEATURES=0 LOH_INCLUDE_CANDIDATE_FEATURES=0 LOH_INCLUDE_TOPK_CANDIDATE_FEATURES=0 LOH_INCLUDE_AVGTOPK_CANDIDATE_FEATURES=0 LOH_INCLUDE_REQUEST=0 LOH_ENABLE_PENALTY=1 LOH_REWARD_USE_PENALTY=1 LOH_PENALTY_SCALE=binary LOH_PENALTY_REWARD_FORMULA=one_minus LOH_REWARD_W_PENALTY=0.2 LOH_PENALTY_CUTOFF=0 LOH_PENALTY_DMAX=400000 LOH_PENALTY_EMPTY_AS_GOOD=1 LOH_PENALTY_REFINE_ON_LATE=1 LOH_PENALTY_NO_EVICT_REWARD=keep LOH_PENALTY_BASELINE_DECAY=0.99 LOH_SURVIVAL_BINS=64 LOH_SURVIVAL_QUANTILE=0.99 LOH_SURVIVAL_MINCOUNT=1000 LOH_PENALTY_NET_GOOD_SCALE=1.0 LOH_PENALTY_NET_PENALTY_SCALE=1.0
wiki_2019t,78,1,7801,bestcfg_penalty_3t_3m_20260207_000001__wiki_2019t_078_r01,0,0.594606,0.491183,0.01,binary,one_minus,0.5,0.0,0.0,0.869361,-0.714286,0.993958,0.130639,LOH_PARALLEL_SAFE=1 LOH_SKIP_PIP_INSTALL=1 LOH_SKIP_BUILD=1 LOH_DEBUG_LEVEL=1 CACHESIM_VERBOSE=0 CACHESIM_NUM_REQ=3000000 LOH_RL_ALGO=SAC LOH_ACTION_SCALE=1.0 LOH_SCORE_USE_COMPOUND=0 LOH_SCORE_USE_IRT=0 LOH_USE_SOFTMAX=1 LOH_USE_HEURISTIC_SIGNS=0 LOH_INCLUDE_HIT_MISS_FEATURES=0 LOH_INCLUDE_CACHE_FEATURES=0 LOH_INCLUDE_CANDIDATE_FEATURES=0 LOH_INCLUDE_TOPK_CANDIDATE_FEATURES=0 LOH_INCLUDE_AVGTOPK_CANDIDATE_FEATURES=0 LOH_INCLUDE_REQUEST=0 LOH_ENABLE_PENALTY=1 LOH_REWARD_USE_PENALTY=1 LOH_PENALTY_SCALE=binary LOH_PENALTY_REWARD_FORMULA=one_minus LOH_REWARD_W_PENALTY=0.5 LOH_PENALTY_CUTOFF=0 LOH_PENALTY_DMAX=400000 LOH_PENALTY_EMPTY_AS_GOOD=1 LOH_PENALTY_REFINE_ON_LATE=1 LOH_PENALTY_NO_EVICT_REWARD=keep LOH_PENALTY_BASELINE_DECAY=0.99 LOH_SURVIVAL_BINS=64 LOH_SURVIVAL_QUANTILE=0.99 LOH_SURVIVAL_MINCOUNT=1000 LOH_PENALTY_NET_GOOD_SCALE=1.0 LOH_PENALTY_NET_PENALTY_SCALE=1.0
wiki_2019t,79,1,7901,bestcfg_penalty_3t_3m_20260207_000001__wiki_2019t_079_r01,0,0.594475,0.491179,0.01,binary,one_minus,1.0,0.01,0.01,0.869521,-0.571429,1.0,0.130479,LOH_PARALLEL_SAFE=1 LOH_SKIP_PIP_INSTALL=1 LOH_SKIP_BUILD=1 LOH_DEBUG_LEVEL=1 CACHESIM_VERBOSE=0 CACHESIM_NUM_REQ=3000000 LOH_RL_ALGO=SAC LOH_ACTION_SCALE=1.0 LOH_SCORE_USE_COMPOUND=0 LOH_SCORE_USE_IRT=0 LOH_USE_SOFTMAX=1 LOH_USE_HEURISTIC_SIGNS=0 LOH_INCLUDE_HIT_MISS_FEATURES=0 LOH_INCLUDE_CACHE_FEATURES=0 LOH_INCLUDE_CANDIDATE_FEATURES=0 LOH_INCLUDE_TOPK_CANDIDATE_FEATURES=0 LOH_INCLUDE_AVGTOPK_CANDIDATE_FEATURES=0 LOH_INCLUDE_REQUEST=0 LOH_ENABLE_PENALTY=1 LOH_REWARD_USE_PENALTY=1 LOH_PENALTY_SCALE=binary LOH_PENALTY_REWARD_FORMULA=one_minus LOH_REWARD_W_PENALTY=1.0 LOH_PENALTY_CUTOFF=0 LOH_PENALTY_DMAX=400000 LOH_PENALTY_EMPTY_AS_GOOD=1 LOH_PENALTY_REFINE_ON_LATE=1 LOH_PENALTY_NO_EVICT_REWARD=keep LOH_PENALTY_BASELINE_DECAY=0.99 LOH_SURVIVAL_BINS=64 LOH_SURVIVAL_QUANTILE=0.99 LOH_SURVIVAL_MINCOUNT=1000 LOH_PENALTY_NET_GOOD_SCALE=1.0 LOH_PENALTY_NET_PENALTY_SCALE=1.0
wiki_2019t,80,1,8001,bestcfg_penalty_3t_3m_20260207_000001__wiki_2019t_080_r01,0,0.594198,0.491065,0.01,binary,neg,0.1,0.01,0.02,-0.130599,-2.5,-0.0,0.130721,LOH_PARALLEL_SAFE=1 LOH_SKIP_PIP_INSTALL=1 LOH_SKIP_BUILD=1 LOH_DEBUG_LEVEL=1 CACHESIM_VERBOSE=0 CACHESIM_NUM_REQ=3000000 LOH_RL_ALGO=SAC LOH_ACTION_SCALE=1.0 LOH_SCORE_USE_COMPOUND=0 LOH_SCORE_USE_IRT=0 LOH_USE_SOFTMAX=1 LOH_USE_HEURISTIC_SIGNS=0 LOH_INCLUDE_HIT_MISS_FEATURES=0 LOH_INCLUDE_CACHE_FEATURES=0 LOH_INCLUDE_CANDIDATE_FEATURES=0 LOH_INCLUDE_TOPK_CANDIDATE_FEATURES=0 LOH_INCLUDE_AVGTOPK_CANDIDATE_FEATURES=0 LOH_INCLUDE_REQUEST=0 LOH_ENABLE_PENALTY=1 LOH_REWARD_USE_PENALTY=1 LOH_PENALTY_SCALE=binary LOH_PENALTY_REWARD_FORMULA=neg LOH_REWARD_W_PENALTY=0.1 LOH_PENALTY_CUTOFF=0 LOH_PENALTY_DMAX=400000 LOH_PENALTY_EMPTY_AS_GOOD=1 LOH_PENALTY_REFINE_ON_LATE=1 LOH_PENALTY_NO_EVICT_REWARD=keep LOH_PENALTY_BASELINE_DECAY=0.99 LOH_SURVIVAL_BINS=64 LOH_SURVIVAL_QUANTILE=0.99 LOH_SURVIVAL_MINCOUNT=1000 LOH_PENALTY_NET_GOOD_SCALE=1.0 LOH_PENALTY_NET_PENALTY_SCALE=1.0
wiki_2019t,81,1,8101,bestcfg_penalty_3t_3m_20260207_000001__wiki_2019t_081_r01,0,0.594413,0.491166,0.01,binary,neg,0.2,0.01,0.01,-0.130167,-1.71429,-0.0,0.130224,LOH_PARALLEL_SAFE=1 LOH_SKIP_PIP_INSTALL=1 LOH_SKIP_BUILD=1 LOH_DEBUG_LEVEL=1 CACHESIM_VERBOSE=0 CACHESIM_NUM_REQ=3000000 LOH_RL_ALGO=SAC LOH_ACTION_SCALE=1.0 LOH_SCORE_USE_COMPOUND=0 LOH_SCORE_USE_IRT=0 LOH_USE_SOFTMAX=1 LOH_USE_HEURISTIC_SIGNS=0 LOH_INCLUDE_HIT_MISS_FEATURES=0 LOH_INCLUDE_CACHE_FEATURES=0 LOH_INCLUDE_CANDIDATE_FEATURES=0 LOH_INCLUDE_TOPK_CANDIDATE_FEATURES=0 LOH_INCLUDE_AVGTOPK_CANDIDATE_FEATURES=0 LOH_INCLUDE_REQUEST=0 LOH_ENABLE_PENALTY=1 LOH_REWARD_USE_PENALTY=1 LOH_PENALTY_SCALE=binary LOH_PENALTY_REWARD_FORMULA=neg LOH_REWARD_W_PENALTY=0.2 LOH_PENALTY_CUTOFF=0 LOH_PENALTY_DMAX=400000 LOH_PENALTY_EMPTY_AS_GOOD=1 LOH_PENALTY_REFINE_ON_LATE=1 LOH_PENALTY_NO_EVICT_REWARD=keep LOH_PENALTY_BASELINE_DECAY=0.99 LOH_SURVIVAL_BINS=64 LOH_SURVIVAL_QUANTILE=0.99 LOH_SURVIVAL_MINCOUNT=1000 LOH_PENALTY_NET_GOOD_SCALE=1.0 LOH_PENALTY_NET_PENALTY_SCALE=1.0
wiki_2019t,82,1,8201,bestcfg_penalty_3t_3m_20260207_000001__wiki_2019t_082_r01,0,0.594307,0.491179,0.01,binary,neg,0.5,0.01,0.01,-0.130249,-2.4,-0.0,0.130363,LOH_PARALLEL_SAFE=1 LOH_SKIP_PIP_INSTALL=1 LOH_SKIP_BUILD=1 LOH_DEBUG_LEVEL=1 CACHESIM_VERBOSE=0 CACHESIM_NUM_REQ=3000000 LOH_RL_ALGO=SAC LOH_ACTION_SCALE=1.0 LOH_SCORE_USE_COMPOUND=0 LOH_SCORE_USE_IRT=0 LOH_USE_SOFTMAX=1 LOH_USE_HEURISTIC_SIGNS=0 LOH_INCLUDE_HIT_MISS_FEATURES=0 LOH_INCLUDE_CACHE_FEATURES=0 LOH_INCLUDE_CANDIDATE_FEATURES=0 LOH_INCLUDE_TOPK_CANDIDATE_FEATURES=0 LOH_INCLUDE_AVGTOPK_CANDIDATE_FEATURES=0 LOH_INCLUDE_REQUEST=0 LOH_ENABLE_PENALTY=1 LOH_REWARD_USE_PENALTY=1 LOH_PENALTY_SCALE=binary LOH_PENALTY_REWARD_FORMULA=neg LOH_REWARD_W_PENALTY=0.5 LOH_PENALTY_CUTOFF=0 LOH_PENALTY_DMAX=400000 LOH_PENALTY_EMPTY_AS_GOOD=1 LOH_PENALTY_REFINE_ON_LATE=1 LOH_PENALTY_NO_EVICT_REWARD=keep LOH_PENALTY_BASELINE_DECAY=0.99 LOH_SURVIVAL_BINS=64 LOH_SURVIVAL_QUANTILE=0.99 LOH_SURVIVAL_MINCOUNT=1000 LOH_PENALTY_NET_GOOD_SCALE=1.0 LOH_PENALTY_NET_PENALTY_SCALE=1.0
wiki_2019t,83,1,8301,bestcfg_penalty_3t_3m_20260207_000001__wiki_2019t_083_r01,0,0.59447,0.491226,0.01,binary,neg,1.0,0.01,0.01,-0.130388,-1.85714,-0.0,0.130458,LOH_PARALLEL_SAFE=1 LOH_SKIP_PIP_INSTALL=1 LOH_SKIP_BUILD=1 LOH_DEBUG_LEVEL=1 CACHESIM_VERBOSE=0 CACHESIM_NUM_REQ=3000000 LOH_RL_ALGO=SAC LOH_ACTION_SCALE=1.0 LOH_SCORE_USE_COMPOUND=0 LOH_SCORE_USE_IRT=0 LOH_USE_SOFTMAX=1 LOH_USE_HEURISTIC_SIGNS=0 LOH_INCLUDE_HIT_MISS_FEATURES=0 LOH_INCLUDE_CACHE_FEATURES=0 LOH_INCLUDE_CANDIDATE_FEATURES=0 LOH_INCLUDE_TOPK_CANDIDATE_FEATURES=0 LOH_INCLUDE_AVGTOPK_CANDIDATE_FEATURES=0 LOH_INCLUDE_REQUEST=0 LOH_ENABLE_PENALTY=1 LOH_REWARD_USE_PENALTY=1 LOH_PENALTY_SCALE=binary LOH_PENALTY_REWARD_FORMULA=neg LOH_REWARD_W_PENALTY=1.0 LOH_PENALTY_CUTOFF=0 LOH_PENALTY_DMAX=400000 LOH_PENALTY_EMPTY_AS_GOOD=1 LOH_PENALTY_REFINE_ON_LATE=1 LOH_PENALTY_NO_EVICT_REWARD=keep LOH_PENALTY_BASELINE_DECAY=0.99 LOH_SURVIVAL_BINS=64 LOH_SURVIVAL_QUANTILE=0.99 LOH_SURVIVAL_MINCOUNT=1000 LOH_PENALTY_NET_GOOD_SCALE=1.0 LOH_PENALTY_NET_PENALTY_SCALE=1.0
wiki_2019t,84,1,8401,bestcfg_penalty_3t_3m_20260207_000001__wiki_2019t_084_r01,0,0.594217,0.491253,0.01,binary,net,1.0,0.01,0.01,-0.130483,-1.71429,0.0,0.13054,LOH_PARALLEL_SAFE=1 LOH_SKIP_PIP_INSTALL=1 LOH_SKIP_BUILD=1 LOH_DEBUG_LEVEL=1 CACHESIM_VERBOSE=0 CACHESIM_NUM_REQ=3000000 LOH_RL_ALGO=SAC LOH_ACTION_SCALE=1.0 LOH_SCORE_USE_COMPOUND=0 LOH_SCORE_USE_IRT=0 LOH_USE_SOFTMAX=1 LOH_USE_HEURISTIC_SIGNS=0 LOH_INCLUDE_HIT_MISS_FEATURES=0 LOH_INCLUDE_CACHE_FEATURES=0 LOH_INCLUDE_CANDIDATE_FEATURES=0 LOH_INCLUDE_TOPK_CANDIDATE_FEATURES=0 LOH_INCLUDE_AVGTOPK_CANDIDATE_FEATURES=0 LOH_INCLUDE_REQUEST=0 LOH_ENABLE_PENALTY=1 LOH_REWARD_USE_PENALTY=1 LOH_PENALTY_SCALE=binary LOH_PENALTY_REWARD_FORMULA=net LOH_REWARD_W_PENALTY=1.0 LOH_PENALTY_CUTOFF=0 LOH_PENALTY_DMAX=400000 LOH_PENALTY_EMPTY_AS_GOOD=1 LOH_PENALTY_REFINE_ON_LATE=1 LOH_PENALTY_NO_EVICT_REWARD=keep LOH_PENALTY_BASELINE_DECAY=0.99 LOH_SURVIVAL_BINS=64 LOH_SURVIVAL_QUANTILE=0.99 LOH_SURVIVAL_MINCOUNT=1000 LOH_PENALTY_NET_GOOD_SCALE=1.0 LOH_PENALTY_NET_PENALTY_SCALE=1.0
wiki_2019t,85,1,8501,bestcfg_penalty_3t_3m_20260207_000001__wiki_2019t_085_r01,0,0.594366,0.491265,0.01,binary,net,2.0,0.01,0.01,-0.130599,-2.0,0.0,0.13068,LOH_PARALLEL_SAFE=1 LOH_SKIP_PIP_INSTALL=1 LOH_SKIP_BUILD=1 LOH_DEBUG_LEVEL=1 CACHESIM_VERBOSE=0 CACHESIM_NUM_REQ=3000000 LOH_RL_ALGO=SAC LOH_ACTION_SCALE=1.0 LOH_SCORE_USE_COMPOUND=0 LOH_SCORE_USE_IRT=0 LOH_USE_SOFTMAX=1 LOH_USE_HEURISTIC_SIGNS=0 LOH_INCLUDE_HIT_MISS_FEATURES=0 LOH_INCLUDE_CACHE_FEATURES=0 LOH_INCLUDE_CANDIDATE_FEATURES=0 LOH_INCLUDE_TOPK_CANDIDATE_FEATURES=0 LOH_INCLUDE_AVGTOPK_CANDIDATE_FEATURES=0 LOH_INCLUDE_REQUEST=0 LOH_ENABLE_PENALTY=1 LOH_REWARD_USE_PENALTY=1 LOH_PENALTY_SCALE=binary LOH_PENALTY_REWARD_FORMULA=net LOH_REWARD_W_PENALTY=2.0 LOH_PENALTY_CUTOFF=0 LOH_PENALTY_DMAX=400000 LOH_PENALTY_EMPTY_AS_GOOD=1 LOH_PENALTY_REFINE_ON_LATE=1 LOH_PENALTY_NO_EVICT_REWARD=keep LOH_PENALTY_BASELINE_DECAY=0.99 LOH_SURVIVAL_BINS=64 LOH_SURVIVAL_QUANTILE=0.99 LOH_SURVIVAL_MINCOUNT=1000 LOH_PENALTY_NET_GOOD_SCALE=1.0 LOH_PENALTY_NET_PENALTY_SCALE=1.0
wiki_2019t,86,1,8601,bestcfg_penalty_3t_3m_20260207_000001__wiki_2019t_086_r01,0,0.594384,0.491083,0.01,binary,net,3.0,0.0,0.01,-0.13024,-1.71429,-0.010695,0.130298,LOH_PARALLEL_SAFE=1 LOH_SKIP_PIP_INSTALL=1 LOH_SKIP_BUILD=1 LOH_DEBUG_LEVEL=1 CACHESIM_VERBOSE=0 CACHESIM_NUM_REQ=3000000 LOH_RL_ALGO=SAC LOH_ACTION_SCALE=1.0 LOH_SCORE_USE_COMPOUND=0 LOH_SCORE_USE_IRT=0 LOH_USE_SOFTMAX=1 LOH_USE_HEURISTIC_SIGNS=0 LOH_INCLUDE_HIT_MISS_FEATURES=0 LOH_INCLUDE_CACHE_FEATURES=0 LOH_INCLUDE_CANDIDATE_FEATURES=0 LOH_INCLUDE_TOPK_CANDIDATE_FEATURES=0 LOH_INCLUDE_AVGTOPK_CANDIDATE_FEATURES=0 LOH_INCLUDE_REQUEST=0 LOH_ENABLE_PENALTY=1 LOH_REWARD_USE_PENALTY=1 LOH_PENALTY_SCALE=binary LOH_PENALTY_REWARD_FORMULA=net LOH_REWARD_W_PENALTY=3.0 LOH_PENALTY_CUTOFF=0 LOH_PENALTY_DMAX=400000 LOH_PENALTY_EMPTY_AS_GOOD=1 LOH_PENALTY_REFINE_ON_LATE=1 LOH_PENALTY_NO_EVICT_REWARD=keep LOH_PENALTY_BASELINE_DECAY=0.99 LOH_SURVIVAL_BINS=64 LOH_SURVIVAL_QUANTILE=0.99 LOH_SURVIVAL_MINCOUNT=1000 LOH_PENALTY_NET_GOOD_SCALE=1.0 LOH_PENALTY_NET_PENALTY_SCALE=1.0
wiki_2019t,87,1,8701,bestcfg_penalty_3t_3m_20260207_000001__wiki_2019t_087_r01,0,0.594559,0.491274,0.01,binary,net2,1.0,0.01,100.0,-1.0,-2.16667,-1.0,0.130448,LOH_PARALLEL_SAFE=1 LOH_SKIP_PIP_INSTALL=1 LOH_SKIP_BUILD=1 LOH_DEBUG_LEVEL=1 CACHESIM_VERBOSE=0 CACHESIM_NUM_REQ=3000000 LOH_RL_ALGO=SAC LOH_ACTION_SCALE=1.0 LOH_SCORE_USE_COMPOUND=0 LOH_SCORE_USE_IRT=0 LOH_USE_SOFTMAX=1 LOH_USE_HEURISTIC_SIGNS=0 LOH_INCLUDE_HIT_MISS_FEATURES=0 LOH_INCLUDE_CACHE_FEATURES=0 LOH_INCLUDE_CANDIDATE_FEATURES=0 LOH_INCLUDE_TOPK_CANDIDATE_FEATURES=0 LOH_INCLUDE_AVGTOPK_CANDIDATE_FEATURES=0 LOH_INCLUDE_REQUEST=0 LOH_ENABLE_PENALTY=1 LOH_REWARD_USE_PENALTY=1 LOH_PENALTY_SCALE=binary LOH_PENALTY_REWARD_FORMULA=net2 LOH_REWARD_W_PENALTY=1.0 LOH_PENALTY_CUTOFF=0 LOH_PENALTY_DMAX=400000 LOH_PENALTY_EMPTY_AS_GOOD=1 LOH_PENALTY_REFINE_ON_LATE=1 LOH_PENALTY_NO_EVICT_REWARD=keep LOH_PENALTY_BASELINE_DECAY=0.99 LOH_SURVIVAL_BINS=64 LOH_SURVIVAL_QUANTILE=0.99 LOH_SURVIVAL_MINCOUNT=1000 LOH_PENALTY_NET_GOOD_SCALE=1.0 LOH_PENALTY_NET_PENALTY_SCALE=1.0
wiki_2019t,88,1,8801,bestcfg_penalty_3t_3m_20260207_000001__wiki_2019t_088_r01,0,0.594368,0.491281,0.01,binary,net2,2.0,0.01,100.0,-1.0,-1.81818,-1.0,0.130318,LOH_PARALLEL_SAFE=1 LOH_SKIP_PIP_INSTALL=1 LOH_SKIP_BUILD=1 LOH_DEBUG_LEVEL=1 CACHESIM_VERBOSE=0 CACHESIM_NUM_REQ=3000000 LOH_RL_ALGO=SAC LOH_ACTION_SCALE=1.0 LOH_SCORE_USE_COMPOUND=0 LOH_SCORE_USE_IRT=0 LOH_USE_SOFTMAX=1 LOH_USE_HEURISTIC_SIGNS=0 LOH_INCLUDE_HIT_MISS_FEATURES=0 LOH_INCLUDE_CACHE_FEATURES=0 LOH_INCLUDE_CANDIDATE_FEATURES=0 LOH_INCLUDE_TOPK_CANDIDATE_FEATURES=0 LOH_INCLUDE_AVGTOPK_CANDIDATE_FEATURES=0 LOH_INCLUDE_REQUEST=0 LOH_ENABLE_PENALTY=1 LOH_REWARD_USE_PENALTY=1 LOH_PENALTY_SCALE=binary LOH_PENALTY_REWARD_FORMULA=net2 LOH_REWARD_W_PENALTY=2.0 LOH_PENALTY_CUTOFF=0 LOH_PENALTY_DMAX=400000 LOH_PENALTY_EMPTY_AS_GOOD=1 LOH_PENALTY_REFINE_ON_LATE=1 LOH_PENALTY_NO_EVICT_REWARD=keep LOH_PENALTY_BASELINE_DECAY=0.99 LOH_SURVIVAL_BINS=64 LOH_SURVIVAL_QUANTILE=0.99 LOH_SURVIVAL_MINCOUNT=1000 LOH_PENALTY_NET_GOOD_SCALE=1.0 LOH_PENALTY_NET_PENALTY_SCALE=1.0
wiki_2019t,89,1,8901,bestcfg_penalty_3t_3m_20260207_000001__wiki_2019t_089_r01,0,0.594319,0.491088,0.01,binary,net2,3.0,0.01,100.0,-1.0,-2.71429,-1.0,0.130488,LOH_PARALLEL_SAFE=1 LOH_SKIP_PIP_INSTALL=1 LOH_SKIP_BUILD=1 LOH_DEBUG_LEVEL=1 CACHESIM_VERBOSE=0 CACHESIM_NUM_REQ=3000000 LOH_RL_ALGO=SAC LOH_ACTION_SCALE=1.0 LOH_SCORE_USE_COMPOUND=0 LOH_SCORE_USE_IRT=0 LOH_USE_SOFTMAX=1 LOH_USE_HEURISTIC_SIGNS=0 LOH_INCLUDE_HIT_MISS_FEATURES=0 LOH_INCLUDE_CACHE_FEATURES=0 LOH_INCLUDE_CANDIDATE_FEATURES=0 LOH_INCLUDE_TOPK_CANDIDATE_FEATURES=0 LOH_INCLUDE_AVGTOPK_CANDIDATE_FEATURES=0 LOH_INCLUDE_REQUEST=0 LOH_ENABLE_PENALTY=1 LOH_REWARD_USE_PENALTY=1 LOH_PENALTY_SCALE=binary LOH_PENALTY_REWARD_FORMULA=net2 LOH_REWARD_W_PENALTY=3.0 LOH_PENALTY_CUTOFF=0 LOH_PENALTY_DMAX=400000 LOH_PENALTY_EMPTY_AS_GOOD=1 LOH_PENALTY_REFINE_ON_LATE=1 LOH_PENALTY_NO_EVICT_REWARD=keep LOH_PENALTY_BASELINE_DECAY=0.99 LOH_SURVIVAL_BINS=64 LOH_SURVIVAL_QUANTILE=0.99 LOH_SURVIVAL_MINCOUNT=1000 LOH_PENALTY_NET_GOOD_SCALE=1.0 LOH_PENALTY_NET_PENALTY_SCALE=1.0
wiki_2019t,90,1,9001,bestcfg_penalty_3t_3m_20260207_000001__wiki_2019t_090_r01,0,0.594334,0.491207,0.01,log,centered,1.0,0.01,0.01,0.946229,0.341645,1.0,0.0268856,LOH_PARALLEL_SAFE=1 LOH_SKIP_PIP_INSTALL=1 LOH_SKIP_BUILD=1 LOH_DEBUG_LEVEL=1 CACHESIM_VERBOSE=0 CACHESIM_NUM_REQ=3000000 LOH_RL_ALGO=SAC LOH_ACTION_SCALE=1.0 LOH_SCORE_USE_COMPOUND=0 LOH_SCORE_USE_IRT=0 LOH_USE_SOFTMAX=1 LOH_USE_HEURISTIC_SIGNS=0 LOH_INCLUDE_HIT_MISS_FEATURES=0 LOH_INCLUDE_CACHE_FEATURES=0 LOH_INCLUDE_CANDIDATE_FEATURES=0 LOH_INCLUDE_TOPK_CANDIDATE_FEATURES=0 LOH_INCLUDE_AVGTOPK_CANDIDATE_FEATURES=0 LOH_INCLUDE_REQUEST=0 LOH_ENABLE_PENALTY=1 LOH_REWARD_USE_PENALTY=1 LOH_PENALTY_SCALE=log LOH_PENALTY_REWARD_FORMULA=centered LOH_REWARD_W_PENALTY=1.0 LOH_PENALTY_CUTOFF=0 LOH_PENALTY_DMAX=400000 LOH_PENALTY_EMPTY_AS_GOOD=1 LOH_PENALTY_REFINE_ON_LATE=1 LOH_PENALTY_NO_EVICT_REWARD=keep LOH_PENALTY_BASELINE_DECAY=0.99 LOH_SURVIVAL_BINS=64 LOH_SURVIVAL_QUANTILE=0.99 LOH_SURVIVAL_MINCOUNT=1000 LOH_PENALTY_NET_GOOD_SCALE=1.0 LOH_PENALTY_NET_PENALTY_SCALE=1.0 LOH_PENALTY_CUTOFF=0
wiki_2019t,91,1,9101,bestcfg_penalty_3t_3m_20260207_000001__wiki_2019t_091_r01,0,0.594331,0.491629,0.01,log,centered,1.0,45.39,45.39,0.989337,0.835395,1.0,0.00533133,LOH_PARALLEL_SAFE=1 LOH_SKIP_PIP_INSTALL=1 LOH_SKIP_BUILD=1 LOH_DEBUG_LEVEL=1 CACHESIM_VERBOSE=0 CACHESIM_NUM_REQ=3000000 LOH_RL_ALGO=SAC LOH_ACTION_SCALE=1.0 LOH_SCORE_USE_COMPOUND=0 LOH_SCORE_USE_IRT=0 LOH_USE_SOFTMAX=1 LOH_USE_HEURISTIC_SIGNS=0 LOH_INCLUDE_HIT_MISS_FEATURES=0 LOH_INCLUDE_CACHE_FEATURES=0 LOH_INCLUDE_CANDIDATE_FEATURES=0 LOH_INCLUDE_TOPK_CANDIDATE_FEATURES=0 LOH_INCLUDE_AVGTOPK_CANDIDATE_FEATURES=0 LOH_INCLUDE_REQUEST=0 LOH_ENABLE_PENALTY=1 LOH_REWARD_USE_PENALTY=1 LOH_PENALTY_SCALE=log LOH_PENALTY_REWARD_FORMULA=centered LOH_REWARD_W_PENALTY=1.0 LOH_PENALTY_CUTOFF=0 LOH_PENALTY_DMAX=400000 LOH_PENALTY_EMPTY_AS_GOOD=1 LOH_PENALTY_REFINE_ON_LATE=1 LOH_PENALTY_NO_EVICT_REWARD=keep LOH_PENALTY_BASELINE_DECAY=0.99 LOH_SURVIVAL_BINS=64 LOH_SURVIVAL_QUANTILE=0.99 LOH_SURVIVAL_MINCOUNT=1000 LOH_PENALTY_NET_GOOD_SCALE=1.0 LOH_PENALTY_NET_PENALTY_SCALE=1.0 LOH_PENALTY_CUTOFF=500
wiki_2019t,92,1,9201,bestcfg_penalty_3t_3m_20260207_000001__wiki_2019t_092_r01,0,0.59442,0.491174,0.01,log,centered,1.0,28.85,28.85,0.985453,0.868181,1.0,0.00727363,LOH_PARALLEL_SAFE=1 LOH_SKIP_PIP_INSTALL=1 LOH_SKIP_BUILD=1 LOH_DEBUG_LEVEL=1 CACHESIM_VERBOSE=0 CACHESIM_NUM_REQ=3000000 LOH_RL_ALGO=SAC LOH_ACTION_SCALE=1.0 LOH_SCORE_USE_COMPOUND=0 LOH_SCORE_USE_IRT=0 LOH_USE_SOFTMAX=1 LOH_USE_HEURISTIC_SIGNS=0 LOH_INCLUDE_HIT_MISS_FEATURES=0 LOH_INCLUDE_CACHE_FEATURES=0 LOH_INCLUDE_CANDIDATE_FEATURES=0 LOH_INCLUDE_TOPK_CANDIDATE_FEATURES=0 LOH_INCLUDE_AVGTOPK_CANDIDATE_FEATURES=0 LOH_INCLUDE_REQUEST=0 LOH_ENABLE_PENALTY=1 LOH_REWARD_USE_PENALTY=1 LOH_PENALTY_SCALE=log LOH_PENALTY_REWARD_FORMULA=centered LOH_REWARD_W_PENALTY=1.0 LOH_PENALTY_CUTOFF=0 LOH_PENALTY_DMAX=400000 LOH_PENALTY_EMPTY_AS_GOOD=1 LOH_PENALTY_REFINE_ON_LATE=1 LOH_PENALTY_NO_EVICT_REWARD=keep LOH_PENALTY_BASELINE_DECAY=0.99 LOH_SURVIVAL_BINS=64 LOH_SURVIVAL_QUANTILE=0.99 LOH_SURVIVAL_MINCOUNT=1000 LOH_PENALTY_NET_GOOD_SCALE=1.0 LOH_PENALTY_NET_PENALTY_SCALE=1.0 LOH_PENALTY_CUTOFF=2000
wiki_2019t,93,1,9301,bestcfg_penalty_3t_3m_20260207_000001__wiki_2019t_093_r01,0,0.594441,0.491494,0.01,log,centered,1.0,7.1,7.1,0.975265,0.856229,1.0,0.0123676,LOH_PARALLEL_SAFE=1 LOH_SKIP_PIP_INSTALL=1 LOH_SKIP_BUILD=1 LOH_DEBUG_LEVEL=1 CACHESIM_VERBOSE=0 CACHESIM_NUM_REQ=3000000 LOH_RL_ALGO=SAC LOH_ACTION_SCALE=1.0 LOH_SCORE_USE_COMPOUND=0 LOH_SCORE_USE_IRT=0 LOH_USE_SOFTMAX=1 LOH_USE_HEURISTIC_SIGNS=0 LOH_INCLUDE_HIT_MISS_FEATURES=0 LOH_INCLUDE_CACHE_FEATURES=0 LOH_INCLUDE_CANDIDATE_FEATURES=0 LOH_INCLUDE_TOPK_CANDIDATE_FEATURES=0 LOH_INCLUDE_AVGTOPK_CANDIDATE_FEATURES=0 LOH_INCLUDE_REQUEST=0 LOH_ENABLE_PENALTY=1 LOH_REWARD_USE_PENALTY=1 LOH_PENALTY_SCALE=log LOH_PENALTY_REWARD_FORMULA=centered LOH_REWARD_W_PENALTY=1.0 LOH_PENALTY_CUTOFF=0 LOH_PENALTY_DMAX=400000 LOH_PENALTY_EMPTY_AS_GOOD=1 LOH_PENALTY_REFINE_ON_LATE=1 LOH_PENALTY_NO_EVICT_REWARD=keep LOH_PENALTY_BASELINE_DECAY=0.99 LOH_SURVIVAL_BINS=64 LOH_SURVIVAL_QUANTILE=0.99 LOH_SURVIVAL_MINCOUNT=1000 LOH_PENALTY_NET_GOOD_SCALE=1.0 LOH_PENALTY_NET_PENALTY_SCALE=1.0 LOH_PENALTY_CUTOFF=10000
wiki_2019t,94,1,9401,bestcfg_penalty_3t_3m_20260207_000001__wiki_2019t_094_r01,0,0.594282,0.490725,0.01,log,centered,1.0,0.01,0.17,0.976645,0.840675,1.0,0.0116775,LOH_PARALLEL_SAFE=1 LOH_SKIP_PIP_INSTALL=1 LOH_SKIP_BUILD=1 LOH_DEBUG_LEVEL=1 CACHESIM_VERBOSE=0 CACHESIM_NUM_REQ=3000000 LOH_RL_ALGO=SAC LOH_ACTION_SCALE=1.0 LOH_SCORE_USE_COMPOUND=0 LOH_SCORE_USE_IRT=0 LOH_USE_SOFTMAX=1 LOH_USE_HEURISTIC_SIGNS=0 LOH_INCLUDE_HIT_MISS_FEATURES=0 LOH_INCLUDE_CACHE_FEATURES=0 LOH_INCLUDE_CANDIDATE_FEATURES=0 LOH_INCLUDE_TOPK_CANDIDATE_FEATURES=0 LOH_INCLUDE_AVGTOPK_CANDIDATE_FEATURES=0 LOH_INCLUDE_REQUEST=0 LOH_ENABLE_PENALTY=1 LOH_REWARD_USE_PENALTY=1 LOH_PENALTY_SCALE=log LOH_PENALTY_REWARD_FORMULA=centered LOH_REWARD_W_PENALTY=1.0 LOH_PENALTY_CUTOFF=0 LOH_PENALTY_DMAX=400000 LOH_PENALTY_EMPTY_AS_GOOD=1 LOH_PENALTY_REFINE_ON_LATE=1 LOH_PENALTY_NO_EVICT_REWARD=keep LOH_PENALTY_BASELINE_DECAY=0.99 LOH_SURVIVAL_BINS=64 LOH_SURVIVAL_QUANTILE=0.99 LOH_SURVIVAL_MINCOUNT=1000 LOH_PENALTY_NET_GOOD_SCALE=1.0 LOH_PENALTY_NET_PENALTY_SCALE=1.0 LOH_PENALTY_DMAX=50000
wiki_2019t,95,1,9501,bestcfg_penalty_3t_3m_20260207_000001__wiki_2019t_095_r01,0,0.594282,0.491547,0.01,log,centered,1.0,0.01,0.01,0.957877,0.669832,1.0,0.0210615,LOH_PARALLEL_SAFE=1 LOH_SKIP_PIP_INSTALL=1 LOH_SKIP_BUILD=1 LOH_DEBUG_LEVEL=1 CACHESIM_VERBOSE=0 CACHESIM_NUM_REQ=3000000 LOH_RL_ALGO=SAC LOH_ACTION_SCALE=1.0 LOH_SCORE_USE_COMPOUND=0 LOH_SCORE_USE_IRT=0 LOH_USE_SOFTMAX=1 LOH_USE_HEURISTIC_SIGNS=0 LOH_INCLUDE_HIT_MISS_FEATURES=0 LOH_INCLUDE_CACHE_FEATURES=0 LOH_INCLUDE_CANDIDATE_FEATURES=0 LOH_INCLUDE_TOPK_CANDIDATE_FEATURES=0 LOH_INCLUDE_AVGTOPK_CANDIDATE_FEATURES=0 LOH_INCLUDE_REQUEST=0 LOH_ENABLE_PENALTY=1 LOH_REWARD_USE_PENALTY=1 LOH_PENALTY_SCALE=log LOH_PENALTY_REWARD_FORMULA=centered LOH_REWARD_W_PENALTY=1.0 LOH_PENALTY_CUTOFF=0 LOH_PENALTY_DMAX=400000 LOH_PENALTY_EMPTY_AS_GOOD=1 LOH_PENALTY_REFINE_ON_LATE=1 LOH_PENALTY_NO_EVICT_REWARD=keep LOH_PENALTY_BASELINE_DECAY=0.99 LOH_SURVIVAL_BINS=64 LOH_SURVIVAL_QUANTILE=0.99 LOH_SURVIVAL_MINCOUNT=1000 LOH_PENALTY_NET_GOOD_SCALE=1.0 LOH_PENALTY_NET_PENALTY_SCALE=1.0 LOH_PENALTY_DMAX=200000
wiki_2019t,96,1,9601,bestcfg_penalty_3t_3m_20260207_000001__wiki_2019t_096_r01,0,0.594209,0.491104,0.01,log,centered,1.0,0.0,0.0,0.946291,0.609587,0.998709,0.0268545,LOH_PARALLEL_SAFE=1 LOH_SKIP_PIP_INSTALL=1 LOH_SKIP_BUILD=1 LOH_DEBUG_LEVEL=1 CACHESIM_VERBOSE=0 CACHESIM_NUM_REQ=3000000 LOH_RL_ALGO=SAC LOH_ACTION_SCALE=1.0 LOH_SCORE_USE_COMPOUND=0 LOH_SCORE_USE_IRT=0 LOH_USE_SOFTMAX=1 LOH_USE_HEURISTIC_SIGNS=0 LOH_INCLUDE_HIT_MISS_FEATURES=0 LOH_INCLUDE_CACHE_FEATURES=0 LOH_INCLUDE_CANDIDATE_FEATURES=0 LOH_INCLUDE_TOPK_CANDIDATE_FEATURES=0 LOH_INCLUDE_AVGTOPK_CANDIDATE_FEATURES=0 LOH_INCLUDE_REQUEST=0 LOH_ENABLE_PENALTY=1 LOH_REWARD_USE_PENALTY=1 LOH_PENALTY_SCALE=log LOH_PENALTY_REWARD_FORMULA=centered LOH_REWARD_W_PENALTY=1.0 LOH_PENALTY_CUTOFF=0 LOH_PENALTY_DMAX=400000 LOH_PENALTY_EMPTY_AS_GOOD=1 LOH_PENALTY_REFINE_ON_LATE=1 LOH_PENALTY_NO_EVICT_REWARD=keep LOH_PENALTY_BASELINE_DECAY=0.99 LOH_SURVIVAL_BINS=64 LOH_SURVIVAL_QUANTILE=0.99 LOH_SURVIVAL_MINCOUNT=1000 LOH_PENALTY_NET_GOOD_SCALE=1.0 LOH_PENALTY_NET_PENALTY_SCALE=1.0 LOH_PENALTY_DMAX=400000
wiki_2019t,97,1,9701,bestcfg_penalty_3t_3m_20260207_000001__wiki_2019t_097_r01,0,0.594407,0.491248,0.01,log,centered,1.0,0.01,0.01,0.946007,0.507837,1.0,0.0269965,LOH_PARALLEL_SAFE=1 LOH_SKIP_PIP_INSTALL=1 LOH_SKIP_BUILD=1 LOH_DEBUG_LEVEL=1 CACHESIM_VERBOSE=0 CACHESIM_NUM_REQ=3000000 LOH_RL_ALGO=SAC LOH_ACTION_SCALE=1.0 LOH_SCORE_USE_COMPOUND=0 LOH_SCORE_USE_IRT=0 LOH_USE_SOFTMAX=1 LOH_USE_HEURISTIC_SIGNS=0 LOH_INCLUDE_HIT_MISS_FEATURES=0 LOH_INCLUDE_CACHE_FEATURES=0 LOH_INCLUDE_CANDIDATE_FEATURES=0 LOH_INCLUDE_TOPK_CANDIDATE_FEATURES=0 LOH_INCLUDE_AVGTOPK_CANDIDATE_FEATURES=0 LOH_INCLUDE_REQUEST=0 LOH_ENABLE_PENALTY=1 LOH_REWARD_USE_PENALTY=1 LOH_PENALTY_SCALE=log LOH_PENALTY_REWARD_FORMULA=centered LOH_REWARD_W_PENALTY=1.0 LOH_PENALTY_CUTOFF=0 LOH_PENALTY_DMAX=400000 LOH_PENALTY_EMPTY_AS_GOOD=1 LOH_PENALTY_REFINE_ON_LATE=1 LOH_PENALTY_NO_EVICT_REWARD=keep LOH_PENALTY_BASELINE_DECAY=0.99 LOH_SURVIVAL_BINS=64 LOH_SURVIVAL_QUANTILE=0.99 LOH_SURVIVAL_MINCOUNT=1000 LOH_PENALTY_NET_GOOD_SCALE=1.0 LOH_PENALTY_NET_PENALTY_SCALE=1.0 LOH_PENALTY_EMPTY_AS_GOOD=0
wiki_2019t,98,1,9801,bestcfg_penalty_3t_3m_20260207_000001__wiki_2019t_098_r01,0,0.594388,0.491205,0.01,log,centered,1.0,0.01,0.01,0.946113,-0.255528,1.0,0.0269437,LOH_PARALLEL_SAFE=1 LOH_SKIP_PIP_INSTALL=1 LOH_SKIP_BUILD=1 LOH_DEBUG_LEVEL=1 CACHESIM_VERBOSE=0 CACHESIM_NUM_REQ=3000000 LOH_RL_ALGO=SAC LOH_ACTION_SCALE=1.0 LOH_SCORE_USE_COMPOUND=0 LOH_SCORE_USE_IRT=0 LOH_USE_SOFTMAX=1 LOH_USE_HEURISTIC_SIGNS=0 LOH_INCLUDE_HIT_MISS_FEATURES=0 LOH_INCLUDE_CACHE_FEATURES=0 LOH_INCLUDE_CANDIDATE_FEATURES=0 LOH_INCLUDE_TOPK_CANDIDATE_FEATURES=0 LOH_INCLUDE_AVGTOPK_CANDIDATE_FEATURES=0 LOH_INCLUDE_REQUEST=0 LOH_ENABLE_PENALTY=1 LOH_REWARD_USE_PENALTY=1 LOH_PENALTY_SCALE=log LOH_PENALTY_REWARD_FORMULA=centered LOH_REWARD_W_PENALTY=1.0 LOH_PENALTY_CUTOFF=0 LOH_PENALTY_DMAX=400000 LOH_PENALTY_EMPTY_AS_GOOD=1 LOH_PENALTY_REFINE_ON_LATE=1 LOH_PENALTY_NO_EVICT_REWARD=keep LOH_PENALTY_BASELINE_DECAY=0.99 LOH_SURVIVAL_BINS=64 LOH_SURVIVAL_QUANTILE=0.99 LOH_SURVIVAL_MINCOUNT=1000 LOH_PENALTY_NET_GOOD_SCALE=1.0 LOH_PENALTY_NET_PENALTY_SCALE=1.0 LOH_PENALTY_EMPTY_AS_GOOD=1
wiki_2019t,99,1,9901,bestcfg_penalty_3t_3m_20260207_000001__wiki_2019t_099_r01,0,0.594407,0.491249,0.01,log,centered,1.0,0.01,0.01,0.946138,0.522649,1.0,0.0269309,LOH_PARALLEL_SAFE=1 LOH_SKIP_PIP_INSTALL=1 LOH_SKIP_BUILD=1 LOH_DEBUG_LEVEL=1 CACHESIM_VERBOSE=0 CACHESIM_NUM_REQ=3000000 LOH_RL_ALGO=SAC LOH_ACTION_SCALE=1.0 LOH_SCORE_USE_COMPOUND=0 LOH_SCORE_USE_IRT=0 LOH_USE_SOFTMAX=1 LOH_USE_HEURISTIC_SIGNS=0 LOH_INCLUDE_HIT_MISS_FEATURES=0 LOH_INCLUDE_CACHE_FEATURES=0 LOH_INCLUDE_CANDIDATE_FEATURES=0 LOH_INCLUDE_TOPK_CANDIDATE_FEATURES=0 LOH_INCLUDE_AVGTOPK_CANDIDATE_FEATURES=0 LOH_INCLUDE_REQUEST=0 LOH_ENABLE_PENALTY=1 LOH_REWARD_USE_PENALTY=1 LOH_PENALTY_SCALE=log LOH_PENALTY_REWARD_FORMULA=centered LOH_REWARD_W_PENALTY=1.0 LOH_PENALTY_CUTOFF=0 LOH_PENALTY_DMAX=400000 LOH_PENALTY_EMPTY_AS_GOOD=1 LOH_PENALTY_REFINE_ON_LATE=1 LOH_PENALTY_NO_EVICT_REWARD=keep LOH_PENALTY_BASELINE_DECAY=0.99 LOH_SURVIVAL_BINS=64 LOH_SURVIVAL_QUANTILE=0.99 LOH_SURVIVAL_MINCOUNT=1000 LOH_PENALTY_NET_GOOD_SCALE=1.0 LOH_PENALTY_NET_PENALTY_SCALE=1.0 LOH_PENALTY_REFINE_ON_LATE=0
wiki_2019t,100,1,10001,bestcfg_penalty_3t_3m_20260207_000001__wiki_2019t_100_r01,0,0.594052,0.491161,0.01,log,centered,1.0,0.01,0.01,0.94623,0.507851,1.0,0.0268849,LOH_PARALLEL_SAFE=1 LOH_SKIP_PIP_INSTALL=1 LOH_SKIP_BUILD=1 LOH_DEBUG_LEVEL=1 CACHESIM_VERBOSE=0 CACHESIM_NUM_REQ=3000000 LOH_RL_ALGO=SAC LOH_ACTION_SCALE=1.0 LOH_SCORE_USE_COMPOUND=0 LOH_SCORE_USE_IRT=0 LOH_USE_SOFTMAX=1 LOH_USE_HEURISTIC_SIGNS=0 LOH_INCLUDE_HIT_MISS_FEATURES=0 LOH_INCLUDE_CACHE_FEATURES=0 LOH_INCLUDE_CANDIDATE_FEATURES=0 LOH_INCLUDE_TOPK_CANDIDATE_FEATURES=0 LOH_INCLUDE_AVGTOPK_CANDIDATE_FEATURES=0 LOH_INCLUDE_REQUEST=0 LOH_ENABLE_PENALTY=1 LOH_REWARD_USE_PENALTY=1 LOH_PENALTY_SCALE=log LOH_PENALTY_REWARD_FORMULA=centered LOH_REWARD_W_PENALTY=1.0 LOH_PENALTY_CUTOFF=0 LOH_PENALTY_DMAX=400000 LOH_PENALTY_EMPTY_AS_GOOD=1 LOH_PENALTY_REFINE_ON_LATE=1 LOH_PENALTY_NO_EVICT_REWARD=keep LOH_PENALTY_BASELINE_DECAY=0.99 LOH_SURVIVAL_BINS=64 LOH_SURVIVAL_QUANTILE=0.99 LOH_SURVIVAL_MINCOUNT=1000 LOH_PENALTY_NET_GOOD_SCALE=1.0 LOH_PENALTY_NET_PENALTY_SCALE=1.0 LOH_PENALTY_REFINE_ON_LATE=1
wiki_2019t,101,1,10101,bestcfg_penalty_3t_3m_20260207_000001__wiki_2019t_101_r01,0,0.594382,0.49092,0.01,log,centered,1.0,0.01,0.01,0.946073,0.507842,1.0,0.0269637,LOH_PARALLEL_SAFE=1 LOH_SKIP_PIP_INSTALL=1 LOH_SKIP_BUILD=1 LOH_DEBUG_LEVEL=1 CACHESIM_VERBOSE=0 CACHESIM_NUM_REQ=3000000 LOH_RL_ALGO=SAC LOH_ACTION_SCALE=1.0 LOH_SCORE_USE_COMPOUND=0 LOH_SCORE_USE_IRT=0 LOH_USE_SOFTMAX=1 LOH_USE_HEURISTIC_SIGNS=0 LOH_INCLUDE_HIT_MISS_FEATURES=0 LOH_INCLUDE_CACHE_FEATURES=0 LOH_INCLUDE_CANDIDATE_FEATURES=0 LOH_INCLUDE_TOPK_CANDIDATE_FEATURES=0 LOH_INCLUDE_AVGTOPK_CANDIDATE_FEATURES=0 LOH_INCLUDE_REQUEST=0 LOH_ENABLE_PENALTY=1 LOH_REWARD_USE_PENALTY=1 LOH_PENALTY_SCALE=log LOH_PENALTY_REWARD_FORMULA=centered LOH_REWARD_W_PENALTY=1.0 LOH_PENALTY_CUTOFF=0 LOH_PENALTY_DMAX=400000 LOH_PENALTY_EMPTY_AS_GOOD=1 LOH_PENALTY_REFINE_ON_LATE=1 LOH_PENALTY_NO_EVICT_REWARD=keep LOH_PENALTY_BASELINE_DECAY=0.99 LOH_SURVIVAL_BINS=64 LOH_SURVIVAL_QUANTILE=0.99 LOH_SURVIVAL_MINCOUNT=1000 LOH_PENALTY_NET_GOOD_SCALE=1.0 LOH_PENALTY_NET_PENALTY_SCALE=1.0 LOH_PENALTY_NO_EVICT_REWARD=keep
wiki_2019t,102,1,10201,bestcfg_penalty_3t_3m_20260207_000001__wiki_2019t_102_r01,0,0.594441,0.491087,0.01,log,centered,1.0,0.0,0.0,0.946035,0.523099,0.996683,0.0269824,LOH_PARALLEL_SAFE=1 LOH_SKIP_PIP_INSTALL=1 LOH_SKIP_BUILD=1 LOH_DEBUG_LEVEL=1 CACHESIM_VERBOSE=0 CACHESIM_NUM_REQ=3000000 LOH_RL_ALGO=SAC LOH_ACTION_SCALE=1.0 LOH_SCORE_USE_COMPOUND=0 LOH_SCORE_USE_IRT=0 LOH_USE_SOFTMAX=1 LOH_USE_HEURISTIC_SIGNS=0 LOH_INCLUDE_HIT_MISS_FEATURES=0 LOH_INCLUDE_CACHE_FEATURES=0 LOH_INCLUDE_CANDIDATE_FEATURES=0 LOH_INCLUDE_TOPK_CANDIDATE_FEATURES=0 LOH_INCLUDE_AVGTOPK_CANDIDATE_FEATURES=0 LOH_INCLUDE_REQUEST=0 LOH_ENABLE_PENALTY=1 LOH_REWARD_USE_PENALTY=1 LOH_PENALTY_SCALE=log LOH_PENALTY_REWARD_FORMULA=centered LOH_REWARD_W_PENALTY=1.0 LOH_PENALTY_CUTOFF=0 LOH_PENALTY_DMAX=400000 LOH_PENALTY_EMPTY_AS_GOOD=1 LOH_PENALTY_REFINE_ON_LATE=1 LOH_PENALTY_NO_EVICT_REWARD=keep LOH_PENALTY_BASELINE_DECAY=0.99 LOH_SURVIVAL_BINS=64 LOH_SURVIVAL_QUANTILE=0.99 LOH_SURVIVAL_MINCOUNT=1000 LOH_PENALTY_NET_GOOD_SCALE=1.0 LOH_PENALTY_NET_PENALTY_SCALE=1.0 LOH_PENALTY_NO_EVICT_REWARD=zero
wiki_2019t,103,1,10301,bestcfg_penalty_3t_3m_20260207_000001__wiki_2019t_103_r01,0,0.594291,0.491457,0.01,log,centered,1.0,0.01,0.01,0.946143,0.581458,1.0,0.0269284,LOH_PARALLEL_SAFE=1 LOH_SKIP_PIP_INSTALL=1 LOH_SKIP_BUILD=1 LOH_DEBUG_LEVEL=1 CACHESIM_VERBOSE=0 CACHESIM_NUM_REQ=3000000 LOH_RL_ALGO=SAC LOH_ACTION_SCALE=1.0 LOH_SCORE_USE_COMPOUND=0 LOH_SCORE_USE_IRT=0 LOH_USE_SOFTMAX=1 LOH_USE_HEURISTIC_SIGNS=0 LOH_INCLUDE_HIT_MISS_FEATURES=0 LOH_INCLUDE_CACHE_FEATURES=0 LOH_INCLUDE_CANDIDATE_FEATURES=0 LOH_INCLUDE_TOPK_CANDIDATE_FEATURES=0 LOH_INCLUDE_AVGTOPK_CANDIDATE_FEATURES=0 LOH_INCLUDE_REQUEST=0 LOH_ENABLE_PENALTY=1 LOH_REWARD_USE_PENALTY=1 LOH_PENALTY_SCALE=log LOH_PENALTY_REWARD_FORMULA=centered LOH_REWARD_W_PENALTY=1.0 LOH_PENALTY_CUTOFF=0 LOH_PENALTY_DMAX=400000 LOH_PENALTY_EMPTY_AS_GOOD=1 LOH_PENALTY_REFINE_ON_LATE=1 LOH_PENALTY_NO_EVICT_REWARD=keep LOH_PENALTY_BASELINE_DECAY=0.99 LOH_SURVIVAL_BINS=64 LOH_SURVIVAL_QUANTILE=0.99 LOH_SURVIVAL_MINCOUNT=1000 LOH_PENALTY_NET_GOOD_SCALE=1.0 LOH_PENALTY_NET_PENALTY_SCALE=1.0 LOH_PENALTY_BASELINE_DECAY=0.95
wiki_2019t,104,1,10401,bestcfg_penalty_3t_3m_20260207_000001__wiki_2019t_104_r01,0,0.594364,0.491545,0.01,log,centered,1.0,0.01,0.01,0.946214,0.556173,1.0,0.0268932,LOH_PARALLEL_SAFE=1 LOH_SKIP_PIP_INSTALL=1 LOH_SKIP_BUILD=1 LOH_DEBUG_LEVEL=1 CACHESIM_VERBOSE=0 CACHESIM_NUM_REQ=3000000 LOH_RL_ALGO=SAC LOH_ACTION_SCALE=1.0 LOH_SCORE_USE_COMPOUND=0 LOH_SCORE_USE_IRT=0 LOH_USE_SOFTMAX=1 LOH_USE_HEURISTIC_SIGNS=0 LOH_INCLUDE_HIT_MISS_FEATURES=0 LOH_INCLUDE_CACHE_FEATURES=0 LOH_INCLUDE_CANDIDATE_FEATURES=0 LOH_INCLUDE_TOPK_CANDIDATE_FEATURES=0 LOH_INCLUDE_AVGTOPK_CANDIDATE_FEATURES=0 LOH_INCLUDE_REQUEST=0 LOH_ENABLE_PENALTY=1 LOH_REWARD_USE_PENALTY=1 LOH_PENALTY_SCALE=log LOH_PENALTY_REWARD_FORMULA=centered LOH_REWARD_W_PENALTY=1.0 LOH_PENALTY_CUTOFF=0 LOH_PENALTY_DMAX=400000 LOH_PENALTY_EMPTY_AS_GOOD=1 LOH_PENALTY_REFINE_ON_LATE=1 LOH_PENALTY_NO_EVICT_REWARD=keep LOH_PENALTY_BASELINE_DECAY=0.99 LOH_SURVIVAL_BINS=64 LOH_SURVIVAL_QUANTILE=0.99 LOH_SURVIVAL_MINCOUNT=1000 LOH_PENALTY_NET_GOOD_SCALE=1.0 LOH_PENALTY_NET_PENALTY_SCALE=1.0 LOH_PENALTY_BASELINE_DECAY=0.99
wiki_2019t,105,1,10501,bestcfg_penalty_3t_3m_20260207_000001__wiki_2019t_105_r01,0,0.594138,0.491427,0.01,log,centered,1.0,0.01,0.01,0.946225,0.522649,1.0,0.0268875,LOH_PARALLEL_SAFE=1 LOH_SKIP_PIP_INSTALL=1 LOH_SKIP_BUILD=1 LOH_DEBUG_LEVEL=1 CACHESIM_VERBOSE=0 CACHESIM_NUM_REQ=3000000 LOH_RL_ALGO=SAC LOH_ACTION_SCALE=1.0 LOH_SCORE_USE_COMPOUND=0 LOH_SCORE_USE_IRT=0 LOH_USE_SOFTMAX=1 LOH_USE_HEURISTIC_SIGNS=0 LOH_INCLUDE_HIT_MISS_FEATURES=0 LOH_INCLUDE_CACHE_FEATURES=0 LOH_INCLUDE_CANDIDATE_FEATURES=0 LOH_INCLUDE_TOPK_CANDIDATE_FEATURES=0 LOH_INCLUDE_AVGTOPK_CANDIDATE_FEATURES=0 LOH_INCLUDE_REQUEST=0 LOH_ENABLE_PENALTY=1 LOH_REWARD_USE_PENALTY=1 LOH_PENALTY_SCALE=log LOH_PENALTY_REWARD_FORMULA=centered LOH_REWARD_W_PENALTY=1.0 LOH_PENALTY_CUTOFF=0 LOH_PENALTY_DMAX=400000 LOH_PENALTY_EMPTY_AS_GOOD=1 LOH_PENALTY_REFINE_ON_LATE=1 LOH_PENALTY_NO_EVICT_REWARD=keep LOH_PENALTY_BASELINE_DECAY=0.99 LOH_SURVIVAL_BINS=64 LOH_SURVIVAL_QUANTILE=0.99 LOH_SURVIVAL_MINCOUNT=1000 LOH_PENALTY_NET_GOOD_SCALE=1.0 LOH_PENALTY_NET_PENALTY_SCALE=1.0 LOH_PENALTY_BASELINE_DECAY=0.995
wiki_2019t,106,1,10601,bestcfg_penalty_3t_3m_20260207_000001__wiki_2019t_106_r01,0,0.594294,0.491328,0.01,survival,centered,1.0,0.01,0.01,0.874063,0.194306,1.0,0.0629686,LOH_PARALLEL_SAFE=1 LOH_SKIP_PIP_INSTALL=1 LOH_SKIP_BUILD=1 LOH_DEBUG_LEVEL=1 CACHESIM_VERBOSE=0 CACHESIM_NUM_REQ=3000000 LOH_RL_ALGO=SAC LOH_ACTION_SCALE=1.0 LOH_SCORE_USE_COMPOUND=0 LOH_SCORE_USE_IRT=0 LOH_USE_SOFTMAX=1 LOH_USE_HEURISTIC_SIGNS=0 LOH_INCLUDE_HIT_MISS_FEATURES=0 LOH_INCLUDE_CACHE_FEATURES=0 LOH_INCLUDE_CANDIDATE_FEATURES=0 LOH_INCLUDE_TOPK_CANDIDATE_FEATURES=0 LOH_INCLUDE_AVGTOPK_CANDIDATE_FEATURES=0 LOH_INCLUDE_REQUEST=0 LOH_ENABLE_PENALTY=1 LOH_REWARD_USE_PENALTY=1 LOH_PENALTY_SCALE=log LOH_PENALTY_REWARD_FORMULA=centered LOH_REWARD_W_PENALTY=1.0 LOH_PENALTY_CUTOFF=0 LOH_PENALTY_DMAX=400000 LOH_PENALTY_EMPTY_AS_GOOD=1 LOH_PENALTY_REFINE_ON_LATE=1 LOH_PENALTY_NO_EVICT_REWARD=keep LOH_PENALTY_BASELINE_DECAY=0.99 LOH_SURVIVAL_BINS=64 LOH_SURVIVAL_QUANTILE=0.99 LOH_SURVIVAL_MINCOUNT=1000 LOH_PENALTY_NET_GOOD_SCALE=1.0 LOH_PENALTY_NET_PENALTY_SCALE=1.0 LOH_PENALTY_SCALE=survival LOH_SURVIVAL_QUANTILE=0.95
wiki_2019t,107,1,10701,bestcfg_penalty_3t_3m_20260207_000001__wiki_2019t_107_r01,0,0.594355,0.491026,0.01,survival,centered,1.0,0.01,0.01,0.874057,-0.948438,1.0,0.0629717,LOH_PARALLEL_SAFE=1 LOH_SKIP_PIP_INSTALL=1 LOH_SKIP_BUILD=1 LOH_DEBUG_LEVEL=1 CACHESIM_VERBOSE=0 CACHESIM_NUM_REQ=3000000 LOH_RL_ALGO=SAC LOH_ACTION_SCALE=1.0 LOH_SCORE_USE_COMPOUND=0 LOH_SCORE_USE_IRT=0 LOH_USE_SOFTMAX=1 LOH_USE_HEURISTIC_SIGNS=0 LOH_INCLUDE_HIT_MISS_FEATURES=0 LOH_INCLUDE_CACHE_FEATURES=0 LOH_INCLUDE_CANDIDATE_FEATURES=0 LOH_INCLUDE_TOPK_CANDIDATE_FEATURES=0 LOH_INCLUDE_AVGTOPK_CANDIDATE_FEATURES=0 LOH_INCLUDE_REQUEST=0 LOH_ENABLE_PENALTY=1 LOH_REWARD_USE_PENALTY=1 LOH_PENALTY_SCALE=log LOH_PENALTY_REWARD_FORMULA=centered LOH_REWARD_W_PENALTY=1.0 LOH_PENALTY_CUTOFF=0 LOH_PENALTY_DMAX=400000 LOH_PENALTY_EMPTY_AS_GOOD=1 LOH_PENALTY_REFINE_ON_LATE=1 LOH_PENALTY_NO_EVICT_REWARD=keep LOH_PENALTY_BASELINE_DECAY=0.99 LOH_SURVIVAL_BINS=64 LOH_SURVIVAL_QUANTILE=0.99 LOH_SURVIVAL_MINCOUNT=1000 LOH_PENALTY_NET_GOOD_SCALE=1.0 LOH_PENALTY_NET_PENALTY_SCALE=1.0 LOH_PENALTY_SCALE=survival LOH_SURVIVAL_QUANTILE=0.99
wiki_2019t,108,1,10801,bestcfg_penalty_3t_3m_20260207_000001__wiki_2019t_108_r01,0,0.594329,0.491591,0.01,survival,centered,1.0,0.01,0.01,0.881279,-0.320179,1.0,0.0593604,LOH_PARALLEL_SAFE=1 LOH_SKIP_PIP_INSTALL=1 LOH_SKIP_BUILD=1 LOH_DEBUG_LEVEL=1 CACHESIM_VERBOSE=0 CACHESIM_NUM_REQ=3000000 LOH_RL_ALGO=SAC LOH_ACTION_SCALE=1.0 LOH_SCORE_USE_COMPOUND=0 LOH_SCORE_USE_IRT=0 LOH_USE_SOFTMAX=1 LOH_USE_HEURISTIC_SIGNS=0 LOH_INCLUDE_HIT_MISS_FEATURES=0 LOH_INCLUDE_CACHE_FEATURES=0 LOH_INCLUDE_CANDIDATE_FEATURES=0 LOH_INCLUDE_TOPK_CANDIDATE_FEATURES=0 LOH_INCLUDE_AVGTOPK_CANDIDATE_FEATURES=0 LOH_INCLUDE_REQUEST=0 LOH_ENABLE_PENALTY=1 LOH_REWARD_USE_PENALTY=1 LOH_PENALTY_SCALE=log LOH_PENALTY_REWARD_FORMULA=centered LOH_REWARD_W_PENALTY=1.0 LOH_PENALTY_CUTOFF=0 LOH_PENALTY_DMAX=400000 LOH_PENALTY_EMPTY_AS_GOOD=1 LOH_PENALTY_REFINE_ON_LATE=1 LOH_PENALTY_NO_EVICT_REWARD=keep LOH_PENALTY_BASELINE_DECAY=0.99 LOH_SURVIVAL_BINS=64 LOH_SURVIVAL_QUANTILE=0.99 LOH_SURVIVAL_MINCOUNT=1000 LOH_PENALTY_NET_GOOD_SCALE=1.0 LOH_PENALTY_NET_PENALTY_SCALE=1.0 LOH_PENALTY_SCALE=survival LOH_SURVIVAL_BINS=32
wiki_2019t,109,1,10901,bestcfg_penalty_3t_3m_20260207_000001__wiki_2019t_109_r01,0,0.594309,0.491132,0.01,survival,centered,1.0,0.01,0.01,0.874206,-0.395504,1.0,0.062897,LOH_PARALLEL_SAFE=1 LOH_SKIP_PIP_INSTALL=1 LOH_SKIP_BUILD=1 LOH_DEBUG_LEVEL=1 CACHESIM_VERBOSE=0 CACHESIM_NUM_REQ=3000000 LOH_RL_ALGO=SAC LOH_ACTION_SCALE=1.0 LOH_SCORE_USE_COMPOUND=0 LOH_SCORE_USE_IRT=0 LOH_USE_SOFTMAX=1 LOH_USE_HEURISTIC_SIGNS=0 LOH_INCLUDE_HIT_MISS_FEATURES=0 LOH_INCLUDE_CACHE_FEATURES=0 LOH_INCLUDE_CANDIDATE_FEATURES=0 LOH_INCLUDE_TOPK_CANDIDATE_FEATURES=0 LOH_INCLUDE_AVGTOPK_CANDIDATE_FEATURES=0 LOH_INCLUDE_REQUEST=0 LOH_ENABLE_PENALTY=1 LOH_REWARD_USE_PENALTY=1 LOH_PENALTY_SCALE=log LOH_PENALTY_REWARD_FORMULA=centered LOH_REWARD_W_PENALTY=1.0 LOH_PENALTY_CUTOFF=0 LOH_PENALTY_DMAX=400000 LOH_PENALTY_EMPTY_AS_GOOD=1 LOH_PENALTY_REFINE_ON_LATE=1 LOH_PENALTY_NO_EVICT_REWARD=keep LOH_PENALTY_BASELINE_DECAY=0.99 LOH_SURVIVAL_BINS=64 LOH_SURVIVAL_QUANTILE=0.99 LOH_SURVIVAL_MINCOUNT=1000 LOH_PENALTY_NET_GOOD_SCALE=1.0 LOH_PENALTY_NET_PENALTY_SCALE=1.0 LOH_PENALTY_SCALE=survival LOH_SURVIVAL_BINS=64
wiki_2019t,110,1,11001,bestcfg_penalty_3t_3m_20260207_000001__wiki_2019t_110_r01,0,0.594407,0.490982,0.01,survival,centered,1.0,0.0,0.0,0.874395,-0.61571,0.990717,0.0628026,LOH_PARALLEL_SAFE=1 LOH_SKIP_PIP_INSTALL=1 LOH_SKIP_BUILD=1 LOH_DEBUG_LEVEL=1 CACHESIM_VERBOSE=0 CACHESIM_NUM_REQ=3000000 LOH_RL_ALGO=SAC LOH_ACTION_SCALE=1.0 LOH_SCORE_USE_COMPOUND=0 LOH_SCORE_USE_IRT=0 LOH_USE_SOFTMAX=1 LOH_USE_HEURISTIC_SIGNS=0 LOH_INCLUDE_HIT_MISS_FEATURES=0 LOH_INCLUDE_CACHE_FEATURES=0 LOH_INCLUDE_CANDIDATE_FEATURES=0 LOH_INCLUDE_TOPK_CANDIDATE_FEATURES=0 LOH_INCLUDE_AVGTOPK_CANDIDATE_FEATURES=0 LOH_INCLUDE_REQUEST=0 LOH_ENABLE_PENALTY=1 LOH_REWARD_USE_PENALTY=1 LOH_PENALTY_SCALE=log LOH_PENALTY_REWARD_FORMULA=centered LOH_REWARD_W_PENALTY=1.0 LOH_PENALTY_CUTOFF=0 LOH_PENALTY_DMAX=400000 LOH_PENALTY_EMPTY_AS_GOOD=1 LOH_PENALTY_REFINE_ON_LATE=1 LOH_PENALTY_NO_EVICT_REWARD=keep LOH_PENALTY_BASELINE_DECAY=0.99 LOH_SURVIVAL_BINS=64 LOH_SURVIVAL_QUANTILE=0.99 LOH_SURVIVAL_MINCOUNT=1000 LOH_PENALTY_NET_GOOD_SCALE=1.0 LOH_PENALTY_NET_PENALTY_SCALE=1.0 LOH_PENALTY_SCALE=survival LOH_SURVIVAL_MINCOUNT=500
wiki_2019t,111,1,11101,bestcfg_penalty_3t_3m_20260207_000001__wiki_2019t_111_r01,0,0.594443,0.491311,0.01,survival,centered,1.0,0.0,0.0,0.874188,-0.39806,0.99406,0.0629061,LOH_PARALLEL_SAFE=1 LOH_SKIP_PIP_INSTALL=1 LOH_SKIP_BUILD=1 LOH_DEBUG_LEVEL=1 CACHESIM_VERBOSE=0 CACHESIM_NUM_REQ=3000000 LOH_RL_ALGO=SAC LOH_ACTION_SCALE=1.0 LOH_SCORE_USE_COMPOUND=0 LOH_SCORE_USE_IRT=0 LOH_USE_SOFTMAX=1 LOH_USE_HEURISTIC_SIGNS=0 LOH_INCLUDE_HIT_MISS_FEATURES=0 LOH_INCLUDE_CACHE_FEATURES=0 LOH_INCLUDE_CANDIDATE_FEATURES=0 LOH_INCLUDE_TOPK_CANDIDATE_FEATURES=0 LOH_INCLUDE_AVGTOPK_CANDIDATE_FEATURES=0 LOH_INCLUDE_REQUEST=0 LOH_ENABLE_PENALTY=1 LOH_REWARD_USE_PENALTY=1 LOH_PENALTY_SCALE=log LOH_PENALTY_REWARD_FORMULA=centered LOH_REWARD_W_PENALTY=1.0 LOH_PENALTY_CUTOFF=0 LOH_PENALTY_DMAX=400000 LOH_PENALTY_EMPTY_AS_GOOD=1 LOH_PENALTY_REFINE_ON_LATE=1 LOH_PENALTY_NO_EVICT_REWARD=keep LOH_PENALTY_BASELINE_DECAY=0.99 LOH_SURVIVAL_BINS=64 LOH_SURVIVAL_QUANTILE=0.99 LOH_SURVIVAL_MINCOUNT=1000 LOH_PENALTY_NET_GOOD_SCALE=1.0 LOH_PENALTY_NET_PENALTY_SCALE=1.0 LOH_PENALTY_SCALE=survival LOH_SURVIVAL_MINCOUNT=1000
wiki_2019t,112,1,11201,bestcfg_penalty_3t_3m_20260207_000001__wiki_2019t_112_r01,0,0.59442,0.490976,0.01,log,net,1.0,0.0,0.0,-0.0268983,-0.263663,-0.001796,0.0268983,LOH_PARALLEL_SAFE=1 LOH_SKIP_PIP_INSTALL=1 LOH_SKIP_BUILD=1 LOH_DEBUG_LEVEL=1 CACHESIM_VERBOSE=0 CACHESIM_NUM_REQ=3000000 LOH_RL_ALGO=SAC LOH_ACTION_SCALE=1.0 LOH_SCORE_USE_COMPOUND=0 LOH_SCORE_USE_IRT=0 LOH_USE_SOFTMAX=1 LOH_USE_HEURISTIC_SIGNS=0 LOH_INCLUDE_HIT_MISS_FEATURES=0 LOH_INCLUDE_CACHE_FEATURES=0 LOH_INCLUDE_CANDIDATE_FEATURES=0 LOH_INCLUDE_TOPK_CANDIDATE_FEATURES=0 LOH_INCLUDE_AVGTOPK_CANDIDATE_FEATURES=0 LOH_INCLUDE_REQUEST=0 LOH_ENABLE_PENALTY=1 LOH_REWARD_USE_PENALTY=1 LOH_PENALTY_SCALE=log LOH_PENALTY_REWARD_FORMULA=centered LOH_REWARD_W_PENALTY=1.0 LOH_PENALTY_CUTOFF=0 LOH_PENALTY_DMAX=400000 LOH_PENALTY_EMPTY_AS_GOOD=1 LOH_PENALTY_REFINE_ON_LATE=1 LOH_PENALTY_NO_EVICT_REWARD=keep LOH_PENALTY_BASELINE_DECAY=0.99 LOH_SURVIVAL_BINS=64 LOH_SURVIVAL_QUANTILE=0.99 LOH_SURVIVAL_MINCOUNT=1000 LOH_PENALTY_NET_GOOD_SCALE=1.0 LOH_PENALTY_NET_PENALTY_SCALE=1.0 LOH_PENALTY_REWARD_FORMULA=net LOH_PENALTY_NET_GOOD_SCALE=0.5
wiki_2019t,113,1,11301,bestcfg_penalty_3t_3m_20260207_000001__wiki_2019t_113_r01,0,0.594597,0.490961,0.01,log,net,1.0,0.01,0.0,-0.0269183,-0.124069,0.0,0.0269183,LOH_PARALLEL_SAFE=1 LOH_SKIP_PIP_INSTALL=1 LOH_SKIP_BUILD=1 LOH_DEBUG_LEVEL=1 CACHESIM_VERBOSE=0 CACHESIM_NUM_REQ=3000000 LOH_RL_ALGO=SAC LOH_ACTION_SCALE=1.0 LOH_SCORE_USE_COMPOUND=0 LOH_SCORE_USE_IRT=0 LOH_USE_SOFTMAX=1 LOH_USE_HEURISTIC_SIGNS=0 LOH_INCLUDE_HIT_MISS_FEATURES=0 LOH_INCLUDE_CACHE_FEATURES=0 LOH_INCLUDE_CANDIDATE_FEATURES=0 LOH_INCLUDE_TOPK_CANDIDATE_FEATURES=0 LOH_INCLUDE_AVGTOPK_CANDIDATE_FEATURES=0 LOH_INCLUDE_REQUEST=0 LOH_ENABLE_PENALTY=1 LOH_REWARD_USE_PENALTY=1 LOH_PENALTY_SCALE=log LOH_PENALTY_REWARD_FORMULA=centered LOH_REWARD_W_PENALTY=1.0 LOH_PENALTY_CUTOFF=0 LOH_PENALTY_DMAX=400000 LOH_PENALTY_EMPTY_AS_GOOD=1 LOH_PENALTY_REFINE_ON_LATE=1 LOH_PENALTY_NO_EVICT_REWARD=keep LOH_PENALTY_BASELINE_DECAY=0.99 LOH_SURVIVAL_BINS=64 LOH_SURVIVAL_QUANTILE=0.99 LOH_SURVIVAL_MINCOUNT=1000 LOH_PENALTY_NET_GOOD_SCALE=1.0 LOH_PENALTY_NET_PENALTY_SCALE=1.0 LOH_PENALTY_REWARD_FORMULA=net LOH_PENALTY_NET_GOOD_SCALE=1.0
wiki_2019t,114,1,11401,bestcfg_penalty_3t_3m_20260207_000001__wiki_2019t_114_r01,0,0.594301,0.491051,0.01,log,net,1.0,0.01,0.0,-0.0269062,-0.166828,0.0,0.0269062,LOH_PARALLEL_SAFE=1 LOH_SKIP_PIP_INSTALL=1 LOH_SKIP_BUILD=1 LOH_DEBUG_LEVEL=1 CACHESIM_VERBOSE=0 CACHESIM_NUM_REQ=3000000 LOH_RL_ALGO=SAC LOH_ACTION_SCALE=1.0 LOH_SCORE_USE_COMPOUND=0 LOH_SCORE_USE_IRT=0 LOH_USE_SOFTMAX=1 LOH_USE_HEURISTIC_SIGNS=0 LOH_INCLUDE_HIT_MISS_FEATURES=0 LOH_INCLUDE_CACHE_FEATURES=0 LOH_INCLUDE_CANDIDATE_FEATURES=0 LOH_INCLUDE_TOPK_CANDIDATE_FEATURES=0 LOH_INCLUDE_AVGTOPK_CANDIDATE_FEATURES=0 LOH_INCLUDE_REQUEST=0 LOH_ENABLE_PENALTY=1 LOH_REWARD_USE_PENALTY=1 LOH_PENALTY_SCALE=log LOH_PENALTY_REWARD_FORMULA=centered LOH_REWARD_W_PENALTY=1.0 LOH_PENALTY_CUTOFF=0 LOH_PENALTY_DMAX=400000 LOH_PENALTY_EMPTY_AS_GOOD=1 LOH_PENALTY_REFINE_ON_LATE=1 LOH_PENALTY_NO_EVICT_REWARD=keep LOH_PENALTY_BASELINE_DECAY=0.99 LOH_SURVIVAL_BINS=64 LOH_SURVIVAL_QUANTILE=0.99 LOH_SURVIVAL_MINCOUNT=1000 LOH_PENALTY_NET_GOOD_SCALE=1.0 LOH_PENALTY_NET_PENALTY_SCALE=1.0 LOH_PENALTY_REWARD_FORMULA=net LOH_PENALTY_NET_GOOD_SCALE=2.0
wiki_2019t,115,1,11501,bestcfg_penalty_3t_3m_20260207_000001__wiki_2019t_115_r01,0,0.59432,0.490975,0.01,log,net,1.0,0.01,0.0,-0.0134565,-0.123041,0.0,0.026913,LOH_PARALLEL_SAFE=1 LOH_SKIP_PIP_INSTALL=1 LOH_SKIP_BUILD=1 LOH_DEBUG_LEVEL=1 CACHESIM_VERBOSE=0 CACHESIM_NUM_REQ=3000000 LOH_RL_ALGO=SAC LOH_ACTION_SCALE=1.0 LOH_SCORE_USE_COMPOUND=0 LOH_SCORE_USE_IRT=0 LOH_USE_SOFTMAX=1 LOH_USE_HEURISTIC_SIGNS=0 LOH_INCLUDE_HIT_MISS_FEATURES=0 LOH_INCLUDE_CACHE_FEATURES=0 LOH_INCLUDE_CANDIDATE_FEATURES=0 LOH_INCLUDE_TOPK_CANDIDATE_FEATURES=0 LOH_INCLUDE_AVGTOPK_CANDIDATE_FEATURES=0 LOH_INCLUDE_REQUEST=0 LOH_ENABLE_PENALTY=1 LOH_REWARD_USE_PENALTY=1 LOH_PENALTY_SCALE=log LOH_PENALTY_REWARD_FORMULA=centered LOH_REWARD_W_PENALTY=1.0 LOH_PENALTY_CUTOFF=0 LOH_PENALTY_DMAX=400000 LOH_PENALTY_EMPTY_AS_GOOD=1 LOH_PENALTY_REFINE_ON_LATE=1 LOH_PENALTY_NO_EVICT_REWARD=keep LOH_PENALTY_BASELINE_DECAY=0.99 LOH_SURVIVAL_BINS=64 LOH_SURVIVAL_QUANTILE=0.99 LOH_SURVIVAL_MINCOUNT=1000 LOH_PENALTY_NET_GOOD_SCALE=1.0 LOH_PENALTY_NET_PENALTY_SCALE=1.0 LOH_PENALTY_REWARD_FORMULA=net LOH_PENALTY_NET_PENALTY_SCALE=0.5
wiki_2019t,116,1,11601,bestcfg_penalty_3t_3m_20260207_000001__wiki_2019t_116_r01,0,0.594549,0.49106,0.01,log,net,1.0,0.01,0.0,-0.0269616,-0.154301,0.0,0.0269616,LOH_PARALLEL_SAFE=1 LOH_SKIP_PIP_INSTALL=1 LOH_SKIP_BUILD=1 LOH_DEBUG_LEVEL=1 CACHESIM_VERBOSE=0 CACHESIM_NUM_REQ=3000000 LOH_RL_ALGO=SAC LOH_ACTION_SCALE=1.0 LOH_SCORE_USE_COMPOUND=0 LOH_SCORE_USE_IRT=0 LOH_USE_SOFTMAX=1 LOH_USE_HEURISTIC_SIGNS=0 LOH_INCLUDE_HIT_MISS_FEATURES=0 LOH_INCLUDE_CACHE_FEATURES=0 LOH_INCLUDE_CANDIDATE_FEATURES=0 LOH_INCLUDE_TOPK_CANDIDATE_FEATURES=0 LOH_INCLUDE_AVGTOPK_CANDIDATE_FEATURES=0 LOH_INCLUDE_REQUEST=0 LOH_ENABLE_PENALTY=1 LOH_REWARD_USE_PENALTY=1 LOH_PENALTY_SCALE=log LOH_PENALTY_REWARD_FORMULA=centered LOH_REWARD_W_PENALTY=1.0 LOH_PENALTY_CUTOFF=0 LOH_PENALTY_DMAX=400000 LOH_PENALTY_EMPTY_AS_GOOD=1 LOH_PENALTY_REFINE_ON_LATE=1 LOH_PENALTY_NO_EVICT_REWARD=keep LOH_PENALTY_BASELINE_DECAY=0.99 LOH_SURVIVAL_BINS=64 LOH_SURVIVAL_QUANTILE=0.99 LOH_SURVIVAL_MINCOUNT=1000 LOH_PENALTY_NET_GOOD_SCALE=1.0 LOH_PENALTY_NET_PENALTY_SCALE=1.0 LOH_PENALTY_REWARD_FORMULA=net LOH_PENALTY_NET_PENALTY_SCALE=1.0
wiki_2019t,117,1,11701,bestcfg_penalty_3t_3m_20260207_000001__wiki_2019t_117_r01,0,0.594278,0.491135,0.01,log,net,1.0,0.01,0.0,-0.0538705,-0.580262,0.0,0.0269353,LOH_PARALLEL_SAFE=1 LOH_SKIP_PIP_INSTALL=1 LOH_SKIP_BUILD=1 LOH_DEBUG_LEVEL=1 CACHESIM_VERBOSE=0 CACHESIM_NUM_REQ=3000000 LOH_RL_ALGO=SAC LOH_ACTION_SCALE=1.0 LOH_SCORE_USE_COMPOUND=0 LOH_SCORE_USE_IRT=0 LOH_USE_SOFTMAX=1 LOH_USE_HEURISTIC_SIGNS=0 LOH_INCLUDE_HIT_MISS_FEATURES=0 LOH_INCLUDE_CACHE_FEATURES=0 LOH_INCLUDE_CANDIDATE_FEATURES=0 LOH_INCLUDE_TOPK_CANDIDATE_FEATURES=0 LOH_INCLUDE_AVGTOPK_CANDIDATE_FEATURES=0 LOH_INCLUDE_REQUEST=0 LOH_ENABLE_PENALTY=1 LOH_REWARD_USE_PENALTY=1 LOH_PENALTY_SCALE=log LOH_PENALTY_REWARD_FORMULA=centered LOH_REWARD_W_PENALTY=1.0 LOH_PENALTY_CUTOFF=0 LOH_PENALTY_DMAX=400000 LOH_PENALTY_EMPTY_AS_GOOD=1 LOH_PENALTY_REFINE_ON_LATE=1 LOH_PENALTY_NO_EVICT_REWARD=keep LOH_PENALTY_BASELINE_DECAY=0.99 LOH_SURVIVAL_BINS=64 LOH_SURVIVAL_QUANTILE=0.99 LOH_SURVIVAL_MINCOUNT=1000 LOH_PENALTY_NET_GOOD_SCALE=1.0 LOH_PENALTY_NET_PENALTY_SCALE=1.0 LOH_PENALTY_REWARD_FORMULA=net LOH_PENALTY_NET_PENALTY_SCALE=2.0
wiki_2019t,118,1,11801,bestcfg_penalty_3t_3m_20260207_000001__wiki_2019t_118_r01,0,0.594308,0.491592,0.01,log,net2,1.0,0.0,0.0,-0.526931,-0.738675,-0.501675,0.0269315,LOH_PARALLEL_SAFE=1 LOH_SKIP_PIP_INSTALL=1 LOH_SKIP_BUILD=1 LOH_DEBUG_LEVEL=1 CACHESIM_VERBOSE=0 CACHESIM_NUM_REQ=3000000 LOH_RL_ALGO=SAC LOH_ACTION_SCALE=1.0 LOH_SCORE_USE_COMPOUND=0 LOH_SCORE_USE_IRT=0 LOH_USE_SOFTMAX=1 LOH_USE_HEURISTIC_SIGNS=0 LOH_INCLUDE_HIT_MISS_FEATURES=0 LOH_INCLUDE_CACHE_FEATURES=0 LOH_INCLUDE_CANDIDATE_FEATURES=0 LOH_INCLUDE_TOPK_CANDIDATE_FEATURES=0 LOH_INCLUDE_AVGTOPK_CANDIDATE_FEATURES=0 LOH_INCLUDE_REQUEST=0 LOH_ENABLE_PENALTY=1 LOH_REWARD_USE_PENALTY=1 LOH_PENALTY_SCALE=log LOH_PENALTY_REWARD_FORMULA=centered LOH_REWARD_W_PENALTY=1.0 LOH_PENALTY_CUTOFF=0 LOH_PENALTY_DMAX=400000 LOH_PENALTY_EMPTY_AS_GOOD=1 LOH_PENALTY_REFINE_ON_LATE=1 LOH_PENALTY_NO_EVICT_REWARD=keep LOH_PENALTY_BASELINE_DECAY=0.99 LOH_SURVIVAL_BINS=64 LOH_SURVIVAL_QUANTILE=0.99 LOH_SURVIVAL_MINCOUNT=1000 LOH_PENALTY_NET_GOOD_SCALE=1.0 LOH_PENALTY_NET_PENALTY_SCALE=1.0 LOH_PENALTY_REWARD_FORMULA=net2 LOH_PENALTY_NET_GOOD_SCALE=0.5
wiki_2019t,119,1,11901,bestcfg_penalty_3t_3m_20260207_000001__wiki_2019t_119_r01,0,0.594276,0.491247,0.01,log,net2,1.0,0.01,100.0,-1.0,-1.33581,-1.0,0.0269399,LOH_PARALLEL_SAFE=1 LOH_SKIP_PIP_INSTALL=1 LOH_SKIP_BUILD=1 LOH_DEBUG_LEVEL=1 CACHESIM_VERBOSE=0 CACHESIM_NUM_REQ=3000000 LOH_RL_ALGO=SAC LOH_ACTION_SCALE=1.0 LOH_SCORE_USE_COMPOUND=0 LOH_SCORE_USE_IRT=0 LOH_USE_SOFTMAX=1 LOH_USE_HEURISTIC_SIGNS=0 LOH_INCLUDE_HIT_MISS_FEATURES=0 LOH_INCLUDE_CACHE_FEATURES=0 LOH_INCLUDE_CANDIDATE_FEATURES=0 LOH_INCLUDE_TOPK_CANDIDATE_FEATURES=0 LOH_INCLUDE_AVGTOPK_CANDIDATE_FEATURES=0 LOH_INCLUDE_REQUEST=0 LOH_ENABLE_PENALTY=1 LOH_REWARD_USE_PENALTY=1 LOH_PENALTY_SCALE=log LOH_PENALTY_REWARD_FORMULA=centered LOH_REWARD_W_PENALTY=1.0 LOH_PENALTY_CUTOFF=0 LOH_PENALTY_DMAX=400000 LOH_PENALTY_EMPTY_AS_GOOD=1 LOH_PENALTY_REFINE_ON_LATE=1 LOH_PENALTY_NO_EVICT_REWARD=keep LOH_PENALTY_BASELINE_DECAY=0.99 LOH_SURVIVAL_BINS=64 LOH_SURVIVAL_QUANTILE=0.99 LOH_SURVIVAL_MINCOUNT=1000 LOH_PENALTY_NET_GOOD_SCALE=1.0 LOH_PENALTY_NET_PENALTY_SCALE=1.0 LOH_PENALTY_REWARD_FORMULA=net2 LOH_PENALTY_NET_GOOD_SCALE=1.0
wiki_2019t,120,1,12001,bestcfg_penalty_3t_3m_20260207_000001__wiki_2019t_120_r01,0,0.594477,0.490828,0.01,log,net2,1.0,0.02,100.0,-1.0,-2.19894,-2.0,0.0269405,LOH_PARALLEL_SAFE=1 LOH_SKIP_PIP_INSTALL=1 LOH_SKIP_BUILD=1 LOH_DEBUG_LEVEL=1 CACHESIM_VERBOSE=0 CACHESIM_NUM_REQ=3000000 LOH_RL_ALGO=SAC LOH_ACTION_SCALE=1.0 LOH_SCORE_USE_COMPOUND=0 LOH_SCORE_USE_IRT=0 LOH_USE_SOFTMAX=1 LOH_USE_HEURISTIC_SIGNS=0 LOH_INCLUDE_HIT_MISS_FEATURES=0 LOH_INCLUDE_CACHE_FEATURES=0 LOH_INCLUDE_CANDIDATE_FEATURES=0 LOH_INCLUDE_TOPK_CANDIDATE_FEATURES=0 LOH_INCLUDE_AVGTOPK_CANDIDATE_FEATURES=0 LOH_INCLUDE_REQUEST=0 LOH_ENABLE_PENALTY=1 LOH_REWARD_USE_PENALTY=1 LOH_PENALTY_SCALE=log LOH_PENALTY_REWARD_FORMULA=centered LOH_REWARD_W_PENALTY=1.0 LOH_PENALTY_CUTOFF=0 LOH_PENALTY_DMAX=400000 LOH_PENALTY_EMPTY_AS_GOOD=1 LOH_PENALTY_REFINE_ON_LATE=1 LOH_PENALTY_NO_EVICT_REWARD=keep LOH_PENALTY_BASELINE_DECAY=0.99 LOH_SURVIVAL_BINS=64 LOH_SURVIVAL_QUANTILE=0.99 LOH_SURVIVAL_MINCOUNT=1000 LOH_PENALTY_NET_GOOD_SCALE=1.0 LOH_PENALTY_NET_PENALTY_SCALE=1.0 LOH_PENALTY_REWARD_FORMULA=net2 LOH_PENALTY_NET_GOOD_SCALE=2.0
wiki_2019t,121,1,12101,bestcfg_penalty_3t_3m_20260207_000001__wiki_2019t_121_r01,0,0.594282,0.490948,0.01,log,net2,1.0,0.01,100.0,-1.0,-1.13183,-1.0,0.0268855,LOH_PARALLEL_SAFE=1 LOH_SKIP_PIP_INSTALL=1 LOH_SKIP_BUILD=1 LOH_DEBUG_LEVEL=1 CACHESIM_VERBOSE=0 CACHESIM_NUM_REQ=3000000 LOH_RL_ALGO=SAC LOH_ACTION_SCALE=1.0 LOH_SCORE_USE_COMPOUND=0 LOH_SCORE_USE_IRT=0 LOH_USE_SOFTMAX=1 LOH_USE_HEURISTIC_SIGNS=0 LOH_INCLUDE_HIT_MISS_FEATURES=0 LOH_INCLUDE_CACHE_FEATURES=0 LOH_INCLUDE_CANDIDATE_FEATURES=0 LOH_INCLUDE_TOPK_CANDIDATE_FEATURES=0 LOH_INCLUDE_AVGTOPK_CANDIDATE_FEATURES=0 LOH_INCLUDE_REQUEST=0 LOH_ENABLE_PENALTY=1 LOH_REWARD_USE_PENALTY=1 LOH_PENALTY_SCALE=log LOH_PENALTY_REWARD_FORMULA=centered LOH_REWARD_W_PENALTY=1.0 LOH_PENALTY_CUTOFF=0 LOH_PENALTY_DMAX=400000 LOH_PENALTY_EMPTY_AS_GOOD=1 LOH_PENALTY_REFINE_ON_LATE=1 LOH_PENALTY_NO_EVICT_REWARD=keep LOH_PENALTY_BASELINE_DECAY=0.99 LOH_SURVIVAL_BINS=64 LOH_SURVIVAL_QUANTILE=0.99 LOH_SURVIVAL_MINCOUNT=1000 LOH_PENALTY_NET_GOOD_SCALE=1.0 LOH_PENALTY_NET_PENALTY_SCALE=1.0 LOH_PENALTY_REWARD_FORMULA=net2 LOH_PENALTY_NET_PENALTY_SCALE=0.5
wiki_2019t,122,1,12201,bestcfg_penalty_3t_3m_20260207_000001__wiki_2019t_122_r01,0,0.594139,0.491081,0.01,log,net2,1.0,0.01,100.0,-1.0,-1.27253,-1.0,0.0268773,LOH_PARALLEL_SAFE=1 LOH_SKIP_PIP_INSTALL=1 LOH_SKIP_BUILD=1 LOH_DEBUG_LEVEL=1 CACHESIM_VERBOSE=0 CACHESIM_NUM_REQ=3000000 LOH_RL_ALGO=SAC LOH_ACTION_SCALE=1.0 LOH_SCORE_USE_COMPOUND=0 LOH_SCORE_USE_IRT=0 LOH_USE_SOFTMAX=1 LOH_USE_HEURISTIC_SIGNS=0 LOH_INCLUDE_HIT_MISS_FEATURES=0 LOH_INCLUDE_CACHE_FEATURES=0 LOH_INCLUDE_CANDIDATE_FEATURES=0 LOH_INCLUDE_TOPK_CANDIDATE_FEATURES=0 LOH_INCLUDE_AVGTOPK_CANDIDATE_FEATURES=0 LOH_INCLUDE_REQUEST=0 LOH_ENABLE_PENALTY=1 LOH_REWARD_USE_PENALTY=1 LOH_PENALTY_SCALE=log LOH_PENALTY_REWARD_FORMULA=centered LOH_REWARD_W_PENALTY=1.0 LOH_PENALTY_CUTOFF=0 LOH_PENALTY_DMAX=400000 LOH_PENALTY_EMPTY_AS_GOOD=1 LOH_PENALTY_REFINE_ON_LATE=1 LOH_PENALTY_NO_EVICT_REWARD=keep LOH_PENALTY_BASELINE_DECAY=0.99 LOH_SURVIVAL_BINS=64 LOH_SURVIVAL_QUANTILE=0.99 LOH_SURVIVAL_MINCOUNT=1000 LOH_PENALTY_NET_GOOD_SCALE=1.0 LOH_PENALTY_NET_PENALTY_SCALE=1.0 LOH_PENALTY_REWARD_FORMULA=net2 LOH_PENALTY_NET_PENALTY_SCALE=1.0
wiki_2019t,123,1,12301,bestcfg_penalty_3t_3m_20260207_000001__wiki_2019t_123_r01,0,0.594361,0.490361,0.01,log,net2,1.0,0.01,100.0,-1.0,-1.49218,-1.0,0.0268819,LOH_PARALLEL_SAFE=1 LOH_SKIP_PIP_INSTALL=1 LOH_SKIP_BUILD=1 LOH_DEBUG_LEVEL=1 CACHESIM_VERBOSE=0 CACHESIM_NUM_REQ=3000000 LOH_RL_ALGO=SAC LOH_ACTION_SCALE=1.0 LOH_SCORE_USE_COMPOUND=0 LOH_SCORE_USE_IRT=0 LOH_USE_SOFTMAX=1 LOH_USE_HEURISTIC_SIGNS=0 LOH_INCLUDE_HIT_MISS_FEATURES=0 LOH_INCLUDE_CACHE_FEATURES=0 LOH_INCLUDE_CANDIDATE_FEATURES=0 LOH_INCLUDE_TOPK_CANDIDATE_FEATURES=0 LOH_INCLUDE_AVGTOPK_CANDIDATE_FEATURES=0 LOH_INCLUDE_REQUEST=0 LOH_ENABLE_PENALTY=1 LOH_REWARD_USE_PENALTY=1 LOH_PENALTY_SCALE=log LOH_PENALTY_REWARD_FORMULA=centered LOH_REWARD_W_PENALTY=1.0 LOH_PENALTY_CUTOFF=0 LOH_PENALTY_DMAX=400000 LOH_PENALTY_EMPTY_AS_GOOD=1 LOH_PENALTY_REFINE_ON_LATE=1 LOH_PENALTY_NO_EVICT_REWARD=keep LOH_PENALTY_BASELINE_DECAY=0.99 LOH_SURVIVAL_BINS=64 LOH_SURVIVAL_QUANTILE=0.99 LOH_SURVIVAL_MINCOUNT=1000 LOH_PENALTY_NET_GOOD_SCALE=1.0 LOH_PENALTY_NET_PENALTY_SCALE=1.0 LOH_PENALTY_REWARD_FORMULA=net2 LOH_PENALTY_NET_PENALTY_SCALE=2.0
